[0.000000] (-) TimerEvent: {}
[0.001231] (AEB) JobQueued: {'identifier': 'AEB', 'dependencies': OrderedDict()}
[0.001314] (Mapping) JobQueued: {'identifier': 'Mapping', 'dependencies': OrderedDict()}
[0.001340] (Planif) JobQueued: {'identifier': 'Planif', 'dependencies': OrderedDict()}
[0.001359] (Simple_algo) JobQueued: {'identifier': 'Simple_algo', 'dependencies': OrderedDict()}
[0.001376] (Waypoints) JobQueued: {'identifier': 'Waypoints', 'dependencies': OrderedDict()}
[0.001392] (custom_msgs) JobQueued: {'identifier': 'custom_msgs', 'dependencies': OrderedDict()}
[0.001407] (f1_localization) JobQueued: {'identifier': 'f1_localization', 'dependencies': OrderedDict()}
[0.001466] (f1tenth_gym_ros) JobQueued: {'identifier': 'f1tenth_gym_ros', 'dependencies': OrderedDict()}
[0.001527] (localisation) JobQueued: {'identifier': 'localisation', 'dependencies': OrderedDict()}
[0.001549] (strategy) JobQueued: {'identifier': 'strategy', 'dependencies': OrderedDict()}
[0.001565] (timer) JobQueued: {'identifier': 'timer', 'dependencies': OrderedDict()}
[0.001581] (AEB) JobStarted: {'identifier': 'AEB'}
[0.097471] (Mapping) JobStarted: {'identifier': 'Mapping'}
[0.106642] (-) TimerEvent: {}
[0.207715] (-) TimerEvent: {}
[0.215697] (Planif) JobStarted: {'identifier': 'Planif'}
[0.277086] (Simple_algo) JobStarted: {'identifier': 'Simple_algo'}
[0.307972] (-) TimerEvent: {}
[0.338545] (Waypoints) JobStarted: {'identifier': 'Waypoints'}
[0.408755] (-) TimerEvent: {}
[0.426481] (custom_msgs) JobStarted: {'identifier': 'custom_msgs'}
[0.454386] (f1_localization) JobStarted: {'identifier': 'f1_localization'}
[0.509619] (-) TimerEvent: {}
[0.528302] (f1tenth_gym_ros) JobStarted: {'identifier': 'f1tenth_gym_ros'}
[0.611900] (-) TimerEvent: {}
[0.713081] (-) TimerEvent: {}
[0.813854] (-) TimerEvent: {}
[0.914504] (-) TimerEvent: {}
[1.015047] (-) TimerEvent: {}
[1.115979] (-) TimerEvent: {}
[1.216536] (-) TimerEvent: {}
[1.317080] (-) TimerEvent: {}
[1.417580] (-) TimerEvent: {}
[1.518293] (-) TimerEvent: {}
[1.628719] (-) TimerEvent: {}
[1.729539] (-) TimerEvent: {}
[1.830225] (-) TimerEvent: {}
[1.930883] (-) TimerEvent: {}
[2.032618] (-) TimerEvent: {}
[2.133127] (-) TimerEvent: {}
[2.234019] (-) TimerEvent: {}
[2.334711] (-) TimerEvent: {}
[2.435324] (-) TimerEvent: {}
[2.535848] (-) TimerEvent: {}
[2.637547] (-) TimerEvent: {}
[2.738658] (-) TimerEvent: {}
[2.839579] (-) TimerEvent: {}
[2.940144] (-) TimerEvent: {}
[3.040725] (-) TimerEvent: {}
[3.141385] (-) TimerEvent: {}
[3.242027] (-) TimerEvent: {}
[3.342793] (-) TimerEvent: {}
[3.443624] (-) TimerEvent: {}
[3.544361] (-) TimerEvent: {}
[3.645026] (-) TimerEvent: {}
[3.745521] (-) TimerEvent: {}
[3.846387] (-) TimerEvent: {}
[3.947020] (-) TimerEvent: {}
[4.047805] (-) TimerEvent: {}
[4.157917] (-) TimerEvent: {}
[4.259381] (-) TimerEvent: {}
[4.361472] (-) TimerEvent: {}
[4.462131] (-) TimerEvent: {}
[4.563449] (-) TimerEvent: {}
[4.664040] (-) TimerEvent: {}
[4.764672] (-) TimerEvent: {}
[4.865553] (-) TimerEvent: {}
[4.966420] (-) TimerEvent: {}
[5.067012] (-) TimerEvent: {}
[5.167867] (-) TimerEvent: {}
[5.270288] (-) TimerEvent: {}
[5.275979] (custom_msgs) JobProgress: {'identifier': 'custom_msgs', 'progress': 'cmake'}
[5.293173] (custom_msgs) Command: {'cmd': ['/usr/bin/cmake', '/home/etdisc/Bureau/codef1tenth/src/custom_msgs', '-DCMAKE_INSTALL_PREFIX=/home/etdisc/Bureau/codef1tenth/install/custom_msgs'], 'cwd': '/home/etdisc/Bureau/codef1tenth/build/custom_msgs', 'env': OrderedDict([('GJS_DEBUG_TOPICS', 'JS ERROR;JS LOG'), ('LESSOPEN', '| /usr/bin/lesspipe %s'), ('HTTPS_PROXY', 'http://proxy:3128'), ('USER', 'etdisc'), ('SSH_AGENT_PID', '1717'), ('XDG_SESSION_TYPE', 'x11'), ('GIT_ASKPASS', '/usr/share/code/resources/app/extensions/git/dist/askpass.sh'), ('SHLVL', '1'), ('LD_LIBRARY_PATH', '/home/etdisc/depots/f1tenth/sim_ws/install/custom_msgs/lib:/home/etdisc/Desktop/sim_ws/install/custom_msgs/lib:/usr/lib/x86_64-linux-gnu/gazebo-11/plugins:/opt/ros/galactic/opt/yaml_cpp_vendor/lib:/opt/ros/galactic/opt/rviz_ogre_vendor/lib:/opt/ros/galactic/lib/x86_64-linux-gnu:/opt/ros/galactic/lib'), ('HOME', '/home/etdisc'), ('CHROME_DESKTOP', 'code.desktop'), ('OLDPWD', '/home/etdisc/Bureau/codef1tenth/src'), ('TERM_PROGRAM_VERSION', '1.106.3'), ('DESKTOP_SESSION', 'ubuntu'), ('GIO_LAUNCHED_DESKTOP_FILE', '/usr/share/applications/code.desktop'), ('ROS_PYTHON_VERSION', '3'), ('GNOME_SHELL_SESSION_MODE', 'ubuntu'), ('GTK_MODULES', 'gail:atk-bridge'), ('VSCODE_GIT_ASKPASS_MAIN', '/usr/share/code/resources/app/extensions/git/dist/askpass-main.js'), ('VSCODE_GIT_ASKPASS_NODE', '/usr/share/code/code'), ('MANAGERPID', '1619'), ('VSCODE_PYTHON_AUTOACTIVATE_GUARD', '1'), ('DBUS_SESSION_BUS_ADDRESS', 'unix:path=/run/user/1000/bus'), ('COLORTERM', 'truecolor'), ('GIO_LAUNCHED_DESKTOP_FILE_PID', '7910'), ('IM_CONFIG_PHASE', '1'), ('https_proxy', 'http://proxy:3128'), ('COLCON_PREFIX_PATH', '/home/etdisc/Bureau/codef1tenth/install:/home/etdisc/depots/f1tenth/sim_ws/install:/home/etdisc/Desktop/sim_ws/install'), ('ROS_DISTRO', 'galactic'), ('LOGNAME', 'etdisc'), ('http_proxy', 'http://proxy:3128'), ('JOURNAL_STREAM', '8:67595'), ('_', '/usr/bin/colcon'), ('ROS_VERSION', '2'), ('XDG_SESSION_CLASS', 'user'), ('USERNAME', 'etdisc'), ('TERM', 'xterm-256color'), ('GNOME_DESKTOP_SESSION_ID', 'this-is-deprecated'), ('ROS_LOCALHOST_ONLY', '1'), ('WINDOWPATH', '2'), ('PATH', '/snap/bin:/home/etdisc/.local/bin:/opt/ros/galactic/bin:/snap/bin:/home/etdisc/.local/bin:/usr/local/sbin:/usr/local/bin:/usr/sbin:/usr/bin:/sbin:/bin:/usr/games:/usr/local/games:/snap/bin'), ('SESSION_MANAGER', 'local/etdisc-virtual-machine:@/tmp/.ICE-unix/1752,unix/etdisc-virtual-machine:/tmp/.ICE-unix/1752'), ('INVOCATION_ID', '1693c3018a5242c5a146aa8c23bcb88d'), ('XDG_MENU_PREFIX', 'gnome-'), ('XDG_RUNTIME_DIR', '/run/user/1000'), ('GDK_BACKEND', 'x11'), ('DISPLAY', ':0'), ('LANG', 'fr_FR.UTF-8'), ('XDG_CURRENT_DESKTOP', 'Unity'), ('XMODIFIERS', '@im=ibus'), ('XDG_SESSION_DESKTOP', 'ubuntu'), ('XAUTHORITY', '/run/user/1000/gdm/Xauthority'), ('LS_COLORS', 'rs=0:di=01;34:ln=01;36:mh=00:pi=40;33:so=01;35:do=01;35:bd=40;33;01:cd=40;33;01:or=40;31;01:mi=00:su=37;41:sg=30;43:ca=30;41:tw=30;42:ow=34;42:st=37;44:ex=01;32:*.tar=01;31:*.tgz=01;31:*.arc=01;31:*.arj=01;31:*.taz=01;31:*.lha=01;31:*.lz4=01;31:*.lzh=01;31:*.lzma=01;31:*.tlz=01;31:*.txz=01;31:*.tzo=01;31:*.t7z=01;31:*.zip=01;31:*.z=01;31:*.dz=01;31:*.gz=01;31:*.lrz=01;31:*.lz=01;31:*.lzo=01;31:*.xz=01;31:*.zst=01;31:*.tzst=01;31:*.bz2=01;31:*.bz=01;31:*.tbz=01;31:*.tbz2=01;31:*.tz=01;31:*.deb=01;31:*.rpm=01;31:*.jar=01;31:*.war=01;31:*.ear=01;31:*.sar=01;31:*.rar=01;31:*.alz=01;31:*.ace=01;31:*.zoo=01;31:*.cpio=01;31:*.7z=01;31:*.rz=01;31:*.cab=01;31:*.wim=01;31:*.swm=01;31:*.dwm=01;31:*.esd=01;31:*.jpg=01;35:*.jpeg=01;35:*.mjpg=01;35:*.mjpeg=01;35:*.gif=01;35:*.bmp=01;35:*.pbm=01;35:*.pgm=01;35:*.ppm=01;35:*.tga=01;35:*.xbm=01;35:*.xpm=01;35:*.tif=01;35:*.tiff=01;35:*.png=01;35:*.svg=01;35:*.svgz=01;35:*.mng=01;35:*.pcx=01;35:*.mov=01;35:*.mpg=01;35:*.mpeg=01;35:*.m2v=01;35:*.mkv=01;35:*.webm=01;35:*.ogm=01;35:*.mp4=01;35:*.m4v=01;35:*.mp4v=01;35:*.vob=01;35:*.qt=01;35:*.nuv=01;35:*.wmv=01;35:*.asf=01;35:*.rm=01;35:*.rmvb=01;35:*.flc=01;35:*.avi=01;35:*.fli=01;35:*.flv=01;35:*.gl=01;35:*.dl=01;35:*.xcf=01;35:*.xwd=01;35:*.yuv=01;35:*.cgm=01;35:*.emf=01;35:*.ogv=01;35:*.ogx=01;35:*.aac=00;36:*.au=00;36:*.flac=00;36:*.m4a=00;36:*.mid=00;36:*.midi=00;36:*.mka=00;36:*.mp3=00;36:*.mpc=00;36:*.ogg=00;36:*.ra=00;36:*.wav=00;36:*.oga=00;36:*.opus=00;36:*.spx=00;36:*.xspf=00;36:'), ('VSCODE_GIT_IPC_HANDLE', '/run/user/1000/vscode-git-ea9b44a2ba.sock'), ('TERM_PROGRAM', 'vscode'), ('SSH_AUTH_SOCK', '/run/user/1000/keyring/ssh'), ('AMENT_PREFIX_PATH', '/home/etdisc/Bureau/codef1tenth/install/f1_localization:/home/etdisc/depots/f1tenth/sim_ws/install/timer:/home/etdisc/depots/f1tenth/sim_ws/install/strategy:/home/etdisc/depots/f1tenth/sim_ws/install/localisation:/home/etdisc/depots/f1tenth/sim_ws/install/f1tenth_gym_ros:/home/etdisc/depots/f1tenth/sim_ws/install/custom_msgs:/home/etdisc/depots/f1tenth/sim_ws/install/Waypoints:/home/etdisc/depots/f1tenth/sim_ws/install/Simple_algo:/home/etdisc/depots/f1tenth/sim_ws/install/Planif:/home/etdisc/depots/f1tenth/sim_ws/install/Mapping:/home/etdisc/depots/f1tenth/sim_ws/install/AEB:/home/etdisc/Desktop/sim_ws/install/timer:/home/etdisc/Desktop/sim_ws/install/strategy:/home/etdisc/Desktop/sim_ws/install/localisation:/home/etdisc/Desktop/sim_ws/install/f1tenth_gym_ros:/home/etdisc/Desktop/sim_ws/install/custom_msgs:/home/etdisc/Desktop/sim_ws/install/Waypoints:/home/etdisc/Desktop/sim_ws/install/Simple_algo:/home/etdisc/Desktop/sim_ws/install/Planif:/home/etdisc/Desktop/sim_ws/install/Mapping:/home/etdisc/Desktop/sim_ws/install/AEB:/opt/ros/galactic'), ('ORIGINAL_XDG_CURRENT_DESKTOP', 'ubuntu:GNOME'), ('SHELL', '/bin/bash'), ('QT_ACCESSIBILITY', '1'), ('GDMSESSION', 'ubuntu'), ('LESSCLOSE', '/usr/bin/lesspipe %s %s'), ('GPG_AGENT_INFO', '/run/user/1000/gnupg/S.gpg-agent:0:1'), ('GJS_DEBUG_OUTPUT', 'stderr'), ('VSCODE_GIT_ASKPASS_EXTRA_ARGS', ''), ('QT_IM_MODULE', 'ibus'), ('PWD', '/home/etdisc/Bureau/codef1tenth/build/custom_msgs'), ('LC_ALL', 'fr_FR.UTF-8'), ('XDG_CONFIG_DIRS', '/etc/xdg/xdg-ubuntu:/etc/xdg'), ('XDG_DATA_DIRS', '/usr/share/ubuntu:/usr/local/share/:/usr/share/:/var/lib/snapd/desktop'), ('PYTHONPATH', '/home/etdisc/depots/f1tenth/sim_ws/install/timer/lib/python3.8/site-packages:/home/etdisc/depots/f1tenth/sim_ws/install/strategy/lib/python3.8/site-packages:/home/etdisc/depots/f1tenth/sim_ws/install/localisation/lib/python3.8/site-packages:/home/etdisc/depots/f1tenth/sim_ws/install/f1tenth_gym_ros/lib/python3.8/site-packages:/home/etdisc/depots/f1tenth/sim_ws/install/custom_msgs/lib/python3.8/site-packages:/home/etdisc/depots/f1tenth/sim_ws/install/Waypoints/lib/python3.8/site-packages:/home/etdisc/depots/f1tenth/sim_ws/install/Simple_algo/lib/python3.8/site-packages:/home/etdisc/depots/f1tenth/sim_ws/install/Planif/lib/python3.8/site-packages:/home/etdisc/depots/f1tenth/sim_ws/install/Mapping/lib/python3.8/site-packages:/home/etdisc/depots/f1tenth/sim_ws/install/AEB/lib/python3.8/site-packages:/home/etdisc/depots/f1tenth/sim_ws/build/timer:/home/etdisc/Desktop/sim_ws/install/timer/lib/python3.8/site-packages:/home/etdisc/depots/f1tenth/sim_ws/build/strategy:/home/etdisc/Desktop/sim_ws/install/strategy/lib/python3.8/site-packages:/home/etdisc/depots/f1tenth/sim_ws/build/localisation:/home/etdisc/Desktop/sim_ws/install/localisation/lib/python3.8/site-packages:/home/etdisc/depots/f1tenth/sim_ws/build/f1tenth_gym_ros:/home/etdisc/Desktop/sim_ws/install/f1tenth_gym_ros/lib/python3.8/site-packages:/home/etdisc/Desktop/sim_ws/install/custom_msgs/lib/python3.8/site-packages:/home/etdisc/depots/f1tenth/sim_ws/build/Waypoints:/home/etdisc/Desktop/sim_ws/install/Waypoints/lib/python3.8/site-packages:/home/etdisc/depots/f1tenth/sim_ws/build/Simple_algo:/home/etdisc/Desktop/sim_ws/install/Simple_algo/lib/python3.8/site-packages:/home/etdisc/depots/f1tenth/sim_ws/build/Planif:/home/etdisc/Desktop/sim_ws/install/Planif/lib/python3.8/site-packages:/home/etdisc/depots/f1tenth/sim_ws/build/Mapping:/home/etdisc/Desktop/sim_ws/install/Mapping/lib/python3.8/site-packages:/home/etdisc/depots/f1tenth/sim_ws/build/AEB:/home/etdisc/Desktop/sim_ws/install/AEB/lib/python3.8/site-packages:/opt/ros/galactic/lib/python3.8/site-packages'), ('HTTP_PROXY', 'http://proxy:3128'), ('COLCON', '1'), ('CMAKE_PREFIX_PATH', '/home/etdisc/Bureau/codef1tenth/install/f1_localization:/home/etdisc/depots/f1tenth/sim_ws/install/custom_msgs:/home/etdisc/Desktop/sim_ws/install/custom_msgs:/home/etdisc/depots/f1tenth/sim_ws/install/timer:/home/etdisc/depots/f1tenth/sim_ws/install/strategy:/home/etdisc/depots/f1tenth/sim_ws/install/localisation:/home/etdisc/depots/f1tenth/sim_ws/install/f1tenth_gym_ros:/home/etdisc/depots/f1tenth/sim_ws/install/Waypoints:/home/etdisc/depots/f1tenth/sim_ws/install/Simple_algo:/home/etdisc/depots/f1tenth/sim_ws/install/Planif:/home/etdisc/depots/f1tenth/sim_ws/install/Mapping:/home/etdisc/depots/f1tenth/sim_ws/install/AEB:/home/etdisc/Desktop/sim_ws/install/timer:/home/etdisc/Desktop/sim_ws/install/strategy:/home/etdisc/Desktop/sim_ws/install/localisation:/home/etdisc/Desktop/sim_ws/install/f1tenth_gym_ros:/home/etdisc/Desktop/sim_ws/install/Waypoints:/home/etdisc/Desktop/sim_ws/install/Simple_algo:/home/etdisc/Desktop/sim_ws/install/Planif:/home/etdisc/Desktop/sim_ws/install/Mapping:/home/etdisc/Desktop/sim_ws/install/AEB:/opt/ros/galactic')]), 'shell': False}
[5.374870] (-) TimerEvent: {}
[5.376686] (f1_localization) JobProgress: {'identifier': 'f1_localization', 'progress': 'cmake'}
[5.412107] (f1_localization) Command: {'cmd': ['/usr/bin/cmake', '/home/etdisc/Bureau/codef1tenth/src/f1_localization', '-DCMAKE_INSTALL_PREFIX=/home/etdisc/Bureau/codef1tenth/install/f1_localization'], 'cwd': '/home/etdisc/Bureau/codef1tenth/build/f1_localization', 'env': OrderedDict([('GJS_DEBUG_TOPICS', 'JS ERROR;JS LOG'), ('LESSOPEN', '| /usr/bin/lesspipe %s'), ('HTTPS_PROXY', 'http://proxy:3128'), ('USER', 'etdisc'), ('SSH_AGENT_PID', '1717'), ('XDG_SESSION_TYPE', 'x11'), ('GIT_ASKPASS', '/usr/share/code/resources/app/extensions/git/dist/askpass.sh'), ('SHLVL', '1'), ('LD_LIBRARY_PATH', '/home/etdisc/depots/f1tenth/sim_ws/install/custom_msgs/lib:/home/etdisc/Desktop/sim_ws/install/custom_msgs/lib:/usr/lib/x86_64-linux-gnu/gazebo-11/plugins:/opt/ros/galactic/opt/yaml_cpp_vendor/lib:/opt/ros/galactic/opt/rviz_ogre_vendor/lib:/opt/ros/galactic/lib/x86_64-linux-gnu:/opt/ros/galactic/lib'), ('HOME', '/home/etdisc'), ('CHROME_DESKTOP', 'code.desktop'), ('OLDPWD', '/home/etdisc/Bureau/codef1tenth/src'), ('TERM_PROGRAM_VERSION', '1.106.3'), ('DESKTOP_SESSION', 'ubuntu'), ('GIO_LAUNCHED_DESKTOP_FILE', '/usr/share/applications/code.desktop'), ('ROS_PYTHON_VERSION', '3'), ('GNOME_SHELL_SESSION_MODE', 'ubuntu'), ('GTK_MODULES', 'gail:atk-bridge'), ('VSCODE_GIT_ASKPASS_MAIN', '/usr/share/code/resources/app/extensions/git/dist/askpass-main.js'), ('VSCODE_GIT_ASKPASS_NODE', '/usr/share/code/code'), ('MANAGERPID', '1619'), ('VSCODE_PYTHON_AUTOACTIVATE_GUARD', '1'), ('DBUS_SESSION_BUS_ADDRESS', 'unix:path=/run/user/1000/bus'), ('COLORTERM', 'truecolor'), ('GIO_LAUNCHED_DESKTOP_FILE_PID', '7910'), ('IM_CONFIG_PHASE', '1'), ('https_proxy', 'http://proxy:3128'), ('COLCON_PREFIX_PATH', '/home/etdisc/Bureau/codef1tenth/install:/home/etdisc/depots/f1tenth/sim_ws/install:/home/etdisc/Desktop/sim_ws/install'), ('ROS_DISTRO', 'galactic'), ('LOGNAME', 'etdisc'), ('http_proxy', 'http://proxy:3128'), ('JOURNAL_STREAM', '8:67595'), ('_', '/usr/bin/colcon'), ('ROS_VERSION', '2'), ('XDG_SESSION_CLASS', 'user'), ('USERNAME', 'etdisc'), ('TERM', 'xterm-256color'), ('GNOME_DESKTOP_SESSION_ID', 'this-is-deprecated'), ('ROS_LOCALHOST_ONLY', '1'), ('WINDOWPATH', '2'), ('PATH', '/snap/bin:/home/etdisc/.local/bin:/opt/ros/galactic/bin:/snap/bin:/home/etdisc/.local/bin:/usr/local/sbin:/usr/local/bin:/usr/sbin:/usr/bin:/sbin:/bin:/usr/games:/usr/local/games:/snap/bin'), ('SESSION_MANAGER', 'local/etdisc-virtual-machine:@/tmp/.ICE-unix/1752,unix/etdisc-virtual-machine:/tmp/.ICE-unix/1752'), ('INVOCATION_ID', '1693c3018a5242c5a146aa8c23bcb88d'), ('XDG_MENU_PREFIX', 'gnome-'), ('XDG_RUNTIME_DIR', '/run/user/1000'), ('GDK_BACKEND', 'x11'), ('DISPLAY', ':0'), ('LANG', 'fr_FR.UTF-8'), ('XDG_CURRENT_DESKTOP', 'Unity'), ('XMODIFIERS', '@im=ibus'), ('XDG_SESSION_DESKTOP', 'ubuntu'), ('XAUTHORITY', '/run/user/1000/gdm/Xauthority'), ('LS_COLORS', 'rs=0:di=01;34:ln=01;36:mh=00:pi=40;33:so=01;35:do=01;35:bd=40;33;01:cd=40;33;01:or=40;31;01:mi=00:su=37;41:sg=30;43:ca=30;41:tw=30;42:ow=34;42:st=37;44:ex=01;32:*.tar=01;31:*.tgz=01;31:*.arc=01;31:*.arj=01;31:*.taz=01;31:*.lha=01;31:*.lz4=01;31:*.lzh=01;31:*.lzma=01;31:*.tlz=01;31:*.txz=01;31:*.tzo=01;31:*.t7z=01;31:*.zip=01;31:*.z=01;31:*.dz=01;31:*.gz=01;31:*.lrz=01;31:*.lz=01;31:*.lzo=01;31:*.xz=01;31:*.zst=01;31:*.tzst=01;31:*.bz2=01;31:*.bz=01;31:*.tbz=01;31:*.tbz2=01;31:*.tz=01;31:*.deb=01;31:*.rpm=01;31:*.jar=01;31:*.war=01;31:*.ear=01;31:*.sar=01;31:*.rar=01;31:*.alz=01;31:*.ace=01;31:*.zoo=01;31:*.cpio=01;31:*.7z=01;31:*.rz=01;31:*.cab=01;31:*.wim=01;31:*.swm=01;31:*.dwm=01;31:*.esd=01;31:*.jpg=01;35:*.jpeg=01;35:*.mjpg=01;35:*.mjpeg=01;35:*.gif=01;35:*.bmp=01;35:*.pbm=01;35:*.pgm=01;35:*.ppm=01;35:*.tga=01;35:*.xbm=01;35:*.xpm=01;35:*.tif=01;35:*.tiff=01;35:*.png=01;35:*.svg=01;35:*.svgz=01;35:*.mng=01;35:*.pcx=01;35:*.mov=01;35:*.mpg=01;35:*.mpeg=01;35:*.m2v=01;35:*.mkv=01;35:*.webm=01;35:*.ogm=01;35:*.mp4=01;35:*.m4v=01;35:*.mp4v=01;35:*.vob=01;35:*.qt=01;35:*.nuv=01;35:*.wmv=01;35:*.asf=01;35:*.rm=01;35:*.rmvb=01;35:*.flc=01;35:*.avi=01;35:*.fli=01;35:*.flv=01;35:*.gl=01;35:*.dl=01;35:*.xcf=01;35:*.xwd=01;35:*.yuv=01;35:*.cgm=01;35:*.emf=01;35:*.ogv=01;35:*.ogx=01;35:*.aac=00;36:*.au=00;36:*.flac=00;36:*.m4a=00;36:*.mid=00;36:*.midi=00;36:*.mka=00;36:*.mp3=00;36:*.mpc=00;36:*.ogg=00;36:*.ra=00;36:*.wav=00;36:*.oga=00;36:*.opus=00;36:*.spx=00;36:*.xspf=00;36:'), ('VSCODE_GIT_IPC_HANDLE', '/run/user/1000/vscode-git-ea9b44a2ba.sock'), ('TERM_PROGRAM', 'vscode'), ('SSH_AUTH_SOCK', '/run/user/1000/keyring/ssh'), ('AMENT_PREFIX_PATH', '/home/etdisc/Bureau/codef1tenth/install/f1_localization:/home/etdisc/depots/f1tenth/sim_ws/install/timer:/home/etdisc/depots/f1tenth/sim_ws/install/strategy:/home/etdisc/depots/f1tenth/sim_ws/install/localisation:/home/etdisc/depots/f1tenth/sim_ws/install/f1tenth_gym_ros:/home/etdisc/depots/f1tenth/sim_ws/install/custom_msgs:/home/etdisc/depots/f1tenth/sim_ws/install/Waypoints:/home/etdisc/depots/f1tenth/sim_ws/install/Simple_algo:/home/etdisc/depots/f1tenth/sim_ws/install/Planif:/home/etdisc/depots/f1tenth/sim_ws/install/Mapping:/home/etdisc/depots/f1tenth/sim_ws/install/AEB:/home/etdisc/Desktop/sim_ws/install/timer:/home/etdisc/Desktop/sim_ws/install/strategy:/home/etdisc/Desktop/sim_ws/install/localisation:/home/etdisc/Desktop/sim_ws/install/f1tenth_gym_ros:/home/etdisc/Desktop/sim_ws/install/custom_msgs:/home/etdisc/Desktop/sim_ws/install/Waypoints:/home/etdisc/Desktop/sim_ws/install/Simple_algo:/home/etdisc/Desktop/sim_ws/install/Planif:/home/etdisc/Desktop/sim_ws/install/Mapping:/home/etdisc/Desktop/sim_ws/install/AEB:/opt/ros/galactic'), ('ORIGINAL_XDG_CURRENT_DESKTOP', 'ubuntu:GNOME'), ('SHELL', '/bin/bash'), ('QT_ACCESSIBILITY', '1'), ('GDMSESSION', 'ubuntu'), ('LESSCLOSE', '/usr/bin/lesspipe %s %s'), ('GPG_AGENT_INFO', '/run/user/1000/gnupg/S.gpg-agent:0:1'), ('GJS_DEBUG_OUTPUT', 'stderr'), ('VSCODE_GIT_ASKPASS_EXTRA_ARGS', ''), ('QT_IM_MODULE', 'ibus'), ('PWD', '/home/etdisc/Bureau/codef1tenth/build/f1_localization'), ('LC_ALL', 'fr_FR.UTF-8'), ('XDG_CONFIG_DIRS', '/etc/xdg/xdg-ubuntu:/etc/xdg'), ('XDG_DATA_DIRS', '/usr/share/ubuntu:/usr/local/share/:/usr/share/:/var/lib/snapd/desktop'), ('PYTHONPATH', '/home/etdisc/depots/f1tenth/sim_ws/install/timer/lib/python3.8/site-packages:/home/etdisc/depots/f1tenth/sim_ws/install/strategy/lib/python3.8/site-packages:/home/etdisc/depots/f1tenth/sim_ws/install/localisation/lib/python3.8/site-packages:/home/etdisc/depots/f1tenth/sim_ws/install/f1tenth_gym_ros/lib/python3.8/site-packages:/home/etdisc/depots/f1tenth/sim_ws/install/custom_msgs/lib/python3.8/site-packages:/home/etdisc/depots/f1tenth/sim_ws/install/Waypoints/lib/python3.8/site-packages:/home/etdisc/depots/f1tenth/sim_ws/install/Simple_algo/lib/python3.8/site-packages:/home/etdisc/depots/f1tenth/sim_ws/install/Planif/lib/python3.8/site-packages:/home/etdisc/depots/f1tenth/sim_ws/install/Mapping/lib/python3.8/site-packages:/home/etdisc/depots/f1tenth/sim_ws/install/AEB/lib/python3.8/site-packages:/home/etdisc/depots/f1tenth/sim_ws/build/timer:/home/etdisc/Desktop/sim_ws/install/timer/lib/python3.8/site-packages:/home/etdisc/depots/f1tenth/sim_ws/build/strategy:/home/etdisc/Desktop/sim_ws/install/strategy/lib/python3.8/site-packages:/home/etdisc/depots/f1tenth/sim_ws/build/localisation:/home/etdisc/Desktop/sim_ws/install/localisation/lib/python3.8/site-packages:/home/etdisc/depots/f1tenth/sim_ws/build/f1tenth_gym_ros:/home/etdisc/Desktop/sim_ws/install/f1tenth_gym_ros/lib/python3.8/site-packages:/home/etdisc/Desktop/sim_ws/install/custom_msgs/lib/python3.8/site-packages:/home/etdisc/depots/f1tenth/sim_ws/build/Waypoints:/home/etdisc/Desktop/sim_ws/install/Waypoints/lib/python3.8/site-packages:/home/etdisc/depots/f1tenth/sim_ws/build/Simple_algo:/home/etdisc/Desktop/sim_ws/install/Simple_algo/lib/python3.8/site-packages:/home/etdisc/depots/f1tenth/sim_ws/build/Planif:/home/etdisc/Desktop/sim_ws/install/Planif/lib/python3.8/site-packages:/home/etdisc/depots/f1tenth/sim_ws/build/Mapping:/home/etdisc/Desktop/sim_ws/install/Mapping/lib/python3.8/site-packages:/home/etdisc/depots/f1tenth/sim_ws/build/AEB:/home/etdisc/Desktop/sim_ws/install/AEB/lib/python3.8/site-packages:/opt/ros/galactic/lib/python3.8/site-packages'), ('HTTP_PROXY', 'http://proxy:3128'), ('COLCON', '1'), ('CMAKE_PREFIX_PATH', '/home/etdisc/Bureau/codef1tenth/install/f1_localization:/home/etdisc/depots/f1tenth/sim_ws/install/custom_msgs:/home/etdisc/Desktop/sim_ws/install/custom_msgs:/home/etdisc/depots/f1tenth/sim_ws/install/timer:/home/etdisc/depots/f1tenth/sim_ws/install/strategy:/home/etdisc/depots/f1tenth/sim_ws/install/localisation:/home/etdisc/depots/f1tenth/sim_ws/install/f1tenth_gym_ros:/home/etdisc/depots/f1tenth/sim_ws/install/Waypoints:/home/etdisc/depots/f1tenth/sim_ws/install/Simple_algo:/home/etdisc/depots/f1tenth/sim_ws/install/Planif:/home/etdisc/depots/f1tenth/sim_ws/install/Mapping:/home/etdisc/depots/f1tenth/sim_ws/install/AEB:/home/etdisc/Desktop/sim_ws/install/timer:/home/etdisc/Desktop/sim_ws/install/strategy:/home/etdisc/Desktop/sim_ws/install/localisation:/home/etdisc/Desktop/sim_ws/install/f1tenth_gym_ros:/home/etdisc/Desktop/sim_ws/install/Waypoints:/home/etdisc/Desktop/sim_ws/install/Simple_algo:/home/etdisc/Desktop/sim_ws/install/Planif:/home/etdisc/Desktop/sim_ws/install/Mapping:/home/etdisc/Desktop/sim_ws/install/AEB:/opt/ros/galactic')]), 'shell': False}
[5.475201] (-) TimerEvent: {}
[5.576125] (-) TimerEvent: {}
[5.677772] (-) TimerEvent: {}
[5.778948] (-) TimerEvent: {}
[5.879536] (-) TimerEvent: {}
[5.980991] (-) TimerEvent: {}
[6.083213] (-) TimerEvent: {}
[6.185116] (-) TimerEvent: {}
[6.239337] (f1_localization) StdoutLine: {'line': b'-- Found ament_cmake: 1.1.6 (/opt/ros/galactic/share/ament_cmake/cmake)\n'}
[6.281971] (f1_localization) StdoutLine: {'line': b'-- Using PYTHON_EXECUTABLE: /usr/bin/python3\n'}
[6.285819] (-) TimerEvent: {}
[6.455862] (-) TimerEvent: {}
[6.666830] (-) TimerEvent: {}
[6.898778] (-) TimerEvent: {}
[7.053995] (-) TimerEvent: {}
[7.156486] (-) TimerEvent: {}
[7.259248] (-) TimerEvent: {}
[7.360452] (-) TimerEvent: {}
[7.465215] (-) TimerEvent: {}
[7.574056] (-) TimerEvent: {}
[7.599088] (f1_localization) StdoutLine: {'line': b'-- Override CMake install command with custom implementation using symlinks instead of copying resources\n'}
[7.681767] (-) TimerEvent: {}
[7.783393] (-) TimerEvent: {}
[7.884171] (-) TimerEvent: {}
[7.984831] (-) TimerEvent: {}
[8.019346] (f1_localization) StdoutLine: {'line': b'-- Found rclcpp: 9.2.2 (/opt/ros/galactic/share/rclcpp/cmake)\n'}
[8.094517] (-) TimerEvent: {}
[8.195697] (-) TimerEvent: {}
[8.297986] (-) TimerEvent: {}
[8.400777] (-) TimerEvent: {}
[8.502486] (-) TimerEvent: {}
[8.603364] (-) TimerEvent: {}
[8.704744] (-) TimerEvent: {}
[8.805286] (-) TimerEvent: {}
[8.905751] (-) TimerEvent: {}
[8.988501] (f1_localization) StdoutLine: {'line': b'-- Using all available rosidl_typesupport_c: rosidl_typesupport_fastrtps_c;rosidl_typesupport_introspection_c\n'}
[9.005965] (-) TimerEvent: {}
[9.010018] (f1_localization) StdoutLine: {'line': b'-- Found rosidl_adapter: 2.2.3 (/opt/ros/galactic/share/rosidl_adapter/cmake)\n'}
[9.106514] (-) TimerEvent: {}
[9.207237] (-) TimerEvent: {}
[9.307800] (-) TimerEvent: {}
[9.408601] (-) TimerEvent: {}
[9.509613] (-) TimerEvent: {}
[9.610365] (-) TimerEvent: {}
[9.713061] (-) TimerEvent: {}
[9.813893] (-) TimerEvent: {}
[9.915057] (-) TimerEvent: {}
[9.995406] (f1_localization) StdoutLine: {'line': b'-- Using all available rosidl_typesupport_cpp: rosidl_typesupport_fastrtps_cpp;rosidl_typesupport_introspection_cpp\n'}
[10.017054] (-) TimerEvent: {}
[10.117891] (-) TimerEvent: {}
[10.218952] (-) TimerEvent: {}
[10.309816] (f1_localization) StdoutLine: {'line': b'-- Found rmw_implementation_cmake: 3.3.1 (/opt/ros/galactic/share/rmw_implementation_cmake/cmake)\n'}
[10.320067] (-) TimerEvent: {}
[10.336270] (f1_localization) StdoutLine: {'line': b'-- Found rmw_cyclonedds_cpp: 0.22.6 (/opt/ros/galactic/share/rmw_cyclonedds_cpp/cmake)\n'}
[10.421223] (-) TimerEvent: {}
[10.522606] (f1_localization) StdoutLine: {'line': b"-- Using RMW implementation 'rmw_cyclonedds_cpp' as default\n"}
[10.522910] (-) TimerEvent: {}
[10.624805] (-) TimerEvent: {}
[10.729414] (-) TimerEvent: {}
[10.830588] (-) TimerEvent: {}
[10.934476] (-) TimerEvent: {}
[11.042511] (-) TimerEvent: {}
[11.084524] (custom_msgs) StdoutLine: {'line': b'-- The C compiler identification is GNU 9.4.0\n'}
[11.142800] (-) TimerEvent: {}
[11.192969] (Mapping) Command: {'cmd': ['/usr/bin/python3', '-W', 'ignore:setup.py install is deprecated', '-W', 'ignore:easy_install command is deprecated', 'setup.py', 'egg_info', '--egg-base', '../../build/Mapping', 'build', '--build-base', '/home/etdisc/Bureau/codef1tenth/build/Mapping/build', 'install', '--record', '/home/etdisc/Bureau/codef1tenth/build/Mapping/install.log', '--single-version-externally-managed', 'install_data'], 'cwd': '/home/etdisc/Bureau/codef1tenth/src/Mapping', 'env': {'GJS_DEBUG_TOPICS': 'JS ERROR;JS LOG', 'LESSOPEN': '| /usr/bin/lesspipe %s', 'HTTPS_PROXY': 'http://proxy:3128', 'USER': 'etdisc', 'SSH_AGENT_PID': '1717', 'XDG_SESSION_TYPE': 'x11', 'GIT_ASKPASS': '/usr/share/code/resources/app/extensions/git/dist/askpass.sh', 'SHLVL': '1', 'LD_LIBRARY_PATH': '/home/etdisc/depots/f1tenth/sim_ws/install/custom_msgs/lib:/home/etdisc/Desktop/sim_ws/install/custom_msgs/lib:/usr/lib/x86_64-linux-gnu/gazebo-11/plugins:/opt/ros/galactic/opt/yaml_cpp_vendor/lib:/opt/ros/galactic/opt/rviz_ogre_vendor/lib:/opt/ros/galactic/lib/x86_64-linux-gnu:/opt/ros/galactic/lib', 'HOME': '/home/etdisc', 'CHROME_DESKTOP': 'code.desktop', 'OLDPWD': '/home/etdisc/Bureau/codef1tenth/src', 'TERM_PROGRAM_VERSION': '1.106.3', 'DESKTOP_SESSION': 'ubuntu', 'GIO_LAUNCHED_DESKTOP_FILE': '/usr/share/applications/code.desktop', 'ROS_PYTHON_VERSION': '3', 'GNOME_SHELL_SESSION_MODE': 'ubuntu', 'GTK_MODULES': 'gail:atk-bridge', 'VSCODE_GIT_ASKPASS_MAIN': '/usr/share/code/resources/app/extensions/git/dist/askpass-main.js', 'VSCODE_GIT_ASKPASS_NODE': '/usr/share/code/code', 'MANAGERPID': '1619', 'VSCODE_PYTHON_AUTOACTIVATE_GUARD': '1', 'DBUS_SESSION_BUS_ADDRESS': 'unix:path=/run/user/1000/bus', 'COLORTERM': 'truecolor', 'GIO_LAUNCHED_DESKTOP_FILE_PID': '7910', 'IM_CONFIG_PHASE': '1', 'https_proxy': 'http://proxy:3128', 'COLCON_PREFIX_PATH': '/home/etdisc/Bureau/codef1tenth/install:/home/etdisc/depots/f1tenth/sim_ws/install:/home/etdisc/Desktop/sim_ws/install', 'ROS_DISTRO': 'galactic', 'LOGNAME': 'etdisc', 'http_proxy': 'http://proxy:3128', 'JOURNAL_STREAM': '8:67595', '_': '/usr/bin/colcon', 'ROS_VERSION': '2', 'XDG_SESSION_CLASS': 'user', 'USERNAME': 'etdisc', 'TERM': 'xterm-256color', 'GNOME_DESKTOP_SESSION_ID': 'this-is-deprecated', 'ROS_LOCALHOST_ONLY': '1', 'WINDOWPATH': '2', 'PATH': '/snap/bin:/home/etdisc/.local/bin:/opt/ros/galactic/bin:/snap/bin:/home/etdisc/.local/bin:/usr/local/sbin:/usr/local/bin:/usr/sbin:/usr/bin:/sbin:/bin:/usr/games:/usr/local/games:/snap/bin', 'SESSION_MANAGER': 'local/etdisc-virtual-machine:@/tmp/.ICE-unix/1752,unix/etdisc-virtual-machine:/tmp/.ICE-unix/1752', 'INVOCATION_ID': '1693c3018a5242c5a146aa8c23bcb88d', 'XDG_MENU_PREFIX': 'gnome-', 'XDG_RUNTIME_DIR': '/run/user/1000', 'GDK_BACKEND': 'x11', 'DISPLAY': ':0', 'LANG': 'fr_FR.UTF-8', 'XDG_CURRENT_DESKTOP': 'Unity', 'XMODIFIERS': '@im=ibus', 'XDG_SESSION_DESKTOP': 'ubuntu', 'XAUTHORITY': '/run/user/1000/gdm/Xauthority', 'LS_COLORS': 'rs=0:di=01;34:ln=01;36:mh=00:pi=40;33:so=01;35:do=01;35:bd=40;33;01:cd=40;33;01:or=40;31;01:mi=00:su=37;41:sg=30;43:ca=30;41:tw=30;42:ow=34;42:st=37;44:ex=01;32:*.tar=01;31:*.tgz=01;31:*.arc=01;31:*.arj=01;31:*.taz=01;31:*.lha=01;31:*.lz4=01;31:*.lzh=01;31:*.lzma=01;31:*.tlz=01;31:*.txz=01;31:*.tzo=01;31:*.t7z=01;31:*.zip=01;31:*.z=01;31:*.dz=01;31:*.gz=01;31:*.lrz=01;31:*.lz=01;31:*.lzo=01;31:*.xz=01;31:*.zst=01;31:*.tzst=01;31:*.bz2=01;31:*.bz=01;31:*.tbz=01;31:*.tbz2=01;31:*.tz=01;31:*.deb=01;31:*.rpm=01;31:*.jar=01;31:*.war=01;31:*.ear=01;31:*.sar=01;31:*.rar=01;31:*.alz=01;31:*.ace=01;31:*.zoo=01;31:*.cpio=01;31:*.7z=01;31:*.rz=01;31:*.cab=01;31:*.wim=01;31:*.swm=01;31:*.dwm=01;31:*.esd=01;31:*.jpg=01;35:*.jpeg=01;35:*.mjpg=01;35:*.mjpeg=01;35:*.gif=01;35:*.bmp=01;35:*.pbm=01;35:*.pgm=01;35:*.ppm=01;35:*.tga=01;35:*.xbm=01;35:*.xpm=01;35:*.tif=01;35:*.tiff=01;35:*.png=01;35:*.svg=01;35:*.svgz=01;35:*.mng=01;35:*.pcx=01;35:*.mov=01;35:*.mpg=01;35:*.mpeg=01;35:*.m2v=01;35:*.mkv=01;35:*.webm=01;35:*.ogm=01;35:*.mp4=01;35:*.m4v=01;35:*.mp4v=01;35:*.vob=01;35:*.qt=01;35:*.nuv=01;35:*.wmv=01;35:*.asf=01;35:*.rm=01;35:*.rmvb=01;35:*.flc=01;35:*.avi=01;35:*.fli=01;35:*.flv=01;35:*.gl=01;35:*.dl=01;35:*.xcf=01;35:*.xwd=01;35:*.yuv=01;35:*.cgm=01;35:*.emf=01;35:*.ogv=01;35:*.ogx=01;35:*.aac=00;36:*.au=00;36:*.flac=00;36:*.m4a=00;36:*.mid=00;36:*.midi=00;36:*.mka=00;36:*.mp3=00;36:*.mpc=00;36:*.ogg=00;36:*.ra=00;36:*.wav=00;36:*.oga=00;36:*.opus=00;36:*.spx=00;36:*.xspf=00;36:', 'VSCODE_GIT_IPC_HANDLE': '/run/user/1000/vscode-git-ea9b44a2ba.sock', 'TERM_PROGRAM': 'vscode', 'SSH_AUTH_SOCK': '/run/user/1000/keyring/ssh', 'AMENT_PREFIX_PATH': '/home/etdisc/Bureau/codef1tenth/install/f1_localization:/home/etdisc/depots/f1tenth/sim_ws/install/timer:/home/etdisc/depots/f1tenth/sim_ws/install/strategy:/home/etdisc/depots/f1tenth/sim_ws/install/localisation:/home/etdisc/depots/f1tenth/sim_ws/install/f1tenth_gym_ros:/home/etdisc/depots/f1tenth/sim_ws/install/custom_msgs:/home/etdisc/depots/f1tenth/sim_ws/install/Waypoints:/home/etdisc/depots/f1tenth/sim_ws/install/Simple_algo:/home/etdisc/depots/f1tenth/sim_ws/install/Planif:/home/etdisc/depots/f1tenth/sim_ws/install/Mapping:/home/etdisc/depots/f1tenth/sim_ws/install/AEB:/home/etdisc/Desktop/sim_ws/install/timer:/home/etdisc/Desktop/sim_ws/install/strategy:/home/etdisc/Desktop/sim_ws/install/localisation:/home/etdisc/Desktop/sim_ws/install/f1tenth_gym_ros:/home/etdisc/Desktop/sim_ws/install/custom_msgs:/home/etdisc/Desktop/sim_ws/install/Waypoints:/home/etdisc/Desktop/sim_ws/install/Simple_algo:/home/etdisc/Desktop/sim_ws/install/Planif:/home/etdisc/Desktop/sim_ws/install/Mapping:/home/etdisc/Desktop/sim_ws/install/AEB:/opt/ros/galactic', 'ORIGINAL_XDG_CURRENT_DESKTOP': 'ubuntu:GNOME', 'SHELL': '/bin/bash', 'QT_ACCESSIBILITY': '1', 'GDMSESSION': 'ubuntu', 'LESSCLOSE': '/usr/bin/lesspipe %s %s', 'GPG_AGENT_INFO': '/run/user/1000/gnupg/S.gpg-agent:0:1', 'GJS_DEBUG_OUTPUT': 'stderr', 'VSCODE_GIT_ASKPASS_EXTRA_ARGS': '', 'QT_IM_MODULE': 'ibus', 'PWD': '/home/etdisc/Bureau/codef1tenth/build/Mapping', 'LC_ALL': 'fr_FR.UTF-8', 'XDG_CONFIG_DIRS': '/etc/xdg/xdg-ubuntu:/etc/xdg', 'XDG_DATA_DIRS': '/usr/share/ubuntu:/usr/local/share/:/usr/share/:/var/lib/snapd/desktop', 'PYTHONPATH': '/home/etdisc/Bureau/codef1tenth/build/Mapping/prefix_override:/usr/lib/python3/dist-packages/colcon_core/task/python/colcon_distutils_commands:/home/etdisc/Bureau/codef1tenth/install/Mapping/lib/python3.8/site-packages:/home/etdisc/depots/f1tenth/sim_ws/install/timer/lib/python3.8/site-packages:/home/etdisc/depots/f1tenth/sim_ws/install/strategy/lib/python3.8/site-packages:/home/etdisc/depots/f1tenth/sim_ws/install/localisation/lib/python3.8/site-packages:/home/etdisc/depots/f1tenth/sim_ws/install/f1tenth_gym_ros/lib/python3.8/site-packages:/home/etdisc/depots/f1tenth/sim_ws/install/custom_msgs/lib/python3.8/site-packages:/home/etdisc/depots/f1tenth/sim_ws/install/Waypoints/lib/python3.8/site-packages:/home/etdisc/depots/f1tenth/sim_ws/install/Simple_algo/lib/python3.8/site-packages:/home/etdisc/depots/f1tenth/sim_ws/install/Planif/lib/python3.8/site-packages:/home/etdisc/depots/f1tenth/sim_ws/install/Mapping/lib/python3.8/site-packages:/home/etdisc/depots/f1tenth/sim_ws/install/AEB/lib/python3.8/site-packages:/home/etdisc/depots/f1tenth/sim_ws/build/timer:/home/etdisc/Desktop/sim_ws/install/timer/lib/python3.8/site-packages:/home/etdisc/depots/f1tenth/sim_ws/build/strategy:/home/etdisc/Desktop/sim_ws/install/strategy/lib/python3.8/site-packages:/home/etdisc/depots/f1tenth/sim_ws/build/localisation:/home/etdisc/Desktop/sim_ws/install/localisation/lib/python3.8/site-packages:/home/etdisc/depots/f1tenth/sim_ws/build/f1tenth_gym_ros:/home/etdisc/Desktop/sim_ws/install/f1tenth_gym_ros/lib/python3.8/site-packages:/home/etdisc/Desktop/sim_ws/install/custom_msgs/lib/python3.8/site-packages:/home/etdisc/depots/f1tenth/sim_ws/build/Waypoints:/home/etdisc/Desktop/sim_ws/install/Waypoints/lib/python3.8/site-packages:/home/etdisc/depots/f1tenth/sim_ws/build/Simple_algo:/home/etdisc/Desktop/sim_ws/install/Simple_algo/lib/python3.8/site-packages:/home/etdisc/depots/f1tenth/sim_ws/build/Planif:/home/etdisc/Desktop/sim_ws/install/Planif/lib/python3.8/site-packages:/home/etdisc/depots/f1tenth/sim_ws/build/Mapping:/home/etdisc/Desktop/sim_ws/install/Mapping/lib/python3.8/site-packages:/home/etdisc/depots/f1tenth/sim_ws/build/AEB:/home/etdisc/Desktop/sim_ws/install/AEB/lib/python3.8/site-packages:/opt/ros/galactic/lib/python3.8/site-packages', 'HTTP_PROXY': 'http://proxy:3128', 'COLCON': '1', 'CMAKE_PREFIX_PATH': '/home/etdisc/Bureau/codef1tenth/install/f1_localization:/home/etdisc/depots/f1tenth/sim_ws/install/custom_msgs:/home/etdisc/Desktop/sim_ws/install/custom_msgs'}, 'shell': False}
[11.253891] (-) TimerEvent: {}
[11.277594] (Simple_algo) Command: {'cmd': ['/usr/bin/python3', '-W', 'ignore:setup.py install is deprecated', '-W', 'ignore:easy_install command is deprecated', 'setup.py', 'egg_info', '--egg-base', '../../build/Simple_algo', 'build', '--build-base', '/home/etdisc/Bureau/codef1tenth/build/Simple_algo/build', 'install', '--record', '/home/etdisc/Bureau/codef1tenth/build/Simple_algo/install.log', '--single-version-externally-managed', 'install_data'], 'cwd': '/home/etdisc/Bureau/codef1tenth/src/Simple_algo', 'env': {'GJS_DEBUG_TOPICS': 'JS ERROR;JS LOG', 'LESSOPEN': '| /usr/bin/lesspipe %s', 'HTTPS_PROXY': 'http://proxy:3128', 'USER': 'etdisc', 'SSH_AGENT_PID': '1717', 'XDG_SESSION_TYPE': 'x11', 'GIT_ASKPASS': '/usr/share/code/resources/app/extensions/git/dist/askpass.sh', 'SHLVL': '1', 'LD_LIBRARY_PATH': '/home/etdisc/depots/f1tenth/sim_ws/install/custom_msgs/lib:/home/etdisc/Desktop/sim_ws/install/custom_msgs/lib:/usr/lib/x86_64-linux-gnu/gazebo-11/plugins:/opt/ros/galactic/opt/yaml_cpp_vendor/lib:/opt/ros/galactic/opt/rviz_ogre_vendor/lib:/opt/ros/galactic/lib/x86_64-linux-gnu:/opt/ros/galactic/lib', 'HOME': '/home/etdisc', 'CHROME_DESKTOP': 'code.desktop', 'OLDPWD': '/home/etdisc/Bureau/codef1tenth/src', 'TERM_PROGRAM_VERSION': '1.106.3', 'DESKTOP_SESSION': 'ubuntu', 'GIO_LAUNCHED_DESKTOP_FILE': '/usr/share/applications/code.desktop', 'ROS_PYTHON_VERSION': '3', 'GNOME_SHELL_SESSION_MODE': 'ubuntu', 'GTK_MODULES': 'gail:atk-bridge', 'VSCODE_GIT_ASKPASS_MAIN': '/usr/share/code/resources/app/extensions/git/dist/askpass-main.js', 'VSCODE_GIT_ASKPASS_NODE': '/usr/share/code/code', 'MANAGERPID': '1619', 'VSCODE_PYTHON_AUTOACTIVATE_GUARD': '1', 'DBUS_SESSION_BUS_ADDRESS': 'unix:path=/run/user/1000/bus', 'COLORTERM': 'truecolor', 'GIO_LAUNCHED_DESKTOP_FILE_PID': '7910', 'IM_CONFIG_PHASE': '1', 'https_proxy': 'http://proxy:3128', 'COLCON_PREFIX_PATH': '/home/etdisc/Bureau/codef1tenth/install:/home/etdisc/depots/f1tenth/sim_ws/install:/home/etdisc/Desktop/sim_ws/install', 'ROS_DISTRO': 'galactic', 'LOGNAME': 'etdisc', 'http_proxy': 'http://proxy:3128', 'JOURNAL_STREAM': '8:67595', '_': '/usr/bin/colcon', 'ROS_VERSION': '2', 'XDG_SESSION_CLASS': 'user', 'USERNAME': 'etdisc', 'TERM': 'xterm-256color', 'GNOME_DESKTOP_SESSION_ID': 'this-is-deprecated', 'ROS_LOCALHOST_ONLY': '1', 'WINDOWPATH': '2', 'PATH': '/snap/bin:/home/etdisc/.local/bin:/opt/ros/galactic/bin:/snap/bin:/home/etdisc/.local/bin:/usr/local/sbin:/usr/local/bin:/usr/sbin:/usr/bin:/sbin:/bin:/usr/games:/usr/local/games:/snap/bin', 'SESSION_MANAGER': 'local/etdisc-virtual-machine:@/tmp/.ICE-unix/1752,unix/etdisc-virtual-machine:/tmp/.ICE-unix/1752', 'INVOCATION_ID': '1693c3018a5242c5a146aa8c23bcb88d', 'XDG_MENU_PREFIX': 'gnome-', 'XDG_RUNTIME_DIR': '/run/user/1000', 'GDK_BACKEND': 'x11', 'DISPLAY': ':0', 'LANG': 'fr_FR.UTF-8', 'XDG_CURRENT_DESKTOP': 'Unity', 'XMODIFIERS': '@im=ibus', 'XDG_SESSION_DESKTOP': 'ubuntu', 'XAUTHORITY': '/run/user/1000/gdm/Xauthority', 'LS_COLORS': 'rs=0:di=01;34:ln=01;36:mh=00:pi=40;33:so=01;35:do=01;35:bd=40;33;01:cd=40;33;01:or=40;31;01:mi=00:su=37;41:sg=30;43:ca=30;41:tw=30;42:ow=34;42:st=37;44:ex=01;32:*.tar=01;31:*.tgz=01;31:*.arc=01;31:*.arj=01;31:*.taz=01;31:*.lha=01;31:*.lz4=01;31:*.lzh=01;31:*.lzma=01;31:*.tlz=01;31:*.txz=01;31:*.tzo=01;31:*.t7z=01;31:*.zip=01;31:*.z=01;31:*.dz=01;31:*.gz=01;31:*.lrz=01;31:*.lz=01;31:*.lzo=01;31:*.xz=01;31:*.zst=01;31:*.tzst=01;31:*.bz2=01;31:*.bz=01;31:*.tbz=01;31:*.tbz2=01;31:*.tz=01;31:*.deb=01;31:*.rpm=01;31:*.jar=01;31:*.war=01;31:*.ear=01;31:*.sar=01;31:*.rar=01;31:*.alz=01;31:*.ace=01;31:*.zoo=01;31:*.cpio=01;31:*.7z=01;31:*.rz=01;31:*.cab=01;31:*.wim=01;31:*.swm=01;31:*.dwm=01;31:*.esd=01;31:*.jpg=01;35:*.jpeg=01;35:*.mjpg=01;35:*.mjpeg=01;35:*.gif=01;35:*.bmp=01;35:*.pbm=01;35:*.pgm=01;35:*.ppm=01;35:*.tga=01;35:*.xbm=01;35:*.xpm=01;35:*.tif=01;35:*.tiff=01;35:*.png=01;35:*.svg=01;35:*.svgz=01;35:*.mng=01;35:*.pcx=01;35:*.mov=01;35:*.mpg=01;35:*.mpeg=01;35:*.m2v=01;35:*.mkv=01;35:*.webm=01;35:*.ogm=01;35:*.mp4=01;35:*.m4v=01;35:*.mp4v=01;35:*.vob=01;35:*.qt=01;35:*.nuv=01;35:*.wmv=01;35:*.asf=01;35:*.rm=01;35:*.rmvb=01;35:*.flc=01;35:*.avi=01;35:*.fli=01;35:*.flv=01;35:*.gl=01;35:*.dl=01;35:*.xcf=01;35:*.xwd=01;35:*.yuv=01;35:*.cgm=01;35:*.emf=01;35:*.ogv=01;35:*.ogx=01;35:*.aac=00;36:*.au=00;36:*.flac=00;36:*.m4a=00;36:*.mid=00;36:*.midi=00;36:*.mka=00;36:*.mp3=00;36:*.mpc=00;36:*.ogg=00;36:*.ra=00;36:*.wav=00;36:*.oga=00;36:*.opus=00;36:*.spx=00;36:*.xspf=00;36:', 'VSCODE_GIT_IPC_HANDLE': '/run/user/1000/vscode-git-ea9b44a2ba.sock', 'TERM_PROGRAM': 'vscode', 'SSH_AUTH_SOCK': '/run/user/1000/keyring/ssh', 'AMENT_PREFIX_PATH': '/home/etdisc/Bureau/codef1tenth/install/f1_localization:/home/etdisc/depots/f1tenth/sim_ws/install/timer:/home/etdisc/depots/f1tenth/sim_ws/install/strategy:/home/etdisc/depots/f1tenth/sim_ws/install/localisation:/home/etdisc/depots/f1tenth/sim_ws/install/f1tenth_gym_ros:/home/etdisc/depots/f1tenth/sim_ws/install/custom_msgs:/home/etdisc/depots/f1tenth/sim_ws/install/Waypoints:/home/etdisc/depots/f1tenth/sim_ws/install/Simple_algo:/home/etdisc/depots/f1tenth/sim_ws/install/Planif:/home/etdisc/depots/f1tenth/sim_ws/install/Mapping:/home/etdisc/depots/f1tenth/sim_ws/install/AEB:/home/etdisc/Desktop/sim_ws/install/timer:/home/etdisc/Desktop/sim_ws/install/strategy:/home/etdisc/Desktop/sim_ws/install/localisation:/home/etdisc/Desktop/sim_ws/install/f1tenth_gym_ros:/home/etdisc/Desktop/sim_ws/install/custom_msgs:/home/etdisc/Desktop/sim_ws/install/Waypoints:/home/etdisc/Desktop/sim_ws/install/Simple_algo:/home/etdisc/Desktop/sim_ws/install/Planif:/home/etdisc/Desktop/sim_ws/install/Mapping:/home/etdisc/Desktop/sim_ws/install/AEB:/opt/ros/galactic', 'ORIGINAL_XDG_CURRENT_DESKTOP': 'ubuntu:GNOME', 'SHELL': '/bin/bash', 'QT_ACCESSIBILITY': '1', 'GDMSESSION': 'ubuntu', 'LESSCLOSE': '/usr/bin/lesspipe %s %s', 'GPG_AGENT_INFO': '/run/user/1000/gnupg/S.gpg-agent:0:1', 'GJS_DEBUG_OUTPUT': 'stderr', 'VSCODE_GIT_ASKPASS_EXTRA_ARGS': '', 'QT_IM_MODULE': 'ibus', 'PWD': '/home/etdisc/Bureau/codef1tenth/build/Simple_algo', 'LC_ALL': 'fr_FR.UTF-8', 'XDG_CONFIG_DIRS': '/etc/xdg/xdg-ubuntu:/etc/xdg', 'XDG_DATA_DIRS': '/usr/share/ubuntu:/usr/local/share/:/usr/share/:/var/lib/snapd/desktop', 'PYTHONPATH': '/home/etdisc/Bureau/codef1tenth/build/Simple_algo/prefix_override:/usr/lib/python3/dist-packages/colcon_core/task/python/colcon_distutils_commands:/home/etdisc/Bureau/codef1tenth/install/Simple_algo/lib/python3.8/site-packages:/home/etdisc/depots/f1tenth/sim_ws/install/timer/lib/python3.8/site-packages:/home/etdisc/depots/f1tenth/sim_ws/install/strategy/lib/python3.8/site-packages:/home/etdisc/depots/f1tenth/sim_ws/install/localisation/lib/python3.8/site-packages:/home/etdisc/depots/f1tenth/sim_ws/install/f1tenth_gym_ros/lib/python3.8/site-packages:/home/etdisc/depots/f1tenth/sim_ws/install/custom_msgs/lib/python3.8/site-packages:/home/etdisc/depots/f1tenth/sim_ws/install/Waypoints/lib/python3.8/site-packages:/home/etdisc/depots/f1tenth/sim_ws/install/Simple_algo/lib/python3.8/site-packages:/home/etdisc/depots/f1tenth/sim_ws/install/Planif/lib/python3.8/site-packages:/home/etdisc/depots/f1tenth/sim_ws/install/Mapping/lib/python3.8/site-packages:/home/etdisc/depots/f1tenth/sim_ws/install/AEB/lib/python3.8/site-packages:/home/etdisc/depots/f1tenth/sim_ws/build/timer:/home/etdisc/Desktop/sim_ws/install/timer/lib/python3.8/site-packages:/home/etdisc/depots/f1tenth/sim_ws/build/strategy:/home/etdisc/Desktop/sim_ws/install/strategy/lib/python3.8/site-packages:/home/etdisc/depots/f1tenth/sim_ws/build/localisation:/home/etdisc/Desktop/sim_ws/install/localisation/lib/python3.8/site-packages:/home/etdisc/depots/f1tenth/sim_ws/build/f1tenth_gym_ros:/home/etdisc/Desktop/sim_ws/install/f1tenth_gym_ros/lib/python3.8/site-packages:/home/etdisc/Desktop/sim_ws/install/custom_msgs/lib/python3.8/site-packages:/home/etdisc/depots/f1tenth/sim_ws/build/Waypoints:/home/etdisc/Desktop/sim_ws/install/Waypoints/lib/python3.8/site-packages:/home/etdisc/depots/f1tenth/sim_ws/build/Simple_algo:/home/etdisc/Desktop/sim_ws/install/Simple_algo/lib/python3.8/site-packages:/home/etdisc/depots/f1tenth/sim_ws/build/Planif:/home/etdisc/Desktop/sim_ws/install/Planif/lib/python3.8/site-packages:/home/etdisc/depots/f1tenth/sim_ws/build/Mapping:/home/etdisc/Desktop/sim_ws/install/Mapping/lib/python3.8/site-packages:/home/etdisc/depots/f1tenth/sim_ws/build/AEB:/home/etdisc/Desktop/sim_ws/install/AEB/lib/python3.8/site-packages:/opt/ros/galactic/lib/python3.8/site-packages', 'HTTP_PROXY': 'http://proxy:3128', 'COLCON': '1', 'CMAKE_PREFIX_PATH': '/home/etdisc/Bureau/codef1tenth/install/f1_localization:/home/etdisc/depots/f1tenth/sim_ws/install/custom_msgs:/home/etdisc/Desktop/sim_ws/install/custom_msgs'}, 'shell': False}
[11.316789] (Planif) Command: {'cmd': ['/usr/bin/python3', '-W', 'ignore:setup.py install is deprecated', '-W', 'ignore:easy_install command is deprecated', 'setup.py', 'egg_info', '--egg-base', '../../build/Planif', 'build', '--build-base', '/home/etdisc/Bureau/codef1tenth/build/Planif/build', 'install', '--record', '/home/etdisc/Bureau/codef1tenth/build/Planif/install.log', '--single-version-externally-managed', 'install_data'], 'cwd': '/home/etdisc/Bureau/codef1tenth/src/Planif', 'env': {'GJS_DEBUG_TOPICS': 'JS ERROR;JS LOG', 'LESSOPEN': '| /usr/bin/lesspipe %s', 'HTTPS_PROXY': 'http://proxy:3128', 'USER': 'etdisc', 'SSH_AGENT_PID': '1717', 'XDG_SESSION_TYPE': 'x11', 'GIT_ASKPASS': '/usr/share/code/resources/app/extensions/git/dist/askpass.sh', 'SHLVL': '1', 'LD_LIBRARY_PATH': '/home/etdisc/depots/f1tenth/sim_ws/install/custom_msgs/lib:/home/etdisc/Desktop/sim_ws/install/custom_msgs/lib:/usr/lib/x86_64-linux-gnu/gazebo-11/plugins:/opt/ros/galactic/opt/yaml_cpp_vendor/lib:/opt/ros/galactic/opt/rviz_ogre_vendor/lib:/opt/ros/galactic/lib/x86_64-linux-gnu:/opt/ros/galactic/lib', 'HOME': '/home/etdisc', 'CHROME_DESKTOP': 'code.desktop', 'OLDPWD': '/home/etdisc/Bureau/codef1tenth/src', 'TERM_PROGRAM_VERSION': '1.106.3', 'DESKTOP_SESSION': 'ubuntu', 'GIO_LAUNCHED_DESKTOP_FILE': '/usr/share/applications/code.desktop', 'ROS_PYTHON_VERSION': '3', 'GNOME_SHELL_SESSION_MODE': 'ubuntu', 'GTK_MODULES': 'gail:atk-bridge', 'VSCODE_GIT_ASKPASS_MAIN': '/usr/share/code/resources/app/extensions/git/dist/askpass-main.js', 'VSCODE_GIT_ASKPASS_NODE': '/usr/share/code/code', 'MANAGERPID': '1619', 'VSCODE_PYTHON_AUTOACTIVATE_GUARD': '1', 'DBUS_SESSION_BUS_ADDRESS': 'unix:path=/run/user/1000/bus', 'COLORTERM': 'truecolor', 'GIO_LAUNCHED_DESKTOP_FILE_PID': '7910', 'IM_CONFIG_PHASE': '1', 'https_proxy': 'http://proxy:3128', 'COLCON_PREFIX_PATH': '/home/etdisc/Bureau/codef1tenth/install:/home/etdisc/depots/f1tenth/sim_ws/install:/home/etdisc/Desktop/sim_ws/install', 'ROS_DISTRO': 'galactic', 'LOGNAME': 'etdisc', 'http_proxy': 'http://proxy:3128', 'JOURNAL_STREAM': '8:67595', '_': '/usr/bin/colcon', 'ROS_VERSION': '2', 'XDG_SESSION_CLASS': 'user', 'USERNAME': 'etdisc', 'TERM': 'xterm-256color', 'GNOME_DESKTOP_SESSION_ID': 'this-is-deprecated', 'ROS_LOCALHOST_ONLY': '1', 'WINDOWPATH': '2', 'PATH': '/snap/bin:/home/etdisc/.local/bin:/opt/ros/galactic/bin:/snap/bin:/home/etdisc/.local/bin:/usr/local/sbin:/usr/local/bin:/usr/sbin:/usr/bin:/sbin:/bin:/usr/games:/usr/local/games:/snap/bin', 'SESSION_MANAGER': 'local/etdisc-virtual-machine:@/tmp/.ICE-unix/1752,unix/etdisc-virtual-machine:/tmp/.ICE-unix/1752', 'INVOCATION_ID': '1693c3018a5242c5a146aa8c23bcb88d', 'XDG_MENU_PREFIX': 'gnome-', 'XDG_RUNTIME_DIR': '/run/user/1000', 'GDK_BACKEND': 'x11', 'DISPLAY': ':0', 'LANG': 'fr_FR.UTF-8', 'XDG_CURRENT_DESKTOP': 'Unity', 'XMODIFIERS': '@im=ibus', 'XDG_SESSION_DESKTOP': 'ubuntu', 'XAUTHORITY': '/run/user/1000/gdm/Xauthority', 'LS_COLORS': 'rs=0:di=01;34:ln=01;36:mh=00:pi=40;33:so=01;35:do=01;35:bd=40;33;01:cd=40;33;01:or=40;31;01:mi=00:su=37;41:sg=30;43:ca=30;41:tw=30;42:ow=34;42:st=37;44:ex=01;32:*.tar=01;31:*.tgz=01;31:*.arc=01;31:*.arj=01;31:*.taz=01;31:*.lha=01;31:*.lz4=01;31:*.lzh=01;31:*.lzma=01;31:*.tlz=01;31:*.txz=01;31:*.tzo=01;31:*.t7z=01;31:*.zip=01;31:*.z=01;31:*.dz=01;31:*.gz=01;31:*.lrz=01;31:*.lz=01;31:*.lzo=01;31:*.xz=01;31:*.zst=01;31:*.tzst=01;31:*.bz2=01;31:*.bz=01;31:*.tbz=01;31:*.tbz2=01;31:*.tz=01;31:*.deb=01;31:*.rpm=01;31:*.jar=01;31:*.war=01;31:*.ear=01;31:*.sar=01;31:*.rar=01;31:*.alz=01;31:*.ace=01;31:*.zoo=01;31:*.cpio=01;31:*.7z=01;31:*.rz=01;31:*.cab=01;31:*.wim=01;31:*.swm=01;31:*.dwm=01;31:*.esd=01;31:*.jpg=01;35:*.jpeg=01;35:*.mjpg=01;35:*.mjpeg=01;35:*.gif=01;35:*.bmp=01;35:*.pbm=01;35:*.pgm=01;35:*.ppm=01;35:*.tga=01;35:*.xbm=01;35:*.xpm=01;35:*.tif=01;35:*.tiff=01;35:*.png=01;35:*.svg=01;35:*.svgz=01;35:*.mng=01;35:*.pcx=01;35:*.mov=01;35:*.mpg=01;35:*.mpeg=01;35:*.m2v=01;35:*.mkv=01;35:*.webm=01;35:*.ogm=01;35:*.mp4=01;35:*.m4v=01;35:*.mp4v=01;35:*.vob=01;35:*.qt=01;35:*.nuv=01;35:*.wmv=01;35:*.asf=01;35:*.rm=01;35:*.rmvb=01;35:*.flc=01;35:*.avi=01;35:*.fli=01;35:*.flv=01;35:*.gl=01;35:*.dl=01;35:*.xcf=01;35:*.xwd=01;35:*.yuv=01;35:*.cgm=01;35:*.emf=01;35:*.ogv=01;35:*.ogx=01;35:*.aac=00;36:*.au=00;36:*.flac=00;36:*.m4a=00;36:*.mid=00;36:*.midi=00;36:*.mka=00;36:*.mp3=00;36:*.mpc=00;36:*.ogg=00;36:*.ra=00;36:*.wav=00;36:*.oga=00;36:*.opus=00;36:*.spx=00;36:*.xspf=00;36:', 'VSCODE_GIT_IPC_HANDLE': '/run/user/1000/vscode-git-ea9b44a2ba.sock', 'TERM_PROGRAM': 'vscode', 'SSH_AUTH_SOCK': '/run/user/1000/keyring/ssh', 'AMENT_PREFIX_PATH': '/home/etdisc/Bureau/codef1tenth/install/f1_localization:/home/etdisc/depots/f1tenth/sim_ws/install/timer:/home/etdisc/depots/f1tenth/sim_ws/install/strategy:/home/etdisc/depots/f1tenth/sim_ws/install/localisation:/home/etdisc/depots/f1tenth/sim_ws/install/f1tenth_gym_ros:/home/etdisc/depots/f1tenth/sim_ws/install/custom_msgs:/home/etdisc/depots/f1tenth/sim_ws/install/Waypoints:/home/etdisc/depots/f1tenth/sim_ws/install/Simple_algo:/home/etdisc/depots/f1tenth/sim_ws/install/Planif:/home/etdisc/depots/f1tenth/sim_ws/install/Mapping:/home/etdisc/depots/f1tenth/sim_ws/install/AEB:/home/etdisc/Desktop/sim_ws/install/timer:/home/etdisc/Desktop/sim_ws/install/strategy:/home/etdisc/Desktop/sim_ws/install/localisation:/home/etdisc/Desktop/sim_ws/install/f1tenth_gym_ros:/home/etdisc/Desktop/sim_ws/install/custom_msgs:/home/etdisc/Desktop/sim_ws/install/Waypoints:/home/etdisc/Desktop/sim_ws/install/Simple_algo:/home/etdisc/Desktop/sim_ws/install/Planif:/home/etdisc/Desktop/sim_ws/install/Mapping:/home/etdisc/Desktop/sim_ws/install/AEB:/opt/ros/galactic', 'ORIGINAL_XDG_CURRENT_DESKTOP': 'ubuntu:GNOME', 'SHELL': '/bin/bash', 'QT_ACCESSIBILITY': '1', 'GDMSESSION': 'ubuntu', 'LESSCLOSE': '/usr/bin/lesspipe %s %s', 'GPG_AGENT_INFO': '/run/user/1000/gnupg/S.gpg-agent:0:1', 'GJS_DEBUG_OUTPUT': 'stderr', 'VSCODE_GIT_ASKPASS_EXTRA_ARGS': '', 'QT_IM_MODULE': 'ibus', 'PWD': '/home/etdisc/Bureau/codef1tenth/build/Planif', 'LC_ALL': 'fr_FR.UTF-8', 'XDG_CONFIG_DIRS': '/etc/xdg/xdg-ubuntu:/etc/xdg', 'XDG_DATA_DIRS': '/usr/share/ubuntu:/usr/local/share/:/usr/share/:/var/lib/snapd/desktop', 'PYTHONPATH': '/home/etdisc/Bureau/codef1tenth/build/Planif/prefix_override:/usr/lib/python3/dist-packages/colcon_core/task/python/colcon_distutils_commands:/home/etdisc/Bureau/codef1tenth/install/Planif/lib/python3.8/site-packages:/home/etdisc/depots/f1tenth/sim_ws/install/timer/lib/python3.8/site-packages:/home/etdisc/depots/f1tenth/sim_ws/install/strategy/lib/python3.8/site-packages:/home/etdisc/depots/f1tenth/sim_ws/install/localisation/lib/python3.8/site-packages:/home/etdisc/depots/f1tenth/sim_ws/install/f1tenth_gym_ros/lib/python3.8/site-packages:/home/etdisc/depots/f1tenth/sim_ws/install/custom_msgs/lib/python3.8/site-packages:/home/etdisc/depots/f1tenth/sim_ws/install/Waypoints/lib/python3.8/site-packages:/home/etdisc/depots/f1tenth/sim_ws/install/Simple_algo/lib/python3.8/site-packages:/home/etdisc/depots/f1tenth/sim_ws/install/Planif/lib/python3.8/site-packages:/home/etdisc/depots/f1tenth/sim_ws/install/Mapping/lib/python3.8/site-packages:/home/etdisc/depots/f1tenth/sim_ws/install/AEB/lib/python3.8/site-packages:/home/etdisc/depots/f1tenth/sim_ws/build/timer:/home/etdisc/Desktop/sim_ws/install/timer/lib/python3.8/site-packages:/home/etdisc/depots/f1tenth/sim_ws/build/strategy:/home/etdisc/Desktop/sim_ws/install/strategy/lib/python3.8/site-packages:/home/etdisc/depots/f1tenth/sim_ws/build/localisation:/home/etdisc/Desktop/sim_ws/install/localisation/lib/python3.8/site-packages:/home/etdisc/depots/f1tenth/sim_ws/build/f1tenth_gym_ros:/home/etdisc/Desktop/sim_ws/install/f1tenth_gym_ros/lib/python3.8/site-packages:/home/etdisc/Desktop/sim_ws/install/custom_msgs/lib/python3.8/site-packages:/home/etdisc/depots/f1tenth/sim_ws/build/Waypoints:/home/etdisc/Desktop/sim_ws/install/Waypoints/lib/python3.8/site-packages:/home/etdisc/depots/f1tenth/sim_ws/build/Simple_algo:/home/etdisc/Desktop/sim_ws/install/Simple_algo/lib/python3.8/site-packages:/home/etdisc/depots/f1tenth/sim_ws/build/Planif:/home/etdisc/Desktop/sim_ws/install/Planif/lib/python3.8/site-packages:/home/etdisc/depots/f1tenth/sim_ws/build/Mapping:/home/etdisc/Desktop/sim_ws/install/Mapping/lib/python3.8/site-packages:/home/etdisc/depots/f1tenth/sim_ws/build/AEB:/home/etdisc/Desktop/sim_ws/install/AEB/lib/python3.8/site-packages:/opt/ros/galactic/lib/python3.8/site-packages', 'HTTP_PROXY': 'http://proxy:3128', 'COLCON': '1', 'CMAKE_PREFIX_PATH': '/home/etdisc/Bureau/codef1tenth/install/f1_localization:/home/etdisc/depots/f1tenth/sim_ws/install/custom_msgs:/home/etdisc/Desktop/sim_ws/install/custom_msgs'}, 'shell': False}
[11.354013] (f1_localization) StdoutLine: {'line': b'-- Found robot_localization: 3.2.4 (/opt/ros/galactic/share/robot_localization/cmake)\n'}
[11.354467] (-) TimerEvent: {}
[11.386183] (f1tenth_gym_ros) Command: {'cmd': ['/usr/bin/python3', '-W', 'ignore:setup.py install is deprecated', '-W', 'ignore:easy_install command is deprecated', 'setup.py', 'egg_info', '--egg-base', '../../build/f1tenth_gym_ros', 'build', '--build-base', '/home/etdisc/Bureau/codef1tenth/build/f1tenth_gym_ros/build', 'install', '--record', '/home/etdisc/Bureau/codef1tenth/build/f1tenth_gym_ros/install.log', '--install-scripts', '$base/lib/f1tenth_gym_ros', '--single-version-externally-managed', 'install_data'], 'cwd': '/home/etdisc/Bureau/codef1tenth/src/f1tenth_gym_ros', 'env': {'GJS_DEBUG_TOPICS': 'JS ERROR;JS LOG', 'LESSOPEN': '| /usr/bin/lesspipe %s', 'HTTPS_PROXY': 'http://proxy:3128', 'USER': 'etdisc', 'SSH_AGENT_PID': '1717', 'XDG_SESSION_TYPE': 'x11', 'GIT_ASKPASS': '/usr/share/code/resources/app/extensions/git/dist/askpass.sh', 'SHLVL': '1', 'LD_LIBRARY_PATH': '/home/etdisc/depots/f1tenth/sim_ws/install/custom_msgs/lib:/home/etdisc/Desktop/sim_ws/install/custom_msgs/lib:/usr/lib/x86_64-linux-gnu/gazebo-11/plugins:/opt/ros/galactic/opt/yaml_cpp_vendor/lib:/opt/ros/galactic/opt/rviz_ogre_vendor/lib:/opt/ros/galactic/lib/x86_64-linux-gnu:/opt/ros/galactic/lib', 'HOME': '/home/etdisc', 'CHROME_DESKTOP': 'code.desktop', 'OLDPWD': '/home/etdisc/Bureau/codef1tenth/src', 'TERM_PROGRAM_VERSION': '1.106.3', 'DESKTOP_SESSION': 'ubuntu', 'GIO_LAUNCHED_DESKTOP_FILE': '/usr/share/applications/code.desktop', 'ROS_PYTHON_VERSION': '3', 'GNOME_SHELL_SESSION_MODE': 'ubuntu', 'GTK_MODULES': 'gail:atk-bridge', 'VSCODE_GIT_ASKPASS_MAIN': '/usr/share/code/resources/app/extensions/git/dist/askpass-main.js', 'VSCODE_GIT_ASKPASS_NODE': '/usr/share/code/code', 'MANAGERPID': '1619', 'VSCODE_PYTHON_AUTOACTIVATE_GUARD': '1', 'DBUS_SESSION_BUS_ADDRESS': 'unix:path=/run/user/1000/bus', 'COLORTERM': 'truecolor', 'GIO_LAUNCHED_DESKTOP_FILE_PID': '7910', 'IM_CONFIG_PHASE': '1', 'https_proxy': 'http://proxy:3128', 'COLCON_PREFIX_PATH': '/home/etdisc/Bureau/codef1tenth/install:/home/etdisc/depots/f1tenth/sim_ws/install:/home/etdisc/Desktop/sim_ws/install', 'ROS_DISTRO': 'galactic', 'LOGNAME': 'etdisc', 'http_proxy': 'http://proxy:3128', 'JOURNAL_STREAM': '8:67595', '_': '/usr/bin/colcon', 'ROS_VERSION': '2', 'XDG_SESSION_CLASS': 'user', 'USERNAME': 'etdisc', 'TERM': 'xterm-256color', 'GNOME_DESKTOP_SESSION_ID': 'this-is-deprecated', 'ROS_LOCALHOST_ONLY': '1', 'WINDOWPATH': '2', 'PATH': '/snap/bin:/home/etdisc/.local/bin:/opt/ros/galactic/bin:/snap/bin:/home/etdisc/.local/bin:/usr/local/sbin:/usr/local/bin:/usr/sbin:/usr/bin:/sbin:/bin:/usr/games:/usr/local/games:/snap/bin', 'SESSION_MANAGER': 'local/etdisc-virtual-machine:@/tmp/.ICE-unix/1752,unix/etdisc-virtual-machine:/tmp/.ICE-unix/1752', 'INVOCATION_ID': '1693c3018a5242c5a146aa8c23bcb88d', 'XDG_MENU_PREFIX': 'gnome-', 'XDG_RUNTIME_DIR': '/run/user/1000', 'GDK_BACKEND': 'x11', 'DISPLAY': ':0', 'LANG': 'fr_FR.UTF-8', 'XDG_CURRENT_DESKTOP': 'Unity', 'XMODIFIERS': '@im=ibus', 'XDG_SESSION_DESKTOP': 'ubuntu', 'XAUTHORITY': '/run/user/1000/gdm/Xauthority', 'LS_COLORS': 'rs=0:di=01;34:ln=01;36:mh=00:pi=40;33:so=01;35:do=01;35:bd=40;33;01:cd=40;33;01:or=40;31;01:mi=00:su=37;41:sg=30;43:ca=30;41:tw=30;42:ow=34;42:st=37;44:ex=01;32:*.tar=01;31:*.tgz=01;31:*.arc=01;31:*.arj=01;31:*.taz=01;31:*.lha=01;31:*.lz4=01;31:*.lzh=01;31:*.lzma=01;31:*.tlz=01;31:*.txz=01;31:*.tzo=01;31:*.t7z=01;31:*.zip=01;31:*.z=01;31:*.dz=01;31:*.gz=01;31:*.lrz=01;31:*.lz=01;31:*.lzo=01;31:*.xz=01;31:*.zst=01;31:*.tzst=01;31:*.bz2=01;31:*.bz=01;31:*.tbz=01;31:*.tbz2=01;31:*.tz=01;31:*.deb=01;31:*.rpm=01;31:*.jar=01;31:*.war=01;31:*.ear=01;31:*.sar=01;31:*.rar=01;31:*.alz=01;31:*.ace=01;31:*.zoo=01;31:*.cpio=01;31:*.7z=01;31:*.rz=01;31:*.cab=01;31:*.wim=01;31:*.swm=01;31:*.dwm=01;31:*.esd=01;31:*.jpg=01;35:*.jpeg=01;35:*.mjpg=01;35:*.mjpeg=01;35:*.gif=01;35:*.bmp=01;35:*.pbm=01;35:*.pgm=01;35:*.ppm=01;35:*.tga=01;35:*.xbm=01;35:*.xpm=01;35:*.tif=01;35:*.tiff=01;35:*.png=01;35:*.svg=01;35:*.svgz=01;35:*.mng=01;35:*.pcx=01;35:*.mov=01;35:*.mpg=01;35:*.mpeg=01;35:*.m2v=01;35:*.mkv=01;35:*.webm=01;35:*.ogm=01;35:*.mp4=01;35:*.m4v=01;35:*.mp4v=01;35:*.vob=01;35:*.qt=01;35:*.nuv=01;35:*.wmv=01;35:*.asf=01;35:*.rm=01;35:*.rmvb=01;35:*.flc=01;35:*.avi=01;35:*.fli=01;35:*.flv=01;35:*.gl=01;35:*.dl=01;35:*.xcf=01;35:*.xwd=01;35:*.yuv=01;35:*.cgm=01;35:*.emf=01;35:*.ogv=01;35:*.ogx=01;35:*.aac=00;36:*.au=00;36:*.flac=00;36:*.m4a=00;36:*.mid=00;36:*.midi=00;36:*.mka=00;36:*.mp3=00;36:*.mpc=00;36:*.ogg=00;36:*.ra=00;36:*.wav=00;36:*.oga=00;36:*.opus=00;36:*.spx=00;36:*.xspf=00;36:', 'VSCODE_GIT_IPC_HANDLE': '/run/user/1000/vscode-git-ea9b44a2ba.sock', 'TERM_PROGRAM': 'vscode', 'SSH_AUTH_SOCK': '/run/user/1000/keyring/ssh', 'AMENT_PREFIX_PATH': '/home/etdisc/Bureau/codef1tenth/install/f1_localization:/home/etdisc/depots/f1tenth/sim_ws/install/timer:/home/etdisc/depots/f1tenth/sim_ws/install/strategy:/home/etdisc/depots/f1tenth/sim_ws/install/localisation:/home/etdisc/depots/f1tenth/sim_ws/install/f1tenth_gym_ros:/home/etdisc/depots/f1tenth/sim_ws/install/custom_msgs:/home/etdisc/depots/f1tenth/sim_ws/install/Waypoints:/home/etdisc/depots/f1tenth/sim_ws/install/Simple_algo:/home/etdisc/depots/f1tenth/sim_ws/install/Planif:/home/etdisc/depots/f1tenth/sim_ws/install/Mapping:/home/etdisc/depots/f1tenth/sim_ws/install/AEB:/home/etdisc/Desktop/sim_ws/install/timer:/home/etdisc/Desktop/sim_ws/install/strategy:/home/etdisc/Desktop/sim_ws/install/localisation:/home/etdisc/Desktop/sim_ws/install/f1tenth_gym_ros:/home/etdisc/Desktop/sim_ws/install/custom_msgs:/home/etdisc/Desktop/sim_ws/install/Waypoints:/home/etdisc/Desktop/sim_ws/install/Simple_algo:/home/etdisc/Desktop/sim_ws/install/Planif:/home/etdisc/Desktop/sim_ws/install/Mapping:/home/etdisc/Desktop/sim_ws/install/AEB:/opt/ros/galactic', 'ORIGINAL_XDG_CURRENT_DESKTOP': 'ubuntu:GNOME', 'SHELL': '/bin/bash', 'QT_ACCESSIBILITY': '1', 'GDMSESSION': 'ubuntu', 'LESSCLOSE': '/usr/bin/lesspipe %s %s', 'GPG_AGENT_INFO': '/run/user/1000/gnupg/S.gpg-agent:0:1', 'GJS_DEBUG_OUTPUT': 'stderr', 'VSCODE_GIT_ASKPASS_EXTRA_ARGS': '', 'QT_IM_MODULE': 'ibus', 'PWD': '/home/etdisc/Bureau/codef1tenth/build/f1tenth_gym_ros', 'LC_ALL': 'fr_FR.UTF-8', 'XDG_CONFIG_DIRS': '/etc/xdg/xdg-ubuntu:/etc/xdg', 'XDG_DATA_DIRS': '/usr/share/ubuntu:/usr/local/share/:/usr/share/:/var/lib/snapd/desktop', 'PYTHONPATH': '/home/etdisc/Bureau/codef1tenth/build/f1tenth_gym_ros/prefix_override:/usr/lib/python3/dist-packages/colcon_core/task/python/colcon_distutils_commands:/home/etdisc/Bureau/codef1tenth/install/f1tenth_gym_ros/lib/python3.8/site-packages:/home/etdisc/depots/f1tenth/sim_ws/install/timer/lib/python3.8/site-packages:/home/etdisc/depots/f1tenth/sim_ws/install/strategy/lib/python3.8/site-packages:/home/etdisc/depots/f1tenth/sim_ws/install/localisation/lib/python3.8/site-packages:/home/etdisc/depots/f1tenth/sim_ws/install/f1tenth_gym_ros/lib/python3.8/site-packages:/home/etdisc/depots/f1tenth/sim_ws/install/custom_msgs/lib/python3.8/site-packages:/home/etdisc/depots/f1tenth/sim_ws/install/Waypoints/lib/python3.8/site-packages:/home/etdisc/depots/f1tenth/sim_ws/install/Simple_algo/lib/python3.8/site-packages:/home/etdisc/depots/f1tenth/sim_ws/install/Planif/lib/python3.8/site-packages:/home/etdisc/depots/f1tenth/sim_ws/install/Mapping/lib/python3.8/site-packages:/home/etdisc/depots/f1tenth/sim_ws/install/AEB/lib/python3.8/site-packages:/home/etdisc/depots/f1tenth/sim_ws/build/timer:/home/etdisc/Desktop/sim_ws/install/timer/lib/python3.8/site-packages:/home/etdisc/depots/f1tenth/sim_ws/build/strategy:/home/etdisc/Desktop/sim_ws/install/strategy/lib/python3.8/site-packages:/home/etdisc/depots/f1tenth/sim_ws/build/localisation:/home/etdisc/Desktop/sim_ws/install/localisation/lib/python3.8/site-packages:/home/etdisc/depots/f1tenth/sim_ws/build/f1tenth_gym_ros:/home/etdisc/Desktop/sim_ws/install/f1tenth_gym_ros/lib/python3.8/site-packages:/home/etdisc/Desktop/sim_ws/install/custom_msgs/lib/python3.8/site-packages:/home/etdisc/depots/f1tenth/sim_ws/build/Waypoints:/home/etdisc/Desktop/sim_ws/install/Waypoints/lib/python3.8/site-packages:/home/etdisc/depots/f1tenth/sim_ws/build/Simple_algo:/home/etdisc/Desktop/sim_ws/install/Simple_algo/lib/python3.8/site-packages:/home/etdisc/depots/f1tenth/sim_ws/build/Planif:/home/etdisc/Desktop/sim_ws/install/Planif/lib/python3.8/site-packages:/home/etdisc/depots/f1tenth/sim_ws/build/Mapping:/home/etdisc/Desktop/sim_ws/install/Mapping/lib/python3.8/site-packages:/home/etdisc/depots/f1tenth/sim_ws/build/AEB:/home/etdisc/Desktop/sim_ws/install/AEB/lib/python3.8/site-packages:/opt/ros/galactic/lib/python3.8/site-packages', 'HTTP_PROXY': 'http://proxy:3128', 'COLCON': '1', 'CMAKE_PREFIX_PATH': '/home/etdisc/Bureau/codef1tenth/install/f1_localization:/home/etdisc/depots/f1tenth/sim_ws/install/custom_msgs:/home/etdisc/Desktop/sim_ws/install/custom_msgs'}, 'shell': False}
[11.454844] (-) TimerEvent: {}
[11.515167] (Waypoints) Command: {'cmd': ['/usr/bin/python3', '-W', 'ignore:setup.py install is deprecated', '-W', 'ignore:easy_install command is deprecated', 'setup.py', 'egg_info', '--egg-base', '../../build/Waypoints', 'build', '--build-base', '/home/etdisc/Bureau/codef1tenth/build/Waypoints/build', 'install', '--record', '/home/etdisc/Bureau/codef1tenth/build/Waypoints/install.log', '--single-version-externally-managed', 'install_data'], 'cwd': '/home/etdisc/Bureau/codef1tenth/src/Waypoints', 'env': {'GJS_DEBUG_TOPICS': 'JS ERROR;JS LOG', 'LESSOPEN': '| /usr/bin/lesspipe %s', 'HTTPS_PROXY': 'http://proxy:3128', 'USER': 'etdisc', 'SSH_AGENT_PID': '1717', 'XDG_SESSION_TYPE': 'x11', 'GIT_ASKPASS': '/usr/share/code/resources/app/extensions/git/dist/askpass.sh', 'SHLVL': '1', 'LD_LIBRARY_PATH': '/home/etdisc/depots/f1tenth/sim_ws/install/custom_msgs/lib:/home/etdisc/Desktop/sim_ws/install/custom_msgs/lib:/usr/lib/x86_64-linux-gnu/gazebo-11/plugins:/opt/ros/galactic/opt/yaml_cpp_vendor/lib:/opt/ros/galactic/opt/rviz_ogre_vendor/lib:/opt/ros/galactic/lib/x86_64-linux-gnu:/opt/ros/galactic/lib', 'HOME': '/home/etdisc', 'CHROME_DESKTOP': 'code.desktop', 'OLDPWD': '/home/etdisc/Bureau/codef1tenth/src', 'TERM_PROGRAM_VERSION': '1.106.3', 'DESKTOP_SESSION': 'ubuntu', 'GIO_LAUNCHED_DESKTOP_FILE': '/usr/share/applications/code.desktop', 'ROS_PYTHON_VERSION': '3', 'GNOME_SHELL_SESSION_MODE': 'ubuntu', 'GTK_MODULES': 'gail:atk-bridge', 'VSCODE_GIT_ASKPASS_MAIN': '/usr/share/code/resources/app/extensions/git/dist/askpass-main.js', 'VSCODE_GIT_ASKPASS_NODE': '/usr/share/code/code', 'MANAGERPID': '1619', 'VSCODE_PYTHON_AUTOACTIVATE_GUARD': '1', 'DBUS_SESSION_BUS_ADDRESS': 'unix:path=/run/user/1000/bus', 'COLORTERM': 'truecolor', 'GIO_LAUNCHED_DESKTOP_FILE_PID': '7910', 'IM_CONFIG_PHASE': '1', 'https_proxy': 'http://proxy:3128', 'COLCON_PREFIX_PATH': '/home/etdisc/Bureau/codef1tenth/install:/home/etdisc/depots/f1tenth/sim_ws/install:/home/etdisc/Desktop/sim_ws/install', 'ROS_DISTRO': 'galactic', 'LOGNAME': 'etdisc', 'http_proxy': 'http://proxy:3128', 'JOURNAL_STREAM': '8:67595', '_': '/usr/bin/colcon', 'ROS_VERSION': '2', 'XDG_SESSION_CLASS': 'user', 'USERNAME': 'etdisc', 'TERM': 'xterm-256color', 'GNOME_DESKTOP_SESSION_ID': 'this-is-deprecated', 'ROS_LOCALHOST_ONLY': '1', 'WINDOWPATH': '2', 'PATH': '/snap/bin:/home/etdisc/.local/bin:/opt/ros/galactic/bin:/snap/bin:/home/etdisc/.local/bin:/usr/local/sbin:/usr/local/bin:/usr/sbin:/usr/bin:/sbin:/bin:/usr/games:/usr/local/games:/snap/bin', 'SESSION_MANAGER': 'local/etdisc-virtual-machine:@/tmp/.ICE-unix/1752,unix/etdisc-virtual-machine:/tmp/.ICE-unix/1752', 'INVOCATION_ID': '1693c3018a5242c5a146aa8c23bcb88d', 'XDG_MENU_PREFIX': 'gnome-', 'XDG_RUNTIME_DIR': '/run/user/1000', 'GDK_BACKEND': 'x11', 'DISPLAY': ':0', 'LANG': 'fr_FR.UTF-8', 'XDG_CURRENT_DESKTOP': 'Unity', 'XMODIFIERS': '@im=ibus', 'XDG_SESSION_DESKTOP': 'ubuntu', 'XAUTHORITY': '/run/user/1000/gdm/Xauthority', 'LS_COLORS': 'rs=0:di=01;34:ln=01;36:mh=00:pi=40;33:so=01;35:do=01;35:bd=40;33;01:cd=40;33;01:or=40;31;01:mi=00:su=37;41:sg=30;43:ca=30;41:tw=30;42:ow=34;42:st=37;44:ex=01;32:*.tar=01;31:*.tgz=01;31:*.arc=01;31:*.arj=01;31:*.taz=01;31:*.lha=01;31:*.lz4=01;31:*.lzh=01;31:*.lzma=01;31:*.tlz=01;31:*.txz=01;31:*.tzo=01;31:*.t7z=01;31:*.zip=01;31:*.z=01;31:*.dz=01;31:*.gz=01;31:*.lrz=01;31:*.lz=01;31:*.lzo=01;31:*.xz=01;31:*.zst=01;31:*.tzst=01;31:*.bz2=01;31:*.bz=01;31:*.tbz=01;31:*.tbz2=01;31:*.tz=01;31:*.deb=01;31:*.rpm=01;31:*.jar=01;31:*.war=01;31:*.ear=01;31:*.sar=01;31:*.rar=01;31:*.alz=01;31:*.ace=01;31:*.zoo=01;31:*.cpio=01;31:*.7z=01;31:*.rz=01;31:*.cab=01;31:*.wim=01;31:*.swm=01;31:*.dwm=01;31:*.esd=01;31:*.jpg=01;35:*.jpeg=01;35:*.mjpg=01;35:*.mjpeg=01;35:*.gif=01;35:*.bmp=01;35:*.pbm=01;35:*.pgm=01;35:*.ppm=01;35:*.tga=01;35:*.xbm=01;35:*.xpm=01;35:*.tif=01;35:*.tiff=01;35:*.png=01;35:*.svg=01;35:*.svgz=01;35:*.mng=01;35:*.pcx=01;35:*.mov=01;35:*.mpg=01;35:*.mpeg=01;35:*.m2v=01;35:*.mkv=01;35:*.webm=01;35:*.ogm=01;35:*.mp4=01;35:*.m4v=01;35:*.mp4v=01;35:*.vob=01;35:*.qt=01;35:*.nuv=01;35:*.wmv=01;35:*.asf=01;35:*.rm=01;35:*.rmvb=01;35:*.flc=01;35:*.avi=01;35:*.fli=01;35:*.flv=01;35:*.gl=01;35:*.dl=01;35:*.xcf=01;35:*.xwd=01;35:*.yuv=01;35:*.cgm=01;35:*.emf=01;35:*.ogv=01;35:*.ogx=01;35:*.aac=00;36:*.au=00;36:*.flac=00;36:*.m4a=00;36:*.mid=00;36:*.midi=00;36:*.mka=00;36:*.mp3=00;36:*.mpc=00;36:*.ogg=00;36:*.ra=00;36:*.wav=00;36:*.oga=00;36:*.opus=00;36:*.spx=00;36:*.xspf=00;36:', 'VSCODE_GIT_IPC_HANDLE': '/run/user/1000/vscode-git-ea9b44a2ba.sock', 'TERM_PROGRAM': 'vscode', 'SSH_AUTH_SOCK': '/run/user/1000/keyring/ssh', 'AMENT_PREFIX_PATH': '/home/etdisc/Bureau/codef1tenth/install/f1_localization:/home/etdisc/depots/f1tenth/sim_ws/install/timer:/home/etdisc/depots/f1tenth/sim_ws/install/strategy:/home/etdisc/depots/f1tenth/sim_ws/install/localisation:/home/etdisc/depots/f1tenth/sim_ws/install/f1tenth_gym_ros:/home/etdisc/depots/f1tenth/sim_ws/install/custom_msgs:/home/etdisc/depots/f1tenth/sim_ws/install/Waypoints:/home/etdisc/depots/f1tenth/sim_ws/install/Simple_algo:/home/etdisc/depots/f1tenth/sim_ws/install/Planif:/home/etdisc/depots/f1tenth/sim_ws/install/Mapping:/home/etdisc/depots/f1tenth/sim_ws/install/AEB:/home/etdisc/Desktop/sim_ws/install/timer:/home/etdisc/Desktop/sim_ws/install/strategy:/home/etdisc/Desktop/sim_ws/install/localisation:/home/etdisc/Desktop/sim_ws/install/f1tenth_gym_ros:/home/etdisc/Desktop/sim_ws/install/custom_msgs:/home/etdisc/Desktop/sim_ws/install/Waypoints:/home/etdisc/Desktop/sim_ws/install/Simple_algo:/home/etdisc/Desktop/sim_ws/install/Planif:/home/etdisc/Desktop/sim_ws/install/Mapping:/home/etdisc/Desktop/sim_ws/install/AEB:/opt/ros/galactic', 'ORIGINAL_XDG_CURRENT_DESKTOP': 'ubuntu:GNOME', 'SHELL': '/bin/bash', 'QT_ACCESSIBILITY': '1', 'GDMSESSION': 'ubuntu', 'LESSCLOSE': '/usr/bin/lesspipe %s %s', 'GPG_AGENT_INFO': '/run/user/1000/gnupg/S.gpg-agent:0:1', 'GJS_DEBUG_OUTPUT': 'stderr', 'VSCODE_GIT_ASKPASS_EXTRA_ARGS': '', 'QT_IM_MODULE': 'ibus', 'PWD': '/home/etdisc/Bureau/codef1tenth/build/Waypoints', 'LC_ALL': 'fr_FR.UTF-8', 'XDG_CONFIG_DIRS': '/etc/xdg/xdg-ubuntu:/etc/xdg', 'XDG_DATA_DIRS': '/usr/share/ubuntu:/usr/local/share/:/usr/share/:/var/lib/snapd/desktop', 'PYTHONPATH': '/home/etdisc/Bureau/codef1tenth/build/Waypoints/prefix_override:/usr/lib/python3/dist-packages/colcon_core/task/python/colcon_distutils_commands:/home/etdisc/Bureau/codef1tenth/install/Waypoints/lib/python3.8/site-packages:/home/etdisc/depots/f1tenth/sim_ws/install/timer/lib/python3.8/site-packages:/home/etdisc/depots/f1tenth/sim_ws/install/strategy/lib/python3.8/site-packages:/home/etdisc/depots/f1tenth/sim_ws/install/localisation/lib/python3.8/site-packages:/home/etdisc/depots/f1tenth/sim_ws/install/f1tenth_gym_ros/lib/python3.8/site-packages:/home/etdisc/depots/f1tenth/sim_ws/install/custom_msgs/lib/python3.8/site-packages:/home/etdisc/depots/f1tenth/sim_ws/install/Waypoints/lib/python3.8/site-packages:/home/etdisc/depots/f1tenth/sim_ws/install/Simple_algo/lib/python3.8/site-packages:/home/etdisc/depots/f1tenth/sim_ws/install/Planif/lib/python3.8/site-packages:/home/etdisc/depots/f1tenth/sim_ws/install/Mapping/lib/python3.8/site-packages:/home/etdisc/depots/f1tenth/sim_ws/install/AEB/lib/python3.8/site-packages:/home/etdisc/depots/f1tenth/sim_ws/build/timer:/home/etdisc/Desktop/sim_ws/install/timer/lib/python3.8/site-packages:/home/etdisc/depots/f1tenth/sim_ws/build/strategy:/home/etdisc/Desktop/sim_ws/install/strategy/lib/python3.8/site-packages:/home/etdisc/depots/f1tenth/sim_ws/build/localisation:/home/etdisc/Desktop/sim_ws/install/localisation/lib/python3.8/site-packages:/home/etdisc/depots/f1tenth/sim_ws/build/f1tenth_gym_ros:/home/etdisc/Desktop/sim_ws/install/f1tenth_gym_ros/lib/python3.8/site-packages:/home/etdisc/Desktop/sim_ws/install/custom_msgs/lib/python3.8/site-packages:/home/etdisc/depots/f1tenth/sim_ws/build/Waypoints:/home/etdisc/Desktop/sim_ws/install/Waypoints/lib/python3.8/site-packages:/home/etdisc/depots/f1tenth/sim_ws/build/Simple_algo:/home/etdisc/Desktop/sim_ws/install/Simple_algo/lib/python3.8/site-packages:/home/etdisc/depots/f1tenth/sim_ws/build/Planif:/home/etdisc/Desktop/sim_ws/install/Planif/lib/python3.8/site-packages:/home/etdisc/depots/f1tenth/sim_ws/build/Mapping:/home/etdisc/Desktop/sim_ws/install/Mapping/lib/python3.8/site-packages:/home/etdisc/depots/f1tenth/sim_ws/build/AEB:/home/etdisc/Desktop/sim_ws/install/AEB/lib/python3.8/site-packages:/opt/ros/galactic/lib/python3.8/site-packages', 'HTTP_PROXY': 'http://proxy:3128', 'COLCON': '1', 'CMAKE_PREFIX_PATH': '/home/etdisc/Bureau/codef1tenth/install/f1_localization:/home/etdisc/depots/f1tenth/sim_ws/install/custom_msgs:/home/etdisc/Desktop/sim_ws/install/custom_msgs'}, 'shell': False}
[11.567931] (-) TimerEvent: {}
[11.569366] (AEB) Command: {'cmd': ['/usr/bin/python3', '-W', 'ignore:setup.py install is deprecated', '-W', 'ignore:easy_install command is deprecated', 'setup.py', 'egg_info', '--egg-base', '../../build/AEB', 'build', '--build-base', '/home/etdisc/Bureau/codef1tenth/build/AEB/build', 'install', '--record', '/home/etdisc/Bureau/codef1tenth/build/AEB/install.log', '--single-version-externally-managed', 'install_data'], 'cwd': '/home/etdisc/Bureau/codef1tenth/src/AEB', 'env': {'GJS_DEBUG_TOPICS': 'JS ERROR;JS LOG', 'LESSOPEN': '| /usr/bin/lesspipe %s', 'HTTPS_PROXY': 'http://proxy:3128', 'USER': 'etdisc', 'SSH_AGENT_PID': '1717', 'XDG_SESSION_TYPE': 'x11', 'GIT_ASKPASS': '/usr/share/code/resources/app/extensions/git/dist/askpass.sh', 'SHLVL': '1', 'LD_LIBRARY_PATH': '/home/etdisc/depots/f1tenth/sim_ws/install/custom_msgs/lib:/home/etdisc/Desktop/sim_ws/install/custom_msgs/lib:/usr/lib/x86_64-linux-gnu/gazebo-11/plugins:/opt/ros/galactic/opt/yaml_cpp_vendor/lib:/opt/ros/galactic/opt/rviz_ogre_vendor/lib:/opt/ros/galactic/lib/x86_64-linux-gnu:/opt/ros/galactic/lib', 'HOME': '/home/etdisc', 'CHROME_DESKTOP': 'code.desktop', 'OLDPWD': '/home/etdisc/Bureau/codef1tenth/src', 'TERM_PROGRAM_VERSION': '1.106.3', 'DESKTOP_SESSION': 'ubuntu', 'GIO_LAUNCHED_DESKTOP_FILE': '/usr/share/applications/code.desktop', 'ROS_PYTHON_VERSION': '3', 'GNOME_SHELL_SESSION_MODE': 'ubuntu', 'GTK_MODULES': 'gail:atk-bridge', 'VSCODE_GIT_ASKPASS_MAIN': '/usr/share/code/resources/app/extensions/git/dist/askpass-main.js', 'VSCODE_GIT_ASKPASS_NODE': '/usr/share/code/code', 'MANAGERPID': '1619', 'VSCODE_PYTHON_AUTOACTIVATE_GUARD': '1', 'DBUS_SESSION_BUS_ADDRESS': 'unix:path=/run/user/1000/bus', 'COLORTERM': 'truecolor', 'GIO_LAUNCHED_DESKTOP_FILE_PID': '7910', 'IM_CONFIG_PHASE': '1', 'https_proxy': 'http://proxy:3128', 'COLCON_PREFIX_PATH': '/home/etdisc/Bureau/codef1tenth/install:/home/etdisc/depots/f1tenth/sim_ws/install:/home/etdisc/Desktop/sim_ws/install', 'ROS_DISTRO': 'galactic', 'LOGNAME': 'etdisc', 'http_proxy': 'http://proxy:3128', 'JOURNAL_STREAM': '8:67595', '_': '/usr/bin/colcon', 'ROS_VERSION': '2', 'XDG_SESSION_CLASS': 'user', 'USERNAME': 'etdisc', 'TERM': 'xterm-256color', 'GNOME_DESKTOP_SESSION_ID': 'this-is-deprecated', 'ROS_LOCALHOST_ONLY': '1', 'WINDOWPATH': '2', 'PATH': '/snap/bin:/home/etdisc/.local/bin:/opt/ros/galactic/bin:/snap/bin:/home/etdisc/.local/bin:/usr/local/sbin:/usr/local/bin:/usr/sbin:/usr/bin:/sbin:/bin:/usr/games:/usr/local/games:/snap/bin', 'SESSION_MANAGER': 'local/etdisc-virtual-machine:@/tmp/.ICE-unix/1752,unix/etdisc-virtual-machine:/tmp/.ICE-unix/1752', 'INVOCATION_ID': '1693c3018a5242c5a146aa8c23bcb88d', 'XDG_MENU_PREFIX': 'gnome-', 'XDG_RUNTIME_DIR': '/run/user/1000', 'GDK_BACKEND': 'x11', 'DISPLAY': ':0', 'LANG': 'fr_FR.UTF-8', 'XDG_CURRENT_DESKTOP': 'Unity', 'XMODIFIERS': '@im=ibus', 'XDG_SESSION_DESKTOP': 'ubuntu', 'XAUTHORITY': '/run/user/1000/gdm/Xauthority', 'LS_COLORS': 'rs=0:di=01;34:ln=01;36:mh=00:pi=40;33:so=01;35:do=01;35:bd=40;33;01:cd=40;33;01:or=40;31;01:mi=00:su=37;41:sg=30;43:ca=30;41:tw=30;42:ow=34;42:st=37;44:ex=01;32:*.tar=01;31:*.tgz=01;31:*.arc=01;31:*.arj=01;31:*.taz=01;31:*.lha=01;31:*.lz4=01;31:*.lzh=01;31:*.lzma=01;31:*.tlz=01;31:*.txz=01;31:*.tzo=01;31:*.t7z=01;31:*.zip=01;31:*.z=01;31:*.dz=01;31:*.gz=01;31:*.lrz=01;31:*.lz=01;31:*.lzo=01;31:*.xz=01;31:*.zst=01;31:*.tzst=01;31:*.bz2=01;31:*.bz=01;31:*.tbz=01;31:*.tbz2=01;31:*.tz=01;31:*.deb=01;31:*.rpm=01;31:*.jar=01;31:*.war=01;31:*.ear=01;31:*.sar=01;31:*.rar=01;31:*.alz=01;31:*.ace=01;31:*.zoo=01;31:*.cpio=01;31:*.7z=01;31:*.rz=01;31:*.cab=01;31:*.wim=01;31:*.swm=01;31:*.dwm=01;31:*.esd=01;31:*.jpg=01;35:*.jpeg=01;35:*.mjpg=01;35:*.mjpeg=01;35:*.gif=01;35:*.bmp=01;35:*.pbm=01;35:*.pgm=01;35:*.ppm=01;35:*.tga=01;35:*.xbm=01;35:*.xpm=01;35:*.tif=01;35:*.tiff=01;35:*.png=01;35:*.svg=01;35:*.svgz=01;35:*.mng=01;35:*.pcx=01;35:*.mov=01;35:*.mpg=01;35:*.mpeg=01;35:*.m2v=01;35:*.mkv=01;35:*.webm=01;35:*.ogm=01;35:*.mp4=01;35:*.m4v=01;35:*.mp4v=01;35:*.vob=01;35:*.qt=01;35:*.nuv=01;35:*.wmv=01;35:*.asf=01;35:*.rm=01;35:*.rmvb=01;35:*.flc=01;35:*.avi=01;35:*.fli=01;35:*.flv=01;35:*.gl=01;35:*.dl=01;35:*.xcf=01;35:*.xwd=01;35:*.yuv=01;35:*.cgm=01;35:*.emf=01;35:*.ogv=01;35:*.ogx=01;35:*.aac=00;36:*.au=00;36:*.flac=00;36:*.m4a=00;36:*.mid=00;36:*.midi=00;36:*.mka=00;36:*.mp3=00;36:*.mpc=00;36:*.ogg=00;36:*.ra=00;36:*.wav=00;36:*.oga=00;36:*.opus=00;36:*.spx=00;36:*.xspf=00;36:', 'VSCODE_GIT_IPC_HANDLE': '/run/user/1000/vscode-git-ea9b44a2ba.sock', 'TERM_PROGRAM': 'vscode', 'SSH_AUTH_SOCK': '/run/user/1000/keyring/ssh', 'AMENT_PREFIX_PATH': '/home/etdisc/Bureau/codef1tenth/install/f1_localization:/home/etdisc/depots/f1tenth/sim_ws/install/timer:/home/etdisc/depots/f1tenth/sim_ws/install/strategy:/home/etdisc/depots/f1tenth/sim_ws/install/localisation:/home/etdisc/depots/f1tenth/sim_ws/install/f1tenth_gym_ros:/home/etdisc/depots/f1tenth/sim_ws/install/custom_msgs:/home/etdisc/depots/f1tenth/sim_ws/install/Waypoints:/home/etdisc/depots/f1tenth/sim_ws/install/Simple_algo:/home/etdisc/depots/f1tenth/sim_ws/install/Planif:/home/etdisc/depots/f1tenth/sim_ws/install/Mapping:/home/etdisc/depots/f1tenth/sim_ws/install/AEB:/home/etdisc/Desktop/sim_ws/install/timer:/home/etdisc/Desktop/sim_ws/install/strategy:/home/etdisc/Desktop/sim_ws/install/localisation:/home/etdisc/Desktop/sim_ws/install/f1tenth_gym_ros:/home/etdisc/Desktop/sim_ws/install/custom_msgs:/home/etdisc/Desktop/sim_ws/install/Waypoints:/home/etdisc/Desktop/sim_ws/install/Simple_algo:/home/etdisc/Desktop/sim_ws/install/Planif:/home/etdisc/Desktop/sim_ws/install/Mapping:/home/etdisc/Desktop/sim_ws/install/AEB:/opt/ros/galactic', 'ORIGINAL_XDG_CURRENT_DESKTOP': 'ubuntu:GNOME', 'SHELL': '/bin/bash', 'QT_ACCESSIBILITY': '1', 'GDMSESSION': 'ubuntu', 'LESSCLOSE': '/usr/bin/lesspipe %s %s', 'GPG_AGENT_INFO': '/run/user/1000/gnupg/S.gpg-agent:0:1', 'GJS_DEBUG_OUTPUT': 'stderr', 'VSCODE_GIT_ASKPASS_EXTRA_ARGS': '', 'QT_IM_MODULE': 'ibus', 'PWD': '/home/etdisc/Bureau/codef1tenth/build/AEB', 'LC_ALL': 'fr_FR.UTF-8', 'XDG_CONFIG_DIRS': '/etc/xdg/xdg-ubuntu:/etc/xdg', 'XDG_DATA_DIRS': '/usr/share/ubuntu:/usr/local/share/:/usr/share/:/var/lib/snapd/desktop', 'PYTHONPATH': '/home/etdisc/Bureau/codef1tenth/build/AEB/prefix_override:/usr/lib/python3/dist-packages/colcon_core/task/python/colcon_distutils_commands:/home/etdisc/Bureau/codef1tenth/install/AEB/lib/python3.8/site-packages:/home/etdisc/depots/f1tenth/sim_ws/install/timer/lib/python3.8/site-packages:/home/etdisc/depots/f1tenth/sim_ws/install/strategy/lib/python3.8/site-packages:/home/etdisc/depots/f1tenth/sim_ws/install/localisation/lib/python3.8/site-packages:/home/etdisc/depots/f1tenth/sim_ws/install/f1tenth_gym_ros/lib/python3.8/site-packages:/home/etdisc/depots/f1tenth/sim_ws/install/custom_msgs/lib/python3.8/site-packages:/home/etdisc/depots/f1tenth/sim_ws/install/Waypoints/lib/python3.8/site-packages:/home/etdisc/depots/f1tenth/sim_ws/install/Simple_algo/lib/python3.8/site-packages:/home/etdisc/depots/f1tenth/sim_ws/install/Planif/lib/python3.8/site-packages:/home/etdisc/depots/f1tenth/sim_ws/install/Mapping/lib/python3.8/site-packages:/home/etdisc/depots/f1tenth/sim_ws/install/AEB/lib/python3.8/site-packages:/home/etdisc/depots/f1tenth/sim_ws/build/timer:/home/etdisc/Desktop/sim_ws/install/timer/lib/python3.8/site-packages:/home/etdisc/depots/f1tenth/sim_ws/build/strategy:/home/etdisc/Desktop/sim_ws/install/strategy/lib/python3.8/site-packages:/home/etdisc/depots/f1tenth/sim_ws/build/localisation:/home/etdisc/Desktop/sim_ws/install/localisation/lib/python3.8/site-packages:/home/etdisc/depots/f1tenth/sim_ws/build/f1tenth_gym_ros:/home/etdisc/Desktop/sim_ws/install/f1tenth_gym_ros/lib/python3.8/site-packages:/home/etdisc/Desktop/sim_ws/install/custom_msgs/lib/python3.8/site-packages:/home/etdisc/depots/f1tenth/sim_ws/build/Waypoints:/home/etdisc/Desktop/sim_ws/install/Waypoints/lib/python3.8/site-packages:/home/etdisc/depots/f1tenth/sim_ws/build/Simple_algo:/home/etdisc/Desktop/sim_ws/install/Simple_algo/lib/python3.8/site-packages:/home/etdisc/depots/f1tenth/sim_ws/build/Planif:/home/etdisc/Desktop/sim_ws/install/Planif/lib/python3.8/site-packages:/home/etdisc/depots/f1tenth/sim_ws/build/Mapping:/home/etdisc/Desktop/sim_ws/install/Mapping/lib/python3.8/site-packages:/home/etdisc/depots/f1tenth/sim_ws/build/AEB:/home/etdisc/Desktop/sim_ws/install/AEB/lib/python3.8/site-packages:/opt/ros/galactic/lib/python3.8/site-packages', 'HTTP_PROXY': 'http://proxy:3128', 'COLCON': '1', 'CMAKE_PREFIX_PATH': '/home/etdisc/Bureau/codef1tenth/install/f1_localization:/home/etdisc/depots/f1tenth/sim_ws/install/custom_msgs:/home/etdisc/Desktop/sim_ws/install/custom_msgs'}, 'shell': False}
[11.668029] (-) TimerEvent: {}
[11.768647] (-) TimerEvent: {}
[11.870462] (-) TimerEvent: {}
[11.971305] (-) TimerEvent: {}
[12.071883] (-) TimerEvent: {}
[12.176831] (-) TimerEvent: {}
[12.205921] (Mapping) StdoutLine: {'line': b'running egg_info\n'}
[12.208663] (Mapping) StdoutLine: {'line': b'creating ../../build/Mapping/Mapping.egg-info\n'}
[12.209080] (Mapping) StdoutLine: {'line': b'writing ../../build/Mapping/Mapping.egg-info/PKG-INFO\n'}
[12.211194] (Mapping) StdoutLine: {'line': b'writing dependency_links to ../../build/Mapping/Mapping.egg-info/dependency_links.txt\n'}
[12.214780] (Mapping) StdoutLine: {'line': b'writing entry points to ../../build/Mapping/Mapping.egg-info/entry_points.txt\n'}
[12.215199] (Mapping) StdoutLine: {'line': b'writing requirements to ../../build/Mapping/Mapping.egg-info/requires.txt\n'}
[12.215486] (Mapping) StdoutLine: {'line': b'writing top-level names to ../../build/Mapping/Mapping.egg-info/top_level.txt\n'}
[12.232697] (Simple_algo) StdoutLine: {'line': b'running egg_info\n'}
[12.234510] (Simple_algo) StdoutLine: {'line': b'creating ../../build/Simple_algo/Simple_algo.egg-info\n'}
[12.235996] (Simple_algo) StdoutLine: {'line': b'writing ../../build/Simple_algo/Simple_algo.egg-info/PKG-INFO\n'}
[12.239349] (Simple_algo) StdoutLine: {'line': b'writing dependency_links to ../../build/Simple_algo/Simple_algo.egg-info/dependency_links.txt\n'}
[12.241544] (Simple_algo) StdoutLine: {'line': b'writing entry points to ../../build/Simple_algo/Simple_algo.egg-info/entry_points.txt\n'}
[12.246011] (Simple_algo) StdoutLine: {'line': b'writing requirements to ../../build/Simple_algo/Simple_algo.egg-info/requires.txt\n'}
[12.246718] (Simple_algo) StdoutLine: {'line': b'writing top-level names to ../../build/Simple_algo/Simple_algo.egg-info/top_level.txt\n'}
[12.252157] (Mapping) StdoutLine: {'line': b"writing manifest file '../../build/Mapping/Mapping.egg-info/SOURCES.txt'\n"}
[12.252647] (Simple_algo) StdoutLine: {'line': b"writing manifest file '../../build/Simple_algo/Simple_algo.egg-info/SOURCES.txt'\n"}
[12.276967] (-) TimerEvent: {}
[12.360487] (Simple_algo) StdoutLine: {'line': b"reading manifest file '../../build/Simple_algo/Simple_algo.egg-info/SOURCES.txt'\n"}
[12.364799] (Simple_algo) StdoutLine: {'line': b"writing manifest file '../../build/Simple_algo/Simple_algo.egg-info/SOURCES.txt'\n"}
[12.365162] (Simple_algo) StdoutLine: {'line': b'running build\n'}
[12.365330] (Simple_algo) StdoutLine: {'line': b'running build_py\n'}
[12.365486] (Simple_algo) StdoutLine: {'line': b'creating /home/etdisc/Bureau/codef1tenth/build/Simple_algo/build\n'}
[12.365678] (Simple_algo) StdoutLine: {'line': b'creating /home/etdisc/Bureau/codef1tenth/build/Simple_algo/build/lib\n'}
[12.368322] (Mapping) StdoutLine: {'line': b"reading manifest file '../../build/Mapping/Mapping.egg-info/SOURCES.txt'\n"}
[12.372528] (Mapping) StdoutLine: {'line': b"writing manifest file '../../build/Mapping/Mapping.egg-info/SOURCES.txt'\n"}
[12.372828] (Mapping) StdoutLine: {'line': b'running build\n'}
[12.373005] (Mapping) StdoutLine: {'line': b'running build_py\n'}
[12.373189] (Mapping) StdoutLine: {'line': b'creating /home/etdisc/Bureau/codef1tenth/build/Mapping/build\n'}
[12.373319] (Mapping) StdoutLine: {'line': b'creating /home/etdisc/Bureau/codef1tenth/build/Mapping/build/lib\n'}
[12.379421] (Mapping) StdoutLine: {'line': b'creating /home/etdisc/Bureau/codef1tenth/build/Mapping/build/lib/Mapping\n'}
[12.379697] (-) TimerEvent: {}
[12.381991] (Mapping) StdoutLine: {'line': b'copying Mapping/Occupancy_Grid.py -> /home/etdisc/Bureau/codef1tenth/build/Mapping/build/lib/Mapping\n'}
[12.382519] (Simple_algo) StdoutLine: {'line': b'creating /home/etdisc/Bureau/codef1tenth/build/Simple_algo/build/lib/Simple_algo\n'}
[12.389122] (Mapping) StdoutLine: {'line': b'copying Mapping/pose_listener.py -> /home/etdisc/Bureau/codef1tenth/build/Mapping/build/lib/Mapping\n'}
[12.389657] (Simple_algo) StdoutLine: {'line': b'copying Simple_algo/DisparityExtender.py -> /home/etdisc/Bureau/codef1tenth/build/Simple_algo/build/lib/Simple_algo\n'}
[12.394385] (Mapping) StdoutLine: {'line': b'copying Mapping/centerline_extraction.py -> /home/etdisc/Bureau/codef1tenth/build/Mapping/build/lib/Mapping\n'}
[12.394677] (Simple_algo) StdoutLine: {'line': b'copying Simple_algo/wall_follow_penn.py -> /home/etdisc/Bureau/codef1tenth/build/Simple_algo/build/lib/Simple_algo\n'}
[12.403717] (Simple_algo) StdoutLine: {'line': b'copying Simple_algo/wall_follow.py -> /home/etdisc/Bureau/codef1tenth/build/Simple_algo/build/lib/Simple_algo\n'}
[12.404283] (Planif) StdoutLine: {'line': b'running egg_info\n'}
[12.404624] (Planif) StdoutLine: {'line': b'creating ../../build/Planif/Planif.egg-info\n'}
[12.404822] (Mapping) StdoutLine: {'line': b'copying Mapping/__init__.py -> /home/etdisc/Bureau/codef1tenth/build/Mapping/build/lib/Mapping\n'}
[12.405108] (Mapping) StdoutLine: {'line': b'copying Mapping/scan_filter.py -> /home/etdisc/Bureau/codef1tenth/build/Mapping/build/lib/Mapping\n'}
[12.405275] (Mapping) StdoutLine: {'line': b'copying Mapping/custom_slam.py -> /home/etdisc/Bureau/codef1tenth/build/Mapping/build/lib/Mapping\n'}
[12.405378] (Planif) StdoutLine: {'line': b'writing ../../build/Planif/Planif.egg-info/PKG-INFO\n'}
[12.407575] (Simple_algo) StdoutLine: {'line': b'copying Simple_algo/loadTopics.py -> /home/etdisc/Bureau/codef1tenth/build/Simple_algo/build/lib/Simple_algo\n'}
[12.407977] (Simple_algo) StdoutLine: {'line': b'copying Simple_algo/fast_disparity_extender.py -> /home/etdisc/Bureau/codef1tenth/build/Simple_algo/build/lib/Simple_algo\n'}
[12.408301] (Planif) StdoutLine: {'line': b'writing dependency_links to ../../build/Planif/Planif.egg-info/dependency_links.txt\n'}
[12.408524] (Mapping) StdoutLine: {'line': b'running install\n'}
[12.420894] (Mapping) StdoutLine: {'line': b'running install_lib\n'}
[12.421999] (Mapping) StdoutLine: {'line': b'creating /home/etdisc/Bureau/codef1tenth/install/Mapping/lib/python3.8/site-packages/Mapping\n'}
[12.422271] (Mapping) StdoutLine: {'line': b'copying /home/etdisc/Bureau/codef1tenth/build/Mapping/build/lib/Mapping/Occupancy_Grid.py -> /home/etdisc/Bureau/codef1tenth/install/Mapping/lib/python3.8/site-packages/Mapping\n'}
[12.422445] (Mapping) StdoutLine: {'line': b'copying /home/etdisc/Bureau/codef1tenth/build/Mapping/build/lib/Mapping/pose_listener.py -> /home/etdisc/Bureau/codef1tenth/install/Mapping/lib/python3.8/site-packages/Mapping\n'}
[12.422584] (Planif) StdoutLine: {'line': b'writing entry points to ../../build/Planif/Planif.egg-info/entry_points.txt\n'}
[12.422746] (Planif) StdoutLine: {'line': b'writing requirements to ../../build/Planif/Planif.egg-info/requires.txt\n'}
[12.422893] (Planif) StdoutLine: {'line': b'writing top-level names to ../../build/Planif/Planif.egg-info/top_level.txt\n'}
[12.423051] (Mapping) StdoutLine: {'line': b'copying /home/etdisc/Bureau/codef1tenth/build/Mapping/build/lib/Mapping/centerline_extraction.py -> /home/etdisc/Bureau/codef1tenth/install/Mapping/lib/python3.8/site-packages/Mapping\n'}
[12.431176] (Simple_algo) StdoutLine: {'line': b'copying Simple_algo/__init__.py -> /home/etdisc/Bureau/codef1tenth/build/Simple_algo/build/lib/Simple_algo\n'}
[12.431482] (Simple_algo) StdoutLine: {'line': b'copying Simple_algo/follow_gap_penn.py -> /home/etdisc/Bureau/codef1tenth/build/Simple_algo/build/lib/Simple_algo\n'}
[12.431689] (Mapping) StdoutLine: {'line': b'copying /home/etdisc/Bureau/codef1tenth/build/Mapping/build/lib/Mapping/__init__.py -> /home/etdisc/Bureau/codef1tenth/install/Mapping/lib/python3.8/site-packages/Mapping\n'}
[12.431865] (Mapping) StdoutLine: {'line': b'copying /home/etdisc/Bureau/codef1tenth/build/Mapping/build/lib/Mapping/scan_filter.py -> /home/etdisc/Bureau/codef1tenth/install/Mapping/lib/python3.8/site-packages/Mapping\n'}
[12.432002] (Planif) StdoutLine: {'line': b"writing manifest file '../../build/Planif/Planif.egg-info/SOURCES.txt'\n"}
[12.432147] (Simple_algo) StdoutLine: {'line': b'running install\n'}
[12.432295] (Mapping) StdoutLine: {'line': b'copying /home/etdisc/Bureau/codef1tenth/build/Mapping/build/lib/Mapping/custom_slam.py -> /home/etdisc/Bureau/codef1tenth/install/Mapping/lib/python3.8/site-packages/Mapping\n'}
[12.432435] (Mapping) StdoutLine: {'line': b'byte-compiling /home/etdisc/Bureau/codef1tenth/install/Mapping/lib/python3.8/site-packages/Mapping/Occupancy_Grid.py to Occupancy_Grid.cpython-38.pyc\n'}
[12.433511] (Simple_algo) StdoutLine: {'line': b'running install_lib\n'}
[12.442972] (Mapping) StdoutLine: {'line': b'byte-compiling /home/etdisc/Bureau/codef1tenth/install/Mapping/lib/python3.8/site-packages/Mapping/pose_listener.py to pose_listener.cpython-38.pyc\n'}
[12.444006] (Simple_algo) StdoutLine: {'line': b'creating /home/etdisc/Bureau/codef1tenth/install/Simple_algo/lib/python3.8/site-packages/Simple_algo\n'}
[12.447208] (Mapping) StdoutLine: {'line': b'byte-compiling /home/etdisc/Bureau/codef1tenth/install/Mapping/lib/python3.8/site-packages/Mapping/centerline_extraction.py to centerline_extraction.cpython-38.pyc\n'}
[12.448294] (Simple_algo) StdoutLine: {'line': b'copying /home/etdisc/Bureau/codef1tenth/build/Simple_algo/build/lib/Simple_algo/DisparityExtender.py -> /home/etdisc/Bureau/codef1tenth/install/Simple_algo/lib/python3.8/site-packages/Simple_algo\n'}
[12.448873] (Simple_algo) StdoutLine: {'line': b'copying /home/etdisc/Bureau/codef1tenth/build/Simple_algo/build/lib/Simple_algo/wall_follow_penn.py -> /home/etdisc/Bureau/codef1tenth/install/Simple_algo/lib/python3.8/site-packages/Simple_algo\n'}
[12.452661] (Simple_algo) StdoutLine: {'line': b'copying /home/etdisc/Bureau/codef1tenth/build/Simple_algo/build/lib/Simple_algo/wall_follow.py -> /home/etdisc/Bureau/codef1tenth/install/Simple_algo/lib/python3.8/site-packages/Simple_algo\n'}
[12.457657] (Simple_algo) StdoutLine: {'line': b'copying /home/etdisc/Bureau/codef1tenth/build/Simple_algo/build/lib/Simple_algo/loadTopics.py -> /home/etdisc/Bureau/codef1tenth/install/Simple_algo/lib/python3.8/site-packages/Simple_algo\n'}
[12.463361] (Simple_algo) StdoutLine: {'line': b'copying /home/etdisc/Bureau/codef1tenth/build/Simple_algo/build/lib/Simple_algo/fast_disparity_extender.py -> /home/etdisc/Bureau/codef1tenth/install/Simple_algo/lib/python3.8/site-packages/Simple_algo\n'}
[12.463632] (Mapping) StdoutLine: {'line': b'byte-compiling /home/etdisc/Bureau/codef1tenth/install/Mapping/lib/python3.8/site-packages/Mapping/__init__.py to __init__.cpython-38.pyc\n'}
[12.463783] (Mapping) StdoutLine: {'line': b'byte-compiling /home/etdisc/Bureau/codef1tenth/install/Mapping/lib/python3.8/site-packages/Mapping/scan_filter.py to scan_filter.cpython-38.pyc\n'}
[12.464160] (Mapping) StdoutLine: {'line': b'byte-compiling /home/etdisc/Bureau/codef1tenth/install/Mapping/lib/python3.8/site-packages/Mapping/custom_slam.py to custom_slam.cpython-38.pyc\n'}
[12.464299] (Simple_algo) StdoutLine: {'line': b'copying /home/etdisc/Bureau/codef1tenth/build/Simple_algo/build/lib/Simple_algo/__init__.py -> /home/etdisc/Bureau/codef1tenth/install/Simple_algo/lib/python3.8/site-packages/Simple_algo\n'}
[12.464428] (Simple_algo) StdoutLine: {'line': b'copying /home/etdisc/Bureau/codef1tenth/build/Simple_algo/build/lib/Simple_algo/follow_gap_penn.py -> /home/etdisc/Bureau/codef1tenth/install/Simple_algo/lib/python3.8/site-packages/Simple_algo\n'}
[12.464585] (Simple_algo) StdoutLine: {'line': b'byte-compiling /home/etdisc/Bureau/codef1tenth/install/Simple_algo/lib/python3.8/site-packages/Simple_algo/DisparityExtender.py to DisparityExtender.cpython-38.pyc\n'}
[12.471305] (Mapping) StdoutLine: {'line': b'running install_data\n'}
[12.471635] (Mapping) StdoutLine: {'line': b'creating /home/etdisc/Bureau/codef1tenth/install/Mapping/share/ament_index\n'}
[12.471762] (Mapping) StdoutLine: {'line': b'creating /home/etdisc/Bureau/codef1tenth/install/Mapping/share/ament_index/resource_index\n'}
[12.471925] (Simple_algo) StdoutLine: {'line': b'byte-compiling /home/etdisc/Bureau/codef1tenth/install/Simple_algo/lib/python3.8/site-packages/Simple_algo/wall_follow_penn.py to wall_follow_penn.cpython-38.pyc\n'}
[12.477979] (Mapping) StdoutLine: {'line': b'creating /home/etdisc/Bureau/codef1tenth/install/Mapping/share/ament_index/resource_index/packages\n'}
[12.478253] (Mapping) StdoutLine: {'line': b'copying resource/Mapping -> /home/etdisc/Bureau/codef1tenth/install/Mapping/share/ament_index/resource_index/packages\n'}
[12.493932] (-) TimerEvent: {}
[12.494232] (Simple_algo) StdoutLine: {'line': b'byte-compiling /home/etdisc/Bureau/codef1tenth/install/Simple_algo/lib/python3.8/site-packages/Simple_algo/wall_follow.py to wall_follow.cpython-38.pyc\n'}
[12.494477] (Mapping) StdoutLine: {'line': b'copying package.xml -> /home/etdisc/Bureau/codef1tenth/install/Mapping/share/Mapping\n'}
[12.494678] (Simple_algo) StdoutLine: {'line': b'byte-compiling /home/etdisc/Bureau/codef1tenth/install/Simple_algo/lib/python3.8/site-packages/Simple_algo/loadTopics.py to loadTopics.cpython-38.pyc\n'}
[12.494816] (Simple_algo) StdoutLine: {'line': b'byte-compiling /home/etdisc/Bureau/codef1tenth/install/Simple_algo/lib/python3.8/site-packages/Simple_algo/fast_disparity_extender.py to fast_disparity_extender.cpython-38.pyc\n'}
[12.495022] (Mapping) StdoutLine: {'line': b'creating /home/etdisc/Bureau/codef1tenth/install/Mapping/share/Mapping/cartographer_config\n'}
[12.495462] (Mapping) StdoutLine: {'line': b'copying cartographer_config/real.lua -> /home/etdisc/Bureau/codef1tenth/install/Mapping/share/Mapping/cartographer_config\n'}
[12.495635] (Mapping) StdoutLine: {'line': b'copying cartographer_config/simulation.lua -> /home/etdisc/Bureau/codef1tenth/install/Mapping/share/Mapping/cartographer_config\n'}
[12.495763] (Simple_algo) StdoutLine: {'line': b'byte-compiling /home/etdisc/Bureau/codef1tenth/install/Simple_algo/lib/python3.8/site-packages/Simple_algo/__init__.py to __init__.cpython-38.pyc\n'}
[12.507125] (Mapping) StdoutLine: {'line': b'creating /home/etdisc/Bureau/codef1tenth/install/Mapping/share/Mapping/launch\n'}
[12.507487] (Mapping) StdoutLine: {'line': b'copying launch/slam.py -> /home/etdisc/Bureau/codef1tenth/install/Mapping/share/Mapping/launch\n'}
[12.507655] (Simple_algo) StdoutLine: {'line': b'byte-compiling /home/etdisc/Bureau/codef1tenth/install/Simple_algo/lib/python3.8/site-packages/Simple_algo/follow_gap_penn.py to follow_gap_penn.cpython-38.pyc\n'}
[12.507800] (Simple_algo) StdoutLine: {'line': b'running install_data\n'}
[12.507925] (Mapping) StdoutLine: {'line': b'creating /home/etdisc/Bureau/codef1tenth/install/Mapping/share/Mapping/config\n'}
[12.519122] (Simple_algo) StdoutLine: {'line': b'creating /home/etdisc/Bureau/codef1tenth/install/Simple_algo/share/ament_index\n'}
[12.519347] (Simple_algo) StdoutLine: {'line': b'creating /home/etdisc/Bureau/codef1tenth/install/Simple_algo/share/ament_index/resource_index\n'}
[12.519512] (Mapping) StdoutLine: {'line': b'copying config/simulation.yaml -> /home/etdisc/Bureau/codef1tenth/install/Mapping/share/Mapping/config\n'}
[12.519709] (Simple_algo) StdoutLine: {'line': b'creating /home/etdisc/Bureau/codef1tenth/install/Simple_algo/share/ament_index/resource_index/packages\n'}
[12.519854] (Simple_algo) StdoutLine: {'line': b'copying resource/Simple_algo -> /home/etdisc/Bureau/codef1tenth/install/Simple_algo/share/ament_index/resource_index/packages\n'}
[12.527061] (Mapping) StdoutLine: {'line': b'copying config/real.yaml -> /home/etdisc/Bureau/codef1tenth/install/Mapping/share/Mapping/config\n'}
[12.527286] (Simple_algo) StdoutLine: {'line': b'copying package.xml -> /home/etdisc/Bureau/codef1tenth/install/Simple_algo/share/Simple_algo\n'}
[12.533835] (Mapping) StdoutLine: {'line': b'running install_egg_info\n'}
[12.534159] (Simple_algo) StdoutLine: {'line': b'creating /home/etdisc/Bureau/codef1tenth/install/Simple_algo/share/Simple_algo/config\n'}
[12.534373] (f1tenth_gym_ros) StdoutLine: {'line': b'running egg_info\n'}
[12.534634] (Simple_algo) StdoutLine: {'line': b'copying config/simulation.yaml -> /home/etdisc/Bureau/codef1tenth/install/Simple_algo/share/Simple_algo/config\n'}
[12.534892] (f1tenth_gym_ros) StdoutLine: {'line': b'creating ../../build/f1tenth_gym_ros/f1tenth_gym_ros.egg-info\n'}
[12.535054] (Simple_algo) StdoutLine: {'line': b'copying config/real.yaml -> /home/etdisc/Bureau/codef1tenth/install/Simple_algo/share/Simple_algo/config\n'}
[12.535371] (Mapping) StdoutLine: {'line': b'Copying ../../build/Mapping/Mapping.egg-info to /home/etdisc/Bureau/codef1tenth/install/Mapping/lib/python3.8/site-packages/Mapping-0.0.0-py3.8.egg-info\n'}
[12.536487] (Simple_algo) StdoutLine: {'line': b'creating /home/etdisc/Bureau/codef1tenth/install/Simple_algo/share/Simple_algo/launch\n'}
[12.536908] (f1tenth_gym_ros) StdoutLine: {'line': b'writing ../../build/f1tenth_gym_ros/f1tenth_gym_ros.egg-info/PKG-INFO\n'}
[12.537257] (Simple_algo) StdoutLine: {'line': b'copying launch/fast_disparity_extender.launch.py -> /home/etdisc/Bureau/codef1tenth/install/Simple_algo/share/Simple_algo/launch\n'}
[12.537620] (Simple_algo) StdoutLine: {'line': b'running install_egg_info\n'}
[12.538008] (f1tenth_gym_ros) StdoutLine: {'line': b'writing dependency_links to ../../build/f1tenth_gym_ros/f1tenth_gym_ros.egg-info/dependency_links.txt\n'}
[12.538327] (Simple_algo) StdoutLine: {'line': b'Copying ../../build/Simple_algo/Simple_algo.egg-info to /home/etdisc/Bureau/codef1tenth/install/Simple_algo/lib/python3.8/site-packages/Simple_algo-1.0.0-py3.8.egg-info\n'}
[12.538465] (Planif) StdoutLine: {'line': b"reading manifest file '../../build/Planif/Planif.egg-info/SOURCES.txt'\n"}
[12.540088] (f1tenth_gym_ros) StdoutLine: {'line': b'writing entry points to ../../build/f1tenth_gym_ros/f1tenth_gym_ros.egg-info/entry_points.txt\n'}
[12.540404] (f1tenth_gym_ros) StdoutLine: {'line': b'writing requirements to ../../build/f1tenth_gym_ros/f1tenth_gym_ros.egg-info/requires.txt\n'}
[12.549795] (f1tenth_gym_ros) StdoutLine: {'line': b'writing top-level names to ../../build/f1tenth_gym_ros/f1tenth_gym_ros.egg-info/top_level.txt\n'}
[12.550238] (Mapping) StdoutLine: {'line': b'running install_scripts\n'}
[12.550441] (Planif) StdoutLine: {'line': b"writing manifest file '../../build/Planif/Planif.egg-info/SOURCES.txt'\n"}
[12.551650] (Planif) StdoutLine: {'line': b'running build\n'}
[12.551884] (Planif) StdoutLine: {'line': b'running build_py\n'}
[12.552064] (Planif) StdoutLine: {'line': b'creating /home/etdisc/Bureau/codef1tenth/build/Planif/build\n'}
[12.552221] (Planif) StdoutLine: {'line': b'creating /home/etdisc/Bureau/codef1tenth/build/Planif/build/lib\n'}
[12.552385] (Simple_algo) StdoutLine: {'line': b'running install_scripts\n'}
[12.552540] (Planif) StdoutLine: {'line': b'creating /home/etdisc/Bureau/codef1tenth/build/Planif/build/lib/Planif\n'}
[12.552680] (Planif) StdoutLine: {'line': b'copying Planif/A_etoile.py -> /home/etdisc/Bureau/codef1tenth/build/Planif/build/lib/Planif\n'}
[12.552845] (f1tenth_gym_ros) StdoutLine: {'line': b"writing manifest file '../../build/f1tenth_gym_ros/f1tenth_gym_ros.egg-info/SOURCES.txt'\n"}
[12.552997] (Planif) StdoutLine: {'line': b'copying Planif/__init__.py -> /home/etdisc/Bureau/codef1tenth/build/Planif/build/lib/Planif\n'}
[12.553135] (Planif) StdoutLine: {'line': b'copying Planif/A_etoile_SLAM.py -> /home/etdisc/Bureau/codef1tenth/build/Planif/build/lib/Planif\n'}
[12.553282] (Planif) StdoutLine: {'line': b'running install\n'}
[12.553414] (Planif) StdoutLine: {'line': b'running install_lib\n'}
[12.557820] (Planif) StdoutLine: {'line': b'creating /home/etdisc/Bureau/codef1tenth/install/Planif/lib/python3.8/site-packages/Planif\n'}
[12.558179] (Planif) StdoutLine: {'line': b'copying /home/etdisc/Bureau/codef1tenth/build/Planif/build/lib/Planif/A_etoile.py -> /home/etdisc/Bureau/codef1tenth/install/Planif/lib/python3.8/site-packages/Planif\n'}
[12.559226] (Planif) StdoutLine: {'line': b'copying /home/etdisc/Bureau/codef1tenth/build/Planif/build/lib/Planif/__init__.py -> /home/etdisc/Bureau/codef1tenth/install/Planif/lib/python3.8/site-packages/Planif\n'}
[12.559475] (Planif) StdoutLine: {'line': b'copying /home/etdisc/Bureau/codef1tenth/build/Planif/build/lib/Planif/A_etoile_SLAM.py -> /home/etdisc/Bureau/codef1tenth/install/Planif/lib/python3.8/site-packages/Planif\n'}
[12.570274] (Planif) StdoutLine: {'line': b'byte-compiling /home/etdisc/Bureau/codef1tenth/install/Planif/lib/python3.8/site-packages/Planif/A_etoile.py to A_etoile.cpython-38.pyc\n'}
[12.575043] (Mapping) StdoutLine: {'line': b'Installing centerline_extraction script to /home/etdisc/Bureau/codef1tenth/install/Mapping/lib/Mapping\n'}
[12.578504] (Mapping) StdoutLine: {'line': b'Installing custom_slam script to /home/etdisc/Bureau/codef1tenth/install/Mapping/lib/Mapping\n'}
[12.582141] (Mapping) StdoutLine: {'line': b'Installing occupancy_grid script to /home/etdisc/Bureau/codef1tenth/install/Mapping/lib/Mapping\n'}
[12.583923] (Mapping) StdoutLine: {'line': b'Installing pose_listener script to /home/etdisc/Bureau/codef1tenth/install/Mapping/lib/Mapping\n'}
[12.584492] (Mapping) StdoutLine: {'line': b'Installing scan_filter script to /home/etdisc/Bureau/codef1tenth/install/Mapping/lib/Mapping\n'}
[12.587264] (Mapping) StdoutLine: {'line': b"writing list of installed files to '/home/etdisc/Bureau/codef1tenth/build/Mapping/install.log'\n"}
[12.593311] (Simple_algo) StdoutLine: {'line': b'Installing disparity_extender script to /home/etdisc/Bureau/codef1tenth/install/Simple_algo/lib/Simple_algo\n'}
[12.593737] (Planif) StdoutLine: {'line': b'byte-compiling /home/etdisc/Bureau/codef1tenth/install/Planif/lib/python3.8/site-packages/Planif/__init__.py to __init__.cpython-38.pyc\n'}
[12.594068] (-) TimerEvent: {}
[12.596448] (Simple_algo) StdoutLine: {'line': b'Installing fast_disparity_extender script to /home/etdisc/Bureau/codef1tenth/install/Simple_algo/lib/Simple_algo\n'}
[12.597335] (Planif) StdoutLine: {'line': b'byte-compiling /home/etdisc/Bureau/codef1tenth/install/Planif/lib/python3.8/site-packages/Planif/A_etoile_SLAM.py to A_etoile_SLAM.cpython-38.pyc\n'}
[12.598493] (Simple_algo) StdoutLine: {'line': b'Installing gap_follow script to /home/etdisc/Bureau/codef1tenth/install/Simple_algo/lib/Simple_algo\n'}
[12.610319] (Simple_algo) StdoutLine: {'line': b'Installing wall_follow script to /home/etdisc/Bureau/codef1tenth/install/Simple_algo/lib/Simple_algo\n'}
[12.610932] (Simple_algo) StdoutLine: {'line': b'Installing wall_follow_penn script to /home/etdisc/Bureau/codef1tenth/install/Simple_algo/lib/Simple_algo\n'}
[12.611301] (Planif) StdoutLine: {'line': b'running install_data\n'}
[12.611711] (Planif) StdoutLine: {'line': b'creating /home/etdisc/Bureau/codef1tenth/install/Planif/share/ament_index\n'}
[12.611916] (Simple_algo) StdoutLine: {'line': b"writing list of installed files to '/home/etdisc/Bureau/codef1tenth/build/Simple_algo/install.log'\n"}
[12.612076] (Planif) StdoutLine: {'line': b'creating /home/etdisc/Bureau/codef1tenth/install/Planif/share/ament_index/resource_index\n'}
[12.612217] (Planif) StdoutLine: {'line': b'creating /home/etdisc/Bureau/codef1tenth/install/Planif/share/ament_index/resource_index/packages\n'}
[12.612728] (Planif) StdoutLine: {'line': b'copying resource/Planif -> /home/etdisc/Bureau/codef1tenth/install/Planif/share/ament_index/resource_index/packages\n'}
[12.613139] (Planif) StdoutLine: {'line': b'copying package.xml -> /home/etdisc/Bureau/codef1tenth/install/Planif/share/Planif\n'}
[12.614233] (Planif) StdoutLine: {'line': b'running install_egg_info\n'}
[12.620760] (Planif) StdoutLine: {'line': b'Copying ../../build/Planif/Planif.egg-info to /home/etdisc/Bureau/codef1tenth/install/Planif/lib/python3.8/site-packages/Planif-0.1.0-py3.8.egg-info\n'}
[12.655606] (Planif) StdoutLine: {'line': b'running install_scripts\n'}
[12.656081] (f1tenth_gym_ros) StdoutLine: {'line': b"reading manifest file '../../build/f1tenth_gym_ros/f1tenth_gym_ros.egg-info/SOURCES.txt'\n"}
[12.663011] (f1tenth_gym_ros) StdoutLine: {'line': b"writing manifest file '../../build/f1tenth_gym_ros/f1tenth_gym_ros.egg-info/SOURCES.txt'\n"}
[12.664656] (f1tenth_gym_ros) StdoutLine: {'line': b'running build\n'}
[12.671812] (f1tenth_gym_ros) StdoutLine: {'line': b'running build_py\n'}
[12.672093] (f1tenth_gym_ros) StdoutLine: {'line': b'creating /home/etdisc/Bureau/codef1tenth/build/f1tenth_gym_ros/build\n'}
[12.672249] (f1tenth_gym_ros) StdoutLine: {'line': b'creating /home/etdisc/Bureau/codef1tenth/build/f1tenth_gym_ros/build/lib\n'}
[12.682342] (f1tenth_gym_ros) StdoutLine: {'line': b'creating /home/etdisc/Bureau/codef1tenth/build/f1tenth_gym_ros/build/lib/f1tenth_gym_ros\n'}
[12.682768] (f1tenth_gym_ros) StdoutLine: {'line': b'copying f1tenth_gym_ros/__init__.py -> /home/etdisc/Bureau/codef1tenth/build/f1tenth_gym_ros/build/lib/f1tenth_gym_ros\n'}
[12.682938] (f1tenth_gym_ros) StdoutLine: {'line': b'copying f1tenth_gym_ros/gym_bridge.py -> /home/etdisc/Bureau/codef1tenth/build/f1tenth_gym_ros/build/lib/f1tenth_gym_ros\n'}
[12.683077] (f1tenth_gym_ros) StdoutLine: {'line': b'running install\n'}
[12.683224] (f1tenth_gym_ros) StdoutLine: {'line': b'running install_lib\n'}
[12.694305] (-) TimerEvent: {}
[12.698847] (f1tenth_gym_ros) StdoutLine: {'line': b'creating /home/etdisc/Bureau/codef1tenth/install/f1tenth_gym_ros/lib/python3.8/site-packages/f1tenth_gym_ros\n'}
[12.699202] (f1tenth_gym_ros) StdoutLine: {'line': b'copying /home/etdisc/Bureau/codef1tenth/build/f1tenth_gym_ros/build/lib/f1tenth_gym_ros/__init__.py -> /home/etdisc/Bureau/codef1tenth/install/f1tenth_gym_ros/lib/python3.8/site-packages/f1tenth_gym_ros\n'}
[12.699374] (f1tenth_gym_ros) StdoutLine: {'line': b'copying /home/etdisc/Bureau/codef1tenth/build/f1tenth_gym_ros/build/lib/f1tenth_gym_ros/gym_bridge.py -> /home/etdisc/Bureau/codef1tenth/install/f1tenth_gym_ros/lib/python3.8/site-packages/f1tenth_gym_ros\n'}
[12.699530] (f1tenth_gym_ros) StdoutLine: {'line': b'byte-compiling /home/etdisc/Bureau/codef1tenth/install/f1tenth_gym_ros/lib/python3.8/site-packages/f1tenth_gym_ros/__init__.py to __init__.cpython-38.pyc\n'}
[12.699667] (f1tenth_gym_ros) StdoutLine: {'line': b'byte-compiling /home/etdisc/Bureau/codef1tenth/install/f1tenth_gym_ros/lib/python3.8/site-packages/f1tenth_gym_ros/gym_bridge.py to gym_bridge.cpython-38.pyc\n'}
[12.704523] (Mapping) CommandEnded: {'returncode': 0}
[12.711246] (f1tenth_gym_ros) StdoutLine: {'line': b'running install_data\n'}
[12.711749] (f1tenth_gym_ros) StdoutLine: {'line': b'creating /home/etdisc/Bureau/codef1tenth/install/f1tenth_gym_ros/share/ament_index\n'}
[12.712128] (f1tenth_gym_ros) StdoutLine: {'line': b'creating /home/etdisc/Bureau/codef1tenth/install/f1tenth_gym_ros/share/ament_index/resource_index\n'}
[12.712486] (f1tenth_gym_ros) StdoutLine: {'line': b'creating /home/etdisc/Bureau/codef1tenth/install/f1tenth_gym_ros/share/ament_index/resource_index/packages\n'}
[12.722175] (custom_msgs) StdoutLine: {'line': b'-- The CXX compiler identification is GNU 9.4.0\n'}
[12.722830] (Planif) StdoutLine: {'line': b'Installing A_star script to /home/etdisc/Bureau/codef1tenth/install/Planif/lib/Planif\n'}
[12.723224] (f1tenth_gym_ros) StdoutLine: {'line': b'copying resource/f1tenth_gym_ros -> /home/etdisc/Bureau/codef1tenth/install/f1tenth_gym_ros/share/ament_index/resource_index/packages\n'}
[12.723486] (f1tenth_gym_ros) StdoutLine: {'line': b'copying package.xml -> /home/etdisc/Bureau/codef1tenth/install/f1tenth_gym_ros/share/f1tenth_gym_ros\n'}
[12.723879] (f1tenth_gym_ros) StdoutLine: {'line': b'creating /home/etdisc/Bureau/codef1tenth/install/f1tenth_gym_ros/share/f1tenth_gym_ros/launch\n'}
[12.724123] (f1tenth_gym_ros) StdoutLine: {'line': b'copying launch/gym_bridge_launch.py -> /home/etdisc/Bureau/codef1tenth/install/f1tenth_gym_ros/share/f1tenth_gym_ros/launch\n'}
[12.724646] (f1tenth_gym_ros) StdoutLine: {'line': b'copying launch/opp_racecar.xacro -> /home/etdisc/Bureau/codef1tenth/install/f1tenth_gym_ros/share/f1tenth_gym_ros/launch\n'}
[12.728356] (f1tenth_gym_ros) StdoutLine: {'line': b'copying launch/ego_racecar.xacro -> /home/etdisc/Bureau/codef1tenth/install/f1tenth_gym_ros/share/f1tenth_gym_ros/launch\n'}
[12.730366] (Planif) StdoutLine: {'line': b'Installing A_star_SLAM script to /home/etdisc/Bureau/codef1tenth/install/Planif/lib/Planif\n'}
[12.731683] (f1tenth_gym_ros) StdoutLine: {'line': b'copying launch/gym_bridge.rviz -> /home/etdisc/Bureau/codef1tenth/install/f1tenth_gym_ros/share/f1tenth_gym_ros/launch\n'}
[12.733239] (Planif) StdoutLine: {'line': b"writing list of installed files to '/home/etdisc/Bureau/codef1tenth/build/Planif/install.log'\n"}
[12.734875] (f1tenth_gym_ros) StdoutLine: {'line': b'creating /home/etdisc/Bureau/codef1tenth/install/f1tenth_gym_ros/share/f1tenth_gym_ros/config\n'}
[12.736026] (f1tenth_gym_ros) StdoutLine: {'line': b'copying config/sim.yaml -> /home/etdisc/Bureau/codef1tenth/install/f1tenth_gym_ros/share/f1tenth_gym_ros/config\n'}
[12.738106] (f1tenth_gym_ros) StdoutLine: {'line': b'running install_egg_info\n'}
[12.744539] (f1tenth_gym_ros) StdoutLine: {'line': b'Copying ../../build/f1tenth_gym_ros/f1tenth_gym_ros.egg-info to /home/etdisc/Bureau/codef1tenth/install/f1tenth_gym_ros/lib/python3.8/site-packages/f1tenth_gym_ros-0.0.0-py3.8.egg-info\n'}
[12.750378] (custom_msgs) StdoutLine: {'line': b'-- Check for working C compiler: /usr/bin/cc\n'}
[12.757548] (f1tenth_gym_ros) StdoutLine: {'line': b'running install_scripts\n'}
[12.798650] (-) TimerEvent: {}
[12.804784] (f1tenth_gym_ros) StdoutLine: {'line': b'Installing gym_bridge script to /home/etdisc/Bureau/codef1tenth/install/f1tenth_gym_ros/lib/f1tenth_gym_ros\n'}
[12.812128] (f1tenth_gym_ros) StdoutLine: {'line': b"writing list of installed files to '/home/etdisc/Bureau/codef1tenth/build/f1tenth_gym_ros/install.log'\n"}
[12.852284] (Waypoints) StdoutLine: {'line': b'running egg_info\n'}
[12.858175] (Waypoints) StdoutLine: {'line': b'creating ../../build/Waypoints/Waypoints.egg-info\n'}
[12.859703] (Waypoints) StdoutLine: {'line': b'writing ../../build/Waypoints/Waypoints.egg-info/PKG-INFO\n'}
[12.861891] (Waypoints) StdoutLine: {'line': b'writing dependency_links to ../../build/Waypoints/Waypoints.egg-info/dependency_links.txt\n'}
[12.866002] (Waypoints) StdoutLine: {'line': b'writing entry points to ../../build/Waypoints/Waypoints.egg-info/entry_points.txt\n'}
[12.869858] (Waypoints) StdoutLine: {'line': b'writing requirements to ../../build/Waypoints/Waypoints.egg-info/requires.txt\n'}
[12.870263] (Waypoints) StdoutLine: {'line': b'writing top-level names to ../../build/Waypoints/Waypoints.egg-info/top_level.txt\n'}
[12.877215] (Waypoints) StdoutLine: {'line': b"writing manifest file '../../build/Waypoints/Waypoints.egg-info/SOURCES.txt'\n"}
[12.892631] (Mapping) JobEnded: {'identifier': 'Mapping', 'rc': 0}
[12.895227] (localisation) JobStarted: {'identifier': 'localisation'}
[12.900169] (-) TimerEvent: {}
[12.900967] (AEB) StdoutLine: {'line': b'running egg_info\n'}
[12.905301] (AEB) StdoutLine: {'line': b'creating ../../build/AEB/AEB.egg-info\n'}
[12.905709] (AEB) StdoutLine: {'line': b'writing ../../build/AEB/AEB.egg-info/PKG-INFO\n'}
[12.907633] (AEB) StdoutLine: {'line': b'writing dependency_links to ../../build/AEB/AEB.egg-info/dependency_links.txt\n'}
[12.908094] (AEB) StdoutLine: {'line': b'writing entry points to ../../build/AEB/AEB.egg-info/entry_points.txt\n'}
[12.908246] (AEB) StdoutLine: {'line': b'writing requirements to ../../build/AEB/AEB.egg-info/requires.txt\n'}
[12.908367] (AEB) StdoutLine: {'line': b'writing top-level names to ../../build/AEB/AEB.egg-info/top_level.txt\n'}
[12.908484] (AEB) StdoutLine: {'line': b"writing manifest file '../../build/AEB/AEB.egg-info/SOURCES.txt'\n"}
[12.908605] (AEB) StdoutLine: {'line': b"reading manifest file '../../build/AEB/AEB.egg-info/SOURCES.txt'\n"}
[12.908730] (AEB) StdoutLine: {'line': b"writing manifest file '../../build/AEB/AEB.egg-info/SOURCES.txt'\n"}
[12.909062] (AEB) StdoutLine: {'line': b'running build\n'}
[12.909420] (AEB) StdoutLine: {'line': b'running build_py\n'}
[12.909576] (AEB) StdoutLine: {'line': b'creating /home/etdisc/Bureau/codef1tenth/build/AEB/build\n'}
[12.910299] (AEB) StdoutLine: {'line': b'creating /home/etdisc/Bureau/codef1tenth/build/AEB/build/lib\n'}
[12.910477] (AEB) StdoutLine: {'line': b'creating /home/etdisc/Bureau/codef1tenth/build/AEB/build/lib/AEB\n'}
[12.910620] (AEB) StdoutLine: {'line': b'copying AEB/aeb2.py -> /home/etdisc/Bureau/codef1tenth/build/AEB/build/lib/AEB\n'}
[12.910752] (AEB) StdoutLine: {'line': b'copying AEB/multiplexer.py -> /home/etdisc/Bureau/codef1tenth/build/AEB/build/lib/AEB\n'}
[12.910957] (AEB) StdoutLine: {'line': b'copying AEB/__init__.py -> /home/etdisc/Bureau/codef1tenth/build/AEB/build/lib/AEB\n'}
[12.911083] (AEB) StdoutLine: {'line': b'copying AEB/AEB.py -> /home/etdisc/Bureau/codef1tenth/build/AEB/build/lib/AEB\n'}
[12.911203] (AEB) StdoutLine: {'line': b'running install\n'}
[12.911330] (AEB) StdoutLine: {'line': b'running install_lib\n'}
[12.911479] (AEB) StdoutLine: {'line': b'creating /home/etdisc/Bureau/codef1tenth/install/AEB/lib/python3.8/site-packages/AEB\n'}
[12.911624] (AEB) StdoutLine: {'line': b'copying /home/etdisc/Bureau/codef1tenth/build/AEB/build/lib/AEB/aeb2.py -> /home/etdisc/Bureau/codef1tenth/install/AEB/lib/python3.8/site-packages/AEB\n'}
[12.911746] (AEB) StdoutLine: {'line': b'copying /home/etdisc/Bureau/codef1tenth/build/AEB/build/lib/AEB/multiplexer.py -> /home/etdisc/Bureau/codef1tenth/install/AEB/lib/python3.8/site-packages/AEB\n'}
[12.911930] (AEB) StdoutLine: {'line': b'copying /home/etdisc/Bureau/codef1tenth/build/AEB/build/lib/AEB/__init__.py -> /home/etdisc/Bureau/codef1tenth/install/AEB/lib/python3.8/site-packages/AEB\n'}
[12.912063] (AEB) StdoutLine: {'line': b'copying /home/etdisc/Bureau/codef1tenth/build/AEB/build/lib/AEB/AEB.py -> /home/etdisc/Bureau/codef1tenth/install/AEB/lib/python3.8/site-packages/AEB\n'}
[12.912187] (AEB) StdoutLine: {'line': b'byte-compiling /home/etdisc/Bureau/codef1tenth/install/AEB/lib/python3.8/site-packages/AEB/aeb2.py to aeb2.cpython-38.pyc\n'}
[12.912308] (AEB) StdoutLine: {'line': b'byte-compiling /home/etdisc/Bureau/codef1tenth/install/AEB/lib/python3.8/site-packages/AEB/multiplexer.py to multiplexer.cpython-38.pyc\n'}
[12.912427] (AEB) StdoutLine: {'line': b'byte-compiling /home/etdisc/Bureau/codef1tenth/install/AEB/lib/python3.8/site-packages/AEB/__init__.py to __init__.cpython-38.pyc\n'}
[12.912545] (AEB) StdoutLine: {'line': b'byte-compiling /home/etdisc/Bureau/codef1tenth/install/AEB/lib/python3.8/site-packages/AEB/AEB.py to AEB.cpython-38.pyc\n'}
[12.912714] (AEB) StdoutLine: {'line': b'running install_data\n'}
[12.912925] (AEB) StdoutLine: {'line': b'creating /home/etdisc/Bureau/codef1tenth/install/AEB/share/ament_index\n'}
[12.913420] (AEB) StdoutLine: {'line': b'creating /home/etdisc/Bureau/codef1tenth/install/AEB/share/ament_index/resource_index\n'}
[12.921720] (AEB) StdoutLine: {'line': b'creating /home/etdisc/Bureau/codef1tenth/install/AEB/share/ament_index/resource_index/packages\n'}
[12.922020] (AEB) StdoutLine: {'line': b'copying resource/AEB -> /home/etdisc/Bureau/codef1tenth/install/AEB/share/ament_index/resource_index/packages\n'}
[12.922287] (AEB) StdoutLine: {'line': b'copying package.xml -> /home/etdisc/Bureau/codef1tenth/install/AEB/share/AEB\n'}
[12.922423] (AEB) StdoutLine: {'line': b'creating /home/etdisc/Bureau/codef1tenth/install/AEB/share/AEB/launch\n'}
[12.922549] (AEB) StdoutLine: {'line': b'copying launch/safe_disparity_extender.py -> /home/etdisc/Bureau/codef1tenth/install/AEB/share/AEB/launch\n'}
[12.922680] (AEB) StdoutLine: {'line': b'creating /home/etdisc/Bureau/codef1tenth/install/AEB/share/AEB/config\n'}
[12.922911] (AEB) StdoutLine: {'line': b'copying config/simulation.yaml -> /home/etdisc/Bureau/codef1tenth/install/AEB/share/AEB/config\n'}
[12.923225] (AEB) StdoutLine: {'line': b'copying config/real.yaml -> /home/etdisc/Bureau/codef1tenth/install/AEB/share/AEB/config\n'}
[12.923484] (AEB) StdoutLine: {'line': b'running install_egg_info\n'}
[12.923630] (AEB) StdoutLine: {'line': b'Copying ../../build/AEB/AEB.egg-info to /home/etdisc/Bureau/codef1tenth/install/AEB/lib/python3.8/site-packages/AEB-0.0.0-py3.8.egg-info\n'}
[12.923925] (AEB) StdoutLine: {'line': b'running install_scripts\n'}
[12.924253] (AEB) StdoutLine: {'line': b'Installing AEB script to /home/etdisc/Bureau/codef1tenth/install/AEB/lib/AEB\n'}
[12.924437] (AEB) StdoutLine: {'line': b'Installing aeb2 script to /home/etdisc/Bureau/codef1tenth/install/AEB/lib/AEB\n'}
[12.924680] (AEB) StdoutLine: {'line': b'Installing multiplexer script to /home/etdisc/Bureau/codef1tenth/install/AEB/lib/AEB\n'}
[12.924885] (AEB) StdoutLine: {'line': b"writing list of installed files to '/home/etdisc/Bureau/codef1tenth/build/AEB/install.log'\n"}
[12.989005] (Planif) CommandEnded: {'returncode': 0}
[13.002183] (-) TimerEvent: {}
[13.005410] (Waypoints) StdoutLine: {'line': b"reading manifest file '../../build/Waypoints/Waypoints.egg-info/SOURCES.txt'\n"}
[13.006075] (Waypoints) StdoutLine: {'line': b"writing manifest file '../../build/Waypoints/Waypoints.egg-info/SOURCES.txt'\n"}
[13.006925] (Waypoints) StdoutLine: {'line': b'running build\n'}
[13.007152] (Waypoints) StdoutLine: {'line': b'running build_py\n'}
[13.007337] (Waypoints) StdoutLine: {'line': b'creating /home/etdisc/Bureau/codef1tenth/build/Waypoints/build\n'}
[13.007540] (Waypoints) StdoutLine: {'line': b'creating /home/etdisc/Bureau/codef1tenth/build/Waypoints/build/lib\n'}
[13.007689] (Waypoints) StdoutLine: {'line': b'creating /home/etdisc/Bureau/codef1tenth/build/Waypoints/build/lib/Waypoints\n'}
[13.007911] (Waypoints) StdoutLine: {'line': b'copying Waypoints/pure_pursuit.py -> /home/etdisc/Bureau/codef1tenth/build/Waypoints/build/lib/Waypoints\n'}
[13.008077] (Waypoints) StdoutLine: {'line': b'copying Waypoints/pure_pursuit2.py -> /home/etdisc/Bureau/codef1tenth/build/Waypoints/build/lib/Waypoints\n'}
[13.008214] (Waypoints) StdoutLine: {'line': b'copying Waypoints/__init__.py -> /home/etdisc/Bureau/codef1tenth/build/Waypoints/build/lib/Waypoints\n'}
[13.008424] (Waypoints) StdoutLine: {'line': b'copying Waypoints/waypoint_logger_pure_pursuit.py -> /home/etdisc/Bureau/codef1tenth/build/Waypoints/build/lib/Waypoints\n'}
[13.008555] (Waypoints) StdoutLine: {'line': b'running install\n'}
[13.011216] (Waypoints) StdoutLine: {'line': b'running install_lib\n'}
[13.014660] (Waypoints) StdoutLine: {'line': b'creating /home/etdisc/Bureau/codef1tenth/install/Waypoints/lib/python3.8/site-packages/Waypoints\n'}
[13.015519] (Waypoints) StdoutLine: {'line': b'copying /home/etdisc/Bureau/codef1tenth/build/Waypoints/build/lib/Waypoints/pure_pursuit.py -> /home/etdisc/Bureau/codef1tenth/install/Waypoints/lib/python3.8/site-packages/Waypoints\n'}
[13.016917] (Waypoints) StdoutLine: {'line': b'copying /home/etdisc/Bureau/codef1tenth/build/Waypoints/build/lib/Waypoints/pure_pursuit2.py -> /home/etdisc/Bureau/codef1tenth/install/Waypoints/lib/python3.8/site-packages/Waypoints\n'}
[13.019259] (Waypoints) StdoutLine: {'line': b'copying /home/etdisc/Bureau/codef1tenth/build/Waypoints/build/lib/Waypoints/__init__.py -> /home/etdisc/Bureau/codef1tenth/install/Waypoints/lib/python3.8/site-packages/Waypoints\n'}
[13.020267] (Waypoints) StdoutLine: {'line': b'copying /home/etdisc/Bureau/codef1tenth/build/Waypoints/build/lib/Waypoints/waypoint_logger_pure_pursuit.py -> /home/etdisc/Bureau/codef1tenth/install/Waypoints/lib/python3.8/site-packages/Waypoints\n'}
[13.022095] (Waypoints) StdoutLine: {'line': b'byte-compiling /home/etdisc/Bureau/codef1tenth/install/Waypoints/lib/python3.8/site-packages/Waypoints/pure_pursuit.py to pure_pursuit.cpython-38.pyc\n'}
[13.030228] (Waypoints) StdoutLine: {'line': b'byte-compiling /home/etdisc/Bureau/codef1tenth/install/Waypoints/lib/python3.8/site-packages/Waypoints/pure_pursuit2.py to pure_pursuit2.cpython-38.pyc\n'}
[13.035993] (Planif) JobEnded: {'identifier': 'Planif', 'rc': 0}
[13.039152] (Simple_algo) CommandEnded: {'returncode': 0}
[13.041433] (Waypoints) StdoutLine: {'line': b'byte-compiling /home/etdisc/Bureau/codef1tenth/install/Waypoints/lib/python3.8/site-packages/Waypoints/__init__.py to __init__.cpython-38.pyc\n'}
[13.043001] (Waypoints) StdoutLine: {'line': b'byte-compiling /home/etdisc/Bureau/codef1tenth/install/Waypoints/lib/python3.8/site-packages/Waypoints/waypoint_logger_pure_pursuit.py to waypoint_logger_pure_pursuit.cpython-38.pyc\n'}
[13.045330] (Waypoints) StdoutLine: {'line': b'running install_data\n'}
[13.046542] (Waypoints) StdoutLine: {'line': b'creating /home/etdisc/Bureau/codef1tenth/install/Waypoints/share/ament_index\n'}
[13.048489] (Waypoints) StdoutLine: {'line': b'creating /home/etdisc/Bureau/codef1tenth/install/Waypoints/share/ament_index/resource_index\n'}
[13.049389] (Waypoints) StdoutLine: {'line': b'creating /home/etdisc/Bureau/codef1tenth/install/Waypoints/share/ament_index/resource_index/packages\n'}
[13.050870] (Waypoints) StdoutLine: {'line': b'copying resource/Waypoints -> /home/etdisc/Bureau/codef1tenth/install/Waypoints/share/ament_index/resource_index/packages\n'}
[13.052883] (Waypoints) StdoutLine: {'line': b'copying package.xml -> /home/etdisc/Bureau/codef1tenth/install/Waypoints/share/Waypoints\n'}
[13.057866] (Waypoints) StdoutLine: {'line': b'running install_egg_info\n'}
[13.065862] (Waypoints) StdoutLine: {'line': b'Copying ../../build/Waypoints/Waypoints.egg-info to /home/etdisc/Bureau/codef1tenth/install/Waypoints/lib/python3.8/site-packages/Waypoints-0.0.0-py3.8.egg-info\n'}
[13.076918] (Simple_algo) JobEnded: {'identifier': 'Simple_algo', 'rc': 0}
[13.081207] (Waypoints) StdoutLine: {'line': b'running install_scripts\n'}
[13.081805] (strategy) JobStarted: {'identifier': 'strategy'}
[13.102321] (-) TimerEvent: {}
[13.123085] (Waypoints) StdoutLine: {'line': b'Installing pure_pursuit script to /home/etdisc/Bureau/codef1tenth/install/Waypoints/lib/Waypoints\n'}
[13.129323] (Waypoints) StdoutLine: {'line': b'Installing pure_pursuit2 script to /home/etdisc/Bureau/codef1tenth/install/Waypoints/lib/Waypoints\n'}
[13.129729] (Waypoints) StdoutLine: {'line': b'Installing waypoints_logger script to /home/etdisc/Bureau/codef1tenth/install/Waypoints/lib/Waypoints\n'}
[13.132240] (Waypoints) StdoutLine: {'line': b"writing list of installed files to '/home/etdisc/Bureau/codef1tenth/build/Waypoints/install.log'\n"}
[13.162921] (timer) JobStarted: {'identifier': 'timer'}
[13.203000] (-) TimerEvent: {}
[13.235972] (AEB) CommandEnded: {'returncode': 0}
[13.257022] (custom_msgs) StdoutLine: {'line': b'-- Check for working C compiler: /usr/bin/cc -- works\n'}
[13.262018] (custom_msgs) StdoutLine: {'line': b'-- Detecting C compiler ABI info\n'}
[13.283202] (AEB) JobEnded: {'identifier': 'AEB', 'rc': 0}
[13.295223] (f1tenth_gym_ros) CommandEnded: {'returncode': 0}
[13.303679] (-) TimerEvent: {}
[13.322153] (f1tenth_gym_ros) JobEnded: {'identifier': 'f1tenth_gym_ros', 'rc': 0}
[13.404033] (-) TimerEvent: {}
[13.447826] (f1_localization) StdoutLine: {'line': b'-- Found sensor_msgs: 2.2.4 (/opt/ros/galactic/share/sensor_msgs/cmake)\n'}
[13.509990] (-) TimerEvent: {}
[13.567881] (custom_msgs) StdoutLine: {'line': b'-- Detecting C compiler ABI info - done\n'}
[13.594589] (custom_msgs) StdoutLine: {'line': b'-- Detecting C compile features\n'}
[13.599041] (custom_msgs) StdoutLine: {'line': b'-- Detecting C compile features - done\n'}
[13.605198] (custom_msgs) StdoutLine: {'line': b'-- Check for working CXX compiler: /usr/bin/c++\n'}
[13.613845] (-) TimerEvent: {}
[13.652187] (f1_localization) StdoutLine: {'line': b'-- Found nav_msgs: 2.2.4 (/opt/ros/galactic/share/nav_msgs/cmake)\n'}
[13.714027] (-) TimerEvent: {}
[13.814756] (-) TimerEvent: {}
[13.868548] (f1_localization) StdoutLine: {'line': b'-- Found diagnostic_updater: 2.1.3 (/opt/ros/galactic/share/diagnostic_updater/cmake)\n'}
[13.901957] (custom_msgs) StdoutLine: {'line': b'-- Check for working CXX compiler: /usr/bin/c++ -- works\n'}
[13.905269] (custom_msgs) StdoutLine: {'line': b'-- Detecting CXX compiler ABI info\n'}
[13.917185] (-) TimerEvent: {}
[13.929026] (f1_localization) StdoutLine: {'line': b'-- Found ament_lint_auto: 0.10.7 (/opt/ros/galactic/share/ament_lint_auto/cmake)\n'}
[14.018065] (-) TimerEvent: {}
[14.119054] (-) TimerEvent: {}
[14.187886] (custom_msgs) StdoutLine: {'line': b'-- Detecting CXX compiler ABI info - done\n'}
[14.221186] (-) TimerEvent: {}
[14.225712] (Waypoints) CommandEnded: {'returncode': 0}
[14.233116] (custom_msgs) StdoutLine: {'line': b'-- Detecting CXX compile features\n'}
[14.233690] (custom_msgs) StdoutLine: {'line': b'-- Detecting CXX compile features - done\n'}
[14.257901] (custom_msgs) StdoutLine: {'line': b'-- Found ament_cmake: 1.1.6 (/opt/ros/galactic/share/ament_cmake/cmake)\n'}
[14.263075] (Waypoints) JobEnded: {'identifier': 'Waypoints', 'rc': 0}
[14.295249] (f1_localization) StdoutLine: {'line': b"-- Added test 'copyright' to check source files copyright and LICENSE\n"}
[14.316895] (f1_localization) StdoutLine: {'line': b"-- Added test 'flake8' to check Python code syntax and style conventions\n"}
[14.319414] (f1_localization) StdoutLine: {'line': b"-- Added test 'lint_cmake' to check CMake code style\n"}
[14.321306] (-) TimerEvent: {}
[14.321866] (f1_localization) StdoutLine: {'line': b"-- Added test 'pep257' to check Python code against some of the style conventions in PEP 257\n"}
[14.327172] (f1_localization) StdoutLine: {'line': b"-- Added test 'xmllint' to check XML markup files\n"}
[14.340452] (f1_localization) StdoutLine: {'line': b'-- Configuring done\n'}
[14.387474] (f1_localization) StdoutLine: {'line': b'-- Generating done\n'}
[14.421415] (-) TimerEvent: {}
[14.422825] (f1_localization) StdoutLine: {'line': b'-- Build files have been written to: /home/etdisc/Bureau/codef1tenth/build/f1_localization\n'}
[14.434108] (custom_msgs) StdoutLine: {'line': b'-- Found PythonInterp: /usr/bin/python3 (found suitable version "3.8.10", minimum required is "3") \n'}
[14.434623] (custom_msgs) StdoutLine: {'line': b'-- Using PYTHON_EXECUTABLE: /usr/bin/python3\n'}
[14.521545] (-) TimerEvent: {}
[14.622256] (-) TimerEvent: {}
[14.723888] (-) TimerEvent: {}
[14.824692] (-) TimerEvent: {}
[14.832781] (custom_msgs) StdoutLine: {'line': b'-- Found rclcpp: 9.2.2 (/opt/ros/galactic/share/rclcpp/cmake)\n'}
[14.924871] (-) TimerEvent: {}
[15.025393] (-) TimerEvent: {}
[15.066934] (custom_msgs) StdoutLine: {'line': b'-- Using all available rosidl_typesupport_c: rosidl_typesupport_fastrtps_c;rosidl_typesupport_introspection_c\n'}
[15.102213] (custom_msgs) StdoutLine: {'line': b'-- Found rosidl_adapter: 2.2.3 (/opt/ros/galactic/share/rosidl_adapter/cmake)\n'}
[15.128262] (-) TimerEvent: {}
[15.229909] (-) TimerEvent: {}
[15.330798] (-) TimerEvent: {}
[15.431241] (-) TimerEvent: {}
[15.533366] (-) TimerEvent: {}
[15.570776] (custom_msgs) StdoutLine: {'line': b'-- Found OpenSSL: /usr/lib/x86_64-linux-gnu/libcrypto.so (found version "1.1.1f")  \n'}
[15.633491] (-) TimerEvent: {}
[15.649863] (custom_msgs) StdoutLine: {'line': b'-- Found FastRTPS: /opt/ros/galactic/include  \n'}
[15.733705] (-) TimerEvent: {}
[15.835578] (-) TimerEvent: {}
[15.937107] (-) TimerEvent: {}
[15.939075] (custom_msgs) StdoutLine: {'line': b'-- Using all available rosidl_typesupport_cpp: rosidl_typesupport_fastrtps_cpp;rosidl_typesupport_introspection_cpp\n'}
[15.988349] (f1_localization) CommandEnded: {'returncode': 0}
[15.996425] (f1_localization) JobProgress: {'identifier': 'f1_localization', 'progress': 'build'}
[15.998581] (f1_localization) Command: {'cmd': ['/usr/bin/cmake', '--build', '/home/etdisc/Bureau/codef1tenth/build/f1_localization', '--', '-j8', '-l8'], 'cwd': '/home/etdisc/Bureau/codef1tenth/build/f1_localization', 'env': OrderedDict([('GJS_DEBUG_TOPICS', 'JS ERROR;JS LOG'), ('LESSOPEN', '| /usr/bin/lesspipe %s'), ('HTTPS_PROXY', 'http://proxy:3128'), ('USER', 'etdisc'), ('SSH_AGENT_PID', '1717'), ('XDG_SESSION_TYPE', 'x11'), ('GIT_ASKPASS', '/usr/share/code/resources/app/extensions/git/dist/askpass.sh'), ('SHLVL', '1'), ('LD_LIBRARY_PATH', '/home/etdisc/depots/f1tenth/sim_ws/install/custom_msgs/lib:/home/etdisc/Desktop/sim_ws/install/custom_msgs/lib:/usr/lib/x86_64-linux-gnu/gazebo-11/plugins:/opt/ros/galactic/opt/yaml_cpp_vendor/lib:/opt/ros/galactic/opt/rviz_ogre_vendor/lib:/opt/ros/galactic/lib/x86_64-linux-gnu:/opt/ros/galactic/lib'), ('HOME', '/home/etdisc'), ('CHROME_DESKTOP', 'code.desktop'), ('OLDPWD', '/home/etdisc/Bureau/codef1tenth/src'), ('TERM_PROGRAM_VERSION', '1.106.3'), ('DESKTOP_SESSION', 'ubuntu'), ('GIO_LAUNCHED_DESKTOP_FILE', '/usr/share/applications/code.desktop'), ('ROS_PYTHON_VERSION', '3'), ('GNOME_SHELL_SESSION_MODE', 'ubuntu'), ('GTK_MODULES', 'gail:atk-bridge'), ('VSCODE_GIT_ASKPASS_MAIN', '/usr/share/code/resources/app/extensions/git/dist/askpass-main.js'), ('VSCODE_GIT_ASKPASS_NODE', '/usr/share/code/code'), ('MANAGERPID', '1619'), ('VSCODE_PYTHON_AUTOACTIVATE_GUARD', '1'), ('DBUS_SESSION_BUS_ADDRESS', 'unix:path=/run/user/1000/bus'), ('COLORTERM', 'truecolor'), ('GIO_LAUNCHED_DESKTOP_FILE_PID', '7910'), ('IM_CONFIG_PHASE', '1'), ('https_proxy', 'http://proxy:3128'), ('COLCON_PREFIX_PATH', '/home/etdisc/Bureau/codef1tenth/install:/home/etdisc/depots/f1tenth/sim_ws/install:/home/etdisc/Desktop/sim_ws/install'), ('ROS_DISTRO', 'galactic'), ('LOGNAME', 'etdisc'), ('http_proxy', 'http://proxy:3128'), ('JOURNAL_STREAM', '8:67595'), ('_', '/usr/bin/colcon'), ('ROS_VERSION', '2'), ('XDG_SESSION_CLASS', 'user'), ('USERNAME', 'etdisc'), ('TERM', 'xterm-256color'), ('GNOME_DESKTOP_SESSION_ID', 'this-is-deprecated'), ('ROS_LOCALHOST_ONLY', '1'), ('WINDOWPATH', '2'), ('PATH', '/snap/bin:/home/etdisc/.local/bin:/opt/ros/galactic/bin:/snap/bin:/home/etdisc/.local/bin:/usr/local/sbin:/usr/local/bin:/usr/sbin:/usr/bin:/sbin:/bin:/usr/games:/usr/local/games:/snap/bin'), ('SESSION_MANAGER', 'local/etdisc-virtual-machine:@/tmp/.ICE-unix/1752,unix/etdisc-virtual-machine:/tmp/.ICE-unix/1752'), ('INVOCATION_ID', '1693c3018a5242c5a146aa8c23bcb88d'), ('XDG_MENU_PREFIX', 'gnome-'), ('XDG_RUNTIME_DIR', '/run/user/1000'), ('GDK_BACKEND', 'x11'), ('DISPLAY', ':0'), ('LANG', 'fr_FR.UTF-8'), ('XDG_CURRENT_DESKTOP', 'Unity'), ('XMODIFIERS', '@im=ibus'), ('XDG_SESSION_DESKTOP', 'ubuntu'), ('XAUTHORITY', '/run/user/1000/gdm/Xauthority'), ('LS_COLORS', 'rs=0:di=01;34:ln=01;36:mh=00:pi=40;33:so=01;35:do=01;35:bd=40;33;01:cd=40;33;01:or=40;31;01:mi=00:su=37;41:sg=30;43:ca=30;41:tw=30;42:ow=34;42:st=37;44:ex=01;32:*.tar=01;31:*.tgz=01;31:*.arc=01;31:*.arj=01;31:*.taz=01;31:*.lha=01;31:*.lz4=01;31:*.lzh=01;31:*.lzma=01;31:*.tlz=01;31:*.txz=01;31:*.tzo=01;31:*.t7z=01;31:*.zip=01;31:*.z=01;31:*.dz=01;31:*.gz=01;31:*.lrz=01;31:*.lz=01;31:*.lzo=01;31:*.xz=01;31:*.zst=01;31:*.tzst=01;31:*.bz2=01;31:*.bz=01;31:*.tbz=01;31:*.tbz2=01;31:*.tz=01;31:*.deb=01;31:*.rpm=01;31:*.jar=01;31:*.war=01;31:*.ear=01;31:*.sar=01;31:*.rar=01;31:*.alz=01;31:*.ace=01;31:*.zoo=01;31:*.cpio=01;31:*.7z=01;31:*.rz=01;31:*.cab=01;31:*.wim=01;31:*.swm=01;31:*.dwm=01;31:*.esd=01;31:*.jpg=01;35:*.jpeg=01;35:*.mjpg=01;35:*.mjpeg=01;35:*.gif=01;35:*.bmp=01;35:*.pbm=01;35:*.pgm=01;35:*.ppm=01;35:*.tga=01;35:*.xbm=01;35:*.xpm=01;35:*.tif=01;35:*.tiff=01;35:*.png=01;35:*.svg=01;35:*.svgz=01;35:*.mng=01;35:*.pcx=01;35:*.mov=01;35:*.mpg=01;35:*.mpeg=01;35:*.m2v=01;35:*.mkv=01;35:*.webm=01;35:*.ogm=01;35:*.mp4=01;35:*.m4v=01;35:*.mp4v=01;35:*.vob=01;35:*.qt=01;35:*.nuv=01;35:*.wmv=01;35:*.asf=01;35:*.rm=01;35:*.rmvb=01;35:*.flc=01;35:*.avi=01;35:*.fli=01;35:*.flv=01;35:*.gl=01;35:*.dl=01;35:*.xcf=01;35:*.xwd=01;35:*.yuv=01;35:*.cgm=01;35:*.emf=01;35:*.ogv=01;35:*.ogx=01;35:*.aac=00;36:*.au=00;36:*.flac=00;36:*.m4a=00;36:*.mid=00;36:*.midi=00;36:*.mka=00;36:*.mp3=00;36:*.mpc=00;36:*.ogg=00;36:*.ra=00;36:*.wav=00;36:*.oga=00;36:*.opus=00;36:*.spx=00;36:*.xspf=00;36:'), ('VSCODE_GIT_IPC_HANDLE', '/run/user/1000/vscode-git-ea9b44a2ba.sock'), ('TERM_PROGRAM', 'vscode'), ('SSH_AUTH_SOCK', '/run/user/1000/keyring/ssh'), ('AMENT_PREFIX_PATH', '/home/etdisc/Bureau/codef1tenth/install/f1_localization:/home/etdisc/depots/f1tenth/sim_ws/install/timer:/home/etdisc/depots/f1tenth/sim_ws/install/strategy:/home/etdisc/depots/f1tenth/sim_ws/install/localisation:/home/etdisc/depots/f1tenth/sim_ws/install/f1tenth_gym_ros:/home/etdisc/depots/f1tenth/sim_ws/install/custom_msgs:/home/etdisc/depots/f1tenth/sim_ws/install/Waypoints:/home/etdisc/depots/f1tenth/sim_ws/install/Simple_algo:/home/etdisc/depots/f1tenth/sim_ws/install/Planif:/home/etdisc/depots/f1tenth/sim_ws/install/Mapping:/home/etdisc/depots/f1tenth/sim_ws/install/AEB:/home/etdisc/Desktop/sim_ws/install/timer:/home/etdisc/Desktop/sim_ws/install/strategy:/home/etdisc/Desktop/sim_ws/install/localisation:/home/etdisc/Desktop/sim_ws/install/f1tenth_gym_ros:/home/etdisc/Desktop/sim_ws/install/custom_msgs:/home/etdisc/Desktop/sim_ws/install/Waypoints:/home/etdisc/Desktop/sim_ws/install/Simple_algo:/home/etdisc/Desktop/sim_ws/install/Planif:/home/etdisc/Desktop/sim_ws/install/Mapping:/home/etdisc/Desktop/sim_ws/install/AEB:/opt/ros/galactic'), ('ORIGINAL_XDG_CURRENT_DESKTOP', 'ubuntu:GNOME'), ('SHELL', '/bin/bash'), ('QT_ACCESSIBILITY', '1'), ('GDMSESSION', 'ubuntu'), ('LESSCLOSE', '/usr/bin/lesspipe %s %s'), ('GPG_AGENT_INFO', '/run/user/1000/gnupg/S.gpg-agent:0:1'), ('GJS_DEBUG_OUTPUT', 'stderr'), ('VSCODE_GIT_ASKPASS_EXTRA_ARGS', ''), ('QT_IM_MODULE', 'ibus'), ('PWD', '/home/etdisc/Bureau/codef1tenth/build/f1_localization'), ('LC_ALL', 'fr_FR.UTF-8'), ('XDG_CONFIG_DIRS', '/etc/xdg/xdg-ubuntu:/etc/xdg'), ('XDG_DATA_DIRS', '/usr/share/ubuntu:/usr/local/share/:/usr/share/:/var/lib/snapd/desktop'), ('PYTHONPATH', '/home/etdisc/depots/f1tenth/sim_ws/install/timer/lib/python3.8/site-packages:/home/etdisc/depots/f1tenth/sim_ws/install/strategy/lib/python3.8/site-packages:/home/etdisc/depots/f1tenth/sim_ws/install/localisation/lib/python3.8/site-packages:/home/etdisc/depots/f1tenth/sim_ws/install/f1tenth_gym_ros/lib/python3.8/site-packages:/home/etdisc/depots/f1tenth/sim_ws/install/custom_msgs/lib/python3.8/site-packages:/home/etdisc/depots/f1tenth/sim_ws/install/Waypoints/lib/python3.8/site-packages:/home/etdisc/depots/f1tenth/sim_ws/install/Simple_algo/lib/python3.8/site-packages:/home/etdisc/depots/f1tenth/sim_ws/install/Planif/lib/python3.8/site-packages:/home/etdisc/depots/f1tenth/sim_ws/install/Mapping/lib/python3.8/site-packages:/home/etdisc/depots/f1tenth/sim_ws/install/AEB/lib/python3.8/site-packages:/home/etdisc/depots/f1tenth/sim_ws/build/timer:/home/etdisc/Desktop/sim_ws/install/timer/lib/python3.8/site-packages:/home/etdisc/depots/f1tenth/sim_ws/build/strategy:/home/etdisc/Desktop/sim_ws/install/strategy/lib/python3.8/site-packages:/home/etdisc/depots/f1tenth/sim_ws/build/localisation:/home/etdisc/Desktop/sim_ws/install/localisation/lib/python3.8/site-packages:/home/etdisc/depots/f1tenth/sim_ws/build/f1tenth_gym_ros:/home/etdisc/Desktop/sim_ws/install/f1tenth_gym_ros/lib/python3.8/site-packages:/home/etdisc/Desktop/sim_ws/install/custom_msgs/lib/python3.8/site-packages:/home/etdisc/depots/f1tenth/sim_ws/build/Waypoints:/home/etdisc/Desktop/sim_ws/install/Waypoints/lib/python3.8/site-packages:/home/etdisc/depots/f1tenth/sim_ws/build/Simple_algo:/home/etdisc/Desktop/sim_ws/install/Simple_algo/lib/python3.8/site-packages:/home/etdisc/depots/f1tenth/sim_ws/build/Planif:/home/etdisc/Desktop/sim_ws/install/Planif/lib/python3.8/site-packages:/home/etdisc/depots/f1tenth/sim_ws/build/Mapping:/home/etdisc/Desktop/sim_ws/install/Mapping/lib/python3.8/site-packages:/home/etdisc/depots/f1tenth/sim_ws/build/AEB:/home/etdisc/Desktop/sim_ws/install/AEB/lib/python3.8/site-packages:/opt/ros/galactic/lib/python3.8/site-packages'), ('HTTP_PROXY', 'http://proxy:3128'), ('COLCON', '1'), ('CMAKE_PREFIX_PATH', '/home/etdisc/Bureau/codef1tenth/install/f1_localization:/home/etdisc/depots/f1tenth/sim_ws/install/custom_msgs:/home/etdisc/Desktop/sim_ws/install/custom_msgs:/home/etdisc/depots/f1tenth/sim_ws/install/timer:/home/etdisc/depots/f1tenth/sim_ws/install/strategy:/home/etdisc/depots/f1tenth/sim_ws/install/localisation:/home/etdisc/depots/f1tenth/sim_ws/install/f1tenth_gym_ros:/home/etdisc/depots/f1tenth/sim_ws/install/Waypoints:/home/etdisc/depots/f1tenth/sim_ws/install/Simple_algo:/home/etdisc/depots/f1tenth/sim_ws/install/Planif:/home/etdisc/depots/f1tenth/sim_ws/install/Mapping:/home/etdisc/depots/f1tenth/sim_ws/install/AEB:/home/etdisc/Desktop/sim_ws/install/timer:/home/etdisc/Desktop/sim_ws/install/strategy:/home/etdisc/Desktop/sim_ws/install/localisation:/home/etdisc/Desktop/sim_ws/install/f1tenth_gym_ros:/home/etdisc/Desktop/sim_ws/install/Waypoints:/home/etdisc/Desktop/sim_ws/install/Simple_algo:/home/etdisc/Desktop/sim_ws/install/Planif:/home/etdisc/Desktop/sim_ws/install/Mapping:/home/etdisc/Desktop/sim_ws/install/AEB:/opt/ros/galactic')]), 'shell': False}
[16.037863] (-) TimerEvent: {}
[16.139722] (-) TimerEvent: {}
[16.146395] (custom_msgs) StdoutLine: {'line': b'-- Found rmw_implementation_cmake: 3.3.1 (/opt/ros/galactic/share/rmw_implementation_cmake/cmake)\n'}
[16.164428] (f1_localization) CommandEnded: {'returncode': 0}
[16.171178] (f1_localization) JobProgress: {'identifier': 'f1_localization', 'progress': 'install'}
[16.171695] (custom_msgs) StdoutLine: {'line': b'-- Found rmw_cyclonedds_cpp: 0.22.6 (/opt/ros/galactic/share/rmw_cyclonedds_cpp/cmake)\n'}
[16.223934] (f1_localization) Command: {'cmd': ['/usr/bin/cmake', '--install', '/home/etdisc/Bureau/codef1tenth/build/f1_localization'], 'cwd': '/home/etdisc/Bureau/codef1tenth/build/f1_localization', 'env': OrderedDict([('GJS_DEBUG_TOPICS', 'JS ERROR;JS LOG'), ('LESSOPEN', '| /usr/bin/lesspipe %s'), ('HTTPS_PROXY', 'http://proxy:3128'), ('USER', 'etdisc'), ('SSH_AGENT_PID', '1717'), ('XDG_SESSION_TYPE', 'x11'), ('GIT_ASKPASS', '/usr/share/code/resources/app/extensions/git/dist/askpass.sh'), ('SHLVL', '1'), ('LD_LIBRARY_PATH', '/home/etdisc/depots/f1tenth/sim_ws/install/custom_msgs/lib:/home/etdisc/Desktop/sim_ws/install/custom_msgs/lib:/usr/lib/x86_64-linux-gnu/gazebo-11/plugins:/opt/ros/galactic/opt/yaml_cpp_vendor/lib:/opt/ros/galactic/opt/rviz_ogre_vendor/lib:/opt/ros/galactic/lib/x86_64-linux-gnu:/opt/ros/galactic/lib'), ('HOME', '/home/etdisc'), ('CHROME_DESKTOP', 'code.desktop'), ('OLDPWD', '/home/etdisc/Bureau/codef1tenth/src'), ('TERM_PROGRAM_VERSION', '1.106.3'), ('DESKTOP_SESSION', 'ubuntu'), ('GIO_LAUNCHED_DESKTOP_FILE', '/usr/share/applications/code.desktop'), ('ROS_PYTHON_VERSION', '3'), ('GNOME_SHELL_SESSION_MODE', 'ubuntu'), ('GTK_MODULES', 'gail:atk-bridge'), ('VSCODE_GIT_ASKPASS_MAIN', '/usr/share/code/resources/app/extensions/git/dist/askpass-main.js'), ('VSCODE_GIT_ASKPASS_NODE', '/usr/share/code/code'), ('MANAGERPID', '1619'), ('VSCODE_PYTHON_AUTOACTIVATE_GUARD', '1'), ('DBUS_SESSION_BUS_ADDRESS', 'unix:path=/run/user/1000/bus'), ('COLORTERM', 'truecolor'), ('GIO_LAUNCHED_DESKTOP_FILE_PID', '7910'), ('IM_CONFIG_PHASE', '1'), ('https_proxy', 'http://proxy:3128'), ('COLCON_PREFIX_PATH', '/home/etdisc/Bureau/codef1tenth/install:/home/etdisc/depots/f1tenth/sim_ws/install:/home/etdisc/Desktop/sim_ws/install'), ('ROS_DISTRO', 'galactic'), ('LOGNAME', 'etdisc'), ('http_proxy', 'http://proxy:3128'), ('JOURNAL_STREAM', '8:67595'), ('_', '/usr/bin/colcon'), ('ROS_VERSION', '2'), ('XDG_SESSION_CLASS', 'user'), ('USERNAME', 'etdisc'), ('TERM', 'xterm-256color'), ('GNOME_DESKTOP_SESSION_ID', 'this-is-deprecated'), ('ROS_LOCALHOST_ONLY', '1'), ('WINDOWPATH', '2'), ('PATH', '/snap/bin:/home/etdisc/.local/bin:/opt/ros/galactic/bin:/snap/bin:/home/etdisc/.local/bin:/usr/local/sbin:/usr/local/bin:/usr/sbin:/usr/bin:/sbin:/bin:/usr/games:/usr/local/games:/snap/bin'), ('SESSION_MANAGER', 'local/etdisc-virtual-machine:@/tmp/.ICE-unix/1752,unix/etdisc-virtual-machine:/tmp/.ICE-unix/1752'), ('INVOCATION_ID', '1693c3018a5242c5a146aa8c23bcb88d'), ('XDG_MENU_PREFIX', 'gnome-'), ('XDG_RUNTIME_DIR', '/run/user/1000'), ('GDK_BACKEND', 'x11'), ('DISPLAY', ':0'), ('LANG', 'fr_FR.UTF-8'), ('XDG_CURRENT_DESKTOP', 'Unity'), ('XMODIFIERS', '@im=ibus'), ('XDG_SESSION_DESKTOP', 'ubuntu'), ('XAUTHORITY', '/run/user/1000/gdm/Xauthority'), ('LS_COLORS', 'rs=0:di=01;34:ln=01;36:mh=00:pi=40;33:so=01;35:do=01;35:bd=40;33;01:cd=40;33;01:or=40;31;01:mi=00:su=37;41:sg=30;43:ca=30;41:tw=30;42:ow=34;42:st=37;44:ex=01;32:*.tar=01;31:*.tgz=01;31:*.arc=01;31:*.arj=01;31:*.taz=01;31:*.lha=01;31:*.lz4=01;31:*.lzh=01;31:*.lzma=01;31:*.tlz=01;31:*.txz=01;31:*.tzo=01;31:*.t7z=01;31:*.zip=01;31:*.z=01;31:*.dz=01;31:*.gz=01;31:*.lrz=01;31:*.lz=01;31:*.lzo=01;31:*.xz=01;31:*.zst=01;31:*.tzst=01;31:*.bz2=01;31:*.bz=01;31:*.tbz=01;31:*.tbz2=01;31:*.tz=01;31:*.deb=01;31:*.rpm=01;31:*.jar=01;31:*.war=01;31:*.ear=01;31:*.sar=01;31:*.rar=01;31:*.alz=01;31:*.ace=01;31:*.zoo=01;31:*.cpio=01;31:*.7z=01;31:*.rz=01;31:*.cab=01;31:*.wim=01;31:*.swm=01;31:*.dwm=01;31:*.esd=01;31:*.jpg=01;35:*.jpeg=01;35:*.mjpg=01;35:*.mjpeg=01;35:*.gif=01;35:*.bmp=01;35:*.pbm=01;35:*.pgm=01;35:*.ppm=01;35:*.tga=01;35:*.xbm=01;35:*.xpm=01;35:*.tif=01;35:*.tiff=01;35:*.png=01;35:*.svg=01;35:*.svgz=01;35:*.mng=01;35:*.pcx=01;35:*.mov=01;35:*.mpg=01;35:*.mpeg=01;35:*.m2v=01;35:*.mkv=01;35:*.webm=01;35:*.ogm=01;35:*.mp4=01;35:*.m4v=01;35:*.mp4v=01;35:*.vob=01;35:*.qt=01;35:*.nuv=01;35:*.wmv=01;35:*.asf=01;35:*.rm=01;35:*.rmvb=01;35:*.flc=01;35:*.avi=01;35:*.fli=01;35:*.flv=01;35:*.gl=01;35:*.dl=01;35:*.xcf=01;35:*.xwd=01;35:*.yuv=01;35:*.cgm=01;35:*.emf=01;35:*.ogv=01;35:*.ogx=01;35:*.aac=00;36:*.au=00;36:*.flac=00;36:*.m4a=00;36:*.mid=00;36:*.midi=00;36:*.mka=00;36:*.mp3=00;36:*.mpc=00;36:*.ogg=00;36:*.ra=00;36:*.wav=00;36:*.oga=00;36:*.opus=00;36:*.spx=00;36:*.xspf=00;36:'), ('VSCODE_GIT_IPC_HANDLE', '/run/user/1000/vscode-git-ea9b44a2ba.sock'), ('TERM_PROGRAM', 'vscode'), ('SSH_AUTH_SOCK', '/run/user/1000/keyring/ssh'), ('AMENT_PREFIX_PATH', '/home/etdisc/Bureau/codef1tenth/install/f1_localization:/home/etdisc/depots/f1tenth/sim_ws/install/timer:/home/etdisc/depots/f1tenth/sim_ws/install/strategy:/home/etdisc/depots/f1tenth/sim_ws/install/localisation:/home/etdisc/depots/f1tenth/sim_ws/install/f1tenth_gym_ros:/home/etdisc/depots/f1tenth/sim_ws/install/custom_msgs:/home/etdisc/depots/f1tenth/sim_ws/install/Waypoints:/home/etdisc/depots/f1tenth/sim_ws/install/Simple_algo:/home/etdisc/depots/f1tenth/sim_ws/install/Planif:/home/etdisc/depots/f1tenth/sim_ws/install/Mapping:/home/etdisc/depots/f1tenth/sim_ws/install/AEB:/home/etdisc/Desktop/sim_ws/install/timer:/home/etdisc/Desktop/sim_ws/install/strategy:/home/etdisc/Desktop/sim_ws/install/localisation:/home/etdisc/Desktop/sim_ws/install/f1tenth_gym_ros:/home/etdisc/Desktop/sim_ws/install/custom_msgs:/home/etdisc/Desktop/sim_ws/install/Waypoints:/home/etdisc/Desktop/sim_ws/install/Simple_algo:/home/etdisc/Desktop/sim_ws/install/Planif:/home/etdisc/Desktop/sim_ws/install/Mapping:/home/etdisc/Desktop/sim_ws/install/AEB:/opt/ros/galactic'), ('ORIGINAL_XDG_CURRENT_DESKTOP', 'ubuntu:GNOME'), ('SHELL', '/bin/bash'), ('QT_ACCESSIBILITY', '1'), ('GDMSESSION', 'ubuntu'), ('LESSCLOSE', '/usr/bin/lesspipe %s %s'), ('GPG_AGENT_INFO', '/run/user/1000/gnupg/S.gpg-agent:0:1'), ('GJS_DEBUG_OUTPUT', 'stderr'), ('VSCODE_GIT_ASKPASS_EXTRA_ARGS', ''), ('QT_IM_MODULE', 'ibus'), ('PWD', '/home/etdisc/Bureau/codef1tenth/build/f1_localization'), ('LC_ALL', 'fr_FR.UTF-8'), ('XDG_CONFIG_DIRS', '/etc/xdg/xdg-ubuntu:/etc/xdg'), ('XDG_DATA_DIRS', '/usr/share/ubuntu:/usr/local/share/:/usr/share/:/var/lib/snapd/desktop'), ('PYTHONPATH', '/home/etdisc/depots/f1tenth/sim_ws/install/timer/lib/python3.8/site-packages:/home/etdisc/depots/f1tenth/sim_ws/install/strategy/lib/python3.8/site-packages:/home/etdisc/depots/f1tenth/sim_ws/install/localisation/lib/python3.8/site-packages:/home/etdisc/depots/f1tenth/sim_ws/install/f1tenth_gym_ros/lib/python3.8/site-packages:/home/etdisc/depots/f1tenth/sim_ws/install/custom_msgs/lib/python3.8/site-packages:/home/etdisc/depots/f1tenth/sim_ws/install/Waypoints/lib/python3.8/site-packages:/home/etdisc/depots/f1tenth/sim_ws/install/Simple_algo/lib/python3.8/site-packages:/home/etdisc/depots/f1tenth/sim_ws/install/Planif/lib/python3.8/site-packages:/home/etdisc/depots/f1tenth/sim_ws/install/Mapping/lib/python3.8/site-packages:/home/etdisc/depots/f1tenth/sim_ws/install/AEB/lib/python3.8/site-packages:/home/etdisc/depots/f1tenth/sim_ws/build/timer:/home/etdisc/Desktop/sim_ws/install/timer/lib/python3.8/site-packages:/home/etdisc/depots/f1tenth/sim_ws/build/strategy:/home/etdisc/Desktop/sim_ws/install/strategy/lib/python3.8/site-packages:/home/etdisc/depots/f1tenth/sim_ws/build/localisation:/home/etdisc/Desktop/sim_ws/install/localisation/lib/python3.8/site-packages:/home/etdisc/depots/f1tenth/sim_ws/build/f1tenth_gym_ros:/home/etdisc/Desktop/sim_ws/install/f1tenth_gym_ros/lib/python3.8/site-packages:/home/etdisc/Desktop/sim_ws/install/custom_msgs/lib/python3.8/site-packages:/home/etdisc/depots/f1tenth/sim_ws/build/Waypoints:/home/etdisc/Desktop/sim_ws/install/Waypoints/lib/python3.8/site-packages:/home/etdisc/depots/f1tenth/sim_ws/build/Simple_algo:/home/etdisc/Desktop/sim_ws/install/Simple_algo/lib/python3.8/site-packages:/home/etdisc/depots/f1tenth/sim_ws/build/Planif:/home/etdisc/Desktop/sim_ws/install/Planif/lib/python3.8/site-packages:/home/etdisc/depots/f1tenth/sim_ws/build/Mapping:/home/etdisc/Desktop/sim_ws/install/Mapping/lib/python3.8/site-packages:/home/etdisc/depots/f1tenth/sim_ws/build/AEB:/home/etdisc/Desktop/sim_ws/install/AEB/lib/python3.8/site-packages:/opt/ros/galactic/lib/python3.8/site-packages'), ('HTTP_PROXY', 'http://proxy:3128'), ('COLCON', '1'), ('CMAKE_PREFIX_PATH', '/home/etdisc/Bureau/codef1tenth/install/f1_localization:/home/etdisc/depots/f1tenth/sim_ws/install/custom_msgs:/home/etdisc/Desktop/sim_ws/install/custom_msgs:/home/etdisc/depots/f1tenth/sim_ws/install/timer:/home/etdisc/depots/f1tenth/sim_ws/install/strategy:/home/etdisc/depots/f1tenth/sim_ws/install/localisation:/home/etdisc/depots/f1tenth/sim_ws/install/f1tenth_gym_ros:/home/etdisc/depots/f1tenth/sim_ws/install/Waypoints:/home/etdisc/depots/f1tenth/sim_ws/install/Simple_algo:/home/etdisc/depots/f1tenth/sim_ws/install/Planif:/home/etdisc/depots/f1tenth/sim_ws/install/Mapping:/home/etdisc/depots/f1tenth/sim_ws/install/AEB:/home/etdisc/Desktop/sim_ws/install/timer:/home/etdisc/Desktop/sim_ws/install/strategy:/home/etdisc/Desktop/sim_ws/install/localisation:/home/etdisc/Desktop/sim_ws/install/f1tenth_gym_ros:/home/etdisc/Desktop/sim_ws/install/Waypoints:/home/etdisc/Desktop/sim_ws/install/Simple_algo:/home/etdisc/Desktop/sim_ws/install/Planif:/home/etdisc/Desktop/sim_ws/install/Mapping:/home/etdisc/Desktop/sim_ws/install/AEB:/opt/ros/galactic')]), 'shell': False}
[16.240466] (-) TimerEvent: {}
[16.250092] (custom_msgs) StdoutLine: {'line': b"-- Using RMW implementation 'rmw_cyclonedds_cpp' as default\n"}
[16.257398] (custom_msgs) StdoutLine: {'line': b'-- Looking for pthread.h\n'}
[16.279294] (f1_localization) StdoutLine: {'line': b'-- Install configuration: ""\n'}
[16.279662] (f1_localization) StdoutLine: {'line': b'-- Execute custom install script\n'}
[16.279853] (f1_localization) StdoutLine: {'line': b'-- Up-to-date symlink: /home/etdisc/Bureau/codef1tenth/install/f1_localization/share/f1_localization/config/ekf.yaml\n'}
[16.281365] (f1_localization) StdoutLine: {'line': b'-- Up-to-date symlink: /home/etdisc/Bureau/codef1tenth/install/f1_localization/share/f1_localization/launch/localization.launch.py\n'}
[16.281741] (f1_localization) StdoutLine: {'line': b'-- Up-to-date symlink: /home/etdisc/Bureau/codef1tenth/install/f1_localization/share/ament_index/resource_index/package_run_dependencies/f1_localization\n'}
[16.291415] (f1_localization) StdoutLine: {'line': b'-- Up-to-date symlink: /home/etdisc/Bureau/codef1tenth/install/f1_localization/share/ament_index/resource_index/parent_prefix_path/f1_localization\n'}
[16.291871] (f1_localization) StdoutLine: {'line': b'-- Up-to-date symlink: /home/etdisc/Bureau/codef1tenth/install/f1_localization/share/f1_localization/environment/ament_prefix_path.sh\n'}
[16.292048] (f1_localization) StdoutLine: {'line': b'-- Up-to-date symlink: /home/etdisc/Bureau/codef1tenth/install/f1_localization/share/f1_localization/environment/ament_prefix_path.dsv\n'}
[16.292169] (f1_localization) StdoutLine: {'line': b'-- Up-to-date symlink: /home/etdisc/Bureau/codef1tenth/install/f1_localization/share/f1_localization/environment/path.sh\n'}
[16.292287] (f1_localization) StdoutLine: {'line': b'-- Up-to-date symlink: /home/etdisc/Bureau/codef1tenth/install/f1_localization/share/f1_localization/environment/path.dsv\n'}
[16.295985] (f1_localization) StdoutLine: {'line': b'-- Up-to-date symlink: /home/etdisc/Bureau/codef1tenth/install/f1_localization/share/f1_localization/local_setup.bash\n'}
[16.296300] (f1_localization) StdoutLine: {'line': b'-- Up-to-date symlink: /home/etdisc/Bureau/codef1tenth/install/f1_localization/share/f1_localization/local_setup.sh\n'}
[16.296530] (f1_localization) StdoutLine: {'line': b'-- Up-to-date symlink: /home/etdisc/Bureau/codef1tenth/install/f1_localization/share/f1_localization/local_setup.zsh\n'}
[16.296723] (f1_localization) StdoutLine: {'line': b'-- Up-to-date symlink: /home/etdisc/Bureau/codef1tenth/install/f1_localization/share/f1_localization/local_setup.dsv\n'}
[16.296971] (f1_localization) StdoutLine: {'line': b'-- Symlinking: /home/etdisc/Bureau/codef1tenth/install/f1_localization/share/f1_localization/package.dsv\n'}
[16.326660] (f1_localization) StdoutLine: {'line': b'-- Up-to-date symlink: /home/etdisc/Bureau/codef1tenth/install/f1_localization/share/ament_index/resource_index/packages/f1_localization\n'}
[16.332682] (f1_localization) StdoutLine: {'line': b'-- Up-to-date symlink: /home/etdisc/Bureau/codef1tenth/install/f1_localization/share/f1_localization/cmake/f1_localizationConfig.cmake\n'}
[16.333512] (f1_localization) StdoutLine: {'line': b'-- Up-to-date symlink: /home/etdisc/Bureau/codef1tenth/install/f1_localization/share/f1_localization/cmake/f1_localizationConfig-version.cmake\n'}
[16.334440] (f1_localization) StdoutLine: {'line': b'-- Up-to-date symlink: /home/etdisc/Bureau/codef1tenth/install/f1_localization/share/f1_localization/package.xml\n'}
[16.335731] (f1_localization) CommandEnded: {'returncode': 0}
[16.340490] (-) TimerEvent: {}
[16.403739] (f1_localization) JobEnded: {'identifier': 'f1_localization', 'rc': 0}
[16.445551] (-) TimerEvent: {}
[16.546104] (-) TimerEvent: {}
[16.646682] (-) TimerEvent: {}
[16.670043] (custom_msgs) StdoutLine: {'line': b'-- Looking for pthread.h - found\n'}
[16.670392] (custom_msgs) StdoutLine: {'line': b'-- Performing Test CMAKE_HAVE_LIBC_PTHREAD\n'}
[16.750383] (-) TimerEvent: {}
[16.851189] (-) TimerEvent: {}
[16.951742] (-) TimerEvent: {}
[17.052348] (-) TimerEvent: {}
[17.069930] (custom_msgs) StdoutLine: {'line': b'-- Performing Test CMAKE_HAVE_LIBC_PTHREAD - Failed\n'}
[17.070347] (custom_msgs) StdoutLine: {'line': b'-- Looking for pthread_create in pthreads\n'}
[17.152550] (-) TimerEvent: {}
[17.253366] (-) TimerEvent: {}
[17.353924] (-) TimerEvent: {}
[17.455095] (-) TimerEvent: {}
[17.493435] (localisation) Command: {'cmd': ['/usr/bin/python3', '-W', 'ignore:setup.py install is deprecated', '-W', 'ignore:easy_install command is deprecated', 'setup.py', 'egg_info', '--egg-base', '../../build/localisation', 'build', '--build-base', '/home/etdisc/Bureau/codef1tenth/build/localisation/build', 'install', '--record', '/home/etdisc/Bureau/codef1tenth/build/localisation/install.log', '--single-version-externally-managed', 'install_data'], 'cwd': '/home/etdisc/Bureau/codef1tenth/src/localisation', 'env': {'GJS_DEBUG_TOPICS': 'JS ERROR;JS LOG', 'LESSOPEN': '| /usr/bin/lesspipe %s', 'HTTPS_PROXY': 'http://proxy:3128', 'USER': 'etdisc', 'SSH_AGENT_PID': '1717', 'XDG_SESSION_TYPE': 'x11', 'GIT_ASKPASS': '/usr/share/code/resources/app/extensions/git/dist/askpass.sh', 'SHLVL': '1', 'LD_LIBRARY_PATH': '/home/etdisc/depots/f1tenth/sim_ws/install/custom_msgs/lib:/home/etdisc/Desktop/sim_ws/install/custom_msgs/lib:/usr/lib/x86_64-linux-gnu/gazebo-11/plugins:/opt/ros/galactic/opt/yaml_cpp_vendor/lib:/opt/ros/galactic/opt/rviz_ogre_vendor/lib:/opt/ros/galactic/lib/x86_64-linux-gnu:/opt/ros/galactic/lib', 'HOME': '/home/etdisc', 'CHROME_DESKTOP': 'code.desktop', 'OLDPWD': '/home/etdisc/Bureau/codef1tenth/src', 'TERM_PROGRAM_VERSION': '1.106.3', 'DESKTOP_SESSION': 'ubuntu', 'GIO_LAUNCHED_DESKTOP_FILE': '/usr/share/applications/code.desktop', 'ROS_PYTHON_VERSION': '3', 'GNOME_SHELL_SESSION_MODE': 'ubuntu', 'GTK_MODULES': 'gail:atk-bridge', 'VSCODE_GIT_ASKPASS_MAIN': '/usr/share/code/resources/app/extensions/git/dist/askpass-main.js', 'VSCODE_GIT_ASKPASS_NODE': '/usr/share/code/code', 'MANAGERPID': '1619', 'VSCODE_PYTHON_AUTOACTIVATE_GUARD': '1', 'DBUS_SESSION_BUS_ADDRESS': 'unix:path=/run/user/1000/bus', 'COLORTERM': 'truecolor', 'GIO_LAUNCHED_DESKTOP_FILE_PID': '7910', 'IM_CONFIG_PHASE': '1', 'https_proxy': 'http://proxy:3128', 'COLCON_PREFIX_PATH': '/home/etdisc/Bureau/codef1tenth/install:/home/etdisc/depots/f1tenth/sim_ws/install:/home/etdisc/Desktop/sim_ws/install', 'ROS_DISTRO': 'galactic', 'LOGNAME': 'etdisc', 'http_proxy': 'http://proxy:3128', 'JOURNAL_STREAM': '8:67595', '_': '/usr/bin/colcon', 'ROS_VERSION': '2', 'XDG_SESSION_CLASS': 'user', 'USERNAME': 'etdisc', 'TERM': 'xterm-256color', 'GNOME_DESKTOP_SESSION_ID': 'this-is-deprecated', 'ROS_LOCALHOST_ONLY': '1', 'WINDOWPATH': '2', 'PATH': '/snap/bin:/home/etdisc/.local/bin:/opt/ros/galactic/bin:/snap/bin:/home/etdisc/.local/bin:/usr/local/sbin:/usr/local/bin:/usr/sbin:/usr/bin:/sbin:/bin:/usr/games:/usr/local/games:/snap/bin', 'SESSION_MANAGER': 'local/etdisc-virtual-machine:@/tmp/.ICE-unix/1752,unix/etdisc-virtual-machine:/tmp/.ICE-unix/1752', 'INVOCATION_ID': '1693c3018a5242c5a146aa8c23bcb88d', 'XDG_MENU_PREFIX': 'gnome-', 'XDG_RUNTIME_DIR': '/run/user/1000', 'GDK_BACKEND': 'x11', 'DISPLAY': ':0', 'LANG': 'fr_FR.UTF-8', 'XDG_CURRENT_DESKTOP': 'Unity', 'XMODIFIERS': '@im=ibus', 'XDG_SESSION_DESKTOP': 'ubuntu', 'XAUTHORITY': '/run/user/1000/gdm/Xauthority', 'LS_COLORS': 'rs=0:di=01;34:ln=01;36:mh=00:pi=40;33:so=01;35:do=01;35:bd=40;33;01:cd=40;33;01:or=40;31;01:mi=00:su=37;41:sg=30;43:ca=30;41:tw=30;42:ow=34;42:st=37;44:ex=01;32:*.tar=01;31:*.tgz=01;31:*.arc=01;31:*.arj=01;31:*.taz=01;31:*.lha=01;31:*.lz4=01;31:*.lzh=01;31:*.lzma=01;31:*.tlz=01;31:*.txz=01;31:*.tzo=01;31:*.t7z=01;31:*.zip=01;31:*.z=01;31:*.dz=01;31:*.gz=01;31:*.lrz=01;31:*.lz=01;31:*.lzo=01;31:*.xz=01;31:*.zst=01;31:*.tzst=01;31:*.bz2=01;31:*.bz=01;31:*.tbz=01;31:*.tbz2=01;31:*.tz=01;31:*.deb=01;31:*.rpm=01;31:*.jar=01;31:*.war=01;31:*.ear=01;31:*.sar=01;31:*.rar=01;31:*.alz=01;31:*.ace=01;31:*.zoo=01;31:*.cpio=01;31:*.7z=01;31:*.rz=01;31:*.cab=01;31:*.wim=01;31:*.swm=01;31:*.dwm=01;31:*.esd=01;31:*.jpg=01;35:*.jpeg=01;35:*.mjpg=01;35:*.mjpeg=01;35:*.gif=01;35:*.bmp=01;35:*.pbm=01;35:*.pgm=01;35:*.ppm=01;35:*.tga=01;35:*.xbm=01;35:*.xpm=01;35:*.tif=01;35:*.tiff=01;35:*.png=01;35:*.svg=01;35:*.svgz=01;35:*.mng=01;35:*.pcx=01;35:*.mov=01;35:*.mpg=01;35:*.mpeg=01;35:*.m2v=01;35:*.mkv=01;35:*.webm=01;35:*.ogm=01;35:*.mp4=01;35:*.m4v=01;35:*.mp4v=01;35:*.vob=01;35:*.qt=01;35:*.nuv=01;35:*.wmv=01;35:*.asf=01;35:*.rm=01;35:*.rmvb=01;35:*.flc=01;35:*.avi=01;35:*.fli=01;35:*.flv=01;35:*.gl=01;35:*.dl=01;35:*.xcf=01;35:*.xwd=01;35:*.yuv=01;35:*.cgm=01;35:*.emf=01;35:*.ogv=01;35:*.ogx=01;35:*.aac=00;36:*.au=00;36:*.flac=00;36:*.m4a=00;36:*.mid=00;36:*.midi=00;36:*.mka=00;36:*.mp3=00;36:*.mpc=00;36:*.ogg=00;36:*.ra=00;36:*.wav=00;36:*.oga=00;36:*.opus=00;36:*.spx=00;36:*.xspf=00;36:', 'VSCODE_GIT_IPC_HANDLE': '/run/user/1000/vscode-git-ea9b44a2ba.sock', 'TERM_PROGRAM': 'vscode', 'SSH_AUTH_SOCK': '/run/user/1000/keyring/ssh', 'AMENT_PREFIX_PATH': '/home/etdisc/Bureau/codef1tenth/install/f1_localization:/home/etdisc/depots/f1tenth/sim_ws/install/timer:/home/etdisc/depots/f1tenth/sim_ws/install/strategy:/home/etdisc/depots/f1tenth/sim_ws/install/localisation:/home/etdisc/depots/f1tenth/sim_ws/install/f1tenth_gym_ros:/home/etdisc/depots/f1tenth/sim_ws/install/custom_msgs:/home/etdisc/depots/f1tenth/sim_ws/install/Waypoints:/home/etdisc/depots/f1tenth/sim_ws/install/Simple_algo:/home/etdisc/depots/f1tenth/sim_ws/install/Planif:/home/etdisc/depots/f1tenth/sim_ws/install/Mapping:/home/etdisc/depots/f1tenth/sim_ws/install/AEB:/home/etdisc/Desktop/sim_ws/install/timer:/home/etdisc/Desktop/sim_ws/install/strategy:/home/etdisc/Desktop/sim_ws/install/localisation:/home/etdisc/Desktop/sim_ws/install/f1tenth_gym_ros:/home/etdisc/Desktop/sim_ws/install/custom_msgs:/home/etdisc/Desktop/sim_ws/install/Waypoints:/home/etdisc/Desktop/sim_ws/install/Simple_algo:/home/etdisc/Desktop/sim_ws/install/Planif:/home/etdisc/Desktop/sim_ws/install/Mapping:/home/etdisc/Desktop/sim_ws/install/AEB:/opt/ros/galactic', 'ORIGINAL_XDG_CURRENT_DESKTOP': 'ubuntu:GNOME', 'SHELL': '/bin/bash', 'QT_ACCESSIBILITY': '1', 'GDMSESSION': 'ubuntu', 'LESSCLOSE': '/usr/bin/lesspipe %s %s', 'GPG_AGENT_INFO': '/run/user/1000/gnupg/S.gpg-agent:0:1', 'GJS_DEBUG_OUTPUT': 'stderr', 'VSCODE_GIT_ASKPASS_EXTRA_ARGS': '', 'QT_IM_MODULE': 'ibus', 'PWD': '/home/etdisc/Bureau/codef1tenth/build/localisation', 'LC_ALL': 'fr_FR.UTF-8', 'XDG_CONFIG_DIRS': '/etc/xdg/xdg-ubuntu:/etc/xdg', 'XDG_DATA_DIRS': '/usr/share/ubuntu:/usr/local/share/:/usr/share/:/var/lib/snapd/desktop', 'PYTHONPATH': '/home/etdisc/Bureau/codef1tenth/build/localisation/prefix_override:/usr/lib/python3/dist-packages/colcon_core/task/python/colcon_distutils_commands:/home/etdisc/Bureau/codef1tenth/install/localisation/lib/python3.8/site-packages:/home/etdisc/depots/f1tenth/sim_ws/install/timer/lib/python3.8/site-packages:/home/etdisc/depots/f1tenth/sim_ws/install/strategy/lib/python3.8/site-packages:/home/etdisc/depots/f1tenth/sim_ws/install/localisation/lib/python3.8/site-packages:/home/etdisc/depots/f1tenth/sim_ws/install/f1tenth_gym_ros/lib/python3.8/site-packages:/home/etdisc/depots/f1tenth/sim_ws/install/custom_msgs/lib/python3.8/site-packages:/home/etdisc/depots/f1tenth/sim_ws/install/Waypoints/lib/python3.8/site-packages:/home/etdisc/depots/f1tenth/sim_ws/install/Simple_algo/lib/python3.8/site-packages:/home/etdisc/depots/f1tenth/sim_ws/install/Planif/lib/python3.8/site-packages:/home/etdisc/depots/f1tenth/sim_ws/install/Mapping/lib/python3.8/site-packages:/home/etdisc/depots/f1tenth/sim_ws/install/AEB/lib/python3.8/site-packages:/home/etdisc/depots/f1tenth/sim_ws/build/timer:/home/etdisc/Desktop/sim_ws/install/timer/lib/python3.8/site-packages:/home/etdisc/depots/f1tenth/sim_ws/build/strategy:/home/etdisc/Desktop/sim_ws/install/strategy/lib/python3.8/site-packages:/home/etdisc/depots/f1tenth/sim_ws/build/localisation:/home/etdisc/Desktop/sim_ws/install/localisation/lib/python3.8/site-packages:/home/etdisc/depots/f1tenth/sim_ws/build/f1tenth_gym_ros:/home/etdisc/Desktop/sim_ws/install/f1tenth_gym_ros/lib/python3.8/site-packages:/home/etdisc/Desktop/sim_ws/install/custom_msgs/lib/python3.8/site-packages:/home/etdisc/depots/f1tenth/sim_ws/build/Waypoints:/home/etdisc/Desktop/sim_ws/install/Waypoints/lib/python3.8/site-packages:/home/etdisc/depots/f1tenth/sim_ws/build/Simple_algo:/home/etdisc/Desktop/sim_ws/install/Simple_algo/lib/python3.8/site-packages:/home/etdisc/depots/f1tenth/sim_ws/build/Planif:/home/etdisc/Desktop/sim_ws/install/Planif/lib/python3.8/site-packages:/home/etdisc/depots/f1tenth/sim_ws/build/Mapping:/home/etdisc/Desktop/sim_ws/install/Mapping/lib/python3.8/site-packages:/home/etdisc/depots/f1tenth/sim_ws/build/AEB:/home/etdisc/Desktop/sim_ws/install/AEB/lib/python3.8/site-packages:/opt/ros/galactic/lib/python3.8/site-packages', 'HTTP_PROXY': 'http://proxy:3128', 'COLCON': '1', 'CMAKE_PREFIX_PATH': '/home/etdisc/Bureau/codef1tenth/install/f1_localization:/home/etdisc/depots/f1tenth/sim_ws/install/custom_msgs:/home/etdisc/Desktop/sim_ws/install/custom_msgs'}, 'shell': False}
[17.555674] (-) TimerEvent: {}
[17.557144] (custom_msgs) StdoutLine: {'line': b'-- Looking for pthread_create in pthreads - not found\n'}
[17.558862] (custom_msgs) StdoutLine: {'line': b'-- Looking for pthread_create in pthread\n'}
[17.560490] (strategy) Command: {'cmd': ['/usr/bin/python3', '-W', 'ignore:setup.py install is deprecated', '-W', 'ignore:easy_install command is deprecated', 'setup.py', 'egg_info', '--egg-base', '../../build/strategy', 'build', '--build-base', '/home/etdisc/Bureau/codef1tenth/build/strategy/build', 'install', '--record', '/home/etdisc/Bureau/codef1tenth/build/strategy/install.log', '--single-version-externally-managed', 'install_data'], 'cwd': '/home/etdisc/Bureau/codef1tenth/src/strategy', 'env': {'GJS_DEBUG_TOPICS': 'JS ERROR;JS LOG', 'LESSOPEN': '| /usr/bin/lesspipe %s', 'HTTPS_PROXY': 'http://proxy:3128', 'USER': 'etdisc', 'SSH_AGENT_PID': '1717', 'XDG_SESSION_TYPE': 'x11', 'GIT_ASKPASS': '/usr/share/code/resources/app/extensions/git/dist/askpass.sh', 'SHLVL': '1', 'LD_LIBRARY_PATH': '/home/etdisc/depots/f1tenth/sim_ws/install/custom_msgs/lib:/home/etdisc/Desktop/sim_ws/install/custom_msgs/lib:/usr/lib/x86_64-linux-gnu/gazebo-11/plugins:/opt/ros/galactic/opt/yaml_cpp_vendor/lib:/opt/ros/galactic/opt/rviz_ogre_vendor/lib:/opt/ros/galactic/lib/x86_64-linux-gnu:/opt/ros/galactic/lib', 'HOME': '/home/etdisc', 'CHROME_DESKTOP': 'code.desktop', 'OLDPWD': '/home/etdisc/Bureau/codef1tenth/src', 'TERM_PROGRAM_VERSION': '1.106.3', 'DESKTOP_SESSION': 'ubuntu', 'GIO_LAUNCHED_DESKTOP_FILE': '/usr/share/applications/code.desktop', 'ROS_PYTHON_VERSION': '3', 'GNOME_SHELL_SESSION_MODE': 'ubuntu', 'GTK_MODULES': 'gail:atk-bridge', 'VSCODE_GIT_ASKPASS_MAIN': '/usr/share/code/resources/app/extensions/git/dist/askpass-main.js', 'VSCODE_GIT_ASKPASS_NODE': '/usr/share/code/code', 'MANAGERPID': '1619', 'VSCODE_PYTHON_AUTOACTIVATE_GUARD': '1', 'DBUS_SESSION_BUS_ADDRESS': 'unix:path=/run/user/1000/bus', 'COLORTERM': 'truecolor', 'GIO_LAUNCHED_DESKTOP_FILE_PID': '7910', 'IM_CONFIG_PHASE': '1', 'https_proxy': 'http://proxy:3128', 'COLCON_PREFIX_PATH': '/home/etdisc/Bureau/codef1tenth/install:/home/etdisc/depots/f1tenth/sim_ws/install:/home/etdisc/Desktop/sim_ws/install', 'ROS_DISTRO': 'galactic', 'LOGNAME': 'etdisc', 'http_proxy': 'http://proxy:3128', 'JOURNAL_STREAM': '8:67595', '_': '/usr/bin/colcon', 'ROS_VERSION': '2', 'XDG_SESSION_CLASS': 'user', 'USERNAME': 'etdisc', 'TERM': 'xterm-256color', 'GNOME_DESKTOP_SESSION_ID': 'this-is-deprecated', 'ROS_LOCALHOST_ONLY': '1', 'WINDOWPATH': '2', 'PATH': '/snap/bin:/home/etdisc/.local/bin:/opt/ros/galactic/bin:/snap/bin:/home/etdisc/.local/bin:/usr/local/sbin:/usr/local/bin:/usr/sbin:/usr/bin:/sbin:/bin:/usr/games:/usr/local/games:/snap/bin', 'SESSION_MANAGER': 'local/etdisc-virtual-machine:@/tmp/.ICE-unix/1752,unix/etdisc-virtual-machine:/tmp/.ICE-unix/1752', 'INVOCATION_ID': '1693c3018a5242c5a146aa8c23bcb88d', 'XDG_MENU_PREFIX': 'gnome-', 'XDG_RUNTIME_DIR': '/run/user/1000', 'GDK_BACKEND': 'x11', 'DISPLAY': ':0', 'LANG': 'fr_FR.UTF-8', 'XDG_CURRENT_DESKTOP': 'Unity', 'XMODIFIERS': '@im=ibus', 'XDG_SESSION_DESKTOP': 'ubuntu', 'XAUTHORITY': '/run/user/1000/gdm/Xauthority', 'LS_COLORS': 'rs=0:di=01;34:ln=01;36:mh=00:pi=40;33:so=01;35:do=01;35:bd=40;33;01:cd=40;33;01:or=40;31;01:mi=00:su=37;41:sg=30;43:ca=30;41:tw=30;42:ow=34;42:st=37;44:ex=01;32:*.tar=01;31:*.tgz=01;31:*.arc=01;31:*.arj=01;31:*.taz=01;31:*.lha=01;31:*.lz4=01;31:*.lzh=01;31:*.lzma=01;31:*.tlz=01;31:*.txz=01;31:*.tzo=01;31:*.t7z=01;31:*.zip=01;31:*.z=01;31:*.dz=01;31:*.gz=01;31:*.lrz=01;31:*.lz=01;31:*.lzo=01;31:*.xz=01;31:*.zst=01;31:*.tzst=01;31:*.bz2=01;31:*.bz=01;31:*.tbz=01;31:*.tbz2=01;31:*.tz=01;31:*.deb=01;31:*.rpm=01;31:*.jar=01;31:*.war=01;31:*.ear=01;31:*.sar=01;31:*.rar=01;31:*.alz=01;31:*.ace=01;31:*.zoo=01;31:*.cpio=01;31:*.7z=01;31:*.rz=01;31:*.cab=01;31:*.wim=01;31:*.swm=01;31:*.dwm=01;31:*.esd=01;31:*.jpg=01;35:*.jpeg=01;35:*.mjpg=01;35:*.mjpeg=01;35:*.gif=01;35:*.bmp=01;35:*.pbm=01;35:*.pgm=01;35:*.ppm=01;35:*.tga=01;35:*.xbm=01;35:*.xpm=01;35:*.tif=01;35:*.tiff=01;35:*.png=01;35:*.svg=01;35:*.svgz=01;35:*.mng=01;35:*.pcx=01;35:*.mov=01;35:*.mpg=01;35:*.mpeg=01;35:*.m2v=01;35:*.mkv=01;35:*.webm=01;35:*.ogm=01;35:*.mp4=01;35:*.m4v=01;35:*.mp4v=01;35:*.vob=01;35:*.qt=01;35:*.nuv=01;35:*.wmv=01;35:*.asf=01;35:*.rm=01;35:*.rmvb=01;35:*.flc=01;35:*.avi=01;35:*.fli=01;35:*.flv=01;35:*.gl=01;35:*.dl=01;35:*.xcf=01;35:*.xwd=01;35:*.yuv=01;35:*.cgm=01;35:*.emf=01;35:*.ogv=01;35:*.ogx=01;35:*.aac=00;36:*.au=00;36:*.flac=00;36:*.m4a=00;36:*.mid=00;36:*.midi=00;36:*.mka=00;36:*.mp3=00;36:*.mpc=00;36:*.ogg=00;36:*.ra=00;36:*.wav=00;36:*.oga=00;36:*.opus=00;36:*.spx=00;36:*.xspf=00;36:', 'VSCODE_GIT_IPC_HANDLE': '/run/user/1000/vscode-git-ea9b44a2ba.sock', 'TERM_PROGRAM': 'vscode', 'SSH_AUTH_SOCK': '/run/user/1000/keyring/ssh', 'AMENT_PREFIX_PATH': '/home/etdisc/Bureau/codef1tenth/install/f1_localization:/home/etdisc/depots/f1tenth/sim_ws/install/timer:/home/etdisc/depots/f1tenth/sim_ws/install/strategy:/home/etdisc/depots/f1tenth/sim_ws/install/localisation:/home/etdisc/depots/f1tenth/sim_ws/install/f1tenth_gym_ros:/home/etdisc/depots/f1tenth/sim_ws/install/custom_msgs:/home/etdisc/depots/f1tenth/sim_ws/install/Waypoints:/home/etdisc/depots/f1tenth/sim_ws/install/Simple_algo:/home/etdisc/depots/f1tenth/sim_ws/install/Planif:/home/etdisc/depots/f1tenth/sim_ws/install/Mapping:/home/etdisc/depots/f1tenth/sim_ws/install/AEB:/home/etdisc/Desktop/sim_ws/install/timer:/home/etdisc/Desktop/sim_ws/install/strategy:/home/etdisc/Desktop/sim_ws/install/localisation:/home/etdisc/Desktop/sim_ws/install/f1tenth_gym_ros:/home/etdisc/Desktop/sim_ws/install/custom_msgs:/home/etdisc/Desktop/sim_ws/install/Waypoints:/home/etdisc/Desktop/sim_ws/install/Simple_algo:/home/etdisc/Desktop/sim_ws/install/Planif:/home/etdisc/Desktop/sim_ws/install/Mapping:/home/etdisc/Desktop/sim_ws/install/AEB:/opt/ros/galactic', 'ORIGINAL_XDG_CURRENT_DESKTOP': 'ubuntu:GNOME', 'SHELL': '/bin/bash', 'QT_ACCESSIBILITY': '1', 'GDMSESSION': 'ubuntu', 'LESSCLOSE': '/usr/bin/lesspipe %s %s', 'GPG_AGENT_INFO': '/run/user/1000/gnupg/S.gpg-agent:0:1', 'GJS_DEBUG_OUTPUT': 'stderr', 'VSCODE_GIT_ASKPASS_EXTRA_ARGS': '', 'QT_IM_MODULE': 'ibus', 'PWD': '/home/etdisc/Bureau/codef1tenth/build/strategy', 'LC_ALL': 'fr_FR.UTF-8', 'XDG_CONFIG_DIRS': '/etc/xdg/xdg-ubuntu:/etc/xdg', 'XDG_DATA_DIRS': '/usr/share/ubuntu:/usr/local/share/:/usr/share/:/var/lib/snapd/desktop', 'PYTHONPATH': '/home/etdisc/Bureau/codef1tenth/build/strategy/prefix_override:/usr/lib/python3/dist-packages/colcon_core/task/python/colcon_distutils_commands:/home/etdisc/Bureau/codef1tenth/install/strategy/lib/python3.8/site-packages:/home/etdisc/depots/f1tenth/sim_ws/install/timer/lib/python3.8/site-packages:/home/etdisc/depots/f1tenth/sim_ws/install/strategy/lib/python3.8/site-packages:/home/etdisc/depots/f1tenth/sim_ws/install/localisation/lib/python3.8/site-packages:/home/etdisc/depots/f1tenth/sim_ws/install/f1tenth_gym_ros/lib/python3.8/site-packages:/home/etdisc/depots/f1tenth/sim_ws/install/custom_msgs/lib/python3.8/site-packages:/home/etdisc/depots/f1tenth/sim_ws/install/Waypoints/lib/python3.8/site-packages:/home/etdisc/depots/f1tenth/sim_ws/install/Simple_algo/lib/python3.8/site-packages:/home/etdisc/depots/f1tenth/sim_ws/install/Planif/lib/python3.8/site-packages:/home/etdisc/depots/f1tenth/sim_ws/install/Mapping/lib/python3.8/site-packages:/home/etdisc/depots/f1tenth/sim_ws/install/AEB/lib/python3.8/site-packages:/home/etdisc/depots/f1tenth/sim_ws/build/timer:/home/etdisc/Desktop/sim_ws/install/timer/lib/python3.8/site-packages:/home/etdisc/depots/f1tenth/sim_ws/build/strategy:/home/etdisc/Desktop/sim_ws/install/strategy/lib/python3.8/site-packages:/home/etdisc/depots/f1tenth/sim_ws/build/localisation:/home/etdisc/Desktop/sim_ws/install/localisation/lib/python3.8/site-packages:/home/etdisc/depots/f1tenth/sim_ws/build/f1tenth_gym_ros:/home/etdisc/Desktop/sim_ws/install/f1tenth_gym_ros/lib/python3.8/site-packages:/home/etdisc/Desktop/sim_ws/install/custom_msgs/lib/python3.8/site-packages:/home/etdisc/depots/f1tenth/sim_ws/build/Waypoints:/home/etdisc/Desktop/sim_ws/install/Waypoints/lib/python3.8/site-packages:/home/etdisc/depots/f1tenth/sim_ws/build/Simple_algo:/home/etdisc/Desktop/sim_ws/install/Simple_algo/lib/python3.8/site-packages:/home/etdisc/depots/f1tenth/sim_ws/build/Planif:/home/etdisc/Desktop/sim_ws/install/Planif/lib/python3.8/site-packages:/home/etdisc/depots/f1tenth/sim_ws/build/Mapping:/home/etdisc/Desktop/sim_ws/install/Mapping/lib/python3.8/site-packages:/home/etdisc/depots/f1tenth/sim_ws/build/AEB:/home/etdisc/Desktop/sim_ws/install/AEB/lib/python3.8/site-packages:/opt/ros/galactic/lib/python3.8/site-packages', 'HTTP_PROXY': 'http://proxy:3128', 'COLCON': '1', 'CMAKE_PREFIX_PATH': '/home/etdisc/Bureau/codef1tenth/install/f1_localization:/home/etdisc/depots/f1tenth/sim_ws/install/custom_msgs:/home/etdisc/Desktop/sim_ws/install/custom_msgs'}, 'shell': False}
[17.655929] (-) TimerEvent: {}
[17.706405] (timer) Command: {'cmd': ['/usr/bin/python3', '-W', 'ignore:setup.py install is deprecated', '-W', 'ignore:easy_install command is deprecated', 'setup.py', 'egg_info', '--egg-base', '../../build/timer', 'build', '--build-base', '/home/etdisc/Bureau/codef1tenth/build/timer/build', 'install', '--record', '/home/etdisc/Bureau/codef1tenth/build/timer/install.log', '--single-version-externally-managed', 'install_data'], 'cwd': '/home/etdisc/Bureau/codef1tenth/src/timer', 'env': {'GJS_DEBUG_TOPICS': 'JS ERROR;JS LOG', 'LESSOPEN': '| /usr/bin/lesspipe %s', 'HTTPS_PROXY': 'http://proxy:3128', 'USER': 'etdisc', 'SSH_AGENT_PID': '1717', 'XDG_SESSION_TYPE': 'x11', 'GIT_ASKPASS': '/usr/share/code/resources/app/extensions/git/dist/askpass.sh', 'SHLVL': '1', 'LD_LIBRARY_PATH': '/home/etdisc/depots/f1tenth/sim_ws/install/custom_msgs/lib:/home/etdisc/Desktop/sim_ws/install/custom_msgs/lib:/usr/lib/x86_64-linux-gnu/gazebo-11/plugins:/opt/ros/galactic/opt/yaml_cpp_vendor/lib:/opt/ros/galactic/opt/rviz_ogre_vendor/lib:/opt/ros/galactic/lib/x86_64-linux-gnu:/opt/ros/galactic/lib', 'HOME': '/home/etdisc', 'CHROME_DESKTOP': 'code.desktop', 'OLDPWD': '/home/etdisc/Bureau/codef1tenth/src', 'TERM_PROGRAM_VERSION': '1.106.3', 'DESKTOP_SESSION': 'ubuntu', 'GIO_LAUNCHED_DESKTOP_FILE': '/usr/share/applications/code.desktop', 'ROS_PYTHON_VERSION': '3', 'GNOME_SHELL_SESSION_MODE': 'ubuntu', 'GTK_MODULES': 'gail:atk-bridge', 'VSCODE_GIT_ASKPASS_MAIN': '/usr/share/code/resources/app/extensions/git/dist/askpass-main.js', 'VSCODE_GIT_ASKPASS_NODE': '/usr/share/code/code', 'MANAGERPID': '1619', 'VSCODE_PYTHON_AUTOACTIVATE_GUARD': '1', 'DBUS_SESSION_BUS_ADDRESS': 'unix:path=/run/user/1000/bus', 'COLORTERM': 'truecolor', 'GIO_LAUNCHED_DESKTOP_FILE_PID': '7910', 'IM_CONFIG_PHASE': '1', 'https_proxy': 'http://proxy:3128', 'COLCON_PREFIX_PATH': '/home/etdisc/Bureau/codef1tenth/install:/home/etdisc/depots/f1tenth/sim_ws/install:/home/etdisc/Desktop/sim_ws/install', 'ROS_DISTRO': 'galactic', 'LOGNAME': 'etdisc', 'http_proxy': 'http://proxy:3128', 'JOURNAL_STREAM': '8:67595', '_': '/usr/bin/colcon', 'ROS_VERSION': '2', 'XDG_SESSION_CLASS': 'user', 'USERNAME': 'etdisc', 'TERM': 'xterm-256color', 'GNOME_DESKTOP_SESSION_ID': 'this-is-deprecated', 'ROS_LOCALHOST_ONLY': '1', 'WINDOWPATH': '2', 'PATH': '/snap/bin:/home/etdisc/.local/bin:/opt/ros/galactic/bin:/snap/bin:/home/etdisc/.local/bin:/usr/local/sbin:/usr/local/bin:/usr/sbin:/usr/bin:/sbin:/bin:/usr/games:/usr/local/games:/snap/bin', 'SESSION_MANAGER': 'local/etdisc-virtual-machine:@/tmp/.ICE-unix/1752,unix/etdisc-virtual-machine:/tmp/.ICE-unix/1752', 'INVOCATION_ID': '1693c3018a5242c5a146aa8c23bcb88d', 'XDG_MENU_PREFIX': 'gnome-', 'XDG_RUNTIME_DIR': '/run/user/1000', 'GDK_BACKEND': 'x11', 'DISPLAY': ':0', 'LANG': 'fr_FR.UTF-8', 'XDG_CURRENT_DESKTOP': 'Unity', 'XMODIFIERS': '@im=ibus', 'XDG_SESSION_DESKTOP': 'ubuntu', 'XAUTHORITY': '/run/user/1000/gdm/Xauthority', 'LS_COLORS': 'rs=0:di=01;34:ln=01;36:mh=00:pi=40;33:so=01;35:do=01;35:bd=40;33;01:cd=40;33;01:or=40;31;01:mi=00:su=37;41:sg=30;43:ca=30;41:tw=30;42:ow=34;42:st=37;44:ex=01;32:*.tar=01;31:*.tgz=01;31:*.arc=01;31:*.arj=01;31:*.taz=01;31:*.lha=01;31:*.lz4=01;31:*.lzh=01;31:*.lzma=01;31:*.tlz=01;31:*.txz=01;31:*.tzo=01;31:*.t7z=01;31:*.zip=01;31:*.z=01;31:*.dz=01;31:*.gz=01;31:*.lrz=01;31:*.lz=01;31:*.lzo=01;31:*.xz=01;31:*.zst=01;31:*.tzst=01;31:*.bz2=01;31:*.bz=01;31:*.tbz=01;31:*.tbz2=01;31:*.tz=01;31:*.deb=01;31:*.rpm=01;31:*.jar=01;31:*.war=01;31:*.ear=01;31:*.sar=01;31:*.rar=01;31:*.alz=01;31:*.ace=01;31:*.zoo=01;31:*.cpio=01;31:*.7z=01;31:*.rz=01;31:*.cab=01;31:*.wim=01;31:*.swm=01;31:*.dwm=01;31:*.esd=01;31:*.jpg=01;35:*.jpeg=01;35:*.mjpg=01;35:*.mjpeg=01;35:*.gif=01;35:*.bmp=01;35:*.pbm=01;35:*.pgm=01;35:*.ppm=01;35:*.tga=01;35:*.xbm=01;35:*.xpm=01;35:*.tif=01;35:*.tiff=01;35:*.png=01;35:*.svg=01;35:*.svgz=01;35:*.mng=01;35:*.pcx=01;35:*.mov=01;35:*.mpg=01;35:*.mpeg=01;35:*.m2v=01;35:*.mkv=01;35:*.webm=01;35:*.ogm=01;35:*.mp4=01;35:*.m4v=01;35:*.mp4v=01;35:*.vob=01;35:*.qt=01;35:*.nuv=01;35:*.wmv=01;35:*.asf=01;35:*.rm=01;35:*.rmvb=01;35:*.flc=01;35:*.avi=01;35:*.fli=01;35:*.flv=01;35:*.gl=01;35:*.dl=01;35:*.xcf=01;35:*.xwd=01;35:*.yuv=01;35:*.cgm=01;35:*.emf=01;35:*.ogv=01;35:*.ogx=01;35:*.aac=00;36:*.au=00;36:*.flac=00;36:*.m4a=00;36:*.mid=00;36:*.midi=00;36:*.mka=00;36:*.mp3=00;36:*.mpc=00;36:*.ogg=00;36:*.ra=00;36:*.wav=00;36:*.oga=00;36:*.opus=00;36:*.spx=00;36:*.xspf=00;36:', 'VSCODE_GIT_IPC_HANDLE': '/run/user/1000/vscode-git-ea9b44a2ba.sock', 'TERM_PROGRAM': 'vscode', 'SSH_AUTH_SOCK': '/run/user/1000/keyring/ssh', 'AMENT_PREFIX_PATH': '/home/etdisc/Bureau/codef1tenth/install/f1_localization:/home/etdisc/depots/f1tenth/sim_ws/install/timer:/home/etdisc/depots/f1tenth/sim_ws/install/strategy:/home/etdisc/depots/f1tenth/sim_ws/install/localisation:/home/etdisc/depots/f1tenth/sim_ws/install/f1tenth_gym_ros:/home/etdisc/depots/f1tenth/sim_ws/install/custom_msgs:/home/etdisc/depots/f1tenth/sim_ws/install/Waypoints:/home/etdisc/depots/f1tenth/sim_ws/install/Simple_algo:/home/etdisc/depots/f1tenth/sim_ws/install/Planif:/home/etdisc/depots/f1tenth/sim_ws/install/Mapping:/home/etdisc/depots/f1tenth/sim_ws/install/AEB:/home/etdisc/Desktop/sim_ws/install/timer:/home/etdisc/Desktop/sim_ws/install/strategy:/home/etdisc/Desktop/sim_ws/install/localisation:/home/etdisc/Desktop/sim_ws/install/f1tenth_gym_ros:/home/etdisc/Desktop/sim_ws/install/custom_msgs:/home/etdisc/Desktop/sim_ws/install/Waypoints:/home/etdisc/Desktop/sim_ws/install/Simple_algo:/home/etdisc/Desktop/sim_ws/install/Planif:/home/etdisc/Desktop/sim_ws/install/Mapping:/home/etdisc/Desktop/sim_ws/install/AEB:/opt/ros/galactic', 'ORIGINAL_XDG_CURRENT_DESKTOP': 'ubuntu:GNOME', 'SHELL': '/bin/bash', 'QT_ACCESSIBILITY': '1', 'GDMSESSION': 'ubuntu', 'LESSCLOSE': '/usr/bin/lesspipe %s %s', 'GPG_AGENT_INFO': '/run/user/1000/gnupg/S.gpg-agent:0:1', 'GJS_DEBUG_OUTPUT': 'stderr', 'VSCODE_GIT_ASKPASS_EXTRA_ARGS': '', 'QT_IM_MODULE': 'ibus', 'PWD': '/home/etdisc/Bureau/codef1tenth/build/timer', 'LC_ALL': 'fr_FR.UTF-8', 'XDG_CONFIG_DIRS': '/etc/xdg/xdg-ubuntu:/etc/xdg', 'XDG_DATA_DIRS': '/usr/share/ubuntu:/usr/local/share/:/usr/share/:/var/lib/snapd/desktop', 'PYTHONPATH': '/home/etdisc/Bureau/codef1tenth/build/timer/prefix_override:/usr/lib/python3/dist-packages/colcon_core/task/python/colcon_distutils_commands:/home/etdisc/Bureau/codef1tenth/install/timer/lib/python3.8/site-packages:/home/etdisc/depots/f1tenth/sim_ws/install/timer/lib/python3.8/site-packages:/home/etdisc/depots/f1tenth/sim_ws/install/strategy/lib/python3.8/site-packages:/home/etdisc/depots/f1tenth/sim_ws/install/localisation/lib/python3.8/site-packages:/home/etdisc/depots/f1tenth/sim_ws/install/f1tenth_gym_ros/lib/python3.8/site-packages:/home/etdisc/depots/f1tenth/sim_ws/install/custom_msgs/lib/python3.8/site-packages:/home/etdisc/depots/f1tenth/sim_ws/install/Waypoints/lib/python3.8/site-packages:/home/etdisc/depots/f1tenth/sim_ws/install/Simple_algo/lib/python3.8/site-packages:/home/etdisc/depots/f1tenth/sim_ws/install/Planif/lib/python3.8/site-packages:/home/etdisc/depots/f1tenth/sim_ws/install/Mapping/lib/python3.8/site-packages:/home/etdisc/depots/f1tenth/sim_ws/install/AEB/lib/python3.8/site-packages:/home/etdisc/depots/f1tenth/sim_ws/build/timer:/home/etdisc/Desktop/sim_ws/install/timer/lib/python3.8/site-packages:/home/etdisc/depots/f1tenth/sim_ws/build/strategy:/home/etdisc/Desktop/sim_ws/install/strategy/lib/python3.8/site-packages:/home/etdisc/depots/f1tenth/sim_ws/build/localisation:/home/etdisc/Desktop/sim_ws/install/localisation/lib/python3.8/site-packages:/home/etdisc/depots/f1tenth/sim_ws/build/f1tenth_gym_ros:/home/etdisc/Desktop/sim_ws/install/f1tenth_gym_ros/lib/python3.8/site-packages:/home/etdisc/Desktop/sim_ws/install/custom_msgs/lib/python3.8/site-packages:/home/etdisc/depots/f1tenth/sim_ws/build/Waypoints:/home/etdisc/Desktop/sim_ws/install/Waypoints/lib/python3.8/site-packages:/home/etdisc/depots/f1tenth/sim_ws/build/Simple_algo:/home/etdisc/Desktop/sim_ws/install/Simple_algo/lib/python3.8/site-packages:/home/etdisc/depots/f1tenth/sim_ws/build/Planif:/home/etdisc/Desktop/sim_ws/install/Planif/lib/python3.8/site-packages:/home/etdisc/depots/f1tenth/sim_ws/build/Mapping:/home/etdisc/Desktop/sim_ws/install/Mapping/lib/python3.8/site-packages:/home/etdisc/depots/f1tenth/sim_ws/build/AEB:/home/etdisc/Desktop/sim_ws/install/AEB/lib/python3.8/site-packages:/opt/ros/galactic/lib/python3.8/site-packages', 'HTTP_PROXY': 'http://proxy:3128', 'COLCON': '1', 'CMAKE_PREFIX_PATH': '/home/etdisc/Bureau/codef1tenth/install/f1_localization:/home/etdisc/depots/f1tenth/sim_ws/install/custom_msgs:/home/etdisc/Desktop/sim_ws/install/custom_msgs'}, 'shell': False}
[17.759673] (-) TimerEvent: {}
[17.861515] (-) TimerEvent: {}
[17.901764] (custom_msgs) StdoutLine: {'line': b'-- Looking for pthread_create in pthread - found\n'}
[17.904274] (custom_msgs) StdoutLine: {'line': b'-- Found Threads: TRUE  \n'}
[17.964645] (-) TimerEvent: {}
[18.066456] (-) TimerEvent: {}
[18.167327] (-) TimerEvent: {}
[18.269194] (-) TimerEvent: {}
[18.276915] (localisation) StdoutLine: {'line': b'running egg_info\n'}
[18.277906] (localisation) StdoutLine: {'line': b'creating ../../build/localisation/localisation.egg-info\n'}
[18.278362] (localisation) StdoutLine: {'line': b'writing ../../build/localisation/localisation.egg-info/PKG-INFO\n'}
[18.281297] (localisation) StdoutLine: {'line': b'writing dependency_links to ../../build/localisation/localisation.egg-info/dependency_links.txt\n'}
[18.281875] (localisation) StdoutLine: {'line': b'writing entry points to ../../build/localisation/localisation.egg-info/entry_points.txt\n'}
[18.283138] (localisation) StdoutLine: {'line': b'writing requirements to ../../build/localisation/localisation.egg-info/requires.txt\n'}
[18.283506] (localisation) StdoutLine: {'line': b'writing top-level names to ../../build/localisation/localisation.egg-info/top_level.txt\n'}
[18.287404] (localisation) StdoutLine: {'line': b"writing manifest file '../../build/localisation/localisation.egg-info/SOURCES.txt'\n"}
[18.369324] (localisation) StdoutLine: {'line': b"reading manifest file '../../build/localisation/localisation.egg-info/SOURCES.txt'\n"}
[18.369654] (-) TimerEvent: {}
[18.370856] (localisation) StdoutLine: {'line': b"writing manifest file '../../build/localisation/localisation.egg-info/SOURCES.txt'\n"}
[18.371402] (localisation) StdoutLine: {'line': b'running build\n'}
[18.371639] (localisation) StdoutLine: {'line': b'running build_py\n'}
[18.372054] (localisation) StdoutLine: {'line': b'creating /home/etdisc/Bureau/codef1tenth/build/localisation/build\n'}
[18.372741] (localisation) StdoutLine: {'line': b'creating /home/etdisc/Bureau/codef1tenth/build/localisation/build/lib\n'}
[18.372997] (localisation) StdoutLine: {'line': b'creating /home/etdisc/Bureau/codef1tenth/build/localisation/build/lib/localisation\n'}
[18.373244] (localisation) StdoutLine: {'line': b'copying localisation/lap_tracker.py -> /home/etdisc/Bureau/codef1tenth/build/localisation/build/lib/localisation\n'}
[18.376827] (localisation) StdoutLine: {'line': b'copying localisation/__init__.py -> /home/etdisc/Bureau/codef1tenth/build/localisation/build/lib/localisation\n'}
[18.377208] (localisation) StdoutLine: {'line': b'running install\n'}
[18.379857] (localisation) StdoutLine: {'line': b'running install_lib\n'}
[18.380473] (localisation) StdoutLine: {'line': b'creating /home/etdisc/Bureau/codef1tenth/install/localisation/lib/python3.8/site-packages/localisation\n'}
[18.380849] (localisation) StdoutLine: {'line': b'copying /home/etdisc/Bureau/codef1tenth/build/localisation/build/lib/localisation/lap_tracker.py -> /home/etdisc/Bureau/codef1tenth/install/localisation/lib/python3.8/site-packages/localisation\n'}
[18.381431] (localisation) StdoutLine: {'line': b'copying /home/etdisc/Bureau/codef1tenth/build/localisation/build/lib/localisation/__init__.py -> /home/etdisc/Bureau/codef1tenth/install/localisation/lib/python3.8/site-packages/localisation\n'}
[18.388050] (localisation) StdoutLine: {'line': b'byte-compiling /home/etdisc/Bureau/codef1tenth/install/localisation/lib/python3.8/site-packages/localisation/lap_tracker.py to lap_tracker.cpython-38.pyc\n'}
[18.391793] (localisation) StdoutLine: {'line': b'byte-compiling /home/etdisc/Bureau/codef1tenth/install/localisation/lib/python3.8/site-packages/localisation/__init__.py to __init__.cpython-38.pyc\n'}
[18.392248] (localisation) StdoutLine: {'line': b'running install_data\n'}
[18.392482] (localisation) StdoutLine: {'line': b'creating /home/etdisc/Bureau/codef1tenth/install/localisation/share/ament_index\n'}
[18.392685] (localisation) StdoutLine: {'line': b'creating /home/etdisc/Bureau/codef1tenth/install/localisation/share/ament_index/resource_index\n'}
[18.392821] (localisation) StdoutLine: {'line': b'creating /home/etdisc/Bureau/codef1tenth/install/localisation/share/ament_index/resource_index/packages\n'}
[18.395648] (localisation) StdoutLine: {'line': b'copying resource/localisation -> /home/etdisc/Bureau/codef1tenth/install/localisation/share/ament_index/resource_index/packages\n'}
[18.396535] (localisation) StdoutLine: {'line': b'copying package.xml -> /home/etdisc/Bureau/codef1tenth/install/localisation/share/localisation\n'}
[18.401156] (localisation) StdoutLine: {'line': b'running install_egg_info\n'}
[18.403101] (localisation) StdoutLine: {'line': b'Copying ../../build/localisation/localisation.egg-info to /home/etdisc/Bureau/codef1tenth/install/localisation/lib/python3.8/site-packages/localisation-0.0.0-py3.8.egg-info\n'}
[18.411744] (localisation) StdoutLine: {'line': b'running install_scripts\n'}
[18.434619] (custom_msgs) StdoutLine: {'line': b'-- Found geometry_msgs: 2.2.4 (/opt/ros/galactic/share/geometry_msgs/cmake)\n'}
[18.440679] (strategy) StdoutLine: {'line': b'running egg_info\n'}
[18.441927] (strategy) StdoutLine: {'line': b'creating ../../build/strategy/strategy.egg-info\n'}
[18.446479] (strategy) StdoutLine: {'line': b'writing ../../build/strategy/strategy.egg-info/PKG-INFO\n'}
[18.446923] (strategy) StdoutLine: {'line': b'writing dependency_links to ../../build/strategy/strategy.egg-info/dependency_links.txt\n'}
[18.447087] (strategy) StdoutLine: {'line': b'writing entry points to ../../build/strategy/strategy.egg-info/entry_points.txt\n'}
[18.447405] (strategy) StdoutLine: {'line': b'writing requirements to ../../build/strategy/strategy.egg-info/requires.txt\n'}
[18.447697] (strategy) StdoutLine: {'line': b'writing top-level names to ../../build/strategy/strategy.egg-info/top_level.txt\n'}
[18.448516] (strategy) StdoutLine: {'line': b"writing manifest file '../../build/strategy/strategy.egg-info/SOURCES.txt'\n"}
[18.455705] (localisation) StdoutLine: {'line': b'Installing lap_tracker script to /home/etdisc/Bureau/codef1tenth/install/localisation/lib/localisation\n'}
[18.458237] (localisation) StdoutLine: {'line': b"writing list of installed files to '/home/etdisc/Bureau/codef1tenth/build/localisation/install.log'\n"}
[18.470330] (-) TimerEvent: {}
[18.471127] (timer) StdoutLine: {'line': b'running egg_info\n'}
[18.471614] (timer) StdoutLine: {'line': b'creating ../../build/timer/timer.egg-info\n'}
[18.472039] (timer) StdoutLine: {'line': b'writing ../../build/timer/timer.egg-info/PKG-INFO\n'}
[18.475815] (timer) StdoutLine: {'line': b'writing dependency_links to ../../build/timer/timer.egg-info/dependency_links.txt\n'}
[18.476583] (timer) StdoutLine: {'line': b'writing entry points to ../../build/timer/timer.egg-info/entry_points.txt\n'}
[18.481452] (timer) StdoutLine: {'line': b'writing requirements to ../../build/timer/timer.egg-info/requires.txt\n'}
[18.481825] (timer) StdoutLine: {'line': b'writing top-level names to ../../build/timer/timer.egg-info/top_level.txt\n'}
[18.488124] (timer) StdoutLine: {'line': b"writing manifest file '../../build/timer/timer.egg-info/SOURCES.txt'\n"}
[18.527448] (localisation) CommandEnded: {'returncode': 0}
[18.528432] (strategy) StdoutLine: {'line': b"reading manifest file '../../build/strategy/strategy.egg-info/SOURCES.txt'\n"}
[18.537218] (strategy) StdoutLine: {'line': b"writing manifest file '../../build/strategy/strategy.egg-info/SOURCES.txt'\n"}
[18.537562] (strategy) StdoutLine: {'line': b'running build\n'}
[18.539575] (strategy) StdoutLine: {'line': b'running build_py\n'}
[18.539932] (strategy) StdoutLine: {'line': b'creating /home/etdisc/Bureau/codef1tenth/build/strategy/build\n'}
[18.540093] (strategy) StdoutLine: {'line': b'creating /home/etdisc/Bureau/codef1tenth/build/strategy/build/lib\n'}
[18.540208] (strategy) StdoutLine: {'line': b'creating /home/etdisc/Bureau/codef1tenth/build/strategy/build/lib/strategy\n'}
[18.540332] (strategy) StdoutLine: {'line': b'copying strategy/basic_strategy_manager.py -> /home/etdisc/Bureau/codef1tenth/build/strategy/build/lib/strategy\n'}
[18.556088] (strategy) StdoutLine: {'line': b'copying strategy/__init__.py -> /home/etdisc/Bureau/codef1tenth/build/strategy/build/lib/strategy\n'}
[18.556996] (strategy) StdoutLine: {'line': b'running install\n'}
[18.557221] (strategy) StdoutLine: {'line': b'running install_lib\n'}
[18.557360] (strategy) StdoutLine: {'line': b'creating /home/etdisc/Bureau/codef1tenth/install/strategy/lib/python3.8/site-packages/strategy\n'}
[18.557522] (strategy) StdoutLine: {'line': b'copying /home/etdisc/Bureau/codef1tenth/build/strategy/build/lib/strategy/basic_strategy_manager.py -> /home/etdisc/Bureau/codef1tenth/install/strategy/lib/python3.8/site-packages/strategy\n'}
[18.557836] (strategy) StdoutLine: {'line': b'copying /home/etdisc/Bureau/codef1tenth/build/strategy/build/lib/strategy/__init__.py -> /home/etdisc/Bureau/codef1tenth/install/strategy/lib/python3.8/site-packages/strategy\n'}
[18.558060] (strategy) StdoutLine: {'line': b'byte-compiling /home/etdisc/Bureau/codef1tenth/install/strategy/lib/python3.8/site-packages/strategy/basic_strategy_manager.py to basic_strategy_manager.cpython-38.pyc\n'}
[18.558210] (custom_msgs) StdoutLine: {'line': b'-- Found rosidl_default_generators: 1.1.1 (/opt/ros/galactic/share/rosidl_default_generators/cmake)\n'}
[18.558633] (strategy) StdoutLine: {'line': b'byte-compiling /home/etdisc/Bureau/codef1tenth/install/strategy/lib/python3.8/site-packages/strategy/__init__.py to __init__.cpython-38.pyc\n'}
[18.560603] (strategy) StdoutLine: {'line': b'running install_data\n'}
[18.563808] (strategy) StdoutLine: {'line': b'creating /home/etdisc/Bureau/codef1tenth/install/strategy/share/ament_index\n'}
[18.564559] (strategy) StdoutLine: {'line': b'creating /home/etdisc/Bureau/codef1tenth/install/strategy/share/ament_index/resource_index\n'}
[18.564741] (strategy) StdoutLine: {'line': b'creating /home/etdisc/Bureau/codef1tenth/install/strategy/share/ament_index/resource_index/packages\n'}
[18.564919] (strategy) StdoutLine: {'line': b'copying resource/strategy -> /home/etdisc/Bureau/codef1tenth/install/strategy/share/ament_index/resource_index/packages\n'}
[18.566969] (localisation) JobEnded: {'identifier': 'localisation', 'rc': 0}
[18.587563] (-) TimerEvent: {}
[18.587871] (strategy) StdoutLine: {'line': b'copying package.xml -> /home/etdisc/Bureau/codef1tenth/install/strategy/share/strategy\n'}
[18.588219] (strategy) StdoutLine: {'line': b'creating /home/etdisc/Bureau/codef1tenth/install/strategy/share/strategy/launch\n'}
[18.588384] (strategy) StdoutLine: {'line': b'copying launch/basic_strategy.py -> /home/etdisc/Bureau/codef1tenth/install/strategy/share/strategy/launch\n'}
[18.592744] (strategy) StdoutLine: {'line': b'creating /home/etdisc/Bureau/codef1tenth/install/strategy/share/strategy/config\n'}
[18.593054] (strategy) StdoutLine: {'line': b'copying config/simulation.yaml -> /home/etdisc/Bureau/codef1tenth/install/strategy/share/strategy/config\n'}
[18.593253] (strategy) StdoutLine: {'line': b'copying config/real.yaml -> /home/etdisc/Bureau/codef1tenth/install/strategy/share/strategy/config\n'}
[18.593429] (timer) StdoutLine: {'line': b"reading manifest file '../../build/timer/timer.egg-info/SOURCES.txt'\n"}
[18.593590] (timer) StdoutLine: {'line': b"writing manifest file '../../build/timer/timer.egg-info/SOURCES.txt'\n"}
[18.593835] (timer) StdoutLine: {'line': b'running build\n'}
[18.597741] (timer) StdoutLine: {'line': b'running build_py\n'}
[18.598032] (timer) StdoutLine: {'line': b'creating /home/etdisc/Bureau/codef1tenth/build/timer/build\n'}
[18.598227] (strategy) StdoutLine: {'line': b'running install_egg_info\n'}
[18.598407] (timer) StdoutLine: {'line': b'creating /home/etdisc/Bureau/codef1tenth/build/timer/build/lib\n'}
[18.598539] (timer) StdoutLine: {'line': b'creating /home/etdisc/Bureau/codef1tenth/build/timer/build/lib/timer\n'}
[18.598667] (strategy) StdoutLine: {'line': b'Copying ../../build/strategy/strategy.egg-info to /home/etdisc/Bureau/codef1tenth/install/strategy/lib/python3.8/site-packages/strategy-0.0.0-py3.8.egg-info\n'}
[18.603222] (timer) StdoutLine: {'line': b'copying timer/__init__.py -> /home/etdisc/Bureau/codef1tenth/build/timer/build/lib/timer\n'}
[18.603929] (timer) StdoutLine: {'line': b'copying timer/timer_node.py -> /home/etdisc/Bureau/codef1tenth/build/timer/build/lib/timer\n'}
[18.604306] (timer) StdoutLine: {'line': b'running install\n'}
[18.604603] (timer) StdoutLine: {'line': b'running install_lib\n'}
[18.608541] (timer) StdoutLine: {'line': b'creating /home/etdisc/Bureau/codef1tenth/install/timer/lib/python3.8/site-packages/timer\n'}
[18.608804] (timer) StdoutLine: {'line': b'copying /home/etdisc/Bureau/codef1tenth/build/timer/build/lib/timer/__init__.py -> /home/etdisc/Bureau/codef1tenth/install/timer/lib/python3.8/site-packages/timer\n'}
[18.609029] (timer) StdoutLine: {'line': b'copying /home/etdisc/Bureau/codef1tenth/build/timer/build/lib/timer/timer_node.py -> /home/etdisc/Bureau/codef1tenth/install/timer/lib/python3.8/site-packages/timer\n'}
[18.609189] (strategy) StdoutLine: {'line': b'running install_scripts\n'}
[18.609345] (timer) StdoutLine: {'line': b'byte-compiling /home/etdisc/Bureau/codef1tenth/install/timer/lib/python3.8/site-packages/timer/__init__.py to __init__.cpython-38.pyc\n'}
[18.617759] (timer) StdoutLine: {'line': b'byte-compiling /home/etdisc/Bureau/codef1tenth/install/timer/lib/python3.8/site-packages/timer/timer_node.py to timer_node.cpython-38.pyc\n'}
[18.618613] (timer) StdoutLine: {'line': b'running install_data\n'}
[18.622845] (timer) StdoutLine: {'line': b'creating /home/etdisc/Bureau/codef1tenth/install/timer/share/ament_index\n'}
[18.623260] (timer) StdoutLine: {'line': b'creating /home/etdisc/Bureau/codef1tenth/install/timer/share/ament_index/resource_index\n'}
[18.623507] (timer) StdoutLine: {'line': b'creating /home/etdisc/Bureau/codef1tenth/install/timer/share/ament_index/resource_index/packages\n'}
[18.623811] (timer) StdoutLine: {'line': b'copying resource/timer -> /home/etdisc/Bureau/codef1tenth/install/timer/share/ament_index/resource_index/packages\n'}
[18.626800] (timer) StdoutLine: {'line': b'copying package.xml -> /home/etdisc/Bureau/codef1tenth/install/timer/share/timer\n'}
[18.628258] (timer) StdoutLine: {'line': b'creating /home/etdisc/Bureau/codef1tenth/install/timer/share/timer/config\n'}
[18.629477] (timer) StdoutLine: {'line': b'copying config/params.yaml -> /home/etdisc/Bureau/codef1tenth/install/timer/share/timer/config\n'}
[18.632667] (timer) StdoutLine: {'line': b'running install_egg_info\n'}
[18.638219] (timer) StdoutLine: {'line': b'Copying ../../build/timer/timer.egg-info to /home/etdisc/Bureau/codef1tenth/install/timer/lib/python3.8/site-packages/timer-0.0.0-py3.8.egg-info\n'}
[18.653885] (timer) StdoutLine: {'line': b'running install_scripts\n'}
[18.654307] (strategy) StdoutLine: {'line': b'Installing basic_strategy_manager script to /home/etdisc/Bureau/codef1tenth/install/strategy/lib/strategy\n'}
[18.656796] (strategy) StdoutLine: {'line': b"writing list of installed files to '/home/etdisc/Bureau/codef1tenth/build/strategy/install.log'\n"}
[18.687892] (-) TimerEvent: {}
[18.715634] (timer) StdoutLine: {'line': b'Installing timer script to /home/etdisc/Bureau/codef1tenth/install/timer/lib/timer\n'}
[18.720580] (timer) StdoutLine: {'line': b"writing list of installed files to '/home/etdisc/Bureau/codef1tenth/build/timer/install.log'\n"}
[18.726889] (strategy) CommandEnded: {'returncode': 0}
[18.755349] (strategy) JobEnded: {'identifier': 'strategy', 'rc': 0}
[18.776819] (timer) CommandEnded: {'returncode': 0}
[18.788832] (-) TimerEvent: {}
[18.804889] (timer) JobEnded: {'identifier': 'timer', 'rc': 0}
[18.815515] (custom_msgs) StdoutLine: {'line': b'-- Found PythonInterp: /usr/bin/python3 (found version "3.8.10") \n'}
[18.888964] (-) TimerEvent: {}
[18.989397] (-) TimerEvent: {}
[19.090000] (-) TimerEvent: {}
[19.191348] (-) TimerEvent: {}
[19.291796] (-) TimerEvent: {}
[19.392418] (-) TimerEvent: {}
[19.485835] (custom_msgs) StdoutLine: {'line': b'-- Found ament_cmake_ros: 0.9.2 (/opt/ros/galactic/share/ament_cmake_ros/cmake)\n'}
[19.492746] (-) TimerEvent: {}
[19.594454] (-) TimerEvent: {}
[19.696009] (-) TimerEvent: {}
[19.797084] (-) TimerEvent: {}
[19.898844] (-) TimerEvent: {}
[19.999282] (-) TimerEvent: {}
[20.099870] (-) TimerEvent: {}
[20.163536] (custom_msgs) StdoutLine: {'line': b'-- Using all available rosidl_typesupport_c: rosidl_typesupport_fastrtps_c;rosidl_typesupport_introspection_c\n'}
[20.200132] (-) TimerEvent: {}
[20.301497] (-) TimerEvent: {}
[20.402212] (-) TimerEvent: {}
[20.477258] (custom_msgs) StdoutLine: {'line': b'-- Using all available rosidl_typesupport_cpp: rosidl_typesupport_fastrtps_cpp;rosidl_typesupport_introspection_cpp\n'}
[20.502394] (-) TimerEvent: {}
[20.583867] (custom_msgs) StdoutLine: {'line': b'-- Found PythonInterp: /usr/bin/python3 (found suitable version "3.8.10", minimum required is "3.5") \n'}
[20.602568] (-) TimerEvent: {}
[20.603676] (custom_msgs) StdoutLine: {'line': b'-- Found python_cmake_module: 0.8.1 (/opt/ros/galactic/share/python_cmake_module/cmake)\n'}
[20.702800] (-) TimerEvent: {}
[20.790914] (custom_msgs) StdoutLine: {'line': b'-- Found PythonLibs: /usr/lib/x86_64-linux-gnu/libpython3.8.so (found suitable version "3.8.10", minimum required is "3.5") \n'}
[20.792507] (custom_msgs) StdoutLine: {'line': b'-- Using PYTHON_EXECUTABLE: /usr/bin/python3\n'}
[20.793455] (custom_msgs) StdoutLine: {'line': b'-- Using PYTHON_INCLUDE_DIRS: /usr/include/python3.8\n'}
[20.794068] (custom_msgs) StdoutLine: {'line': b'-- Using PYTHON_LIBRARIES: /usr/lib/x86_64-linux-gnu/libpython3.8.so\n'}
[20.802977] (-) TimerEvent: {}
[20.892433] (custom_msgs) StdoutLine: {'line': b'-- Found PythonExtra: .so  \n'}
[20.903351] (-) TimerEvent: {}
[21.004157] (-) TimerEvent: {}
[21.104749] (-) TimerEvent: {}
[21.176021] (custom_msgs) StdoutLine: {'line': b'-- Found ament_lint_auto: 0.10.7 (/opt/ros/galactic/share/ament_lint_auto/cmake)\n'}
[21.204947] (-) TimerEvent: {}
[21.305595] (-) TimerEvent: {}
[21.341827] (custom_msgs) StdoutLine: {'line': b"-- Added test 'copyright' to check source files copyright and LICENSE\n"}
[21.348737] (custom_msgs) StdoutLine: {'line': b"-- Added test 'lint_cmake' to check CMake code style\n"}
[21.351278] (custom_msgs) StdoutLine: {'line': b"-- Added test 'xmllint' to check XML markup files\n"}
[21.381808] (custom_msgs) StdoutLine: {'line': b'-- Configuring done\n'}
[21.405928] (-) TimerEvent: {}
[21.506808] (-) TimerEvent: {}
[21.607863] (-) TimerEvent: {}
[21.708706] (-) TimerEvent: {}
[21.809921] (-) TimerEvent: {}
[21.825405] (custom_msgs) StdoutLine: {'line': b'-- Generating done\n'}
[21.906460] (custom_msgs) StdoutLine: {'line': b'-- Build files have been written to: /home/etdisc/Bureau/codef1tenth/build/custom_msgs\n'}
[21.910236] (-) TimerEvent: {}
[21.937435] (custom_msgs) CommandEnded: {'returncode': 0}
[21.944930] (custom_msgs) JobProgress: {'identifier': 'custom_msgs', 'progress': 'build'}
[21.945190] (custom_msgs) Command: {'cmd': ['/usr/bin/cmake', '--build', '/home/etdisc/Bureau/codef1tenth/build/custom_msgs', '--', '-j8', '-l8'], 'cwd': '/home/etdisc/Bureau/codef1tenth/build/custom_msgs', 'env': OrderedDict([('GJS_DEBUG_TOPICS', 'JS ERROR;JS LOG'), ('LESSOPEN', '| /usr/bin/lesspipe %s'), ('HTTPS_PROXY', 'http://proxy:3128'), ('USER', 'etdisc'), ('SSH_AGENT_PID', '1717'), ('XDG_SESSION_TYPE', 'x11'), ('GIT_ASKPASS', '/usr/share/code/resources/app/extensions/git/dist/askpass.sh'), ('SHLVL', '1'), ('LD_LIBRARY_PATH', '/home/etdisc/depots/f1tenth/sim_ws/install/custom_msgs/lib:/home/etdisc/Desktop/sim_ws/install/custom_msgs/lib:/usr/lib/x86_64-linux-gnu/gazebo-11/plugins:/opt/ros/galactic/opt/yaml_cpp_vendor/lib:/opt/ros/galactic/opt/rviz_ogre_vendor/lib:/opt/ros/galactic/lib/x86_64-linux-gnu:/opt/ros/galactic/lib'), ('HOME', '/home/etdisc'), ('CHROME_DESKTOP', 'code.desktop'), ('OLDPWD', '/home/etdisc/Bureau/codef1tenth/src'), ('TERM_PROGRAM_VERSION', '1.106.3'), ('DESKTOP_SESSION', 'ubuntu'), ('GIO_LAUNCHED_DESKTOP_FILE', '/usr/share/applications/code.desktop'), ('ROS_PYTHON_VERSION', '3'), ('GNOME_SHELL_SESSION_MODE', 'ubuntu'), ('GTK_MODULES', 'gail:atk-bridge'), ('VSCODE_GIT_ASKPASS_MAIN', '/usr/share/code/resources/app/extensions/git/dist/askpass-main.js'), ('VSCODE_GIT_ASKPASS_NODE', '/usr/share/code/code'), ('MANAGERPID', '1619'), ('VSCODE_PYTHON_AUTOACTIVATE_GUARD', '1'), ('DBUS_SESSION_BUS_ADDRESS', 'unix:path=/run/user/1000/bus'), ('COLORTERM', 'truecolor'), ('GIO_LAUNCHED_DESKTOP_FILE_PID', '7910'), ('IM_CONFIG_PHASE', '1'), ('https_proxy', 'http://proxy:3128'), ('COLCON_PREFIX_PATH', '/home/etdisc/Bureau/codef1tenth/install:/home/etdisc/depots/f1tenth/sim_ws/install:/home/etdisc/Desktop/sim_ws/install'), ('ROS_DISTRO', 'galactic'), ('LOGNAME', 'etdisc'), ('http_proxy', 'http://proxy:3128'), ('JOURNAL_STREAM', '8:67595'), ('_', '/usr/bin/colcon'), ('ROS_VERSION', '2'), ('XDG_SESSION_CLASS', 'user'), ('USERNAME', 'etdisc'), ('TERM', 'xterm-256color'), ('GNOME_DESKTOP_SESSION_ID', 'this-is-deprecated'), ('ROS_LOCALHOST_ONLY', '1'), ('WINDOWPATH', '2'), ('PATH', '/snap/bin:/home/etdisc/.local/bin:/opt/ros/galactic/bin:/snap/bin:/home/etdisc/.local/bin:/usr/local/sbin:/usr/local/bin:/usr/sbin:/usr/bin:/sbin:/bin:/usr/games:/usr/local/games:/snap/bin'), ('SESSION_MANAGER', 'local/etdisc-virtual-machine:@/tmp/.ICE-unix/1752,unix/etdisc-virtual-machine:/tmp/.ICE-unix/1752'), ('INVOCATION_ID', '1693c3018a5242c5a146aa8c23bcb88d'), ('XDG_MENU_PREFIX', 'gnome-'), ('XDG_RUNTIME_DIR', '/run/user/1000'), ('GDK_BACKEND', 'x11'), ('DISPLAY', ':0'), ('LANG', 'fr_FR.UTF-8'), ('XDG_CURRENT_DESKTOP', 'Unity'), ('XMODIFIERS', '@im=ibus'), ('XDG_SESSION_DESKTOP', 'ubuntu'), ('XAUTHORITY', '/run/user/1000/gdm/Xauthority'), ('LS_COLORS', 'rs=0:di=01;34:ln=01;36:mh=00:pi=40;33:so=01;35:do=01;35:bd=40;33;01:cd=40;33;01:or=40;31;01:mi=00:su=37;41:sg=30;43:ca=30;41:tw=30;42:ow=34;42:st=37;44:ex=01;32:*.tar=01;31:*.tgz=01;31:*.arc=01;31:*.arj=01;31:*.taz=01;31:*.lha=01;31:*.lz4=01;31:*.lzh=01;31:*.lzma=01;31:*.tlz=01;31:*.txz=01;31:*.tzo=01;31:*.t7z=01;31:*.zip=01;31:*.z=01;31:*.dz=01;31:*.gz=01;31:*.lrz=01;31:*.lz=01;31:*.lzo=01;31:*.xz=01;31:*.zst=01;31:*.tzst=01;31:*.bz2=01;31:*.bz=01;31:*.tbz=01;31:*.tbz2=01;31:*.tz=01;31:*.deb=01;31:*.rpm=01;31:*.jar=01;31:*.war=01;31:*.ear=01;31:*.sar=01;31:*.rar=01;31:*.alz=01;31:*.ace=01;31:*.zoo=01;31:*.cpio=01;31:*.7z=01;31:*.rz=01;31:*.cab=01;31:*.wim=01;31:*.swm=01;31:*.dwm=01;31:*.esd=01;31:*.jpg=01;35:*.jpeg=01;35:*.mjpg=01;35:*.mjpeg=01;35:*.gif=01;35:*.bmp=01;35:*.pbm=01;35:*.pgm=01;35:*.ppm=01;35:*.tga=01;35:*.xbm=01;35:*.xpm=01;35:*.tif=01;35:*.tiff=01;35:*.png=01;35:*.svg=01;35:*.svgz=01;35:*.mng=01;35:*.pcx=01;35:*.mov=01;35:*.mpg=01;35:*.mpeg=01;35:*.m2v=01;35:*.mkv=01;35:*.webm=01;35:*.ogm=01;35:*.mp4=01;35:*.m4v=01;35:*.mp4v=01;35:*.vob=01;35:*.qt=01;35:*.nuv=01;35:*.wmv=01;35:*.asf=01;35:*.rm=01;35:*.rmvb=01;35:*.flc=01;35:*.avi=01;35:*.fli=01;35:*.flv=01;35:*.gl=01;35:*.dl=01;35:*.xcf=01;35:*.xwd=01;35:*.yuv=01;35:*.cgm=01;35:*.emf=01;35:*.ogv=01;35:*.ogx=01;35:*.aac=00;36:*.au=00;36:*.flac=00;36:*.m4a=00;36:*.mid=00;36:*.midi=00;36:*.mka=00;36:*.mp3=00;36:*.mpc=00;36:*.ogg=00;36:*.ra=00;36:*.wav=00;36:*.oga=00;36:*.opus=00;36:*.spx=00;36:*.xspf=00;36:'), ('VSCODE_GIT_IPC_HANDLE', '/run/user/1000/vscode-git-ea9b44a2ba.sock'), ('TERM_PROGRAM', 'vscode'), ('SSH_AUTH_SOCK', '/run/user/1000/keyring/ssh'), ('AMENT_PREFIX_PATH', '/home/etdisc/Bureau/codef1tenth/install/f1_localization:/home/etdisc/depots/f1tenth/sim_ws/install/timer:/home/etdisc/depots/f1tenth/sim_ws/install/strategy:/home/etdisc/depots/f1tenth/sim_ws/install/localisation:/home/etdisc/depots/f1tenth/sim_ws/install/f1tenth_gym_ros:/home/etdisc/depots/f1tenth/sim_ws/install/custom_msgs:/home/etdisc/depots/f1tenth/sim_ws/install/Waypoints:/home/etdisc/depots/f1tenth/sim_ws/install/Simple_algo:/home/etdisc/depots/f1tenth/sim_ws/install/Planif:/home/etdisc/depots/f1tenth/sim_ws/install/Mapping:/home/etdisc/depots/f1tenth/sim_ws/install/AEB:/home/etdisc/Desktop/sim_ws/install/timer:/home/etdisc/Desktop/sim_ws/install/strategy:/home/etdisc/Desktop/sim_ws/install/localisation:/home/etdisc/Desktop/sim_ws/install/f1tenth_gym_ros:/home/etdisc/Desktop/sim_ws/install/custom_msgs:/home/etdisc/Desktop/sim_ws/install/Waypoints:/home/etdisc/Desktop/sim_ws/install/Simple_algo:/home/etdisc/Desktop/sim_ws/install/Planif:/home/etdisc/Desktop/sim_ws/install/Mapping:/home/etdisc/Desktop/sim_ws/install/AEB:/opt/ros/galactic'), ('ORIGINAL_XDG_CURRENT_DESKTOP', 'ubuntu:GNOME'), ('SHELL', '/bin/bash'), ('QT_ACCESSIBILITY', '1'), ('GDMSESSION', 'ubuntu'), ('LESSCLOSE', '/usr/bin/lesspipe %s %s'), ('GPG_AGENT_INFO', '/run/user/1000/gnupg/S.gpg-agent:0:1'), ('GJS_DEBUG_OUTPUT', 'stderr'), ('VSCODE_GIT_ASKPASS_EXTRA_ARGS', ''), ('QT_IM_MODULE', 'ibus'), ('PWD', '/home/etdisc/Bureau/codef1tenth/build/custom_msgs'), ('LC_ALL', 'fr_FR.UTF-8'), ('XDG_CONFIG_DIRS', '/etc/xdg/xdg-ubuntu:/etc/xdg'), ('XDG_DATA_DIRS', '/usr/share/ubuntu:/usr/local/share/:/usr/share/:/var/lib/snapd/desktop'), ('PYTHONPATH', '/home/etdisc/depots/f1tenth/sim_ws/install/timer/lib/python3.8/site-packages:/home/etdisc/depots/f1tenth/sim_ws/install/strategy/lib/python3.8/site-packages:/home/etdisc/depots/f1tenth/sim_ws/install/localisation/lib/python3.8/site-packages:/home/etdisc/depots/f1tenth/sim_ws/install/f1tenth_gym_ros/lib/python3.8/site-packages:/home/etdisc/depots/f1tenth/sim_ws/install/custom_msgs/lib/python3.8/site-packages:/home/etdisc/depots/f1tenth/sim_ws/install/Waypoints/lib/python3.8/site-packages:/home/etdisc/depots/f1tenth/sim_ws/install/Simple_algo/lib/python3.8/site-packages:/home/etdisc/depots/f1tenth/sim_ws/install/Planif/lib/python3.8/site-packages:/home/etdisc/depots/f1tenth/sim_ws/install/Mapping/lib/python3.8/site-packages:/home/etdisc/depots/f1tenth/sim_ws/install/AEB/lib/python3.8/site-packages:/home/etdisc/depots/f1tenth/sim_ws/build/timer:/home/etdisc/Desktop/sim_ws/install/timer/lib/python3.8/site-packages:/home/etdisc/depots/f1tenth/sim_ws/build/strategy:/home/etdisc/Desktop/sim_ws/install/strategy/lib/python3.8/site-packages:/home/etdisc/depots/f1tenth/sim_ws/build/localisation:/home/etdisc/Desktop/sim_ws/install/localisation/lib/python3.8/site-packages:/home/etdisc/depots/f1tenth/sim_ws/build/f1tenth_gym_ros:/home/etdisc/Desktop/sim_ws/install/f1tenth_gym_ros/lib/python3.8/site-packages:/home/etdisc/Desktop/sim_ws/install/custom_msgs/lib/python3.8/site-packages:/home/etdisc/depots/f1tenth/sim_ws/build/Waypoints:/home/etdisc/Desktop/sim_ws/install/Waypoints/lib/python3.8/site-packages:/home/etdisc/depots/f1tenth/sim_ws/build/Simple_algo:/home/etdisc/Desktop/sim_ws/install/Simple_algo/lib/python3.8/site-packages:/home/etdisc/depots/f1tenth/sim_ws/build/Planif:/home/etdisc/Desktop/sim_ws/install/Planif/lib/python3.8/site-packages:/home/etdisc/depots/f1tenth/sim_ws/build/Mapping:/home/etdisc/Desktop/sim_ws/install/Mapping/lib/python3.8/site-packages:/home/etdisc/depots/f1tenth/sim_ws/build/AEB:/home/etdisc/Desktop/sim_ws/install/AEB/lib/python3.8/site-packages:/opt/ros/galactic/lib/python3.8/site-packages'), ('HTTP_PROXY', 'http://proxy:3128'), ('COLCON', '1'), ('CMAKE_PREFIX_PATH', '/home/etdisc/Bureau/codef1tenth/install/f1_localization:/home/etdisc/depots/f1tenth/sim_ws/install/custom_msgs:/home/etdisc/Desktop/sim_ws/install/custom_msgs:/home/etdisc/depots/f1tenth/sim_ws/install/timer:/home/etdisc/depots/f1tenth/sim_ws/install/strategy:/home/etdisc/depots/f1tenth/sim_ws/install/localisation:/home/etdisc/depots/f1tenth/sim_ws/install/f1tenth_gym_ros:/home/etdisc/depots/f1tenth/sim_ws/install/Waypoints:/home/etdisc/depots/f1tenth/sim_ws/install/Simple_algo:/home/etdisc/depots/f1tenth/sim_ws/install/Planif:/home/etdisc/depots/f1tenth/sim_ws/install/Mapping:/home/etdisc/depots/f1tenth/sim_ws/install/AEB:/home/etdisc/Desktop/sim_ws/install/timer:/home/etdisc/Desktop/sim_ws/install/strategy:/home/etdisc/Desktop/sim_ws/install/localisation:/home/etdisc/Desktop/sim_ws/install/f1tenth_gym_ros:/home/etdisc/Desktop/sim_ws/install/Waypoints:/home/etdisc/Desktop/sim_ws/install/Simple_algo:/home/etdisc/Desktop/sim_ws/install/Planif:/home/etdisc/Desktop/sim_ws/install/Mapping:/home/etdisc/Desktop/sim_ws/install/AEB:/opt/ros/galactic')]), 'shell': False}
[22.010376] (-) TimerEvent: {}
[22.065769] (custom_msgs) StdoutLine: {'line': b'\x1b[35m\x1b[1mScanning dependencies of target custom_msgs__cpp\x1b[0m\n'}
[22.083669] (custom_msgs) StdoutLine: {'line': b'[  2%] \x1b[34m\x1b[1mGenerating C code for ROS interfaces\x1b[0m\n'}
[22.100701] (custom_msgs) StdoutLine: {'line': b'[  5%] \x1b[34m\x1b[1mGenerating C++ code for ROS interfaces\x1b[0m\n'}
[22.110621] (-) TimerEvent: {}
[22.211690] (-) TimerEvent: {}
[22.312096] (-) TimerEvent: {}
[22.413217] (-) TimerEvent: {}
[22.514213] (-) TimerEvent: {}
[22.616230] (-) TimerEvent: {}
[22.716967] (-) TimerEvent: {}
[22.818351] (-) TimerEvent: {}
[22.853472] (custom_msgs) StdoutLine: {'line': b'[  5%] Built target custom_msgs__cpp\n'}
[22.899640] (custom_msgs) StdoutLine: {'line': b'[  7%] \x1b[34m\x1b[1mGenerating C++ type support dispatch for ROS interfaces\x1b[0m\n'}
[22.910614] (custom_msgs) StdoutLine: {'line': b'[ 10%] \x1b[34m\x1b[1mGenerating C++ type support for eProsima Fast-RTPS\x1b[0m\n'}
[22.911880] (custom_msgs) StdoutLine: {'line': b'[ 12%] \x1b[34m\x1b[1mGenerating C++ introspection for ROS interfaces\x1b[0m\n'}
[22.918462] (-) TimerEvent: {}
[22.933398] (custom_msgs) StdoutLine: {'line': b'\x1b[35m\x1b[1mScanning dependencies of target custom_msgs__rosidl_generator_c\x1b[0m\n'}
[23.019010] (-) TimerEvent: {}
[23.074225] (custom_msgs) StdoutLine: {'line': b'[ 15%] \x1b[32mBuilding C object CMakeFiles/custom_msgs__rosidl_generator_c.dir/rosidl_generator_c/custom_msgs/msg/detail/lap_progress__functions.c.o\x1b[0m\n'}
[23.077224] (custom_msgs) StdoutLine: {'line': b'[ 17%] \x1b[32mBuilding C object CMakeFiles/custom_msgs__rosidl_generator_c.dir/rosidl_generator_c/custom_msgs/msg/detail/track_description__functions.c.o\x1b[0m\n'}
[23.119069] (-) TimerEvent: {}
[23.219516] (-) TimerEvent: {}
[23.319956] (-) TimerEvent: {}
[23.388720] (custom_msgs) StdoutLine: {'line': b'[ 20%] \x1b[32m\x1b[1mLinking C shared library libcustom_msgs__rosidl_generator_c.so\x1b[0m\n'}
[23.420408] (-) TimerEvent: {}
[23.524217] (-) TimerEvent: {}
[23.547845] (custom_msgs) StdoutLine: {'line': b'\x1b[35m\x1b[1mScanning dependencies of target custom_msgs__rosidl_typesupport_cpp\x1b[0m\n'}
[23.625801] (-) TimerEvent: {}
[23.677777] (custom_msgs) StdoutLine: {'line': b'[ 20%] Built target custom_msgs__rosidl_generator_c\n'}
[23.678274] (custom_msgs) StdoutLine: {'line': b'\x1b[35m\x1b[1mScanning dependencies of target custom_msgs__rosidl_typesupport_introspection_cpp\x1b[0m\n'}
[23.678460] (custom_msgs) StdoutLine: {'line': b'\x1b[35m\x1b[1mScanning dependencies of target custom_msgs__rosidl_typesupport_fastrtps_cpp\x1b[0m\n'}
[23.704279] (custom_msgs) StdoutLine: {'line': b'[ 25%] \x1b[32mBuilding CXX object CMakeFiles/custom_msgs__rosidl_typesupport_cpp.dir/rosidl_typesupport_cpp/custom_msgs/msg/lap_progress__type_support.cpp.o\x1b[0m\n'}
[23.725974] (-) TimerEvent: {}
[23.726398] (custom_msgs) StdoutLine: {'line': b'[ 25%] \x1b[32mBuilding CXX object CMakeFiles/custom_msgs__rosidl_typesupport_cpp.dir/rosidl_typesupport_cpp/custom_msgs/msg/track_description__type_support.cpp.o\x1b[0m\n'}
[23.746966] (custom_msgs) StdoutLine: {'line': b'[ 28%] \x1b[34m\x1b[1mGenerating C type support dispatch for ROS interfaces\x1b[0m\n'}
[23.747341] (custom_msgs) StdoutLine: {'line': b'[ 30%] \x1b[34m\x1b[1mGenerating C introspection for ROS interfaces\x1b[0m\n'}
[23.781806] (custom_msgs) StdoutLine: {'line': b'[ 33%] \x1b[32mBuilding CXX object CMakeFiles/custom_msgs__rosidl_typesupport_introspection_cpp.dir/rosidl_typesupport_introspection_cpp/custom_msgs/msg/detail/lap_progress__type_support.cpp.o\x1b[0m\n'}
[23.794462] (custom_msgs) StdoutLine: {'line': b'[ 35%] \x1b[32mBuilding CXX object CMakeFiles/custom_msgs__rosidl_typesupport_introspection_cpp.dir/rosidl_typesupport_introspection_cpp/custom_msgs/msg/detail/track_description__type_support.cpp.o\x1b[0m\n'}
[23.829384] (-) TimerEvent: {}
[23.896779] (custom_msgs) StdoutLine: {'line': b'[ 41%] \x1b[32mBuilding CXX object CMakeFiles/custom_msgs__rosidl_typesupport_fastrtps_cpp.dir/rosidl_typesupport_fastrtps_cpp/custom_msgs/msg/detail/dds_fastrtps/lap_progress__type_support.cpp.o\x1b[0m\n'}
[23.899872] (custom_msgs) StdoutLine: {'line': b'[ 41%] \x1b[32mBuilding CXX object CMakeFiles/custom_msgs__rosidl_typesupport_fastrtps_cpp.dir/rosidl_typesupport_fastrtps_cpp/custom_msgs/msg/detail/dds_fastrtps/track_description__type_support.cpp.o\x1b[0m\n'}
[23.929553] (-) TimerEvent: {}
[24.034622] (-) TimerEvent: {}
[24.135058] (-) TimerEvent: {}
[24.236290] (-) TimerEvent: {}
[24.336814] (-) TimerEvent: {}
[24.440226] (-) TimerEvent: {}
[24.542285] (-) TimerEvent: {}
[24.643876] (-) TimerEvent: {}
[24.745438] (-) TimerEvent: {}
[24.846160] (-) TimerEvent: {}
[24.947978] (-) TimerEvent: {}
[25.050136] (-) TimerEvent: {}
[25.150843] (-) TimerEvent: {}
[25.252361] (-) TimerEvent: {}
[25.354053] (-) TimerEvent: {}
[25.455118] (-) TimerEvent: {}
[25.555675] (-) TimerEvent: {}
[25.657764] (-) TimerEvent: {}
[25.784044] (-) TimerEvent: {}
[25.885310] (-) TimerEvent: {}
[25.987103] (-) TimerEvent: {}
[26.065021] (custom_msgs) StdoutLine: {'line': b'\x1b[35m\x1b[1mScanning dependencies of target custom_msgs__rosidl_typesupport_c\x1b[0m\n'}
[26.087640] (-) TimerEvent: {}
[26.188862] (-) TimerEvent: {}
[26.291099] (-) TimerEvent: {}
[26.393223] (-) TimerEvent: {}
[26.494321] (-) TimerEvent: {}
[26.595154] (-) TimerEvent: {}
[26.695933] (-) TimerEvent: {}
[26.796503] (-) TimerEvent: {}
[26.888032] (custom_msgs) StdoutLine: {'line': b'\x1b[35m\x1b[1mScanning dependencies of target custom_msgs__rosidl_typesupport_introspection_c\x1b[0m\n'}
[26.906152] (-) TimerEvent: {}
[27.006795] (-) TimerEvent: {}
[27.078330] (custom_msgs) StdoutLine: {'line': b'[ 43%] \x1b[32mBuilding CXX object CMakeFiles/custom_msgs__rosidl_typesupport_c.dir/rosidl_typesupport_c/custom_msgs/msg/lap_progress__type_support.cpp.o\x1b[0m\n'}
[27.108183] (-) TimerEvent: {}
[27.210714] (-) TimerEvent: {}
[27.314164] (-) TimerEvent: {}
[27.415604] (-) TimerEvent: {}
[27.430930] (custom_msgs) StdoutLine: {'line': b'[ 46%] \x1b[32mBuilding C object CMakeFiles/custom_msgs__rosidl_typesupport_introspection_c.dir/rosidl_typesupport_introspection_c/custom_msgs/msg/detail/lap_progress__type_support.c.o\x1b[0m\n'}
[27.516051] (-) TimerEvent: {}
[27.618113] (-) TimerEvent: {}
[27.720553] (-) TimerEvent: {}
[27.826747] (-) TimerEvent: {}
[27.927612] (-) TimerEvent: {}
[27.942804] (custom_msgs) StdoutLine: {'line': b'[ 48%] \x1b[32mBuilding CXX object CMakeFiles/custom_msgs__rosidl_typesupport_c.dir/rosidl_typesupport_c/custom_msgs/msg/track_description__type_support.cpp.o\x1b[0m\n'}
[28.027796] (-) TimerEvent: {}
[28.089062] (custom_msgs) StdoutLine: {'line': b'[ 51%] \x1b[32mBuilding C object CMakeFiles/custom_msgs__rosidl_typesupport_introspection_c.dir/rosidl_typesupport_introspection_c/custom_msgs/msg/detail/track_description__type_support.c.o\x1b[0m\n'}
[28.128010] (-) TimerEvent: {}
[28.230502] (-) TimerEvent: {}
[28.331173] (-) TimerEvent: {}
[28.363441] (custom_msgs) StdoutLine: {'line': b'[ 53%] \x1b[32m\x1b[1mLinking C shared library libcustom_msgs__rosidl_typesupport_introspection_c.so\x1b[0m\n'}
[28.366707] (custom_msgs) StdoutLine: {'line': b'[ 56%] \x1b[32m\x1b[1mLinking CXX shared library libcustom_msgs__rosidl_typesupport_c.so\x1b[0m\n'}
[28.431334] (-) TimerEvent: {}
[28.500962] (custom_msgs) StdoutLine: {'line': b'[ 58%] \x1b[32m\x1b[1mLinking CXX shared library libcustom_msgs__rosidl_typesupport_cpp.so\x1b[0m\n'}
[28.514151] (custom_msgs) StdoutLine: {'line': b'[ 58%] Built target custom_msgs__rosidl_typesupport_c\n'}
[28.531558] (-) TimerEvent: {}
[28.557877] (custom_msgs) StdoutLine: {'line': b'[ 58%] Built target custom_msgs__rosidl_typesupport_introspection_c\n'}
[28.625935] (custom_msgs) StdoutLine: {'line': b'[ 61%] \x1b[32m\x1b[1mLinking CXX shared library libcustom_msgs__rosidl_typesupport_introspection_cpp.so\x1b[0m\n'}
[28.631700] (-) TimerEvent: {}
[28.669093] (custom_msgs) StdoutLine: {'line': b'[ 61%] Built target custom_msgs__rosidl_typesupport_cpp\n'}
[28.732235] (-) TimerEvent: {}
[28.832861] (-) TimerEvent: {}
[28.889919] (custom_msgs) StdoutLine: {'line': b'[ 61%] Built target custom_msgs__rosidl_typesupport_introspection_cpp\n'}
[28.933008] (-) TimerEvent: {}
[29.000292] (custom_msgs) StdoutLine: {'line': b'[ 64%] \x1b[32m\x1b[1mLinking CXX shared library libcustom_msgs__rosidl_typesupport_fastrtps_cpp.so\x1b[0m\n'}
[29.033425] (-) TimerEvent: {}
[29.134210] (-) TimerEvent: {}
[29.234700] (-) TimerEvent: {}
[29.278742] (custom_msgs) StdoutLine: {'line': b'[ 64%] Built target custom_msgs__rosidl_typesupport_fastrtps_cpp\n'}
[29.317285] (custom_msgs) StdoutLine: {'line': b'[ 66%] \x1b[34m\x1b[1mGenerating C type support for eProsima Fast-RTPS\x1b[0m\n'}
[29.334935] (-) TimerEvent: {}
[29.435535] (-) TimerEvent: {}
[29.536081] (-) TimerEvent: {}
[29.636583] (-) TimerEvent: {}
[29.737184] (-) TimerEvent: {}
[29.831903] (custom_msgs) StdoutLine: {'line': b'\x1b[35m\x1b[1mScanning dependencies of target custom_msgs__rosidl_typesupport_fastrtps_c\x1b[0m\n'}
[29.837378] (-) TimerEvent: {}
[29.893403] (custom_msgs) StdoutLine: {'line': b'[ 69%] \x1b[32mBuilding CXX object CMakeFiles/custom_msgs__rosidl_typesupport_fastrtps_c.dir/rosidl_typesupport_fastrtps_c/custom_msgs/msg/detail/lap_progress__type_support_c.cpp.o\x1b[0m\n'}
[29.897983] (custom_msgs) StdoutLine: {'line': b'[ 71%] \x1b[32mBuilding CXX object CMakeFiles/custom_msgs__rosidl_typesupport_fastrtps_c.dir/rosidl_typesupport_fastrtps_c/custom_msgs/msg/detail/track_description__type_support_c.cpp.o\x1b[0m\n'}
[29.937641] (-) TimerEvent: {}
[30.038549] (-) TimerEvent: {}
[30.140185] (-) TimerEvent: {}
[30.241241] (-) TimerEvent: {}
[30.341989] (-) TimerEvent: {}
[30.443184] (-) TimerEvent: {}
[30.545039] (-) TimerEvent: {}
[30.645700] (-) TimerEvent: {}
[30.651990] (custom_msgs) StdoutLine: {'line': b'[ 74%] \x1b[32m\x1b[1mLinking CXX shared library libcustom_msgs__rosidl_typesupport_fastrtps_c.so\x1b[0m\n'}
[30.746457] (-) TimerEvent: {}
[30.848701] (-) TimerEvent: {}
[30.876174] (custom_msgs) StdoutLine: {'line': b'[ 74%] Built target custom_msgs__rosidl_typesupport_fastrtps_c\n'}
[30.902351] (custom_msgs) StdoutLine: {'line': b'\x1b[35m\x1b[1mScanning dependencies of target custom_msgs\x1b[0m\n'}
[30.934860] (custom_msgs) StdoutLine: {'line': b'[ 74%] Built target custom_msgs\n'}
[30.953715] (-) TimerEvent: {}
[30.959163] (custom_msgs) StdoutLine: {'line': b'\x1b[35m\x1b[1mScanning dependencies of target custom_msgs__py\x1b[0m\n'}
[30.993956] (custom_msgs) StdoutLine: {'line': b'[ 76%] \x1b[34m\x1b[1mGenerating Python code for ROS interfaces\x1b[0m\n'}
[31.054204] (-) TimerEvent: {}
[31.154759] (-) TimerEvent: {}
[31.255279] (-) TimerEvent: {}
[31.355937] (-) TimerEvent: {}
[31.456645] (-) TimerEvent: {}
[31.557142] (-) TimerEvent: {}
[31.657813] (-) TimerEvent: {}
[31.758348] (-) TimerEvent: {}
[31.859242] (-) TimerEvent: {}
[31.960190] (-) TimerEvent: {}
[32.060767] (-) TimerEvent: {}
[32.161728] (-) TimerEvent: {}
[32.263169] (-) TimerEvent: {}
[32.365033] (-) TimerEvent: {}
[32.465756] (-) TimerEvent: {}
[32.566404] (-) TimerEvent: {}
[32.666945] (-) TimerEvent: {}
[32.767356] (-) TimerEvent: {}
[32.823291] (custom_msgs) StdoutLine: {'line': b'[ 76%] Built target custom_msgs__py\n'}
[32.844161] (custom_msgs) StdoutLine: {'line': b'\x1b[35m\x1b[1mScanning dependencies of target custom_msgs__python\x1b[0m\n'}
[32.868290] (-) TimerEvent: {}
[32.968764] (-) TimerEvent: {}
[33.069311] (-) TimerEvent: {}
[33.079682] (custom_msgs) StdoutLine: {'line': b'[ 79%] \x1b[32mBuilding C object CMakeFiles/custom_msgs__python.dir/rosidl_generator_py/custom_msgs/msg/_track_description_s.c.o\x1b[0m\n'}
[33.080164] (custom_msgs) StdoutLine: {'line': b'[ 82%] \x1b[32mBuilding C object CMakeFiles/custom_msgs__python.dir/rosidl_generator_py/custom_msgs/msg/_lap_progress_s.c.o\x1b[0m\n'}
[33.169468] (-) TimerEvent: {}
[33.270277] (-) TimerEvent: {}
[33.370900] (-) TimerEvent: {}
[33.388805] (custom_msgs) StdoutLine: {'line': b'[ 84%] \x1b[32m\x1b[1mLinking C shared library rosidl_generator_py/custom_msgs/libcustom_msgs__python.so\x1b[0m\n'}
[33.471148] (-) TimerEvent: {}
[33.495171] (custom_msgs) StdoutLine: {'line': b'[ 84%] Built target custom_msgs__python\n'}
[33.518053] (custom_msgs) StdoutLine: {'line': b'\x1b[35m\x1b[1mScanning dependencies of target custom_msgs__rosidl_typesupport_c__pyext\x1b[0m\n'}
[33.518457] (custom_msgs) StdoutLine: {'line': b'\x1b[35m\x1b[1mScanning dependencies of target custom_msgs__rosidl_typesupport_fastrtps_c__pyext\x1b[0m\n'}
[33.521516] (custom_msgs) StdoutLine: {'line': b'\x1b[35m\x1b[1mScanning dependencies of target custom_msgs__rosidl_typesupport_introspection_c__pyext\x1b[0m\n'}
[33.568184] (custom_msgs) StdoutLine: {'line': b'[ 87%] \x1b[32mBuilding C object CMakeFiles/custom_msgs__rosidl_typesupport_c__pyext.dir/rosidl_generator_py/custom_msgs/_custom_msgs_s.ep.rosidl_typesupport_c.c.o\x1b[0m\n'}
[33.571350] (-) TimerEvent: {}
[33.598361] (custom_msgs) StdoutLine: {'line': b'[ 89%] \x1b[32mBuilding C object CMakeFiles/custom_msgs__rosidl_typesupport_introspection_c__pyext.dir/rosidl_generator_py/custom_msgs/_custom_msgs_s.ep.rosidl_typesupport_introspection_c.c.o\x1b[0m\n'}
[33.600136] (custom_msgs) StdoutLine: {'line': b'[ 92%] \x1b[32mBuilding C object CMakeFiles/custom_msgs__rosidl_typesupport_fastrtps_c__pyext.dir/rosidl_generator_py/custom_msgs/_custom_msgs_s.ep.rosidl_typesupport_fastrtps_c.c.o\x1b[0m\n'}
[33.671521] (-) TimerEvent: {}
[33.773050] (-) TimerEvent: {}
[33.784867] (custom_msgs) StdoutLine: {'line': b'[ 94%] \x1b[32m\x1b[1mLinking C shared library rosidl_generator_py/custom_msgs/custom_msgs_s__rosidl_typesupport_c.cpython-38-x86_64-linux-gnu.so\x1b[0m\n'}
[33.819839] (custom_msgs) StdoutLine: {'line': b'[ 97%] \x1b[32m\x1b[1mLinking CXX shared library rosidl_generator_py/custom_msgs/custom_msgs_s__rosidl_typesupport_fastrtps_c.cpython-38-x86_64-linux-gnu.so\x1b[0m\n'}
[33.840764] (custom_msgs) StdoutLine: {'line': b'[100%] \x1b[32m\x1b[1mLinking C shared library rosidl_generator_py/custom_msgs/custom_msgs_s__rosidl_typesupport_introspection_c.cpython-38-x86_64-linux-gnu.so\x1b[0m\n'}
[33.873369] (-) TimerEvent: {}
[33.943079] (custom_msgs) StdoutLine: {'line': b'[100%] Built target custom_msgs__rosidl_typesupport_c__pyext\n'}
[33.962231] (custom_msgs) StdoutLine: {'line': b'[100%] Built target custom_msgs__rosidl_typesupport_introspection_c__pyext\n'}
[33.973564] (-) TimerEvent: {}
[34.017210] (custom_msgs) StdoutLine: {'line': b'[100%] Built target custom_msgs__rosidl_typesupport_fastrtps_c__pyext\n'}
[34.047712] (custom_msgs) CommandEnded: {'returncode': 0}
[34.055023] (custom_msgs) JobProgress: {'identifier': 'custom_msgs', 'progress': 'install'}
[34.056743] (custom_msgs) Command: {'cmd': ['/usr/bin/cmake', '--install', '/home/etdisc/Bureau/codef1tenth/build/custom_msgs'], 'cwd': '/home/etdisc/Bureau/codef1tenth/build/custom_msgs', 'env': OrderedDict([('GJS_DEBUG_TOPICS', 'JS ERROR;JS LOG'), ('LESSOPEN', '| /usr/bin/lesspipe %s'), ('HTTPS_PROXY', 'http://proxy:3128'), ('USER', 'etdisc'), ('SSH_AGENT_PID', '1717'), ('XDG_SESSION_TYPE', 'x11'), ('GIT_ASKPASS', '/usr/share/code/resources/app/extensions/git/dist/askpass.sh'), ('SHLVL', '1'), ('LD_LIBRARY_PATH', '/home/etdisc/depots/f1tenth/sim_ws/install/custom_msgs/lib:/home/etdisc/Desktop/sim_ws/install/custom_msgs/lib:/usr/lib/x86_64-linux-gnu/gazebo-11/plugins:/opt/ros/galactic/opt/yaml_cpp_vendor/lib:/opt/ros/galactic/opt/rviz_ogre_vendor/lib:/opt/ros/galactic/lib/x86_64-linux-gnu:/opt/ros/galactic/lib'), ('HOME', '/home/etdisc'), ('CHROME_DESKTOP', 'code.desktop'), ('OLDPWD', '/home/etdisc/Bureau/codef1tenth/src'), ('TERM_PROGRAM_VERSION', '1.106.3'), ('DESKTOP_SESSION', 'ubuntu'), ('GIO_LAUNCHED_DESKTOP_FILE', '/usr/share/applications/code.desktop'), ('ROS_PYTHON_VERSION', '3'), ('GNOME_SHELL_SESSION_MODE', 'ubuntu'), ('GTK_MODULES', 'gail:atk-bridge'), ('VSCODE_GIT_ASKPASS_MAIN', '/usr/share/code/resources/app/extensions/git/dist/askpass-main.js'), ('VSCODE_GIT_ASKPASS_NODE', '/usr/share/code/code'), ('MANAGERPID', '1619'), ('VSCODE_PYTHON_AUTOACTIVATE_GUARD', '1'), ('DBUS_SESSION_BUS_ADDRESS', 'unix:path=/run/user/1000/bus'), ('COLORTERM', 'truecolor'), ('GIO_LAUNCHED_DESKTOP_FILE_PID', '7910'), ('IM_CONFIG_PHASE', '1'), ('https_proxy', 'http://proxy:3128'), ('COLCON_PREFIX_PATH', '/home/etdisc/Bureau/codef1tenth/install:/home/etdisc/depots/f1tenth/sim_ws/install:/home/etdisc/Desktop/sim_ws/install'), ('ROS_DISTRO', 'galactic'), ('LOGNAME', 'etdisc'), ('http_proxy', 'http://proxy:3128'), ('JOURNAL_STREAM', '8:67595'), ('_', '/usr/bin/colcon'), ('ROS_VERSION', '2'), ('XDG_SESSION_CLASS', 'user'), ('USERNAME', 'etdisc'), ('TERM', 'xterm-256color'), ('GNOME_DESKTOP_SESSION_ID', 'this-is-deprecated'), ('ROS_LOCALHOST_ONLY', '1'), ('WINDOWPATH', '2'), ('PATH', '/snap/bin:/home/etdisc/.local/bin:/opt/ros/galactic/bin:/snap/bin:/home/etdisc/.local/bin:/usr/local/sbin:/usr/local/bin:/usr/sbin:/usr/bin:/sbin:/bin:/usr/games:/usr/local/games:/snap/bin'), ('SESSION_MANAGER', 'local/etdisc-virtual-machine:@/tmp/.ICE-unix/1752,unix/etdisc-virtual-machine:/tmp/.ICE-unix/1752'), ('INVOCATION_ID', '1693c3018a5242c5a146aa8c23bcb88d'), ('XDG_MENU_PREFIX', 'gnome-'), ('XDG_RUNTIME_DIR', '/run/user/1000'), ('GDK_BACKEND', 'x11'), ('DISPLAY', ':0'), ('LANG', 'fr_FR.UTF-8'), ('XDG_CURRENT_DESKTOP', 'Unity'), ('XMODIFIERS', '@im=ibus'), ('XDG_SESSION_DESKTOP', 'ubuntu'), ('XAUTHORITY', '/run/user/1000/gdm/Xauthority'), ('LS_COLORS', 'rs=0:di=01;34:ln=01;36:mh=00:pi=40;33:so=01;35:do=01;35:bd=40;33;01:cd=40;33;01:or=40;31;01:mi=00:su=37;41:sg=30;43:ca=30;41:tw=30;42:ow=34;42:st=37;44:ex=01;32:*.tar=01;31:*.tgz=01;31:*.arc=01;31:*.arj=01;31:*.taz=01;31:*.lha=01;31:*.lz4=01;31:*.lzh=01;31:*.lzma=01;31:*.tlz=01;31:*.txz=01;31:*.tzo=01;31:*.t7z=01;31:*.zip=01;31:*.z=01;31:*.dz=01;31:*.gz=01;31:*.lrz=01;31:*.lz=01;31:*.lzo=01;31:*.xz=01;31:*.zst=01;31:*.tzst=01;31:*.bz2=01;31:*.bz=01;31:*.tbz=01;31:*.tbz2=01;31:*.tz=01;31:*.deb=01;31:*.rpm=01;31:*.jar=01;31:*.war=01;31:*.ear=01;31:*.sar=01;31:*.rar=01;31:*.alz=01;31:*.ace=01;31:*.zoo=01;31:*.cpio=01;31:*.7z=01;31:*.rz=01;31:*.cab=01;31:*.wim=01;31:*.swm=01;31:*.dwm=01;31:*.esd=01;31:*.jpg=01;35:*.jpeg=01;35:*.mjpg=01;35:*.mjpeg=01;35:*.gif=01;35:*.bmp=01;35:*.pbm=01;35:*.pgm=01;35:*.ppm=01;35:*.tga=01;35:*.xbm=01;35:*.xpm=01;35:*.tif=01;35:*.tiff=01;35:*.png=01;35:*.svg=01;35:*.svgz=01;35:*.mng=01;35:*.pcx=01;35:*.mov=01;35:*.mpg=01;35:*.mpeg=01;35:*.m2v=01;35:*.mkv=01;35:*.webm=01;35:*.ogm=01;35:*.mp4=01;35:*.m4v=01;35:*.mp4v=01;35:*.vob=01;35:*.qt=01;35:*.nuv=01;35:*.wmv=01;35:*.asf=01;35:*.rm=01;35:*.rmvb=01;35:*.flc=01;35:*.avi=01;35:*.fli=01;35:*.flv=01;35:*.gl=01;35:*.dl=01;35:*.xcf=01;35:*.xwd=01;35:*.yuv=01;35:*.cgm=01;35:*.emf=01;35:*.ogv=01;35:*.ogx=01;35:*.aac=00;36:*.au=00;36:*.flac=00;36:*.m4a=00;36:*.mid=00;36:*.midi=00;36:*.mka=00;36:*.mp3=00;36:*.mpc=00;36:*.ogg=00;36:*.ra=00;36:*.wav=00;36:*.oga=00;36:*.opus=00;36:*.spx=00;36:*.xspf=00;36:'), ('VSCODE_GIT_IPC_HANDLE', '/run/user/1000/vscode-git-ea9b44a2ba.sock'), ('TERM_PROGRAM', 'vscode'), ('SSH_AUTH_SOCK', '/run/user/1000/keyring/ssh'), ('AMENT_PREFIX_PATH', '/home/etdisc/Bureau/codef1tenth/install/f1_localization:/home/etdisc/depots/f1tenth/sim_ws/install/timer:/home/etdisc/depots/f1tenth/sim_ws/install/strategy:/home/etdisc/depots/f1tenth/sim_ws/install/localisation:/home/etdisc/depots/f1tenth/sim_ws/install/f1tenth_gym_ros:/home/etdisc/depots/f1tenth/sim_ws/install/custom_msgs:/home/etdisc/depots/f1tenth/sim_ws/install/Waypoints:/home/etdisc/depots/f1tenth/sim_ws/install/Simple_algo:/home/etdisc/depots/f1tenth/sim_ws/install/Planif:/home/etdisc/depots/f1tenth/sim_ws/install/Mapping:/home/etdisc/depots/f1tenth/sim_ws/install/AEB:/home/etdisc/Desktop/sim_ws/install/timer:/home/etdisc/Desktop/sim_ws/install/strategy:/home/etdisc/Desktop/sim_ws/install/localisation:/home/etdisc/Desktop/sim_ws/install/f1tenth_gym_ros:/home/etdisc/Desktop/sim_ws/install/custom_msgs:/home/etdisc/Desktop/sim_ws/install/Waypoints:/home/etdisc/Desktop/sim_ws/install/Simple_algo:/home/etdisc/Desktop/sim_ws/install/Planif:/home/etdisc/Desktop/sim_ws/install/Mapping:/home/etdisc/Desktop/sim_ws/install/AEB:/opt/ros/galactic'), ('ORIGINAL_XDG_CURRENT_DESKTOP', 'ubuntu:GNOME'), ('SHELL', '/bin/bash'), ('QT_ACCESSIBILITY', '1'), ('GDMSESSION', 'ubuntu'), ('LESSCLOSE', '/usr/bin/lesspipe %s %s'), ('GPG_AGENT_INFO', '/run/user/1000/gnupg/S.gpg-agent:0:1'), ('GJS_DEBUG_OUTPUT', 'stderr'), ('VSCODE_GIT_ASKPASS_EXTRA_ARGS', ''), ('QT_IM_MODULE', 'ibus'), ('PWD', '/home/etdisc/Bureau/codef1tenth/build/custom_msgs'), ('LC_ALL', 'fr_FR.UTF-8'), ('XDG_CONFIG_DIRS', '/etc/xdg/xdg-ubuntu:/etc/xdg'), ('XDG_DATA_DIRS', '/usr/share/ubuntu:/usr/local/share/:/usr/share/:/var/lib/snapd/desktop'), ('PYTHONPATH', '/home/etdisc/depots/f1tenth/sim_ws/install/timer/lib/python3.8/site-packages:/home/etdisc/depots/f1tenth/sim_ws/install/strategy/lib/python3.8/site-packages:/home/etdisc/depots/f1tenth/sim_ws/install/localisation/lib/python3.8/site-packages:/home/etdisc/depots/f1tenth/sim_ws/install/f1tenth_gym_ros/lib/python3.8/site-packages:/home/etdisc/depots/f1tenth/sim_ws/install/custom_msgs/lib/python3.8/site-packages:/home/etdisc/depots/f1tenth/sim_ws/install/Waypoints/lib/python3.8/site-packages:/home/etdisc/depots/f1tenth/sim_ws/install/Simple_algo/lib/python3.8/site-packages:/home/etdisc/depots/f1tenth/sim_ws/install/Planif/lib/python3.8/site-packages:/home/etdisc/depots/f1tenth/sim_ws/install/Mapping/lib/python3.8/site-packages:/home/etdisc/depots/f1tenth/sim_ws/install/AEB/lib/python3.8/site-packages:/home/etdisc/depots/f1tenth/sim_ws/build/timer:/home/etdisc/Desktop/sim_ws/install/timer/lib/python3.8/site-packages:/home/etdisc/depots/f1tenth/sim_ws/build/strategy:/home/etdisc/Desktop/sim_ws/install/strategy/lib/python3.8/site-packages:/home/etdisc/depots/f1tenth/sim_ws/build/localisation:/home/etdisc/Desktop/sim_ws/install/localisation/lib/python3.8/site-packages:/home/etdisc/depots/f1tenth/sim_ws/build/f1tenth_gym_ros:/home/etdisc/Desktop/sim_ws/install/f1tenth_gym_ros/lib/python3.8/site-packages:/home/etdisc/Desktop/sim_ws/install/custom_msgs/lib/python3.8/site-packages:/home/etdisc/depots/f1tenth/sim_ws/build/Waypoints:/home/etdisc/Desktop/sim_ws/install/Waypoints/lib/python3.8/site-packages:/home/etdisc/depots/f1tenth/sim_ws/build/Simple_algo:/home/etdisc/Desktop/sim_ws/install/Simple_algo/lib/python3.8/site-packages:/home/etdisc/depots/f1tenth/sim_ws/build/Planif:/home/etdisc/Desktop/sim_ws/install/Planif/lib/python3.8/site-packages:/home/etdisc/depots/f1tenth/sim_ws/build/Mapping:/home/etdisc/Desktop/sim_ws/install/Mapping/lib/python3.8/site-packages:/home/etdisc/depots/f1tenth/sim_ws/build/AEB:/home/etdisc/Desktop/sim_ws/install/AEB/lib/python3.8/site-packages:/opt/ros/galactic/lib/python3.8/site-packages'), ('HTTP_PROXY', 'http://proxy:3128'), ('COLCON', '1'), ('CMAKE_PREFIX_PATH', '/home/etdisc/Bureau/codef1tenth/install/f1_localization:/home/etdisc/depots/f1tenth/sim_ws/install/custom_msgs:/home/etdisc/Desktop/sim_ws/install/custom_msgs:/home/etdisc/depots/f1tenth/sim_ws/install/timer:/home/etdisc/depots/f1tenth/sim_ws/install/strategy:/home/etdisc/depots/f1tenth/sim_ws/install/localisation:/home/etdisc/depots/f1tenth/sim_ws/install/f1tenth_gym_ros:/home/etdisc/depots/f1tenth/sim_ws/install/Waypoints:/home/etdisc/depots/f1tenth/sim_ws/install/Simple_algo:/home/etdisc/depots/f1tenth/sim_ws/install/Planif:/home/etdisc/depots/f1tenth/sim_ws/install/Mapping:/home/etdisc/depots/f1tenth/sim_ws/install/AEB:/home/etdisc/Desktop/sim_ws/install/timer:/home/etdisc/Desktop/sim_ws/install/strategy:/home/etdisc/Desktop/sim_ws/install/localisation:/home/etdisc/Desktop/sim_ws/install/f1tenth_gym_ros:/home/etdisc/Desktop/sim_ws/install/Waypoints:/home/etdisc/Desktop/sim_ws/install/Simple_algo:/home/etdisc/Desktop/sim_ws/install/Planif:/home/etdisc/Desktop/sim_ws/install/Mapping:/home/etdisc/Desktop/sim_ws/install/AEB:/opt/ros/galactic')]), 'shell': False}
[34.073885] (-) TimerEvent: {}
[34.085860] (custom_msgs) StdoutLine: {'line': b'-- Install configuration: ""\n'}
[34.091298] (custom_msgs) StdoutLine: {'line': b'-- Installing: /home/etdisc/Bureau/codef1tenth/install/custom_msgs/share/ament_index/resource_index/rosidl_interfaces/custom_msgs\n'}
[34.091695] (custom_msgs) StdoutLine: {'line': b'-- Installing: /home/etdisc/Bureau/codef1tenth/install/custom_msgs/include/custom_msgs\n'}
[34.091861] (custom_msgs) StdoutLine: {'line': b'-- Installing: /home/etdisc/Bureau/codef1tenth/install/custom_msgs/include/custom_msgs/msg\n'}
[34.092010] (custom_msgs) StdoutLine: {'line': b'-- Installing: /home/etdisc/Bureau/codef1tenth/install/custom_msgs/include/custom_msgs/msg/track_description.h\n'}
[34.092272] (custom_msgs) StdoutLine: {'line': b'-- Installing: /home/etdisc/Bureau/codef1tenth/install/custom_msgs/include/custom_msgs/msg/detail\n'}
[34.094514] (custom_msgs) StdoutLine: {'line': b'-- Installing: /home/etdisc/Bureau/codef1tenth/install/custom_msgs/include/custom_msgs/msg/detail/track_description__functions.h\n'}
[34.094809] (custom_msgs) StdoutLine: {'line': b'-- Installing: /home/etdisc/Bureau/codef1tenth/install/custom_msgs/include/custom_msgs/msg/detail/lap_progress__functions.h\n'}
[34.094986] (custom_msgs) StdoutLine: {'line': b'-- Installing: /home/etdisc/Bureau/codef1tenth/install/custom_msgs/include/custom_msgs/msg/detail/lap_progress__functions.c\n'}
[34.095182] (custom_msgs) StdoutLine: {'line': b'-- Installing: /home/etdisc/Bureau/codef1tenth/install/custom_msgs/include/custom_msgs/msg/detail/track_description__type_support.h\n'}
[34.095346] (custom_msgs) StdoutLine: {'line': b'-- Installing: /home/etdisc/Bureau/codef1tenth/install/custom_msgs/include/custom_msgs/msg/detail/lap_progress__type_support.h\n'}
[34.095513] (custom_msgs) StdoutLine: {'line': b'-- Installing: /home/etdisc/Bureau/codef1tenth/install/custom_msgs/include/custom_msgs/msg/detail/track_description__struct.h\n'}
[34.095784] (custom_msgs) StdoutLine: {'line': b'-- Installing: /home/etdisc/Bureau/codef1tenth/install/custom_msgs/include/custom_msgs/msg/detail/track_description__functions.c\n'}
[34.096053] (custom_msgs) StdoutLine: {'line': b'-- Installing: /home/etdisc/Bureau/codef1tenth/install/custom_msgs/include/custom_msgs/msg/detail/lap_progress__struct.h\n'}
[34.101904] (custom_msgs) StdoutLine: {'line': b'-- Installing: /home/etdisc/Bureau/codef1tenth/install/custom_msgs/include/custom_msgs/msg/lap_progress.h\n'}
[34.106772] (custom_msgs) StdoutLine: {'line': b'-- Installing: /home/etdisc/Bureau/codef1tenth/install/custom_msgs/include/custom_msgs/msg/rosidl_generator_c__visibility_control.h\n'}
[34.107293] (custom_msgs) StdoutLine: {'line': b'-- Installing: /home/etdisc/Bureau/codef1tenth/install/custom_msgs/share/custom_msgs/environment/library_path.sh\n'}
[34.107440] (custom_msgs) StdoutLine: {'line': b'-- Installing: /home/etdisc/Bureau/codef1tenth/install/custom_msgs/share/custom_msgs/environment/library_path.dsv\n'}
[34.107638] (custom_msgs) StdoutLine: {'line': b'-- Installing: /home/etdisc/Bureau/codef1tenth/install/custom_msgs/lib/libcustom_msgs__rosidl_generator_c.so\n'}
[34.109017] (custom_msgs) StdoutLine: {'line': b'-- Set runtime path of "/home/etdisc/Bureau/codef1tenth/install/custom_msgs/lib/libcustom_msgs__rosidl_generator_c.so" to ""\n'}
[34.109206] (custom_msgs) StdoutLine: {'line': b'-- Up-to-date: /home/etdisc/Bureau/codef1tenth/install/custom_msgs/include/custom_msgs\n'}
[34.109322] (custom_msgs) StdoutLine: {'line': b'-- Up-to-date: /home/etdisc/Bureau/codef1tenth/install/custom_msgs/include/custom_msgs/msg\n'}
[34.109511] (custom_msgs) StdoutLine: {'line': b'-- Installing: /home/etdisc/Bureau/codef1tenth/install/custom_msgs/include/custom_msgs/msg/rosidl_typesupport_fastrtps_c__visibility_control.h\n'}
[34.109654] (custom_msgs) StdoutLine: {'line': b'-- Up-to-date: /home/etdisc/Bureau/codef1tenth/install/custom_msgs/include/custom_msgs/msg/detail\n'}
[34.109862] (custom_msgs) StdoutLine: {'line': b'-- Installing: /home/etdisc/Bureau/codef1tenth/install/custom_msgs/include/custom_msgs/msg/detail/track_description__rosidl_typesupport_fastrtps_c.h\n'}
[34.109977] (custom_msgs) StdoutLine: {'line': b'-- Installing: /home/etdisc/Bureau/codef1tenth/install/custom_msgs/include/custom_msgs/msg/detail/lap_progress__rosidl_typesupport_fastrtps_c.h\n'}
[34.110161] (custom_msgs) StdoutLine: {'line': b'-- Installing: /home/etdisc/Bureau/codef1tenth/install/custom_msgs/lib/libcustom_msgs__rosidl_typesupport_fastrtps_c.so\n'}
[34.110965] (custom_msgs) StdoutLine: {'line': b'-- Set runtime path of "/home/etdisc/Bureau/codef1tenth/install/custom_msgs/lib/libcustom_msgs__rosidl_typesupport_fastrtps_c.so" to ""\n'}
[34.111171] (custom_msgs) StdoutLine: {'line': b'-- Up-to-date: /home/etdisc/Bureau/codef1tenth/install/custom_msgs/include/custom_msgs\n'}
[34.111334] (custom_msgs) StdoutLine: {'line': b'-- Up-to-date: /home/etdisc/Bureau/codef1tenth/install/custom_msgs/include/custom_msgs/msg\n'}
[34.111491] (custom_msgs) StdoutLine: {'line': b'-- Up-to-date: /home/etdisc/Bureau/codef1tenth/install/custom_msgs/include/custom_msgs/msg/detail\n'}
[34.111688] (custom_msgs) StdoutLine: {'line': b'-- Installing: /home/etdisc/Bureau/codef1tenth/install/custom_msgs/include/custom_msgs/msg/detail/lap_progress__rosidl_typesupport_fastrtps_cpp.hpp\n'}
[34.111900] (custom_msgs) StdoutLine: {'line': b'-- Installing: /home/etdisc/Bureau/codef1tenth/install/custom_msgs/include/custom_msgs/msg/detail/track_description__rosidl_typesupport_fastrtps_cpp.hpp\n'}
[34.112023] (custom_msgs) StdoutLine: {'line': b'-- Installing: /home/etdisc/Bureau/codef1tenth/install/custom_msgs/include/custom_msgs/msg/detail/dds_fastrtps\n'}
[34.112149] (custom_msgs) StdoutLine: {'line': b'-- Installing: /home/etdisc/Bureau/codef1tenth/install/custom_msgs/include/custom_msgs/msg/rosidl_typesupport_fastrtps_cpp__visibility_control.h\n'}
[34.112911] (custom_msgs) StdoutLine: {'line': b'-- Installing: /home/etdisc/Bureau/codef1tenth/install/custom_msgs/lib/libcustom_msgs__rosidl_typesupport_fastrtps_cpp.so\n'}
[34.114523] (custom_msgs) StdoutLine: {'line': b'-- Set runtime path of "/home/etdisc/Bureau/codef1tenth/install/custom_msgs/lib/libcustom_msgs__rosidl_typesupport_fastrtps_cpp.so" to ""\n'}
[34.114794] (custom_msgs) StdoutLine: {'line': b'-- Up-to-date: /home/etdisc/Bureau/codef1tenth/install/custom_msgs/include/custom_msgs\n'}
[34.115019] (custom_msgs) StdoutLine: {'line': b'-- Up-to-date: /home/etdisc/Bureau/codef1tenth/install/custom_msgs/include/custom_msgs/msg\n'}
[34.115133] (custom_msgs) StdoutLine: {'line': b'-- Up-to-date: /home/etdisc/Bureau/codef1tenth/install/custom_msgs/include/custom_msgs/msg/detail\n'}
[34.115235] (custom_msgs) StdoutLine: {'line': b'-- Installing: /home/etdisc/Bureau/codef1tenth/install/custom_msgs/include/custom_msgs/msg/detail/lap_progress__type_support.c\n'}
[34.115393] (custom_msgs) StdoutLine: {'line': b'-- Installing: /home/etdisc/Bureau/codef1tenth/install/custom_msgs/include/custom_msgs/msg/detail/lap_progress__rosidl_typesupport_introspection_c.h\n'}
[34.115652] (custom_msgs) StdoutLine: {'line': b'-- Installing: /home/etdisc/Bureau/codef1tenth/install/custom_msgs/include/custom_msgs/msg/detail/track_description__type_support.c\n'}
[34.117474] (custom_msgs) StdoutLine: {'line': b'-- Installing: /home/etdisc/Bureau/codef1tenth/install/custom_msgs/include/custom_msgs/msg/detail/track_description__rosidl_typesupport_introspection_c.h\n'}
[34.118224] (custom_msgs) StdoutLine: {'line': b'-- Installing: /home/etdisc/Bureau/codef1tenth/install/custom_msgs/include/custom_msgs/msg/rosidl_typesupport_introspection_c__visibility_control.h\n'}
[34.118859] (custom_msgs) StdoutLine: {'line': b'-- Installing: /home/etdisc/Bureau/codef1tenth/install/custom_msgs/lib/libcustom_msgs__rosidl_typesupport_introspection_c.so\n'}
[34.121378] (custom_msgs) StdoutLine: {'line': b'-- Set runtime path of "/home/etdisc/Bureau/codef1tenth/install/custom_msgs/lib/libcustom_msgs__rosidl_typesupport_introspection_c.so" to ""\n'}
[34.121707] (custom_msgs) StdoutLine: {'line': b'-- Installing: /home/etdisc/Bureau/codef1tenth/install/custom_msgs/lib/libcustom_msgs__rosidl_typesupport_c.so\n'}
[34.121941] (custom_msgs) StdoutLine: {'line': b'-- Set runtime path of "/home/etdisc/Bureau/codef1tenth/install/custom_msgs/lib/libcustom_msgs__rosidl_typesupport_c.so" to ""\n'}
[34.122693] (custom_msgs) StdoutLine: {'line': b'-- Up-to-date: /home/etdisc/Bureau/codef1tenth/install/custom_msgs/include/custom_msgs\n'}
[34.122876] (custom_msgs) StdoutLine: {'line': b'-- Up-to-date: /home/etdisc/Bureau/codef1tenth/install/custom_msgs/include/custom_msgs/msg\n'}
[34.123011] (custom_msgs) StdoutLine: {'line': b'-- Installing: /home/etdisc/Bureau/codef1tenth/install/custom_msgs/include/custom_msgs/msg/track_description.hpp\n'}
[34.123171] (custom_msgs) StdoutLine: {'line': b'-- Up-to-date: /home/etdisc/Bureau/codef1tenth/install/custom_msgs/include/custom_msgs/msg/detail\n'}
[34.123313] (custom_msgs) StdoutLine: {'line': b'-- Installing: /home/etdisc/Bureau/codef1tenth/install/custom_msgs/include/custom_msgs/msg/detail/lap_progress__traits.hpp\n'}
[34.123872] (custom_msgs) StdoutLine: {'line': b'-- Installing: /home/etdisc/Bureau/codef1tenth/install/custom_msgs/include/custom_msgs/msg/detail/lap_progress__struct.hpp\n'}
[34.124013] (custom_msgs) StdoutLine: {'line': b'-- Installing: /home/etdisc/Bureau/codef1tenth/install/custom_msgs/include/custom_msgs/msg/detail/track_description__builder.hpp\n'}
[34.124125] (custom_msgs) StdoutLine: {'line': b'-- Installing: /home/etdisc/Bureau/codef1tenth/install/custom_msgs/include/custom_msgs/msg/detail/lap_progress__builder.hpp\n'}
[34.124200] (custom_msgs) StdoutLine: {'line': b'-- Installing: /home/etdisc/Bureau/codef1tenth/install/custom_msgs/include/custom_msgs/msg/detail/track_description__struct.hpp\n'}
[34.124297] (custom_msgs) StdoutLine: {'line': b'-- Installing: /home/etdisc/Bureau/codef1tenth/install/custom_msgs/include/custom_msgs/msg/detail/track_description__traits.hpp\n'}
[34.124487] (custom_msgs) StdoutLine: {'line': b'-- Installing: /home/etdisc/Bureau/codef1tenth/install/custom_msgs/include/custom_msgs/msg/lap_progress.hpp\n'}
[34.125445] (custom_msgs) StdoutLine: {'line': b'-- Up-to-date: /home/etdisc/Bureau/codef1tenth/install/custom_msgs/include/custom_msgs\n'}
[34.125708] (custom_msgs) StdoutLine: {'line': b'-- Up-to-date: /home/etdisc/Bureau/codef1tenth/install/custom_msgs/include/custom_msgs/msg\n'}
[34.125855] (custom_msgs) StdoutLine: {'line': b'-- Up-to-date: /home/etdisc/Bureau/codef1tenth/install/custom_msgs/include/custom_msgs/msg/detail\n'}
[34.125962] (custom_msgs) StdoutLine: {'line': b'-- Installing: /home/etdisc/Bureau/codef1tenth/install/custom_msgs/include/custom_msgs/msg/detail/track_description__type_support.cpp\n'}
[34.126405] (custom_msgs) StdoutLine: {'line': b'-- Installing: /home/etdisc/Bureau/codef1tenth/install/custom_msgs/include/custom_msgs/msg/detail/lap_progress__type_support.cpp\n'}
[34.126908] (custom_msgs) StdoutLine: {'line': b'-- Installing: /home/etdisc/Bureau/codef1tenth/install/custom_msgs/include/custom_msgs/msg/detail/track_description__rosidl_typesupport_introspection_cpp.hpp\n'}
[34.127207] (custom_msgs) StdoutLine: {'line': b'-- Installing: /home/etdisc/Bureau/codef1tenth/install/custom_msgs/include/custom_msgs/msg/detail/lap_progress__rosidl_typesupport_introspection_cpp.hpp\n'}
[34.128416] (custom_msgs) StdoutLine: {'line': b'-- Installing: /home/etdisc/Bureau/codef1tenth/install/custom_msgs/lib/libcustom_msgs__rosidl_typesupport_introspection_cpp.so\n'}
[34.129989] (custom_msgs) StdoutLine: {'line': b'-- Set runtime path of "/home/etdisc/Bureau/codef1tenth/install/custom_msgs/lib/libcustom_msgs__rosidl_typesupport_introspection_cpp.so" to ""\n'}
[34.130340] (custom_msgs) StdoutLine: {'line': b'-- Installing: /home/etdisc/Bureau/codef1tenth/install/custom_msgs/lib/libcustom_msgs__rosidl_typesupport_cpp.so\n'}
[34.130831] (custom_msgs) StdoutLine: {'line': b'-- Set runtime path of "/home/etdisc/Bureau/codef1tenth/install/custom_msgs/lib/libcustom_msgs__rosidl_typesupport_cpp.so" to ""\n'}
[34.131006] (custom_msgs) StdoutLine: {'line': b'-- Installing: /home/etdisc/Bureau/codef1tenth/install/custom_msgs/share/custom_msgs/environment/pythonpath.sh\n'}
[34.131279] (custom_msgs) StdoutLine: {'line': b'-- Installing: /home/etdisc/Bureau/codef1tenth/install/custom_msgs/share/custom_msgs/environment/pythonpath.dsv\n'}
[34.136293] (custom_msgs) StdoutLine: {'line': b'-- Installing: /home/etdisc/Bureau/codef1tenth/install/custom_msgs/lib/python3.8/site-packages/custom_msgs/__init__.py\n'}
[34.173953] (-) TimerEvent: {}
[34.232376] (custom_msgs) StdoutLine: {'line': b"Compiling '/home/etdisc/Bureau/codef1tenth/install/custom_msgs/lib/python3.8/site-packages/custom_msgs/__init__.py'...\n"}
[34.242123] (custom_msgs) StdoutLine: {'line': b'-- Installing: /home/etdisc/Bureau/codef1tenth/install/custom_msgs/lib/python3.8/site-packages/custom_msgs/msg\n'}
[34.243084] (custom_msgs) StdoutLine: {'line': b'-- Installing: /home/etdisc/Bureau/codef1tenth/install/custom_msgs/lib/python3.8/site-packages/custom_msgs/msg/_track_description.py\n'}
[34.243629] (custom_msgs) StdoutLine: {'line': b'-- Installing: /home/etdisc/Bureau/codef1tenth/install/custom_msgs/lib/python3.8/site-packages/custom_msgs/msg/_lap_progress.py\n'}
[34.244571] (custom_msgs) StdoutLine: {'line': b'-- Installing: /home/etdisc/Bureau/codef1tenth/install/custom_msgs/lib/python3.8/site-packages/custom_msgs/msg/_lap_progress_s.c\n'}
[34.244952] (custom_msgs) StdoutLine: {'line': b'-- Installing: /home/etdisc/Bureau/codef1tenth/install/custom_msgs/lib/python3.8/site-packages/custom_msgs/msg/__init__.py\n'}
[34.246113] (custom_msgs) StdoutLine: {'line': b'-- Installing: /home/etdisc/Bureau/codef1tenth/install/custom_msgs/lib/python3.8/site-packages/custom_msgs/msg/_track_description_s.c\n'}
[34.246724] (custom_msgs) StdoutLine: {'line': b'-- Installing: /home/etdisc/Bureau/codef1tenth/install/custom_msgs/lib/python3.8/site-packages/custom_msgs/custom_msgs_s__rosidl_typesupport_fastrtps_c.cpython-38-x86_64-linux-gnu.so\n'}
[34.248317] (custom_msgs) StdoutLine: {'line': b'-- Set runtime path of "/home/etdisc/Bureau/codef1tenth/install/custom_msgs/lib/python3.8/site-packages/custom_msgs/custom_msgs_s__rosidl_typesupport_fastrtps_c.cpython-38-x86_64-linux-gnu.so" to ""\n'}
[34.249244] (custom_msgs) StdoutLine: {'line': b'-- Installing: /home/etdisc/Bureau/codef1tenth/install/custom_msgs/lib/python3.8/site-packages/custom_msgs/custom_msgs_s__rosidl_typesupport_introspection_c.cpython-38-x86_64-linux-gnu.so\n'}
[34.251032] (custom_msgs) StdoutLine: {'line': b'-- Set runtime path of "/home/etdisc/Bureau/codef1tenth/install/custom_msgs/lib/python3.8/site-packages/custom_msgs/custom_msgs_s__rosidl_typesupport_introspection_c.cpython-38-x86_64-linux-gnu.so" to ""\n'}
[34.251315] (custom_msgs) StdoutLine: {'line': b'-- Installing: /home/etdisc/Bureau/codef1tenth/install/custom_msgs/lib/python3.8/site-packages/custom_msgs/custom_msgs_s__rosidl_typesupport_c.cpython-38-x86_64-linux-gnu.so\n'}
[34.253520] (custom_msgs) StdoutLine: {'line': b'-- Set runtime path of "/home/etdisc/Bureau/codef1tenth/install/custom_msgs/lib/python3.8/site-packages/custom_msgs/custom_msgs_s__rosidl_typesupport_c.cpython-38-x86_64-linux-gnu.so" to ""\n'}
[34.254058] (custom_msgs) StdoutLine: {'line': b'-- Installing: /home/etdisc/Bureau/codef1tenth/install/custom_msgs/lib/libcustom_msgs__python.so\n'}
[34.255259] (custom_msgs) StdoutLine: {'line': b'-- Set runtime path of "/home/etdisc/Bureau/codef1tenth/install/custom_msgs/lib/libcustom_msgs__python.so" to ""\n'}
[34.258075] (custom_msgs) StdoutLine: {'line': b'-- Installing: /home/etdisc/Bureau/codef1tenth/install/custom_msgs/share/custom_msgs/msg/LapProgress.idl\n'}
[34.258497] (custom_msgs) StdoutLine: {'line': b'-- Installing: /home/etdisc/Bureau/codef1tenth/install/custom_msgs/share/custom_msgs/msg/TrackDescription.idl\n'}
[34.260970] (custom_msgs) StdoutLine: {'line': b'-- Installing: /home/etdisc/Bureau/codef1tenth/install/custom_msgs/share/custom_msgs/msg/LapProgress.msg\n'}
[34.262176] (custom_msgs) StdoutLine: {'line': b'-- Installing: /home/etdisc/Bureau/codef1tenth/install/custom_msgs/share/custom_msgs/msg/TrackDescription.msg\n'}
[34.264207] (custom_msgs) StdoutLine: {'line': b'-- Installing: /home/etdisc/Bureau/codef1tenth/install/custom_msgs/share/ament_index/resource_index/package_run_dependencies/custom_msgs\n'}
[34.265464] (custom_msgs) StdoutLine: {'line': b'-- Installing: /home/etdisc/Bureau/codef1tenth/install/custom_msgs/share/ament_index/resource_index/parent_prefix_path/custom_msgs\n'}
[34.267037] (custom_msgs) StdoutLine: {'line': b'-- Installing: /home/etdisc/Bureau/codef1tenth/install/custom_msgs/share/custom_msgs/environment/ament_prefix_path.sh\n'}
[34.267631] (custom_msgs) StdoutLine: {'line': b'-- Installing: /home/etdisc/Bureau/codef1tenth/install/custom_msgs/share/custom_msgs/environment/ament_prefix_path.dsv\n'}
[34.268896] (custom_msgs) StdoutLine: {'line': b'-- Installing: /home/etdisc/Bureau/codef1tenth/install/custom_msgs/share/custom_msgs/environment/path.sh\n'}
[34.269678] (custom_msgs) StdoutLine: {'line': b'-- Installing: /home/etdisc/Bureau/codef1tenth/install/custom_msgs/share/custom_msgs/environment/path.dsv\n'}
[34.271220] (custom_msgs) StdoutLine: {'line': b'-- Installing: /home/etdisc/Bureau/codef1tenth/install/custom_msgs/share/custom_msgs/local_setup.bash\n'}
[34.273278] (custom_msgs) StdoutLine: {'line': b'-- Installing: /home/etdisc/Bureau/codef1tenth/install/custom_msgs/share/custom_msgs/local_setup.sh\n'}
[34.274112] (-) TimerEvent: {}
[34.275064] (custom_msgs) StdoutLine: {'line': b'-- Installing: /home/etdisc/Bureau/codef1tenth/install/custom_msgs/share/custom_msgs/local_setup.zsh\n'}
[34.275749] (custom_msgs) StdoutLine: {'line': b'-- Installing: /home/etdisc/Bureau/codef1tenth/install/custom_msgs/share/custom_msgs/local_setup.dsv\n'}
[34.275973] (custom_msgs) StdoutLine: {'line': b'-- Installing: /home/etdisc/Bureau/codef1tenth/install/custom_msgs/share/custom_msgs/package.dsv\n'}
[34.277346] (custom_msgs) StdoutLine: {'line': b'-- Installing: /home/etdisc/Bureau/codef1tenth/install/custom_msgs/share/ament_index/resource_index/packages/custom_msgs\n'}
[34.278343] (custom_msgs) StdoutLine: {'line': b'-- Installing: /home/etdisc/Bureau/codef1tenth/install/custom_msgs/share/custom_msgs/cmake/custom_msgs__rosidl_generator_cExport.cmake\n'}
[34.278629] (custom_msgs) StdoutLine: {'line': b'-- Installing: /home/etdisc/Bureau/codef1tenth/install/custom_msgs/share/custom_msgs/cmake/custom_msgs__rosidl_generator_cExport-noconfig.cmake\n'}
[34.279710] (custom_msgs) StdoutLine: {'line': b'-- Installing: /home/etdisc/Bureau/codef1tenth/install/custom_msgs/share/custom_msgs/cmake/custom_msgs__rosidl_typesupport_introspection_cExport.cmake\n'}
[34.280814] (custom_msgs) StdoutLine: {'line': b'-- Installing: /home/etdisc/Bureau/codef1tenth/install/custom_msgs/share/custom_msgs/cmake/custom_msgs__rosidl_typesupport_introspection_cExport-noconfig.cmake\n'}
[34.281883] (custom_msgs) StdoutLine: {'line': b'-- Installing: /home/etdisc/Bureau/codef1tenth/install/custom_msgs/share/custom_msgs/cmake/custom_msgs__rosidl_typesupport_cExport.cmake\n'}
[34.283468] (custom_msgs) StdoutLine: {'line': b'-- Installing: /home/etdisc/Bureau/codef1tenth/install/custom_msgs/share/custom_msgs/cmake/custom_msgs__rosidl_typesupport_cExport-noconfig.cmake\n'}
[34.284357] (custom_msgs) StdoutLine: {'line': b'-- Installing: /home/etdisc/Bureau/codef1tenth/install/custom_msgs/share/custom_msgs/cmake/custom_msgs__rosidl_generator_cppExport.cmake\n'}
[34.284757] (custom_msgs) StdoutLine: {'line': b'-- Installing: /home/etdisc/Bureau/codef1tenth/install/custom_msgs/share/custom_msgs/cmake/custom_msgs__rosidl_typesupport_introspection_cppExport.cmake\n'}
[34.285066] (custom_msgs) StdoutLine: {'line': b'-- Installing: /home/etdisc/Bureau/codef1tenth/install/custom_msgs/share/custom_msgs/cmake/custom_msgs__rosidl_typesupport_introspection_cppExport-noconfig.cmake\n'}
[34.288039] (custom_msgs) StdoutLine: {'line': b'-- Installing: /home/etdisc/Bureau/codef1tenth/install/custom_msgs/share/custom_msgs/cmake/custom_msgs__rosidl_typesupport_cppExport.cmake\n'}
[34.288456] (custom_msgs) StdoutLine: {'line': b'-- Installing: /home/etdisc/Bureau/codef1tenth/install/custom_msgs/share/custom_msgs/cmake/custom_msgs__rosidl_typesupport_cppExport-noconfig.cmake\n'}
[34.293228] (custom_msgs) StdoutLine: {'line': b'-- Installing: /home/etdisc/Bureau/codef1tenth/install/custom_msgs/share/custom_msgs/cmake/rosidl_cmake-extras.cmake\n'}
[34.293716] (custom_msgs) StdoutLine: {'line': b'-- Installing: /home/etdisc/Bureau/codef1tenth/install/custom_msgs/share/custom_msgs/cmake/ament_cmake_export_dependencies-extras.cmake\n'}
[34.294030] (custom_msgs) StdoutLine: {'line': b'-- Installing: /home/etdisc/Bureau/codef1tenth/install/custom_msgs/share/custom_msgs/cmake/ament_cmake_export_libraries-extras.cmake\n'}
[34.294327] (custom_msgs) StdoutLine: {'line': b'-- Installing: /home/etdisc/Bureau/codef1tenth/install/custom_msgs/share/custom_msgs/cmake/ament_cmake_export_targets-extras.cmake\n'}
[34.294960] (custom_msgs) StdoutLine: {'line': b'-- Installing: /home/etdisc/Bureau/codef1tenth/install/custom_msgs/share/custom_msgs/cmake/ament_cmake_export_include_directories-extras.cmake\n'}
[34.295281] (custom_msgs) StdoutLine: {'line': b'-- Installing: /home/etdisc/Bureau/codef1tenth/install/custom_msgs/share/custom_msgs/cmake/rosidl_cmake_export_typesupport_libraries-extras.cmake\n'}
[34.295574] (custom_msgs) StdoutLine: {'line': b'-- Installing: /home/etdisc/Bureau/codef1tenth/install/custom_msgs/share/custom_msgs/cmake/rosidl_cmake_export_typesupport_targets-extras.cmake\n'}
[34.296066] (custom_msgs) StdoutLine: {'line': b'-- Installing: /home/etdisc/Bureau/codef1tenth/install/custom_msgs/share/custom_msgs/cmake/custom_msgsConfig.cmake\n'}
[34.297163] (custom_msgs) StdoutLine: {'line': b'-- Installing: /home/etdisc/Bureau/codef1tenth/install/custom_msgs/share/custom_msgs/cmake/custom_msgsConfig-version.cmake\n'}
[34.298961] (custom_msgs) StdoutLine: {'line': b'-- Installing: /home/etdisc/Bureau/codef1tenth/install/custom_msgs/share/custom_msgs/package.xml\n'}
[34.304785] (custom_msgs) CommandEnded: {'returncode': 0}
[34.356942] (custom_msgs) JobEnded: {'identifier': 'custom_msgs', 'rc': 0}
[34.365163] (-) EventReactorShutdown: {}
