[0.000000] (-) TimerEvent: {}
[0.001091] (AEB) JobQueued: {'identifier': 'AEB', 'dependencies': OrderedDict()}
[0.001174] (Mapping) JobQueued: {'identifier': 'Mapping', 'dependencies': OrderedDict()}
[0.001202] (Planif) JobQueued: {'identifier': 'Planif', 'dependencies': OrderedDict()}
[0.001637] (Simple_algo) JobQueued: {'identifier': 'Simple_algo', 'dependencies': OrderedDict()}
[0.001728] (Waypoints) JobQueued: {'identifier': 'Waypoints', 'dependencies': OrderedDict()}
[0.001788] (custom_msgs) JobQueued: {'identifier': 'custom_msgs', 'dependencies': OrderedDict()}
[0.001845] (f1tenth_gym_ros) JobQueued: {'identifier': 'f1tenth_gym_ros', 'dependencies': OrderedDict()}
[0.001866] (localisation) JobQueued: {'identifier': 'localisation', 'dependencies': OrderedDict()}
[0.001881] (strategy) JobQueued: {'identifier': 'strategy', 'dependencies': OrderedDict()}
[0.001935] (timer) JobQueued: {'identifier': 'timer', 'dependencies': OrderedDict()}
[0.002076] (AEB) JobStarted: {'identifier': 'AEB'}
[0.030093] (Mapping) JobStarted: {'identifier': 'Mapping'}
[0.045558] (Planif) JobStarted: {'identifier': 'Planif'}
[0.060785] (Simple_algo) JobStarted: {'identifier': 'Simple_algo'}
[0.081232] (Waypoints) JobStarted: {'identifier': 'Waypoints'}
[0.097195] (custom_msgs) JobStarted: {'identifier': 'custom_msgs'}
[0.101442] (-) TimerEvent: {}
[0.120723] (f1tenth_gym_ros) JobStarted: {'identifier': 'f1tenth_gym_ros'}
[0.138417] (localisation) JobStarted: {'identifier': 'localisation'}
[0.201822] (-) TimerEvent: {}
[0.303373] (-) TimerEvent: {}
[0.404224] (-) TimerEvent: {}
[0.504712] (-) TimerEvent: {}
[0.605467] (-) TimerEvent: {}
[0.706206] (-) TimerEvent: {}
[0.806858] (-) TimerEvent: {}
[0.907626] (-) TimerEvent: {}
[1.008319] (-) TimerEvent: {}
[1.109047] (-) TimerEvent: {}
[1.209927] (-) TimerEvent: {}
[1.313337] (-) TimerEvent: {}
[1.414320] (-) TimerEvent: {}
[1.515161] (-) TimerEvent: {}
[1.608401] (custom_msgs) JobProgress: {'identifier': 'custom_msgs', 'progress': 'cmake'}
[1.609947] (custom_msgs) JobProgress: {'identifier': 'custom_msgs', 'progress': 'build'}
[1.611270] (custom_msgs) Command: {'cmd': ['/usr/bin/cmake', '--build', '/home/etdisc/Bureau/codef1tenth/src/build/custom_msgs', '--', '-j8', '-l8'], 'cwd': '/home/etdisc/Bureau/codef1tenth/src/build/custom_msgs', 'env': OrderedDict([('LESSOPEN', '| /usr/bin/lesspipe %s'), ('HTTPS_PROXY', 'http://proxy:3128'), ('USER', 'etdisc'), ('SSH_AGENT_PID', '1666'), ('XDG_SESSION_TYPE', 'x11'), ('SHLVL', '1'), ('LD_LIBRARY_PATH', '/home/etdisc/depots/f1tenth/sim_ws/install/custom_msgs/lib:/usr/lib/x86_64-linux-gnu/gazebo-11/plugins:/opt/ros/galactic/opt/yaml_cpp_vendor/lib:/opt/ros/galactic/opt/rviz_ogre_vendor/lib:/opt/ros/galactic/lib/x86_64-linux-gnu:/opt/ros/galactic/lib'), ('HOME', '/home/etdisc'), ('DESKTOP_SESSION', 'ubuntu'), ('ROS_PYTHON_VERSION', '3'), ('GNOME_SHELL_SESSION_MODE', 'ubuntu'), ('GTK_MODULES', 'gail:atk-bridge'), ('MANAGERPID', '1571'), ('DBUS_STARTER_BUS_TYPE', 'session'), ('DBUS_SESSION_BUS_ADDRESS', 'unix:path=/run/user/1000/bus,guid=712999510530655913b37c6169709380'), ('COLORTERM', 'truecolor'), ('IM_CONFIG_PHASE', '1'), ('https_proxy', 'http://proxy:3128'), ('COLCON_PREFIX_PATH', '/home/etdisc/depots/f1tenth/sim_ws/install'), ('ROS_DISTRO', 'galactic'), ('LOGNAME', 'etdisc'), ('http_proxy', 'http://proxy:3128'), ('JOURNAL_STREAM', '8:65626'), ('_', '/usr/bin/colcon'), ('ROS_VERSION', '2'), ('XDG_SESSION_CLASS', 'user'), ('USERNAME', 'etdisc'), ('TERM', 'xterm-256color'), ('GNOME_DESKTOP_SESSION_ID', 'this-is-deprecated'), ('ROS_LOCALHOST_ONLY', '1'), ('WINDOWPATH', '2'), ('PATH', '/opt/ros/galactic/bin:/snap/bin:/home/etdisc/.local/bin:/usr/local/sbin:/usr/local/bin:/usr/sbin:/usr/bin:/sbin:/bin:/usr/games:/usr/local/games:/snap/bin'), ('SESSION_MANAGER', 'local/etdisc-virtual-machine:@/tmp/.ICE-unix/1701,unix/etdisc-virtual-machine:/tmp/.ICE-unix/1701'), ('INVOCATION_ID', '81bd2218a54643fdb444052878adae1a'), ('XDG_MENU_PREFIX', 'gnome-'), ('GNOME_TERMINAL_SCREEN', '/org/gnome/Terminal/screen/3d86972f_729a_434a_84d1_870366dc376d'), ('XDG_RUNTIME_DIR', '/run/user/1000'), ('DISPLAY', ':0'), ('LANG', 'fr_FR.UTF-8'), ('XDG_CURRENT_DESKTOP', 'ubuntu:GNOME'), ('XMODIFIERS', '@im=ibus'), ('XDG_SESSION_DESKTOP', 'ubuntu'), ('XAUTHORITY', '/run/user/1000/gdm/Xauthority'), ('LS_COLORS', 'rs=0:di=01;34:ln=01;36:mh=00:pi=40;33:so=01;35:do=01;35:bd=40;33;01:cd=40;33;01:or=40;31;01:mi=00:su=37;41:sg=30;43:ca=30;41:tw=30;42:ow=34;42:st=37;44:ex=01;32:*.tar=01;31:*.tgz=01;31:*.arc=01;31:*.arj=01;31:*.taz=01;31:*.lha=01;31:*.lz4=01;31:*.lzh=01;31:*.lzma=01;31:*.tlz=01;31:*.txz=01;31:*.tzo=01;31:*.t7z=01;31:*.zip=01;31:*.z=01;31:*.dz=01;31:*.gz=01;31:*.lrz=01;31:*.lz=01;31:*.lzo=01;31:*.xz=01;31:*.zst=01;31:*.tzst=01;31:*.bz2=01;31:*.bz=01;31:*.tbz=01;31:*.tbz2=01;31:*.tz=01;31:*.deb=01;31:*.rpm=01;31:*.jar=01;31:*.war=01;31:*.ear=01;31:*.sar=01;31:*.rar=01;31:*.alz=01;31:*.ace=01;31:*.zoo=01;31:*.cpio=01;31:*.7z=01;31:*.rz=01;31:*.cab=01;31:*.wim=01;31:*.swm=01;31:*.dwm=01;31:*.esd=01;31:*.jpg=01;35:*.jpeg=01;35:*.mjpg=01;35:*.mjpeg=01;35:*.gif=01;35:*.bmp=01;35:*.pbm=01;35:*.pgm=01;35:*.ppm=01;35:*.tga=01;35:*.xbm=01;35:*.xpm=01;35:*.tif=01;35:*.tiff=01;35:*.png=01;35:*.svg=01;35:*.svgz=01;35:*.mng=01;35:*.pcx=01;35:*.mov=01;35:*.mpg=01;35:*.mpeg=01;35:*.m2v=01;35:*.mkv=01;35:*.webm=01;35:*.ogm=01;35:*.mp4=01;35:*.m4v=01;35:*.mp4v=01;35:*.vob=01;35:*.qt=01;35:*.nuv=01;35:*.wmv=01;35:*.asf=01;35:*.rm=01;35:*.rmvb=01;35:*.flc=01;35:*.avi=01;35:*.fli=01;35:*.flv=01;35:*.gl=01;35:*.dl=01;35:*.xcf=01;35:*.xwd=01;35:*.yuv=01;35:*.cgm=01;35:*.emf=01;35:*.ogv=01;35:*.ogx=01;35:*.aac=00;36:*.au=00;36:*.flac=00;36:*.m4a=00;36:*.mid=00;36:*.midi=00;36:*.mka=00;36:*.mp3=00;36:*.mpc=00;36:*.ogg=00;36:*.ra=00;36:*.wav=00;36:*.oga=00;36:*.opus=00;36:*.spx=00;36:*.xspf=00;36:'), ('GNOME_TERMINAL_SERVICE', ':1.218'), ('SSH_AUTH_SOCK', '/run/user/1000/keyring/ssh'), ('AMENT_PREFIX_PATH', '/home/etdisc/depots/f1tenth/sim_ws/install/timer:/home/etdisc/depots/f1tenth/sim_ws/install/strategy:/home/etdisc/depots/f1tenth/sim_ws/install/localisation:/home/etdisc/depots/f1tenth/sim_ws/install/f1tenth_gym_ros:/home/etdisc/depots/f1tenth/sim_ws/install/custom_msgs:/home/etdisc/depots/f1tenth/sim_ws/install/Waypoints:/home/etdisc/depots/f1tenth/sim_ws/install/Simple_algo:/home/etdisc/depots/f1tenth/sim_ws/install/Planif:/home/etdisc/depots/f1tenth/sim_ws/install/Mapping:/home/etdisc/depots/f1tenth/sim_ws/install/AEB:/opt/ros/galactic'), ('SHELL', '/bin/bash'), ('QT_ACCESSIBILITY', '1'), ('GDMSESSION', 'ubuntu'), ('LESSCLOSE', '/usr/bin/lesspipe %s %s'), ('GPG_AGENT_INFO', '/run/user/1000/gnupg/S.gpg-agent:0:1'), ('QT_IM_MODULE', 'ibus'), ('PWD', '/home/etdisc/Bureau/codef1tenth/src/build/custom_msgs'), ('LC_ALL', 'fr_FR.UTF-8'), ('XDG_CONFIG_DIRS', '/etc/xdg/xdg-ubuntu:/etc/xdg'), ('DBUS_STARTER_ADDRESS', 'unix:path=/run/user/1000/bus,guid=712999510530655913b37c6169709380'), ('XDG_DATA_DIRS', '/usr/share/ubuntu:/usr/local/share/:/usr/share/:/var/lib/snapd/desktop'), ('PYTHONPATH', '/home/etdisc/depots/f1tenth/sim_ws/install/timer/lib/python3.8/site-packages:/home/etdisc/depots/f1tenth/sim_ws/install/strategy/lib/python3.8/site-packages:/home/etdisc/depots/f1tenth/sim_ws/install/localisation/lib/python3.8/site-packages:/home/etdisc/depots/f1tenth/sim_ws/install/f1tenth_gym_ros/lib/python3.8/site-packages:/home/etdisc/depots/f1tenth/sim_ws/install/custom_msgs/lib/python3.8/site-packages:/home/etdisc/depots/f1tenth/sim_ws/install/Waypoints/lib/python3.8/site-packages:/home/etdisc/depots/f1tenth/sim_ws/install/Simple_algo/lib/python3.8/site-packages:/home/etdisc/depots/f1tenth/sim_ws/install/Planif/lib/python3.8/site-packages:/home/etdisc/depots/f1tenth/sim_ws/install/Mapping/lib/python3.8/site-packages:/home/etdisc/depots/f1tenth/sim_ws/install/AEB/lib/python3.8/site-packages:/opt/ros/galactic/lib/python3.8/site-packages'), ('HTTP_PROXY', 'http://proxy:3128'), ('COLCON', '1'), ('VTE_VERSION', '6003'), ('CMAKE_PREFIX_PATH', '/home/etdisc/depots/f1tenth/sim_ws/install/custom_msgs:/home/etdisc/depots/f1tenth/sim_ws/install/timer:/home/etdisc/depots/f1tenth/sim_ws/install/strategy:/home/etdisc/depots/f1tenth/sim_ws/install/localisation:/home/etdisc/depots/f1tenth/sim_ws/install/f1tenth_gym_ros:/home/etdisc/depots/f1tenth/sim_ws/install/Waypoints:/home/etdisc/depots/f1tenth/sim_ws/install/Simple_algo:/home/etdisc/depots/f1tenth/sim_ws/install/Planif:/home/etdisc/depots/f1tenth/sim_ws/install/Mapping:/home/etdisc/depots/f1tenth/sim_ws/install/AEB:/opt/ros/galactic')]), 'shell': False}
[1.617614] (-) TimerEvent: {}
[1.719012] (-) TimerEvent: {}
[1.820247] (-) TimerEvent: {}
[1.920773] (-) TimerEvent: {}
[2.021586] (-) TimerEvent: {}
[2.122554] (-) TimerEvent: {}
[2.223314] (-) TimerEvent: {}
[2.255423] (custom_msgs) StdoutLine: {'line': b'[  2%] Built target custom_msgs__cpp\n'}
[2.257275] (custom_msgs) StdoutLine: {'line': b'[ 12%] Built target custom_msgs__rosidl_generator_c\n'}
[2.257696] (custom_msgs) StdoutLine: {'line': b'[ 23%] Built target custom_msgs__rosidl_typesupport_introspection_c\n'}
[2.257802] (custom_msgs) StdoutLine: {'line': b'[ 33%] Built target custom_msgs__rosidl_typesupport_cpp\n'}
[2.257970] (custom_msgs) StdoutLine: {'line': b'[ 43%] Built target custom_msgs__rosidl_typesupport_introspection_cpp\n'}
[2.258113] (custom_msgs) StdoutLine: {'line': b'[ 53%] Built target custom_msgs__rosidl_typesupport_fastrtps_cpp\n'}
[2.258523] (custom_msgs) StdoutLine: {'line': b'[ 64%] Built target custom_msgs__rosidl_typesupport_c\n'}
[2.258672] (custom_msgs) StdoutLine: {'line': b'[ 74%] Built target custom_msgs__rosidl_typesupport_fastrtps_c\n'}
[2.258995] (custom_msgs) StdoutLine: {'line': b'[ 74%] Built target custom_msgs\n'}
[2.259136] (custom_msgs) StdoutLine: {'line': b'[ 76%] Built target custom_msgs__py\n'}
[2.259243] (custom_msgs) StdoutLine: {'line': b'[ 84%] Built target custom_msgs__python\n'}
[2.259385] (custom_msgs) StdoutLine: {'line': b'[ 89%] Built target custom_msgs__rosidl_typesupport_c__pyext\n'}
[2.259506] (custom_msgs) StdoutLine: {'line': b'[ 97%] Built target custom_msgs__rosidl_typesupport_fastrtps_c__pyext\n'}
[2.261726] (custom_msgs) StdoutLine: {'line': b'[100%] Built target custom_msgs__rosidl_typesupport_introspection_c__pyext\n'}
[2.264730] (custom_msgs) CommandEnded: {'returncode': 0}
[2.268154] (custom_msgs) JobProgress: {'identifier': 'custom_msgs', 'progress': 'install'}
[2.287338] (custom_msgs) Command: {'cmd': ['/usr/bin/cmake', '--install', '/home/etdisc/Bureau/codef1tenth/src/build/custom_msgs'], 'cwd': '/home/etdisc/Bureau/codef1tenth/src/build/custom_msgs', 'env': OrderedDict([('LESSOPEN', '| /usr/bin/lesspipe %s'), ('HTTPS_PROXY', 'http://proxy:3128'), ('USER', 'etdisc'), ('SSH_AGENT_PID', '1666'), ('XDG_SESSION_TYPE', 'x11'), ('SHLVL', '1'), ('LD_LIBRARY_PATH', '/home/etdisc/depots/f1tenth/sim_ws/install/custom_msgs/lib:/usr/lib/x86_64-linux-gnu/gazebo-11/plugins:/opt/ros/galactic/opt/yaml_cpp_vendor/lib:/opt/ros/galactic/opt/rviz_ogre_vendor/lib:/opt/ros/galactic/lib/x86_64-linux-gnu:/opt/ros/galactic/lib'), ('HOME', '/home/etdisc'), ('DESKTOP_SESSION', 'ubuntu'), ('ROS_PYTHON_VERSION', '3'), ('GNOME_SHELL_SESSION_MODE', 'ubuntu'), ('GTK_MODULES', 'gail:atk-bridge'), ('MANAGERPID', '1571'), ('DBUS_STARTER_BUS_TYPE', 'session'), ('DBUS_SESSION_BUS_ADDRESS', 'unix:path=/run/user/1000/bus,guid=712999510530655913b37c6169709380'), ('COLORTERM', 'truecolor'), ('IM_CONFIG_PHASE', '1'), ('https_proxy', 'http://proxy:3128'), ('COLCON_PREFIX_PATH', '/home/etdisc/depots/f1tenth/sim_ws/install'), ('ROS_DISTRO', 'galactic'), ('LOGNAME', 'etdisc'), ('http_proxy', 'http://proxy:3128'), ('JOURNAL_STREAM', '8:65626'), ('_', '/usr/bin/colcon'), ('ROS_VERSION', '2'), ('XDG_SESSION_CLASS', 'user'), ('USERNAME', 'etdisc'), ('TERM', 'xterm-256color'), ('GNOME_DESKTOP_SESSION_ID', 'this-is-deprecated'), ('ROS_LOCALHOST_ONLY', '1'), ('WINDOWPATH', '2'), ('PATH', '/opt/ros/galactic/bin:/snap/bin:/home/etdisc/.local/bin:/usr/local/sbin:/usr/local/bin:/usr/sbin:/usr/bin:/sbin:/bin:/usr/games:/usr/local/games:/snap/bin'), ('SESSION_MANAGER', 'local/etdisc-virtual-machine:@/tmp/.ICE-unix/1701,unix/etdisc-virtual-machine:/tmp/.ICE-unix/1701'), ('INVOCATION_ID', '81bd2218a54643fdb444052878adae1a'), ('XDG_MENU_PREFIX', 'gnome-'), ('GNOME_TERMINAL_SCREEN', '/org/gnome/Terminal/screen/3d86972f_729a_434a_84d1_870366dc376d'), ('XDG_RUNTIME_DIR', '/run/user/1000'), ('DISPLAY', ':0'), ('LANG', 'fr_FR.UTF-8'), ('XDG_CURRENT_DESKTOP', 'ubuntu:GNOME'), ('XMODIFIERS', '@im=ibus'), ('XDG_SESSION_DESKTOP', 'ubuntu'), ('XAUTHORITY', '/run/user/1000/gdm/Xauthority'), ('LS_COLORS', 'rs=0:di=01;34:ln=01;36:mh=00:pi=40;33:so=01;35:do=01;35:bd=40;33;01:cd=40;33;01:or=40;31;01:mi=00:su=37;41:sg=30;43:ca=30;41:tw=30;42:ow=34;42:st=37;44:ex=01;32:*.tar=01;31:*.tgz=01;31:*.arc=01;31:*.arj=01;31:*.taz=01;31:*.lha=01;31:*.lz4=01;31:*.lzh=01;31:*.lzma=01;31:*.tlz=01;31:*.txz=01;31:*.tzo=01;31:*.t7z=01;31:*.zip=01;31:*.z=01;31:*.dz=01;31:*.gz=01;31:*.lrz=01;31:*.lz=01;31:*.lzo=01;31:*.xz=01;31:*.zst=01;31:*.tzst=01;31:*.bz2=01;31:*.bz=01;31:*.tbz=01;31:*.tbz2=01;31:*.tz=01;31:*.deb=01;31:*.rpm=01;31:*.jar=01;31:*.war=01;31:*.ear=01;31:*.sar=01;31:*.rar=01;31:*.alz=01;31:*.ace=01;31:*.zoo=01;31:*.cpio=01;31:*.7z=01;31:*.rz=01;31:*.cab=01;31:*.wim=01;31:*.swm=01;31:*.dwm=01;31:*.esd=01;31:*.jpg=01;35:*.jpeg=01;35:*.mjpg=01;35:*.mjpeg=01;35:*.gif=01;35:*.bmp=01;35:*.pbm=01;35:*.pgm=01;35:*.ppm=01;35:*.tga=01;35:*.xbm=01;35:*.xpm=01;35:*.tif=01;35:*.tiff=01;35:*.png=01;35:*.svg=01;35:*.svgz=01;35:*.mng=01;35:*.pcx=01;35:*.mov=01;35:*.mpg=01;35:*.mpeg=01;35:*.m2v=01;35:*.mkv=01;35:*.webm=01;35:*.ogm=01;35:*.mp4=01;35:*.m4v=01;35:*.mp4v=01;35:*.vob=01;35:*.qt=01;35:*.nuv=01;35:*.wmv=01;35:*.asf=01;35:*.rm=01;35:*.rmvb=01;35:*.flc=01;35:*.avi=01;35:*.fli=01;35:*.flv=01;35:*.gl=01;35:*.dl=01;35:*.xcf=01;35:*.xwd=01;35:*.yuv=01;35:*.cgm=01;35:*.emf=01;35:*.ogv=01;35:*.ogx=01;35:*.aac=00;36:*.au=00;36:*.flac=00;36:*.m4a=00;36:*.mid=00;36:*.midi=00;36:*.mka=00;36:*.mp3=00;36:*.mpc=00;36:*.ogg=00;36:*.ra=00;36:*.wav=00;36:*.oga=00;36:*.opus=00;36:*.spx=00;36:*.xspf=00;36:'), ('GNOME_TERMINAL_SERVICE', ':1.218'), ('SSH_AUTH_SOCK', '/run/user/1000/keyring/ssh'), ('AMENT_PREFIX_PATH', '/home/etdisc/depots/f1tenth/sim_ws/install/timer:/home/etdisc/depots/f1tenth/sim_ws/install/strategy:/home/etdisc/depots/f1tenth/sim_ws/install/localisation:/home/etdisc/depots/f1tenth/sim_ws/install/f1tenth_gym_ros:/home/etdisc/depots/f1tenth/sim_ws/install/custom_msgs:/home/etdisc/depots/f1tenth/sim_ws/install/Waypoints:/home/etdisc/depots/f1tenth/sim_ws/install/Simple_algo:/home/etdisc/depots/f1tenth/sim_ws/install/Planif:/home/etdisc/depots/f1tenth/sim_ws/install/Mapping:/home/etdisc/depots/f1tenth/sim_ws/install/AEB:/opt/ros/galactic'), ('SHELL', '/bin/bash'), ('QT_ACCESSIBILITY', '1'), ('GDMSESSION', 'ubuntu'), ('LESSCLOSE', '/usr/bin/lesspipe %s %s'), ('GPG_AGENT_INFO', '/run/user/1000/gnupg/S.gpg-agent:0:1'), ('QT_IM_MODULE', 'ibus'), ('PWD', '/home/etdisc/Bureau/codef1tenth/src/build/custom_msgs'), ('LC_ALL', 'fr_FR.UTF-8'), ('XDG_CONFIG_DIRS', '/etc/xdg/xdg-ubuntu:/etc/xdg'), ('DBUS_STARTER_ADDRESS', 'unix:path=/run/user/1000/bus,guid=712999510530655913b37c6169709380'), ('XDG_DATA_DIRS', '/usr/share/ubuntu:/usr/local/share/:/usr/share/:/var/lib/snapd/desktop'), ('PYTHONPATH', '/home/etdisc/depots/f1tenth/sim_ws/install/timer/lib/python3.8/site-packages:/home/etdisc/depots/f1tenth/sim_ws/install/strategy/lib/python3.8/site-packages:/home/etdisc/depots/f1tenth/sim_ws/install/localisation/lib/python3.8/site-packages:/home/etdisc/depots/f1tenth/sim_ws/install/f1tenth_gym_ros/lib/python3.8/site-packages:/home/etdisc/depots/f1tenth/sim_ws/install/custom_msgs/lib/python3.8/site-packages:/home/etdisc/depots/f1tenth/sim_ws/install/Waypoints/lib/python3.8/site-packages:/home/etdisc/depots/f1tenth/sim_ws/install/Simple_algo/lib/python3.8/site-packages:/home/etdisc/depots/f1tenth/sim_ws/install/Planif/lib/python3.8/site-packages:/home/etdisc/depots/f1tenth/sim_ws/install/Mapping/lib/python3.8/site-packages:/home/etdisc/depots/f1tenth/sim_ws/install/AEB/lib/python3.8/site-packages:/opt/ros/galactic/lib/python3.8/site-packages'), ('HTTP_PROXY', 'http://proxy:3128'), ('COLCON', '1'), ('VTE_VERSION', '6003'), ('CMAKE_PREFIX_PATH', '/home/etdisc/depots/f1tenth/sim_ws/install/custom_msgs:/home/etdisc/depots/f1tenth/sim_ws/install/timer:/home/etdisc/depots/f1tenth/sim_ws/install/strategy:/home/etdisc/depots/f1tenth/sim_ws/install/localisation:/home/etdisc/depots/f1tenth/sim_ws/install/f1tenth_gym_ros:/home/etdisc/depots/f1tenth/sim_ws/install/Waypoints:/home/etdisc/depots/f1tenth/sim_ws/install/Simple_algo:/home/etdisc/depots/f1tenth/sim_ws/install/Planif:/home/etdisc/depots/f1tenth/sim_ws/install/Mapping:/home/etdisc/depots/f1tenth/sim_ws/install/AEB:/opt/ros/galactic')]), 'shell': False}
[2.325225] (-) TimerEvent: {}
[2.343663] (custom_msgs) StdoutLine: {'line': b'-- Install configuration: ""\n'}
[2.344850] (custom_msgs) StdoutLine: {'line': b'-- Up-to-date: /home/etdisc/Bureau/codef1tenth/src/install/custom_msgs/share/ament_index/resource_index/rosidl_interfaces/custom_msgs\n'}
[2.345141] (custom_msgs) StdoutLine: {'line': b'-- Up-to-date: /home/etdisc/Bureau/codef1tenth/src/install/custom_msgs/include/custom_msgs\n'}
[2.345498] (custom_msgs) StdoutLine: {'line': b'-- Up-to-date: /home/etdisc/Bureau/codef1tenth/src/install/custom_msgs/include/custom_msgs/msg\n'}
[2.345783] (custom_msgs) StdoutLine: {'line': b'-- Up-to-date: /home/etdisc/Bureau/codef1tenth/src/install/custom_msgs/include/custom_msgs/msg/track_description.h\n'}
[2.346066] (custom_msgs) StdoutLine: {'line': b'-- Up-to-date: /home/etdisc/Bureau/codef1tenth/src/install/custom_msgs/include/custom_msgs/msg/detail\n'}
[2.346330] (custom_msgs) StdoutLine: {'line': b'-- Up-to-date: /home/etdisc/Bureau/codef1tenth/src/install/custom_msgs/include/custom_msgs/msg/detail/track_description__functions.h\n'}
[2.346592] (custom_msgs) StdoutLine: {'line': b'-- Up-to-date: /home/etdisc/Bureau/codef1tenth/src/install/custom_msgs/include/custom_msgs/msg/detail/lap_progress__functions.h\n'}
[2.346851] (custom_msgs) StdoutLine: {'line': b'-- Up-to-date: /home/etdisc/Bureau/codef1tenth/src/install/custom_msgs/include/custom_msgs/msg/detail/lap_progress__functions.c\n'}
[2.347110] (custom_msgs) StdoutLine: {'line': b'-- Up-to-date: /home/etdisc/Bureau/codef1tenth/src/install/custom_msgs/include/custom_msgs/msg/detail/track_description__type_support.h\n'}
[2.347432] (custom_msgs) StdoutLine: {'line': b'-- Up-to-date: /home/etdisc/Bureau/codef1tenth/src/install/custom_msgs/include/custom_msgs/msg/detail/lap_progress__type_support.h\n'}
[2.347889] (custom_msgs) StdoutLine: {'line': b'-- Up-to-date: /home/etdisc/Bureau/codef1tenth/src/install/custom_msgs/include/custom_msgs/msg/detail/track_description__struct.h\n'}
[2.348156] (custom_msgs) StdoutLine: {'line': b'-- Up-to-date: /home/etdisc/Bureau/codef1tenth/src/install/custom_msgs/include/custom_msgs/msg/detail/track_description__functions.c\n'}
[2.348581] (custom_msgs) StdoutLine: {'line': b'-- Up-to-date: /home/etdisc/Bureau/codef1tenth/src/install/custom_msgs/include/custom_msgs/msg/detail/lap_progress__struct.h\n'}
[2.348860] (custom_msgs) StdoutLine: {'line': b'-- Up-to-date: /home/etdisc/Bureau/codef1tenth/src/install/custom_msgs/include/custom_msgs/msg/lap_progress.h\n'}
[2.349119] (custom_msgs) StdoutLine: {'line': b'-- Up-to-date: /home/etdisc/Bureau/codef1tenth/src/install/custom_msgs/include/custom_msgs/msg/rosidl_generator_c__visibility_control.h\n'}
[2.349381] (custom_msgs) StdoutLine: {'line': b'-- Up-to-date: /home/etdisc/Bureau/codef1tenth/src/install/custom_msgs/share/custom_msgs/environment/library_path.sh\n'}
[2.349655] (custom_msgs) StdoutLine: {'line': b'-- Up-to-date: /home/etdisc/Bureau/codef1tenth/src/install/custom_msgs/share/custom_msgs/environment/library_path.dsv\n'}
[2.350019] (custom_msgs) StdoutLine: {'line': b'-- Up-to-date: /home/etdisc/Bureau/codef1tenth/src/install/custom_msgs/lib/libcustom_msgs__rosidl_generator_c.so\n'}
[2.350303] (custom_msgs) StdoutLine: {'line': b'-- Up-to-date: /home/etdisc/Bureau/codef1tenth/src/install/custom_msgs/include/custom_msgs\n'}
[2.350570] (custom_msgs) StdoutLine: {'line': b'-- Up-to-date: /home/etdisc/Bureau/codef1tenth/src/install/custom_msgs/include/custom_msgs/msg\n'}
[2.350828] (custom_msgs) StdoutLine: {'line': b'-- Up-to-date: /home/etdisc/Bureau/codef1tenth/src/install/custom_msgs/include/custom_msgs/msg/rosidl_typesupport_fastrtps_c__visibility_control.h\n'}
[2.351104] (custom_msgs) StdoutLine: {'line': b'-- Up-to-date: /home/etdisc/Bureau/codef1tenth/src/install/custom_msgs/include/custom_msgs/msg/detail\n'}
[2.351365] (custom_msgs) StdoutLine: {'line': b'-- Up-to-date: /home/etdisc/Bureau/codef1tenth/src/install/custom_msgs/include/custom_msgs/msg/detail/track_description__rosidl_typesupport_fastrtps_c.h\n'}
[2.352951] (custom_msgs) StdoutLine: {'line': b'-- Up-to-date: /home/etdisc/Bureau/codef1tenth/src/install/custom_msgs/include/custom_msgs/msg/detail/lap_progress__rosidl_typesupport_fastrtps_c.h\n'}
[2.353741] (custom_msgs) StdoutLine: {'line': b'-- Up-to-date: /home/etdisc/Bureau/codef1tenth/src/install/custom_msgs/lib/libcustom_msgs__rosidl_typesupport_fastrtps_c.so\n'}
[2.354045] (custom_msgs) StdoutLine: {'line': b'-- Up-to-date: /home/etdisc/Bureau/codef1tenth/src/install/custom_msgs/include/custom_msgs\n'}
[2.354311] (custom_msgs) StdoutLine: {'line': b'-- Up-to-date: /home/etdisc/Bureau/codef1tenth/src/install/custom_msgs/include/custom_msgs/msg\n'}
[2.354571] (custom_msgs) StdoutLine: {'line': b'-- Up-to-date: /home/etdisc/Bureau/codef1tenth/src/install/custom_msgs/include/custom_msgs/msg/detail\n'}
[2.358968] (custom_msgs) StdoutLine: {'line': b'-- Up-to-date: /home/etdisc/Bureau/codef1tenth/src/install/custom_msgs/include/custom_msgs/msg/detail/lap_progress__rosidl_typesupport_fastrtps_cpp.hpp\n'}
[2.359658] (custom_msgs) StdoutLine: {'line': b'-- Up-to-date: /home/etdisc/Bureau/codef1tenth/src/install/custom_msgs/include/custom_msgs/msg/detail/track_description__rosidl_typesupport_fastrtps_cpp.hpp\n'}
[2.359901] (custom_msgs) StdoutLine: {'line': b'-- Up-to-date: /home/etdisc/Bureau/codef1tenth/src/install/custom_msgs/include/custom_msgs/msg/detail/dds_fastrtps\n'}
[2.360688] (custom_msgs) StdoutLine: {'line': b'-- Up-to-date: /home/etdisc/Bureau/codef1tenth/src/install/custom_msgs/include/custom_msgs/msg/rosidl_typesupport_fastrtps_cpp__visibility_control.h\n'}
[2.360910] (custom_msgs) StdoutLine: {'line': b'-- Up-to-date: /home/etdisc/Bureau/codef1tenth/src/install/custom_msgs/lib/libcustom_msgs__rosidl_typesupport_fastrtps_cpp.so\n'}
[2.361109] (custom_msgs) StdoutLine: {'line': b'-- Up-to-date: /home/etdisc/Bureau/codef1tenth/src/install/custom_msgs/include/custom_msgs\n'}
[2.371660] (custom_msgs) StdoutLine: {'line': b'-- Up-to-date: /home/etdisc/Bureau/codef1tenth/src/install/custom_msgs/include/custom_msgs/msg\n'}
[2.371939] (custom_msgs) StdoutLine: {'line': b'-- Up-to-date: /home/etdisc/Bureau/codef1tenth/src/install/custom_msgs/include/custom_msgs/msg/detail\n'}
[2.372083] (custom_msgs) StdoutLine: {'line': b'-- Up-to-date: /home/etdisc/Bureau/codef1tenth/src/install/custom_msgs/include/custom_msgs/msg/detail/lap_progress__type_support.c\n'}
[2.372562] (custom_msgs) StdoutLine: {'line': b'-- Up-to-date: /home/etdisc/Bureau/codef1tenth/src/install/custom_msgs/include/custom_msgs/msg/detail/lap_progress__rosidl_typesupport_introspection_c.h\n'}
[2.372724] (custom_msgs) StdoutLine: {'line': b'-- Up-to-date: /home/etdisc/Bureau/codef1tenth/src/install/custom_msgs/include/custom_msgs/msg/detail/track_description__type_support.c\n'}
[2.372833] (custom_msgs) StdoutLine: {'line': b'-- Up-to-date: /home/etdisc/Bureau/codef1tenth/src/install/custom_msgs/include/custom_msgs/msg/detail/track_description__rosidl_typesupport_introspection_c.h\n'}
[2.372955] (custom_msgs) StdoutLine: {'line': b'-- Up-to-date: /home/etdisc/Bureau/codef1tenth/src/install/custom_msgs/include/custom_msgs/msg/rosidl_typesupport_introspection_c__visibility_control.h\n'}
[2.373076] (custom_msgs) StdoutLine: {'line': b'-- Up-to-date: /home/etdisc/Bureau/codef1tenth/src/install/custom_msgs/lib/libcustom_msgs__rosidl_typesupport_introspection_c.so\n'}
[2.373185] (custom_msgs) StdoutLine: {'line': b'-- Up-to-date: /home/etdisc/Bureau/codef1tenth/src/install/custom_msgs/lib/libcustom_msgs__rosidl_typesupport_c.so\n'}
[2.373304] (custom_msgs) StdoutLine: {'line': b'-- Up-to-date: /home/etdisc/Bureau/codef1tenth/src/install/custom_msgs/include/custom_msgs\n'}
[2.373430] (custom_msgs) StdoutLine: {'line': b'-- Up-to-date: /home/etdisc/Bureau/codef1tenth/src/install/custom_msgs/include/custom_msgs/msg\n'}
[2.373542] (custom_msgs) StdoutLine: {'line': b'-- Up-to-date: /home/etdisc/Bureau/codef1tenth/src/install/custom_msgs/include/custom_msgs/msg/track_description.hpp\n'}
[2.373646] (custom_msgs) StdoutLine: {'line': b'-- Up-to-date: /home/etdisc/Bureau/codef1tenth/src/install/custom_msgs/include/custom_msgs/msg/detail\n'}
[2.373747] (custom_msgs) StdoutLine: {'line': b'-- Up-to-date: /home/etdisc/Bureau/codef1tenth/src/install/custom_msgs/include/custom_msgs/msg/detail/lap_progress__traits.hpp\n'}
[2.373860] (custom_msgs) StdoutLine: {'line': b'-- Up-to-date: /home/etdisc/Bureau/codef1tenth/src/install/custom_msgs/include/custom_msgs/msg/detail/lap_progress__struct.hpp\n'}
[2.373960] (custom_msgs) StdoutLine: {'line': b'-- Up-to-date: /home/etdisc/Bureau/codef1tenth/src/install/custom_msgs/include/custom_msgs/msg/detail/track_description__builder.hpp\n'}
[2.374065] (custom_msgs) StdoutLine: {'line': b'-- Up-to-date: /home/etdisc/Bureau/codef1tenth/src/install/custom_msgs/include/custom_msgs/msg/detail/lap_progress__builder.hpp\n'}
[2.374189] (custom_msgs) StdoutLine: {'line': b'-- Up-to-date: /home/etdisc/Bureau/codef1tenth/src/install/custom_msgs/include/custom_msgs/msg/detail/track_description__struct.hpp\n'}
[2.374307] (custom_msgs) StdoutLine: {'line': b'-- Up-to-date: /home/etdisc/Bureau/codef1tenth/src/install/custom_msgs/include/custom_msgs/msg/detail/track_description__traits.hpp\n'}
[2.374421] (custom_msgs) StdoutLine: {'line': b'-- Up-to-date: /home/etdisc/Bureau/codef1tenth/src/install/custom_msgs/include/custom_msgs/msg/lap_progress.hpp\n'}
[2.374526] (custom_msgs) StdoutLine: {'line': b'-- Up-to-date: /home/etdisc/Bureau/codef1tenth/src/install/custom_msgs/include/custom_msgs\n'}
[2.374706] (custom_msgs) StdoutLine: {'line': b'-- Up-to-date: /home/etdisc/Bureau/codef1tenth/src/install/custom_msgs/include/custom_msgs/msg\n'}
[2.374829] (custom_msgs) StdoutLine: {'line': b'-- Up-to-date: /home/etdisc/Bureau/codef1tenth/src/install/custom_msgs/include/custom_msgs/msg/detail\n'}
[2.374938] (custom_msgs) StdoutLine: {'line': b'-- Up-to-date: /home/etdisc/Bureau/codef1tenth/src/install/custom_msgs/include/custom_msgs/msg/detail/track_description__type_support.cpp\n'}
[2.375136] (custom_msgs) StdoutLine: {'line': b'-- Up-to-date: /home/etdisc/Bureau/codef1tenth/src/install/custom_msgs/include/custom_msgs/msg/detail/lap_progress__type_support.cpp\n'}
[2.375259] (custom_msgs) StdoutLine: {'line': b'-- Up-to-date: /home/etdisc/Bureau/codef1tenth/src/install/custom_msgs/include/custom_msgs/msg/detail/track_description__rosidl_typesupport_introspection_cpp.hpp\n'}
[2.375368] (custom_msgs) StdoutLine: {'line': b'-- Up-to-date: /home/etdisc/Bureau/codef1tenth/src/install/custom_msgs/include/custom_msgs/msg/detail/lap_progress__rosidl_typesupport_introspection_cpp.hpp\n'}
[2.375885] (custom_msgs) StdoutLine: {'line': b'-- Up-to-date: /home/etdisc/Bureau/codef1tenth/src/install/custom_msgs/lib/libcustom_msgs__rosidl_typesupport_introspection_cpp.so\n'}
[2.376077] (custom_msgs) StdoutLine: {'line': b'-- Up-to-date: /home/etdisc/Bureau/codef1tenth/src/install/custom_msgs/lib/libcustom_msgs__rosidl_typesupport_cpp.so\n'}
[2.376312] (custom_msgs) StdoutLine: {'line': b'-- Up-to-date: /home/etdisc/Bureau/codef1tenth/src/install/custom_msgs/share/custom_msgs/environment/pythonpath.sh\n'}
[2.376462] (custom_msgs) StdoutLine: {'line': b'-- Up-to-date: /home/etdisc/Bureau/codef1tenth/src/install/custom_msgs/share/custom_msgs/environment/pythonpath.dsv\n'}
[2.376592] (custom_msgs) StdoutLine: {'line': b'-- Up-to-date: /home/etdisc/Bureau/codef1tenth/src/install/custom_msgs/lib/python3.8/site-packages/custom_msgs/__init__.py\n'}
[2.401738] (custom_msgs) StdoutLine: {'line': b'-- Up-to-date: /home/etdisc/Bureau/codef1tenth/src/install/custom_msgs/lib/python3.8/site-packages/custom_msgs/msg\n'}
[2.405195] (custom_msgs) StdoutLine: {'line': b'-- Up-to-date: /home/etdisc/Bureau/codef1tenth/src/install/custom_msgs/lib/python3.8/site-packages/custom_msgs/msg/_track_description.py\n'}
[2.406852] (custom_msgs) StdoutLine: {'line': b'-- Up-to-date: /home/etdisc/Bureau/codef1tenth/src/install/custom_msgs/lib/python3.8/site-packages/custom_msgs/msg/_lap_progress.py\n'}
[2.407855] (custom_msgs) StdoutLine: {'line': b'-- Up-to-date: /home/etdisc/Bureau/codef1tenth/src/install/custom_msgs/lib/python3.8/site-packages/custom_msgs/msg/_lap_progress_s.c\n'}
[2.408233] (custom_msgs) StdoutLine: {'line': b'-- Up-to-date: /home/etdisc/Bureau/codef1tenth/src/install/custom_msgs/lib/python3.8/site-packages/custom_msgs/msg/__init__.py\n'}
[2.408687] (custom_msgs) StdoutLine: {'line': b'-- Up-to-date: /home/etdisc/Bureau/codef1tenth/src/install/custom_msgs/lib/python3.8/site-packages/custom_msgs/msg/_track_description_s.c\n'}
[2.409157] (custom_msgs) StdoutLine: {'line': b'-- Up-to-date: /home/etdisc/Bureau/codef1tenth/src/install/custom_msgs/lib/python3.8/site-packages/custom_msgs/custom_msgs_s__rosidl_typesupport_fastrtps_c.cpython-38-x86_64-linux-gnu.so\n'}
[2.409545] (custom_msgs) StdoutLine: {'line': b'-- Up-to-date: /home/etdisc/Bureau/codef1tenth/src/install/custom_msgs/lib/python3.8/site-packages/custom_msgs/custom_msgs_s__rosidl_typesupport_introspection_c.cpython-38-x86_64-linux-gnu.so\n'}
[2.409904] (custom_msgs) StdoutLine: {'line': b'-- Up-to-date: /home/etdisc/Bureau/codef1tenth/src/install/custom_msgs/lib/python3.8/site-packages/custom_msgs/custom_msgs_s__rosidl_typesupport_c.cpython-38-x86_64-linux-gnu.so\n'}
[2.410095] (custom_msgs) StdoutLine: {'line': b'-- Up-to-date: /home/etdisc/Bureau/codef1tenth/src/install/custom_msgs/lib/libcustom_msgs__python.so\n'}
[2.410410] (custom_msgs) StdoutLine: {'line': b'-- Up-to-date: /home/etdisc/Bureau/codef1tenth/src/install/custom_msgs/share/custom_msgs/msg/LapProgress.idl\n'}
[2.410608] (custom_msgs) StdoutLine: {'line': b'-- Up-to-date: /home/etdisc/Bureau/codef1tenth/src/install/custom_msgs/share/custom_msgs/msg/TrackDescription.idl\n'}
[2.410941] (custom_msgs) StdoutLine: {'line': b'-- Up-to-date: /home/etdisc/Bureau/codef1tenth/src/install/custom_msgs/share/custom_msgs/msg/LapProgress.msg\n'}
[2.411488] (custom_msgs) StdoutLine: {'line': b'-- Up-to-date: /home/etdisc/Bureau/codef1tenth/src/install/custom_msgs/share/custom_msgs/msg/TrackDescription.msg\n'}
[2.411971] (custom_msgs) StdoutLine: {'line': b'-- Up-to-date: /home/etdisc/Bureau/codef1tenth/src/install/custom_msgs/share/ament_index/resource_index/package_run_dependencies/custom_msgs\n'}
[2.412248] (custom_msgs) StdoutLine: {'line': b'-- Up-to-date: /home/etdisc/Bureau/codef1tenth/src/install/custom_msgs/share/ament_index/resource_index/parent_prefix_path/custom_msgs\n'}
[2.412530] (custom_msgs) StdoutLine: {'line': b'-- Up-to-date: /home/etdisc/Bureau/codef1tenth/src/install/custom_msgs/share/custom_msgs/environment/ament_prefix_path.sh\n'}
[2.412824] (custom_msgs) StdoutLine: {'line': b'-- Up-to-date: /home/etdisc/Bureau/codef1tenth/src/install/custom_msgs/share/custom_msgs/environment/ament_prefix_path.dsv\n'}
[2.413031] (custom_msgs) StdoutLine: {'line': b'-- Up-to-date: /home/etdisc/Bureau/codef1tenth/src/install/custom_msgs/share/custom_msgs/environment/path.sh\n'}
[2.413212] (custom_msgs) StdoutLine: {'line': b'-- Up-to-date: /home/etdisc/Bureau/codef1tenth/src/install/custom_msgs/share/custom_msgs/environment/path.dsv\n'}
[2.413523] (custom_msgs) StdoutLine: {'line': b'-- Up-to-date: /home/etdisc/Bureau/codef1tenth/src/install/custom_msgs/share/custom_msgs/local_setup.bash\n'}
[2.413784] (custom_msgs) StdoutLine: {'line': b'-- Up-to-date: /home/etdisc/Bureau/codef1tenth/src/install/custom_msgs/share/custom_msgs/local_setup.sh\n'}
[2.414033] (custom_msgs) StdoutLine: {'line': b'-- Up-to-date: /home/etdisc/Bureau/codef1tenth/src/install/custom_msgs/share/custom_msgs/local_setup.zsh\n'}
[2.414318] (custom_msgs) StdoutLine: {'line': b'-- Up-to-date: /home/etdisc/Bureau/codef1tenth/src/install/custom_msgs/share/custom_msgs/local_setup.dsv\n'}
[2.414960] (custom_msgs) StdoutLine: {'line': b'-- Installing: /home/etdisc/Bureau/codef1tenth/src/install/custom_msgs/share/custom_msgs/package.dsv\n'}
[2.415175] (custom_msgs) StdoutLine: {'line': b'-- Up-to-date: /home/etdisc/Bureau/codef1tenth/src/install/custom_msgs/share/ament_index/resource_index/packages/custom_msgs\n'}
[2.415487] (custom_msgs) StdoutLine: {'line': b'-- Up-to-date: /home/etdisc/Bureau/codef1tenth/src/install/custom_msgs/share/custom_msgs/cmake/custom_msgs__rosidl_generator_cExport.cmake\n'}
[2.415866] (custom_msgs) StdoutLine: {'line': b'-- Up-to-date: /home/etdisc/Bureau/codef1tenth/src/install/custom_msgs/share/custom_msgs/cmake/custom_msgs__rosidl_generator_cExport-noconfig.cmake\n'}
[2.416416] (custom_msgs) StdoutLine: {'line': b'-- Up-to-date: /home/etdisc/Bureau/codef1tenth/src/install/custom_msgs/share/custom_msgs/cmake/custom_msgs__rosidl_typesupport_introspection_cExport.cmake\n'}
[2.416860] (custom_msgs) StdoutLine: {'line': b'-- Up-to-date: /home/etdisc/Bureau/codef1tenth/src/install/custom_msgs/share/custom_msgs/cmake/custom_msgs__rosidl_typesupport_introspection_cExport-noconfig.cmake\n'}
[2.417257] (custom_msgs) StdoutLine: {'line': b'-- Up-to-date: /home/etdisc/Bureau/codef1tenth/src/install/custom_msgs/share/custom_msgs/cmake/custom_msgs__rosidl_typesupport_cExport.cmake\n'}
[2.417440] (custom_msgs) StdoutLine: {'line': b'-- Up-to-date: /home/etdisc/Bureau/codef1tenth/src/install/custom_msgs/share/custom_msgs/cmake/custom_msgs__rosidl_typesupport_cExport-noconfig.cmake\n'}
[2.417974] (custom_msgs) StdoutLine: {'line': b'-- Up-to-date: /home/etdisc/Bureau/codef1tenth/src/install/custom_msgs/share/custom_msgs/cmake/custom_msgs__rosidl_generator_cppExport.cmake\n'}
[2.418137] (custom_msgs) StdoutLine: {'line': b'-- Up-to-date: /home/etdisc/Bureau/codef1tenth/src/install/custom_msgs/share/custom_msgs/cmake/custom_msgs__rosidl_typesupport_introspection_cppExport.cmake\n'}
[2.419719] (custom_msgs) StdoutLine: {'line': b'-- Up-to-date: /home/etdisc/Bureau/codef1tenth/src/install/custom_msgs/share/custom_msgs/cmake/custom_msgs__rosidl_typesupport_introspection_cppExport-noconfig.cmake\n'}
[2.420032] (custom_msgs) StdoutLine: {'line': b'-- Up-to-date: /home/etdisc/Bureau/codef1tenth/src/install/custom_msgs/share/custom_msgs/cmake/custom_msgs__rosidl_typesupport_cppExport.cmake\n'}
[2.420242] (custom_msgs) StdoutLine: {'line': b'-- Up-to-date: /home/etdisc/Bureau/codef1tenth/src/install/custom_msgs/share/custom_msgs/cmake/custom_msgs__rosidl_typesupport_cppExport-noconfig.cmake\n'}
[2.420833] (custom_msgs) StdoutLine: {'line': b'-- Up-to-date: /home/etdisc/Bureau/codef1tenth/src/install/custom_msgs/share/custom_msgs/cmake/rosidl_cmake-extras.cmake\n'}
[2.421248] (custom_msgs) StdoutLine: {'line': b'-- Up-to-date: /home/etdisc/Bureau/codef1tenth/src/install/custom_msgs/share/custom_msgs/cmake/ament_cmake_export_dependencies-extras.cmake\n'}
[2.421431] (custom_msgs) StdoutLine: {'line': b'-- Up-to-date: /home/etdisc/Bureau/codef1tenth/src/install/custom_msgs/share/custom_msgs/cmake/ament_cmake_export_libraries-extras.cmake\n'}
[2.421732] (custom_msgs) StdoutLine: {'line': b'-- Up-to-date: /home/etdisc/Bureau/codef1tenth/src/install/custom_msgs/share/custom_msgs/cmake/ament_cmake_export_targets-extras.cmake\n'}
[2.422043] (custom_msgs) StdoutLine: {'line': b'-- Up-to-date: /home/etdisc/Bureau/codef1tenth/src/install/custom_msgs/share/custom_msgs/cmake/ament_cmake_export_include_directories-extras.cmake\n'}
[2.422314] (custom_msgs) StdoutLine: {'line': b'-- Up-to-date: /home/etdisc/Bureau/codef1tenth/src/install/custom_msgs/share/custom_msgs/cmake/rosidl_cmake_export_typesupport_libraries-extras.cmake\n'}
[2.422979] (custom_msgs) StdoutLine: {'line': b'-- Up-to-date: /home/etdisc/Bureau/codef1tenth/src/install/custom_msgs/share/custom_msgs/cmake/rosidl_cmake_export_typesupport_targets-extras.cmake\n'}
[2.423343] (custom_msgs) StdoutLine: {'line': b'-- Up-to-date: /home/etdisc/Bureau/codef1tenth/src/install/custom_msgs/share/custom_msgs/cmake/custom_msgsConfig.cmake\n'}
[2.423639] (custom_msgs) StdoutLine: {'line': b'-- Up-to-date: /home/etdisc/Bureau/codef1tenth/src/install/custom_msgs/share/custom_msgs/cmake/custom_msgsConfig-version.cmake\n'}
[2.423878] (custom_msgs) StdoutLine: {'line': b'-- Up-to-date: /home/etdisc/Bureau/codef1tenth/src/install/custom_msgs/share/custom_msgs/package.xml\n'}
[2.424063] (custom_msgs) CommandEnded: {'returncode': 0}
[2.425365] (-) TimerEvent: {}
[2.484968] (custom_msgs) JobEnded: {'identifier': 'custom_msgs', 'rc': 0}
[2.487682] (strategy) JobStarted: {'identifier': 'strategy'}
[2.525685] (-) TimerEvent: {}
[2.627878] (-) TimerEvent: {}
[2.728924] (-) TimerEvent: {}
[2.829587] (-) TimerEvent: {}
[2.930262] (-) TimerEvent: {}
[3.030873] (-) TimerEvent: {}
[3.131744] (-) TimerEvent: {}
[3.232754] (-) TimerEvent: {}
[3.328105] (Planif) Command: {'cmd': ['/usr/bin/python3', '-W', 'ignore:setup.py install is deprecated', '-W', 'ignore:easy_install command is deprecated', 'setup.py', 'egg_info', '--egg-base', '../build/Planif', 'build', '--build-base', '/home/etdisc/Bureau/codef1tenth/src/build/Planif/build', 'install', '--record', '/home/etdisc/Bureau/codef1tenth/src/build/Planif/install.log', '--single-version-externally-managed', 'install_data'], 'cwd': '/home/etdisc/Bureau/codef1tenth/src/Planif', 'env': {'LESSOPEN': '| /usr/bin/lesspipe %s', 'HTTPS_PROXY': 'http://proxy:3128', 'USER': 'etdisc', 'SSH_AGENT_PID': '1666', 'XDG_SESSION_TYPE': 'x11', 'SHLVL': '1', 'LD_LIBRARY_PATH': '/home/etdisc/depots/f1tenth/sim_ws/install/custom_msgs/lib:/usr/lib/x86_64-linux-gnu/gazebo-11/plugins:/opt/ros/galactic/opt/yaml_cpp_vendor/lib:/opt/ros/galactic/opt/rviz_ogre_vendor/lib:/opt/ros/galactic/lib/x86_64-linux-gnu:/opt/ros/galactic/lib', 'HOME': '/home/etdisc', 'DESKTOP_SESSION': 'ubuntu', 'ROS_PYTHON_VERSION': '3', 'GNOME_SHELL_SESSION_MODE': 'ubuntu', 'GTK_MODULES': 'gail:atk-bridge', 'MANAGERPID': '1571', 'DBUS_STARTER_BUS_TYPE': 'session', 'DBUS_SESSION_BUS_ADDRESS': 'unix:path=/run/user/1000/bus,guid=712999510530655913b37c6169709380', 'COLORTERM': 'truecolor', 'IM_CONFIG_PHASE': '1', 'https_proxy': 'http://proxy:3128', 'COLCON_PREFIX_PATH': '/home/etdisc/depots/f1tenth/sim_ws/install', 'ROS_DISTRO': 'galactic', 'LOGNAME': 'etdisc', 'http_proxy': 'http://proxy:3128', 'JOURNAL_STREAM': '8:65626', '_': '/usr/bin/colcon', 'ROS_VERSION': '2', 'XDG_SESSION_CLASS': 'user', 'USERNAME': 'etdisc', 'TERM': 'xterm-256color', 'GNOME_DESKTOP_SESSION_ID': 'this-is-deprecated', 'ROS_LOCALHOST_ONLY': '1', 'WINDOWPATH': '2', 'PATH': '/opt/ros/galactic/bin:/snap/bin:/home/etdisc/.local/bin:/usr/local/sbin:/usr/local/bin:/usr/sbin:/usr/bin:/sbin:/bin:/usr/games:/usr/local/games:/snap/bin', 'SESSION_MANAGER': 'local/etdisc-virtual-machine:@/tmp/.ICE-unix/1701,unix/etdisc-virtual-machine:/tmp/.ICE-unix/1701', 'INVOCATION_ID': '81bd2218a54643fdb444052878adae1a', 'XDG_MENU_PREFIX': 'gnome-', 'GNOME_TERMINAL_SCREEN': '/org/gnome/Terminal/screen/3d86972f_729a_434a_84d1_870366dc376d', 'XDG_RUNTIME_DIR': '/run/user/1000', 'DISPLAY': ':0', 'LANG': 'fr_FR.UTF-8', 'XDG_CURRENT_DESKTOP': 'ubuntu:GNOME', 'XMODIFIERS': '@im=ibus', 'XDG_SESSION_DESKTOP': 'ubuntu', 'XAUTHORITY': '/run/user/1000/gdm/Xauthority', 'LS_COLORS': 'rs=0:di=01;34:ln=01;36:mh=00:pi=40;33:so=01;35:do=01;35:bd=40;33;01:cd=40;33;01:or=40;31;01:mi=00:su=37;41:sg=30;43:ca=30;41:tw=30;42:ow=34;42:st=37;44:ex=01;32:*.tar=01;31:*.tgz=01;31:*.arc=01;31:*.arj=01;31:*.taz=01;31:*.lha=01;31:*.lz4=01;31:*.lzh=01;31:*.lzma=01;31:*.tlz=01;31:*.txz=01;31:*.tzo=01;31:*.t7z=01;31:*.zip=01;31:*.z=01;31:*.dz=01;31:*.gz=01;31:*.lrz=01;31:*.lz=01;31:*.lzo=01;31:*.xz=01;31:*.zst=01;31:*.tzst=01;31:*.bz2=01;31:*.bz=01;31:*.tbz=01;31:*.tbz2=01;31:*.tz=01;31:*.deb=01;31:*.rpm=01;31:*.jar=01;31:*.war=01;31:*.ear=01;31:*.sar=01;31:*.rar=01;31:*.alz=01;31:*.ace=01;31:*.zoo=01;31:*.cpio=01;31:*.7z=01;31:*.rz=01;31:*.cab=01;31:*.wim=01;31:*.swm=01;31:*.dwm=01;31:*.esd=01;31:*.jpg=01;35:*.jpeg=01;35:*.mjpg=01;35:*.mjpeg=01;35:*.gif=01;35:*.bmp=01;35:*.pbm=01;35:*.pgm=01;35:*.ppm=01;35:*.tga=01;35:*.xbm=01;35:*.xpm=01;35:*.tif=01;35:*.tiff=01;35:*.png=01;35:*.svg=01;35:*.svgz=01;35:*.mng=01;35:*.pcx=01;35:*.mov=01;35:*.mpg=01;35:*.mpeg=01;35:*.m2v=01;35:*.mkv=01;35:*.webm=01;35:*.ogm=01;35:*.mp4=01;35:*.m4v=01;35:*.mp4v=01;35:*.vob=01;35:*.qt=01;35:*.nuv=01;35:*.wmv=01;35:*.asf=01;35:*.rm=01;35:*.rmvb=01;35:*.flc=01;35:*.avi=01;35:*.fli=01;35:*.flv=01;35:*.gl=01;35:*.dl=01;35:*.xcf=01;35:*.xwd=01;35:*.yuv=01;35:*.cgm=01;35:*.emf=01;35:*.ogv=01;35:*.ogx=01;35:*.aac=00;36:*.au=00;36:*.flac=00;36:*.m4a=00;36:*.mid=00;36:*.midi=00;36:*.mka=00;36:*.mp3=00;36:*.mpc=00;36:*.ogg=00;36:*.ra=00;36:*.wav=00;36:*.oga=00;36:*.opus=00;36:*.spx=00;36:*.xspf=00;36:', 'GNOME_TERMINAL_SERVICE': ':1.218', 'SSH_AUTH_SOCK': '/run/user/1000/keyring/ssh', 'AMENT_PREFIX_PATH': '/home/etdisc/depots/f1tenth/sim_ws/install/timer:/home/etdisc/depots/f1tenth/sim_ws/install/strategy:/home/etdisc/depots/f1tenth/sim_ws/install/localisation:/home/etdisc/depots/f1tenth/sim_ws/install/f1tenth_gym_ros:/home/etdisc/depots/f1tenth/sim_ws/install/custom_msgs:/home/etdisc/depots/f1tenth/sim_ws/install/Waypoints:/home/etdisc/depots/f1tenth/sim_ws/install/Simple_algo:/home/etdisc/depots/f1tenth/sim_ws/install/Planif:/home/etdisc/depots/f1tenth/sim_ws/install/Mapping:/home/etdisc/depots/f1tenth/sim_ws/install/AEB:/opt/ros/galactic', 'SHELL': '/bin/bash', 'QT_ACCESSIBILITY': '1', 'GDMSESSION': 'ubuntu', 'LESSCLOSE': '/usr/bin/lesspipe %s %s', 'GPG_AGENT_INFO': '/run/user/1000/gnupg/S.gpg-agent:0:1', 'QT_IM_MODULE': 'ibus', 'PWD': '/home/etdisc/Bureau/codef1tenth/src/build/Planif', 'LC_ALL': 'fr_FR.UTF-8', 'XDG_CONFIG_DIRS': '/etc/xdg/xdg-ubuntu:/etc/xdg', 'DBUS_STARTER_ADDRESS': 'unix:path=/run/user/1000/bus,guid=712999510530655913b37c6169709380', 'XDG_DATA_DIRS': '/usr/share/ubuntu:/usr/local/share/:/usr/share/:/var/lib/snapd/desktop', 'PYTHONPATH': '/home/etdisc/Bureau/codef1tenth/src/build/Planif/prefix_override:/usr/lib/python3/dist-packages/colcon_core/task/python/colcon_distutils_commands:/home/etdisc/Bureau/codef1tenth/src/install/Planif/lib/python3.8/site-packages:/home/etdisc/depots/f1tenth/sim_ws/install/timer/lib/python3.8/site-packages:/home/etdisc/depots/f1tenth/sim_ws/install/strategy/lib/python3.8/site-packages:/home/etdisc/depots/f1tenth/sim_ws/install/localisation/lib/python3.8/site-packages:/home/etdisc/depots/f1tenth/sim_ws/install/f1tenth_gym_ros/lib/python3.8/site-packages:/home/etdisc/depots/f1tenth/sim_ws/install/custom_msgs/lib/python3.8/site-packages:/home/etdisc/depots/f1tenth/sim_ws/install/Waypoints/lib/python3.8/site-packages:/home/etdisc/depots/f1tenth/sim_ws/install/Simple_algo/lib/python3.8/site-packages:/home/etdisc/depots/f1tenth/sim_ws/install/Planif/lib/python3.8/site-packages:/home/etdisc/depots/f1tenth/sim_ws/install/Mapping/lib/python3.8/site-packages:/home/etdisc/depots/f1tenth/sim_ws/install/AEB/lib/python3.8/site-packages:/opt/ros/galactic/lib/python3.8/site-packages', 'HTTP_PROXY': 'http://proxy:3128', 'COLCON': '1', 'VTE_VERSION': '6003', 'CMAKE_PREFIX_PATH': '/home/etdisc/depots/f1tenth/sim_ws/install/custom_msgs'}, 'shell': False}
[3.335495] (-) TimerEvent: {}
[3.398125] (Simple_algo) Command: {'cmd': ['/usr/bin/python3', '-W', 'ignore:setup.py install is deprecated', '-W', 'ignore:easy_install command is deprecated', 'setup.py', 'egg_info', '--egg-base', '../build/Simple_algo', 'build', '--build-base', '/home/etdisc/Bureau/codef1tenth/src/build/Simple_algo/build', 'install', '--record', '/home/etdisc/Bureau/codef1tenth/src/build/Simple_algo/install.log', '--single-version-externally-managed', 'install_data'], 'cwd': '/home/etdisc/Bureau/codef1tenth/src/Simple_algo', 'env': {'LESSOPEN': '| /usr/bin/lesspipe %s', 'HTTPS_PROXY': 'http://proxy:3128', 'USER': 'etdisc', 'SSH_AGENT_PID': '1666', 'XDG_SESSION_TYPE': 'x11', 'SHLVL': '1', 'LD_LIBRARY_PATH': '/home/etdisc/depots/f1tenth/sim_ws/install/custom_msgs/lib:/usr/lib/x86_64-linux-gnu/gazebo-11/plugins:/opt/ros/galactic/opt/yaml_cpp_vendor/lib:/opt/ros/galactic/opt/rviz_ogre_vendor/lib:/opt/ros/galactic/lib/x86_64-linux-gnu:/opt/ros/galactic/lib', 'HOME': '/home/etdisc', 'DESKTOP_SESSION': 'ubuntu', 'ROS_PYTHON_VERSION': '3', 'GNOME_SHELL_SESSION_MODE': 'ubuntu', 'GTK_MODULES': 'gail:atk-bridge', 'MANAGERPID': '1571', 'DBUS_STARTER_BUS_TYPE': 'session', 'DBUS_SESSION_BUS_ADDRESS': 'unix:path=/run/user/1000/bus,guid=712999510530655913b37c6169709380', 'COLORTERM': 'truecolor', 'IM_CONFIG_PHASE': '1', 'https_proxy': 'http://proxy:3128', 'COLCON_PREFIX_PATH': '/home/etdisc/depots/f1tenth/sim_ws/install', 'ROS_DISTRO': 'galactic', 'LOGNAME': 'etdisc', 'http_proxy': 'http://proxy:3128', 'JOURNAL_STREAM': '8:65626', '_': '/usr/bin/colcon', 'ROS_VERSION': '2', 'XDG_SESSION_CLASS': 'user', 'USERNAME': 'etdisc', 'TERM': 'xterm-256color', 'GNOME_DESKTOP_SESSION_ID': 'this-is-deprecated', 'ROS_LOCALHOST_ONLY': '1', 'WINDOWPATH': '2', 'PATH': '/opt/ros/galactic/bin:/snap/bin:/home/etdisc/.local/bin:/usr/local/sbin:/usr/local/bin:/usr/sbin:/usr/bin:/sbin:/bin:/usr/games:/usr/local/games:/snap/bin', 'SESSION_MANAGER': 'local/etdisc-virtual-machine:@/tmp/.ICE-unix/1701,unix/etdisc-virtual-machine:/tmp/.ICE-unix/1701', 'INVOCATION_ID': '81bd2218a54643fdb444052878adae1a', 'XDG_MENU_PREFIX': 'gnome-', 'GNOME_TERMINAL_SCREEN': '/org/gnome/Terminal/screen/3d86972f_729a_434a_84d1_870366dc376d', 'XDG_RUNTIME_DIR': '/run/user/1000', 'DISPLAY': ':0', 'LANG': 'fr_FR.UTF-8', 'XDG_CURRENT_DESKTOP': 'ubuntu:GNOME', 'XMODIFIERS': '@im=ibus', 'XDG_SESSION_DESKTOP': 'ubuntu', 'XAUTHORITY': '/run/user/1000/gdm/Xauthority', 'LS_COLORS': 'rs=0:di=01;34:ln=01;36:mh=00:pi=40;33:so=01;35:do=01;35:bd=40;33;01:cd=40;33;01:or=40;31;01:mi=00:su=37;41:sg=30;43:ca=30;41:tw=30;42:ow=34;42:st=37;44:ex=01;32:*.tar=01;31:*.tgz=01;31:*.arc=01;31:*.arj=01;31:*.taz=01;31:*.lha=01;31:*.lz4=01;31:*.lzh=01;31:*.lzma=01;31:*.tlz=01;31:*.txz=01;31:*.tzo=01;31:*.t7z=01;31:*.zip=01;31:*.z=01;31:*.dz=01;31:*.gz=01;31:*.lrz=01;31:*.lz=01;31:*.lzo=01;31:*.xz=01;31:*.zst=01;31:*.tzst=01;31:*.bz2=01;31:*.bz=01;31:*.tbz=01;31:*.tbz2=01;31:*.tz=01;31:*.deb=01;31:*.rpm=01;31:*.jar=01;31:*.war=01;31:*.ear=01;31:*.sar=01;31:*.rar=01;31:*.alz=01;31:*.ace=01;31:*.zoo=01;31:*.cpio=01;31:*.7z=01;31:*.rz=01;31:*.cab=01;31:*.wim=01;31:*.swm=01;31:*.dwm=01;31:*.esd=01;31:*.jpg=01;35:*.jpeg=01;35:*.mjpg=01;35:*.mjpeg=01;35:*.gif=01;35:*.bmp=01;35:*.pbm=01;35:*.pgm=01;35:*.ppm=01;35:*.tga=01;35:*.xbm=01;35:*.xpm=01;35:*.tif=01;35:*.tiff=01;35:*.png=01;35:*.svg=01;35:*.svgz=01;35:*.mng=01;35:*.pcx=01;35:*.mov=01;35:*.mpg=01;35:*.mpeg=01;35:*.m2v=01;35:*.mkv=01;35:*.webm=01;35:*.ogm=01;35:*.mp4=01;35:*.m4v=01;35:*.mp4v=01;35:*.vob=01;35:*.qt=01;35:*.nuv=01;35:*.wmv=01;35:*.asf=01;35:*.rm=01;35:*.rmvb=01;35:*.flc=01;35:*.avi=01;35:*.fli=01;35:*.flv=01;35:*.gl=01;35:*.dl=01;35:*.xcf=01;35:*.xwd=01;35:*.yuv=01;35:*.cgm=01;35:*.emf=01;35:*.ogv=01;35:*.ogx=01;35:*.aac=00;36:*.au=00;36:*.flac=00;36:*.m4a=00;36:*.mid=00;36:*.midi=00;36:*.mka=00;36:*.mp3=00;36:*.mpc=00;36:*.ogg=00;36:*.ra=00;36:*.wav=00;36:*.oga=00;36:*.opus=00;36:*.spx=00;36:*.xspf=00;36:', 'GNOME_TERMINAL_SERVICE': ':1.218', 'SSH_AUTH_SOCK': '/run/user/1000/keyring/ssh', 'AMENT_PREFIX_PATH': '/home/etdisc/depots/f1tenth/sim_ws/install/timer:/home/etdisc/depots/f1tenth/sim_ws/install/strategy:/home/etdisc/depots/f1tenth/sim_ws/install/localisation:/home/etdisc/depots/f1tenth/sim_ws/install/f1tenth_gym_ros:/home/etdisc/depots/f1tenth/sim_ws/install/custom_msgs:/home/etdisc/depots/f1tenth/sim_ws/install/Waypoints:/home/etdisc/depots/f1tenth/sim_ws/install/Simple_algo:/home/etdisc/depots/f1tenth/sim_ws/install/Planif:/home/etdisc/depots/f1tenth/sim_ws/install/Mapping:/home/etdisc/depots/f1tenth/sim_ws/install/AEB:/opt/ros/galactic', 'SHELL': '/bin/bash', 'QT_ACCESSIBILITY': '1', 'GDMSESSION': 'ubuntu', 'LESSCLOSE': '/usr/bin/lesspipe %s %s', 'GPG_AGENT_INFO': '/run/user/1000/gnupg/S.gpg-agent:0:1', 'QT_IM_MODULE': 'ibus', 'PWD': '/home/etdisc/Bureau/codef1tenth/src/build/Simple_algo', 'LC_ALL': 'fr_FR.UTF-8', 'XDG_CONFIG_DIRS': '/etc/xdg/xdg-ubuntu:/etc/xdg', 'DBUS_STARTER_ADDRESS': 'unix:path=/run/user/1000/bus,guid=712999510530655913b37c6169709380', 'XDG_DATA_DIRS': '/usr/share/ubuntu:/usr/local/share/:/usr/share/:/var/lib/snapd/desktop', 'PYTHONPATH': '/home/etdisc/Bureau/codef1tenth/src/build/Simple_algo/prefix_override:/usr/lib/python3/dist-packages/colcon_core/task/python/colcon_distutils_commands:/home/etdisc/Bureau/codef1tenth/src/install/Simple_algo/lib/python3.8/site-packages:/home/etdisc/depots/f1tenth/sim_ws/install/timer/lib/python3.8/site-packages:/home/etdisc/depots/f1tenth/sim_ws/install/strategy/lib/python3.8/site-packages:/home/etdisc/depots/f1tenth/sim_ws/install/localisation/lib/python3.8/site-packages:/home/etdisc/depots/f1tenth/sim_ws/install/f1tenth_gym_ros/lib/python3.8/site-packages:/home/etdisc/depots/f1tenth/sim_ws/install/custom_msgs/lib/python3.8/site-packages:/home/etdisc/depots/f1tenth/sim_ws/install/Waypoints/lib/python3.8/site-packages:/home/etdisc/depots/f1tenth/sim_ws/install/Simple_algo/lib/python3.8/site-packages:/home/etdisc/depots/f1tenth/sim_ws/install/Planif/lib/python3.8/site-packages:/home/etdisc/depots/f1tenth/sim_ws/install/Mapping/lib/python3.8/site-packages:/home/etdisc/depots/f1tenth/sim_ws/install/AEB/lib/python3.8/site-packages:/opt/ros/galactic/lib/python3.8/site-packages', 'HTTP_PROXY': 'http://proxy:3128', 'COLCON': '1', 'VTE_VERSION': '6003', 'CMAKE_PREFIX_PATH': '/home/etdisc/depots/f1tenth/sim_ws/install/custom_msgs'}, 'shell': False}
[3.419270] (AEB) Command: {'cmd': ['/usr/bin/python3', '-W', 'ignore:setup.py install is deprecated', '-W', 'ignore:easy_install command is deprecated', 'setup.py', 'egg_info', '--egg-base', '../build/AEB', 'build', '--build-base', '/home/etdisc/Bureau/codef1tenth/src/build/AEB/build', 'install', '--record', '/home/etdisc/Bureau/codef1tenth/src/build/AEB/install.log', '--single-version-externally-managed', 'install_data'], 'cwd': '/home/etdisc/Bureau/codef1tenth/src/AEB', 'env': {'LESSOPEN': '| /usr/bin/lesspipe %s', 'HTTPS_PROXY': 'http://proxy:3128', 'USER': 'etdisc', 'SSH_AGENT_PID': '1666', 'XDG_SESSION_TYPE': 'x11', 'SHLVL': '1', 'LD_LIBRARY_PATH': '/home/etdisc/depots/f1tenth/sim_ws/install/custom_msgs/lib:/usr/lib/x86_64-linux-gnu/gazebo-11/plugins:/opt/ros/galactic/opt/yaml_cpp_vendor/lib:/opt/ros/galactic/opt/rviz_ogre_vendor/lib:/opt/ros/galactic/lib/x86_64-linux-gnu:/opt/ros/galactic/lib', 'HOME': '/home/etdisc', 'DESKTOP_SESSION': 'ubuntu', 'ROS_PYTHON_VERSION': '3', 'GNOME_SHELL_SESSION_MODE': 'ubuntu', 'GTK_MODULES': 'gail:atk-bridge', 'MANAGERPID': '1571', 'DBUS_STARTER_BUS_TYPE': 'session', 'DBUS_SESSION_BUS_ADDRESS': 'unix:path=/run/user/1000/bus,guid=712999510530655913b37c6169709380', 'COLORTERM': 'truecolor', 'IM_CONFIG_PHASE': '1', 'https_proxy': 'http://proxy:3128', 'COLCON_PREFIX_PATH': '/home/etdisc/depots/f1tenth/sim_ws/install', 'ROS_DISTRO': 'galactic', 'LOGNAME': 'etdisc', 'http_proxy': 'http://proxy:3128', 'JOURNAL_STREAM': '8:65626', '_': '/usr/bin/colcon', 'ROS_VERSION': '2', 'XDG_SESSION_CLASS': 'user', 'USERNAME': 'etdisc', 'TERM': 'xterm-256color', 'GNOME_DESKTOP_SESSION_ID': 'this-is-deprecated', 'ROS_LOCALHOST_ONLY': '1', 'WINDOWPATH': '2', 'PATH': '/opt/ros/galactic/bin:/snap/bin:/home/etdisc/.local/bin:/usr/local/sbin:/usr/local/bin:/usr/sbin:/usr/bin:/sbin:/bin:/usr/games:/usr/local/games:/snap/bin', 'SESSION_MANAGER': 'local/etdisc-virtual-machine:@/tmp/.ICE-unix/1701,unix/etdisc-virtual-machine:/tmp/.ICE-unix/1701', 'INVOCATION_ID': '81bd2218a54643fdb444052878adae1a', 'XDG_MENU_PREFIX': 'gnome-', 'GNOME_TERMINAL_SCREEN': '/org/gnome/Terminal/screen/3d86972f_729a_434a_84d1_870366dc376d', 'XDG_RUNTIME_DIR': '/run/user/1000', 'DISPLAY': ':0', 'LANG': 'fr_FR.UTF-8', 'XDG_CURRENT_DESKTOP': 'ubuntu:GNOME', 'XMODIFIERS': '@im=ibus', 'XDG_SESSION_DESKTOP': 'ubuntu', 'XAUTHORITY': '/run/user/1000/gdm/Xauthority', 'LS_COLORS': 'rs=0:di=01;34:ln=01;36:mh=00:pi=40;33:so=01;35:do=01;35:bd=40;33;01:cd=40;33;01:or=40;31;01:mi=00:su=37;41:sg=30;43:ca=30;41:tw=30;42:ow=34;42:st=37;44:ex=01;32:*.tar=01;31:*.tgz=01;31:*.arc=01;31:*.arj=01;31:*.taz=01;31:*.lha=01;31:*.lz4=01;31:*.lzh=01;31:*.lzma=01;31:*.tlz=01;31:*.txz=01;31:*.tzo=01;31:*.t7z=01;31:*.zip=01;31:*.z=01;31:*.dz=01;31:*.gz=01;31:*.lrz=01;31:*.lz=01;31:*.lzo=01;31:*.xz=01;31:*.zst=01;31:*.tzst=01;31:*.bz2=01;31:*.bz=01;31:*.tbz=01;31:*.tbz2=01;31:*.tz=01;31:*.deb=01;31:*.rpm=01;31:*.jar=01;31:*.war=01;31:*.ear=01;31:*.sar=01;31:*.rar=01;31:*.alz=01;31:*.ace=01;31:*.zoo=01;31:*.cpio=01;31:*.7z=01;31:*.rz=01;31:*.cab=01;31:*.wim=01;31:*.swm=01;31:*.dwm=01;31:*.esd=01;31:*.jpg=01;35:*.jpeg=01;35:*.mjpg=01;35:*.mjpeg=01;35:*.gif=01;35:*.bmp=01;35:*.pbm=01;35:*.pgm=01;35:*.ppm=01;35:*.tga=01;35:*.xbm=01;35:*.xpm=01;35:*.tif=01;35:*.tiff=01;35:*.png=01;35:*.svg=01;35:*.svgz=01;35:*.mng=01;35:*.pcx=01;35:*.mov=01;35:*.mpg=01;35:*.mpeg=01;35:*.m2v=01;35:*.mkv=01;35:*.webm=01;35:*.ogm=01;35:*.mp4=01;35:*.m4v=01;35:*.mp4v=01;35:*.vob=01;35:*.qt=01;35:*.nuv=01;35:*.wmv=01;35:*.asf=01;35:*.rm=01;35:*.rmvb=01;35:*.flc=01;35:*.avi=01;35:*.fli=01;35:*.flv=01;35:*.gl=01;35:*.dl=01;35:*.xcf=01;35:*.xwd=01;35:*.yuv=01;35:*.cgm=01;35:*.emf=01;35:*.ogv=01;35:*.ogx=01;35:*.aac=00;36:*.au=00;36:*.flac=00;36:*.m4a=00;36:*.mid=00;36:*.midi=00;36:*.mka=00;36:*.mp3=00;36:*.mpc=00;36:*.ogg=00;36:*.ra=00;36:*.wav=00;36:*.oga=00;36:*.opus=00;36:*.spx=00;36:*.xspf=00;36:', 'GNOME_TERMINAL_SERVICE': ':1.218', 'SSH_AUTH_SOCK': '/run/user/1000/keyring/ssh', 'AMENT_PREFIX_PATH': '/home/etdisc/depots/f1tenth/sim_ws/install/timer:/home/etdisc/depots/f1tenth/sim_ws/install/strategy:/home/etdisc/depots/f1tenth/sim_ws/install/localisation:/home/etdisc/depots/f1tenth/sim_ws/install/f1tenth_gym_ros:/home/etdisc/depots/f1tenth/sim_ws/install/custom_msgs:/home/etdisc/depots/f1tenth/sim_ws/install/Waypoints:/home/etdisc/depots/f1tenth/sim_ws/install/Simple_algo:/home/etdisc/depots/f1tenth/sim_ws/install/Planif:/home/etdisc/depots/f1tenth/sim_ws/install/Mapping:/home/etdisc/depots/f1tenth/sim_ws/install/AEB:/opt/ros/galactic', 'SHELL': '/bin/bash', 'QT_ACCESSIBILITY': '1', 'GDMSESSION': 'ubuntu', 'LESSCLOSE': '/usr/bin/lesspipe %s %s', 'GPG_AGENT_INFO': '/run/user/1000/gnupg/S.gpg-agent:0:1', 'QT_IM_MODULE': 'ibus', 'PWD': '/home/etdisc/Bureau/codef1tenth/src/build/AEB', 'LC_ALL': 'fr_FR.UTF-8', 'XDG_CONFIG_DIRS': '/etc/xdg/xdg-ubuntu:/etc/xdg', 'DBUS_STARTER_ADDRESS': 'unix:path=/run/user/1000/bus,guid=712999510530655913b37c6169709380', 'XDG_DATA_DIRS': '/usr/share/ubuntu:/usr/local/share/:/usr/share/:/var/lib/snapd/desktop', 'PYTHONPATH': '/home/etdisc/Bureau/codef1tenth/src/build/AEB/prefix_override:/usr/lib/python3/dist-packages/colcon_core/task/python/colcon_distutils_commands:/home/etdisc/Bureau/codef1tenth/src/install/AEB/lib/python3.8/site-packages:/home/etdisc/depots/f1tenth/sim_ws/install/timer/lib/python3.8/site-packages:/home/etdisc/depots/f1tenth/sim_ws/install/strategy/lib/python3.8/site-packages:/home/etdisc/depots/f1tenth/sim_ws/install/localisation/lib/python3.8/site-packages:/home/etdisc/depots/f1tenth/sim_ws/install/f1tenth_gym_ros/lib/python3.8/site-packages:/home/etdisc/depots/f1tenth/sim_ws/install/custom_msgs/lib/python3.8/site-packages:/home/etdisc/depots/f1tenth/sim_ws/install/Waypoints/lib/python3.8/site-packages:/home/etdisc/depots/f1tenth/sim_ws/install/Simple_algo/lib/python3.8/site-packages:/home/etdisc/depots/f1tenth/sim_ws/install/Planif/lib/python3.8/site-packages:/home/etdisc/depots/f1tenth/sim_ws/install/Mapping/lib/python3.8/site-packages:/home/etdisc/depots/f1tenth/sim_ws/install/AEB/lib/python3.8/site-packages:/opt/ros/galactic/lib/python3.8/site-packages', 'HTTP_PROXY': 'http://proxy:3128', 'COLCON': '1', 'VTE_VERSION': '6003', 'CMAKE_PREFIX_PATH': '/home/etdisc/depots/f1tenth/sim_ws/install/custom_msgs'}, 'shell': False}
[3.435700] (-) TimerEvent: {}
[3.455695] (Mapping) Command: {'cmd': ['/usr/bin/python3', '-W', 'ignore:setup.py install is deprecated', '-W', 'ignore:easy_install command is deprecated', 'setup.py', 'egg_info', '--egg-base', '../build/Mapping', 'build', '--build-base', '/home/etdisc/Bureau/codef1tenth/src/build/Mapping/build', 'install', '--record', '/home/etdisc/Bureau/codef1tenth/src/build/Mapping/install.log', '--single-version-externally-managed', 'install_data'], 'cwd': '/home/etdisc/Bureau/codef1tenth/src/Mapping', 'env': {'LESSOPEN': '| /usr/bin/lesspipe %s', 'HTTPS_PROXY': 'http://proxy:3128', 'USER': 'etdisc', 'SSH_AGENT_PID': '1666', 'XDG_SESSION_TYPE': 'x11', 'SHLVL': '1', 'LD_LIBRARY_PATH': '/home/etdisc/depots/f1tenth/sim_ws/install/custom_msgs/lib:/usr/lib/x86_64-linux-gnu/gazebo-11/plugins:/opt/ros/galactic/opt/yaml_cpp_vendor/lib:/opt/ros/galactic/opt/rviz_ogre_vendor/lib:/opt/ros/galactic/lib/x86_64-linux-gnu:/opt/ros/galactic/lib', 'HOME': '/home/etdisc', 'DESKTOP_SESSION': 'ubuntu', 'ROS_PYTHON_VERSION': '3', 'GNOME_SHELL_SESSION_MODE': 'ubuntu', 'GTK_MODULES': 'gail:atk-bridge', 'MANAGERPID': '1571', 'DBUS_STARTER_BUS_TYPE': 'session', 'DBUS_SESSION_BUS_ADDRESS': 'unix:path=/run/user/1000/bus,guid=712999510530655913b37c6169709380', 'COLORTERM': 'truecolor', 'IM_CONFIG_PHASE': '1', 'https_proxy': 'http://proxy:3128', 'COLCON_PREFIX_PATH': '/home/etdisc/depots/f1tenth/sim_ws/install', 'ROS_DISTRO': 'galactic', 'LOGNAME': 'etdisc', 'http_proxy': 'http://proxy:3128', 'JOURNAL_STREAM': '8:65626', '_': '/usr/bin/colcon', 'ROS_VERSION': '2', 'XDG_SESSION_CLASS': 'user', 'USERNAME': 'etdisc', 'TERM': 'xterm-256color', 'GNOME_DESKTOP_SESSION_ID': 'this-is-deprecated', 'ROS_LOCALHOST_ONLY': '1', 'WINDOWPATH': '2', 'PATH': '/opt/ros/galactic/bin:/snap/bin:/home/etdisc/.local/bin:/usr/local/sbin:/usr/local/bin:/usr/sbin:/usr/bin:/sbin:/bin:/usr/games:/usr/local/games:/snap/bin', 'SESSION_MANAGER': 'local/etdisc-virtual-machine:@/tmp/.ICE-unix/1701,unix/etdisc-virtual-machine:/tmp/.ICE-unix/1701', 'INVOCATION_ID': '81bd2218a54643fdb444052878adae1a', 'XDG_MENU_PREFIX': 'gnome-', 'GNOME_TERMINAL_SCREEN': '/org/gnome/Terminal/screen/3d86972f_729a_434a_84d1_870366dc376d', 'XDG_RUNTIME_DIR': '/run/user/1000', 'DISPLAY': ':0', 'LANG': 'fr_FR.UTF-8', 'XDG_CURRENT_DESKTOP': 'ubuntu:GNOME', 'XMODIFIERS': '@im=ibus', 'XDG_SESSION_DESKTOP': 'ubuntu', 'XAUTHORITY': '/run/user/1000/gdm/Xauthority', 'LS_COLORS': 'rs=0:di=01;34:ln=01;36:mh=00:pi=40;33:so=01;35:do=01;35:bd=40;33;01:cd=40;33;01:or=40;31;01:mi=00:su=37;41:sg=30;43:ca=30;41:tw=30;42:ow=34;42:st=37;44:ex=01;32:*.tar=01;31:*.tgz=01;31:*.arc=01;31:*.arj=01;31:*.taz=01;31:*.lha=01;31:*.lz4=01;31:*.lzh=01;31:*.lzma=01;31:*.tlz=01;31:*.txz=01;31:*.tzo=01;31:*.t7z=01;31:*.zip=01;31:*.z=01;31:*.dz=01;31:*.gz=01;31:*.lrz=01;31:*.lz=01;31:*.lzo=01;31:*.xz=01;31:*.zst=01;31:*.tzst=01;31:*.bz2=01;31:*.bz=01;31:*.tbz=01;31:*.tbz2=01;31:*.tz=01;31:*.deb=01;31:*.rpm=01;31:*.jar=01;31:*.war=01;31:*.ear=01;31:*.sar=01;31:*.rar=01;31:*.alz=01;31:*.ace=01;31:*.zoo=01;31:*.cpio=01;31:*.7z=01;31:*.rz=01;31:*.cab=01;31:*.wim=01;31:*.swm=01;31:*.dwm=01;31:*.esd=01;31:*.jpg=01;35:*.jpeg=01;35:*.mjpg=01;35:*.mjpeg=01;35:*.gif=01;35:*.bmp=01;35:*.pbm=01;35:*.pgm=01;35:*.ppm=01;35:*.tga=01;35:*.xbm=01;35:*.xpm=01;35:*.tif=01;35:*.tiff=01;35:*.png=01;35:*.svg=01;35:*.svgz=01;35:*.mng=01;35:*.pcx=01;35:*.mov=01;35:*.mpg=01;35:*.mpeg=01;35:*.m2v=01;35:*.mkv=01;35:*.webm=01;35:*.ogm=01;35:*.mp4=01;35:*.m4v=01;35:*.mp4v=01;35:*.vob=01;35:*.qt=01;35:*.nuv=01;35:*.wmv=01;35:*.asf=01;35:*.rm=01;35:*.rmvb=01;35:*.flc=01;35:*.avi=01;35:*.fli=01;35:*.flv=01;35:*.gl=01;35:*.dl=01;35:*.xcf=01;35:*.xwd=01;35:*.yuv=01;35:*.cgm=01;35:*.emf=01;35:*.ogv=01;35:*.ogx=01;35:*.aac=00;36:*.au=00;36:*.flac=00;36:*.m4a=00;36:*.mid=00;36:*.midi=00;36:*.mka=00;36:*.mp3=00;36:*.mpc=00;36:*.ogg=00;36:*.ra=00;36:*.wav=00;36:*.oga=00;36:*.opus=00;36:*.spx=00;36:*.xspf=00;36:', 'GNOME_TERMINAL_SERVICE': ':1.218', 'SSH_AUTH_SOCK': '/run/user/1000/keyring/ssh', 'AMENT_PREFIX_PATH': '/home/etdisc/depots/f1tenth/sim_ws/install/timer:/home/etdisc/depots/f1tenth/sim_ws/install/strategy:/home/etdisc/depots/f1tenth/sim_ws/install/localisation:/home/etdisc/depots/f1tenth/sim_ws/install/f1tenth_gym_ros:/home/etdisc/depots/f1tenth/sim_ws/install/custom_msgs:/home/etdisc/depots/f1tenth/sim_ws/install/Waypoints:/home/etdisc/depots/f1tenth/sim_ws/install/Simple_algo:/home/etdisc/depots/f1tenth/sim_ws/install/Planif:/home/etdisc/depots/f1tenth/sim_ws/install/Mapping:/home/etdisc/depots/f1tenth/sim_ws/install/AEB:/opt/ros/galactic', 'SHELL': '/bin/bash', 'QT_ACCESSIBILITY': '1', 'GDMSESSION': 'ubuntu', 'LESSCLOSE': '/usr/bin/lesspipe %s %s', 'GPG_AGENT_INFO': '/run/user/1000/gnupg/S.gpg-agent:0:1', 'QT_IM_MODULE': 'ibus', 'PWD': '/home/etdisc/Bureau/codef1tenth/src/build/Mapping', 'LC_ALL': 'fr_FR.UTF-8', 'XDG_CONFIG_DIRS': '/etc/xdg/xdg-ubuntu:/etc/xdg', 'DBUS_STARTER_ADDRESS': 'unix:path=/run/user/1000/bus,guid=712999510530655913b37c6169709380', 'XDG_DATA_DIRS': '/usr/share/ubuntu:/usr/local/share/:/usr/share/:/var/lib/snapd/desktop', 'PYTHONPATH': '/home/etdisc/Bureau/codef1tenth/src/build/Mapping/prefix_override:/usr/lib/python3/dist-packages/colcon_core/task/python/colcon_distutils_commands:/home/etdisc/Bureau/codef1tenth/src/install/Mapping/lib/python3.8/site-packages:/home/etdisc/depots/f1tenth/sim_ws/install/timer/lib/python3.8/site-packages:/home/etdisc/depots/f1tenth/sim_ws/install/strategy/lib/python3.8/site-packages:/home/etdisc/depots/f1tenth/sim_ws/install/localisation/lib/python3.8/site-packages:/home/etdisc/depots/f1tenth/sim_ws/install/f1tenth_gym_ros/lib/python3.8/site-packages:/home/etdisc/depots/f1tenth/sim_ws/install/custom_msgs/lib/python3.8/site-packages:/home/etdisc/depots/f1tenth/sim_ws/install/Waypoints/lib/python3.8/site-packages:/home/etdisc/depots/f1tenth/sim_ws/install/Simple_algo/lib/python3.8/site-packages:/home/etdisc/depots/f1tenth/sim_ws/install/Planif/lib/python3.8/site-packages:/home/etdisc/depots/f1tenth/sim_ws/install/Mapping/lib/python3.8/site-packages:/home/etdisc/depots/f1tenth/sim_ws/install/AEB/lib/python3.8/site-packages:/opt/ros/galactic/lib/python3.8/site-packages', 'HTTP_PROXY': 'http://proxy:3128', 'COLCON': '1', 'VTE_VERSION': '6003', 'CMAKE_PREFIX_PATH': '/home/etdisc/depots/f1tenth/sim_ws/install/custom_msgs'}, 'shell': False}
[3.472218] (Waypoints) Command: {'cmd': ['/usr/bin/python3', '-W', 'ignore:setup.py install is deprecated', '-W', 'ignore:easy_install command is deprecated', 'setup.py', 'egg_info', '--egg-base', '../build/Waypoints', 'build', '--build-base', '/home/etdisc/Bureau/codef1tenth/src/build/Waypoints/build', 'install', '--record', '/home/etdisc/Bureau/codef1tenth/src/build/Waypoints/install.log', '--single-version-externally-managed', 'install_data'], 'cwd': '/home/etdisc/Bureau/codef1tenth/src/Waypoints', 'env': {'LESSOPEN': '| /usr/bin/lesspipe %s', 'HTTPS_PROXY': 'http://proxy:3128', 'USER': 'etdisc', 'SSH_AGENT_PID': '1666', 'XDG_SESSION_TYPE': 'x11', 'SHLVL': '1', 'LD_LIBRARY_PATH': '/home/etdisc/depots/f1tenth/sim_ws/install/custom_msgs/lib:/usr/lib/x86_64-linux-gnu/gazebo-11/plugins:/opt/ros/galactic/opt/yaml_cpp_vendor/lib:/opt/ros/galactic/opt/rviz_ogre_vendor/lib:/opt/ros/galactic/lib/x86_64-linux-gnu:/opt/ros/galactic/lib', 'HOME': '/home/etdisc', 'DESKTOP_SESSION': 'ubuntu', 'ROS_PYTHON_VERSION': '3', 'GNOME_SHELL_SESSION_MODE': 'ubuntu', 'GTK_MODULES': 'gail:atk-bridge', 'MANAGERPID': '1571', 'DBUS_STARTER_BUS_TYPE': 'session', 'DBUS_SESSION_BUS_ADDRESS': 'unix:path=/run/user/1000/bus,guid=712999510530655913b37c6169709380', 'COLORTERM': 'truecolor', 'IM_CONFIG_PHASE': '1', 'https_proxy': 'http://proxy:3128', 'COLCON_PREFIX_PATH': '/home/etdisc/depots/f1tenth/sim_ws/install', 'ROS_DISTRO': 'galactic', 'LOGNAME': 'etdisc', 'http_proxy': 'http://proxy:3128', 'JOURNAL_STREAM': '8:65626', '_': '/usr/bin/colcon', 'ROS_VERSION': '2', 'XDG_SESSION_CLASS': 'user', 'USERNAME': 'etdisc', 'TERM': 'xterm-256color', 'GNOME_DESKTOP_SESSION_ID': 'this-is-deprecated', 'ROS_LOCALHOST_ONLY': '1', 'WINDOWPATH': '2', 'PATH': '/opt/ros/galactic/bin:/snap/bin:/home/etdisc/.local/bin:/usr/local/sbin:/usr/local/bin:/usr/sbin:/usr/bin:/sbin:/bin:/usr/games:/usr/local/games:/snap/bin', 'SESSION_MANAGER': 'local/etdisc-virtual-machine:@/tmp/.ICE-unix/1701,unix/etdisc-virtual-machine:/tmp/.ICE-unix/1701', 'INVOCATION_ID': '81bd2218a54643fdb444052878adae1a', 'XDG_MENU_PREFIX': 'gnome-', 'GNOME_TERMINAL_SCREEN': '/org/gnome/Terminal/screen/3d86972f_729a_434a_84d1_870366dc376d', 'XDG_RUNTIME_DIR': '/run/user/1000', 'DISPLAY': ':0', 'LANG': 'fr_FR.UTF-8', 'XDG_CURRENT_DESKTOP': 'ubuntu:GNOME', 'XMODIFIERS': '@im=ibus', 'XDG_SESSION_DESKTOP': 'ubuntu', 'XAUTHORITY': '/run/user/1000/gdm/Xauthority', 'LS_COLORS': 'rs=0:di=01;34:ln=01;36:mh=00:pi=40;33:so=01;35:do=01;35:bd=40;33;01:cd=40;33;01:or=40;31;01:mi=00:su=37;41:sg=30;43:ca=30;41:tw=30;42:ow=34;42:st=37;44:ex=01;32:*.tar=01;31:*.tgz=01;31:*.arc=01;31:*.arj=01;31:*.taz=01;31:*.lha=01;31:*.lz4=01;31:*.lzh=01;31:*.lzma=01;31:*.tlz=01;31:*.txz=01;31:*.tzo=01;31:*.t7z=01;31:*.zip=01;31:*.z=01;31:*.dz=01;31:*.gz=01;31:*.lrz=01;31:*.lz=01;31:*.lzo=01;31:*.xz=01;31:*.zst=01;31:*.tzst=01;31:*.bz2=01;31:*.bz=01;31:*.tbz=01;31:*.tbz2=01;31:*.tz=01;31:*.deb=01;31:*.rpm=01;31:*.jar=01;31:*.war=01;31:*.ear=01;31:*.sar=01;31:*.rar=01;31:*.alz=01;31:*.ace=01;31:*.zoo=01;31:*.cpio=01;31:*.7z=01;31:*.rz=01;31:*.cab=01;31:*.wim=01;31:*.swm=01;31:*.dwm=01;31:*.esd=01;31:*.jpg=01;35:*.jpeg=01;35:*.mjpg=01;35:*.mjpeg=01;35:*.gif=01;35:*.bmp=01;35:*.pbm=01;35:*.pgm=01;35:*.ppm=01;35:*.tga=01;35:*.xbm=01;35:*.xpm=01;35:*.tif=01;35:*.tiff=01;35:*.png=01;35:*.svg=01;35:*.svgz=01;35:*.mng=01;35:*.pcx=01;35:*.mov=01;35:*.mpg=01;35:*.mpeg=01;35:*.m2v=01;35:*.mkv=01;35:*.webm=01;35:*.ogm=01;35:*.mp4=01;35:*.m4v=01;35:*.mp4v=01;35:*.vob=01;35:*.qt=01;35:*.nuv=01;35:*.wmv=01;35:*.asf=01;35:*.rm=01;35:*.rmvb=01;35:*.flc=01;35:*.avi=01;35:*.fli=01;35:*.flv=01;35:*.gl=01;35:*.dl=01;35:*.xcf=01;35:*.xwd=01;35:*.yuv=01;35:*.cgm=01;35:*.emf=01;35:*.ogv=01;35:*.ogx=01;35:*.aac=00;36:*.au=00;36:*.flac=00;36:*.m4a=00;36:*.mid=00;36:*.midi=00;36:*.mka=00;36:*.mp3=00;36:*.mpc=00;36:*.ogg=00;36:*.ra=00;36:*.wav=00;36:*.oga=00;36:*.opus=00;36:*.spx=00;36:*.xspf=00;36:', 'GNOME_TERMINAL_SERVICE': ':1.218', 'SSH_AUTH_SOCK': '/run/user/1000/keyring/ssh', 'AMENT_PREFIX_PATH': '/home/etdisc/depots/f1tenth/sim_ws/install/timer:/home/etdisc/depots/f1tenth/sim_ws/install/strategy:/home/etdisc/depots/f1tenth/sim_ws/install/localisation:/home/etdisc/depots/f1tenth/sim_ws/install/f1tenth_gym_ros:/home/etdisc/depots/f1tenth/sim_ws/install/custom_msgs:/home/etdisc/depots/f1tenth/sim_ws/install/Waypoints:/home/etdisc/depots/f1tenth/sim_ws/install/Simple_algo:/home/etdisc/depots/f1tenth/sim_ws/install/Planif:/home/etdisc/depots/f1tenth/sim_ws/install/Mapping:/home/etdisc/depots/f1tenth/sim_ws/install/AEB:/opt/ros/galactic', 'SHELL': '/bin/bash', 'QT_ACCESSIBILITY': '1', 'GDMSESSION': 'ubuntu', 'LESSCLOSE': '/usr/bin/lesspipe %s %s', 'GPG_AGENT_INFO': '/run/user/1000/gnupg/S.gpg-agent:0:1', 'QT_IM_MODULE': 'ibus', 'PWD': '/home/etdisc/Bureau/codef1tenth/src/build/Waypoints', 'LC_ALL': 'fr_FR.UTF-8', 'XDG_CONFIG_DIRS': '/etc/xdg/xdg-ubuntu:/etc/xdg', 'DBUS_STARTER_ADDRESS': 'unix:path=/run/user/1000/bus,guid=712999510530655913b37c6169709380', 'XDG_DATA_DIRS': '/usr/share/ubuntu:/usr/local/share/:/usr/share/:/var/lib/snapd/desktop', 'PYTHONPATH': '/home/etdisc/Bureau/codef1tenth/src/build/Waypoints/prefix_override:/usr/lib/python3/dist-packages/colcon_core/task/python/colcon_distutils_commands:/home/etdisc/Bureau/codef1tenth/src/install/Waypoints/lib/python3.8/site-packages:/home/etdisc/depots/f1tenth/sim_ws/install/timer/lib/python3.8/site-packages:/home/etdisc/depots/f1tenth/sim_ws/install/strategy/lib/python3.8/site-packages:/home/etdisc/depots/f1tenth/sim_ws/install/localisation/lib/python3.8/site-packages:/home/etdisc/depots/f1tenth/sim_ws/install/f1tenth_gym_ros/lib/python3.8/site-packages:/home/etdisc/depots/f1tenth/sim_ws/install/custom_msgs/lib/python3.8/site-packages:/home/etdisc/depots/f1tenth/sim_ws/install/Waypoints/lib/python3.8/site-packages:/home/etdisc/depots/f1tenth/sim_ws/install/Simple_algo/lib/python3.8/site-packages:/home/etdisc/depots/f1tenth/sim_ws/install/Planif/lib/python3.8/site-packages:/home/etdisc/depots/f1tenth/sim_ws/install/Mapping/lib/python3.8/site-packages:/home/etdisc/depots/f1tenth/sim_ws/install/AEB/lib/python3.8/site-packages:/opt/ros/galactic/lib/python3.8/site-packages', 'HTTP_PROXY': 'http://proxy:3128', 'COLCON': '1', 'VTE_VERSION': '6003', 'CMAKE_PREFIX_PATH': '/home/etdisc/depots/f1tenth/sim_ws/install/custom_msgs'}, 'shell': False}
[3.499196] (f1tenth_gym_ros) Command: {'cmd': ['/usr/bin/python3', '-W', 'ignore:setup.py install is deprecated', '-W', 'ignore:easy_install command is deprecated', 'setup.py', 'egg_info', '--egg-base', '../build/f1tenth_gym_ros', 'build', '--build-base', '/home/etdisc/Bureau/codef1tenth/src/build/f1tenth_gym_ros/build', 'install', '--record', '/home/etdisc/Bureau/codef1tenth/src/build/f1tenth_gym_ros/install.log', '--install-scripts', '$base/lib/f1tenth_gym_ros', '--single-version-externally-managed', 'install_data'], 'cwd': '/home/etdisc/Bureau/codef1tenth/src/f1tenth_gym_ros', 'env': {'LESSOPEN': '| /usr/bin/lesspipe %s', 'HTTPS_PROXY': 'http://proxy:3128', 'USER': 'etdisc', 'SSH_AGENT_PID': '1666', 'XDG_SESSION_TYPE': 'x11', 'SHLVL': '1', 'LD_LIBRARY_PATH': '/home/etdisc/depots/f1tenth/sim_ws/install/custom_msgs/lib:/usr/lib/x86_64-linux-gnu/gazebo-11/plugins:/opt/ros/galactic/opt/yaml_cpp_vendor/lib:/opt/ros/galactic/opt/rviz_ogre_vendor/lib:/opt/ros/galactic/lib/x86_64-linux-gnu:/opt/ros/galactic/lib', 'HOME': '/home/etdisc', 'DESKTOP_SESSION': 'ubuntu', 'ROS_PYTHON_VERSION': '3', 'GNOME_SHELL_SESSION_MODE': 'ubuntu', 'GTK_MODULES': 'gail:atk-bridge', 'MANAGERPID': '1571', 'DBUS_STARTER_BUS_TYPE': 'session', 'DBUS_SESSION_BUS_ADDRESS': 'unix:path=/run/user/1000/bus,guid=712999510530655913b37c6169709380', 'COLORTERM': 'truecolor', 'IM_CONFIG_PHASE': '1', 'https_proxy': 'http://proxy:3128', 'COLCON_PREFIX_PATH': '/home/etdisc/depots/f1tenth/sim_ws/install', 'ROS_DISTRO': 'galactic', 'LOGNAME': 'etdisc', 'http_proxy': 'http://proxy:3128', 'JOURNAL_STREAM': '8:65626', '_': '/usr/bin/colcon', 'ROS_VERSION': '2', 'XDG_SESSION_CLASS': 'user', 'USERNAME': 'etdisc', 'TERM': 'xterm-256color', 'GNOME_DESKTOP_SESSION_ID': 'this-is-deprecated', 'ROS_LOCALHOST_ONLY': '1', 'WINDOWPATH': '2', 'PATH': '/opt/ros/galactic/bin:/snap/bin:/home/etdisc/.local/bin:/usr/local/sbin:/usr/local/bin:/usr/sbin:/usr/bin:/sbin:/bin:/usr/games:/usr/local/games:/snap/bin', 'SESSION_MANAGER': 'local/etdisc-virtual-machine:@/tmp/.ICE-unix/1701,unix/etdisc-virtual-machine:/tmp/.ICE-unix/1701', 'INVOCATION_ID': '81bd2218a54643fdb444052878adae1a', 'XDG_MENU_PREFIX': 'gnome-', 'GNOME_TERMINAL_SCREEN': '/org/gnome/Terminal/screen/3d86972f_729a_434a_84d1_870366dc376d', 'XDG_RUNTIME_DIR': '/run/user/1000', 'DISPLAY': ':0', 'LANG': 'fr_FR.UTF-8', 'XDG_CURRENT_DESKTOP': 'ubuntu:GNOME', 'XMODIFIERS': '@im=ibus', 'XDG_SESSION_DESKTOP': 'ubuntu', 'XAUTHORITY': '/run/user/1000/gdm/Xauthority', 'LS_COLORS': 'rs=0:di=01;34:ln=01;36:mh=00:pi=40;33:so=01;35:do=01;35:bd=40;33;01:cd=40;33;01:or=40;31;01:mi=00:su=37;41:sg=30;43:ca=30;41:tw=30;42:ow=34;42:st=37;44:ex=01;32:*.tar=01;31:*.tgz=01;31:*.arc=01;31:*.arj=01;31:*.taz=01;31:*.lha=01;31:*.lz4=01;31:*.lzh=01;31:*.lzma=01;31:*.tlz=01;31:*.txz=01;31:*.tzo=01;31:*.t7z=01;31:*.zip=01;31:*.z=01;31:*.dz=01;31:*.gz=01;31:*.lrz=01;31:*.lz=01;31:*.lzo=01;31:*.xz=01;31:*.zst=01;31:*.tzst=01;31:*.bz2=01;31:*.bz=01;31:*.tbz=01;31:*.tbz2=01;31:*.tz=01;31:*.deb=01;31:*.rpm=01;31:*.jar=01;31:*.war=01;31:*.ear=01;31:*.sar=01;31:*.rar=01;31:*.alz=01;31:*.ace=01;31:*.zoo=01;31:*.cpio=01;31:*.7z=01;31:*.rz=01;31:*.cab=01;31:*.wim=01;31:*.swm=01;31:*.dwm=01;31:*.esd=01;31:*.jpg=01;35:*.jpeg=01;35:*.mjpg=01;35:*.mjpeg=01;35:*.gif=01;35:*.bmp=01;35:*.pbm=01;35:*.pgm=01;35:*.ppm=01;35:*.tga=01;35:*.xbm=01;35:*.xpm=01;35:*.tif=01;35:*.tiff=01;35:*.png=01;35:*.svg=01;35:*.svgz=01;35:*.mng=01;35:*.pcx=01;35:*.mov=01;35:*.mpg=01;35:*.mpeg=01;35:*.m2v=01;35:*.mkv=01;35:*.webm=01;35:*.ogm=01;35:*.mp4=01;35:*.m4v=01;35:*.mp4v=01;35:*.vob=01;35:*.qt=01;35:*.nuv=01;35:*.wmv=01;35:*.asf=01;35:*.rm=01;35:*.rmvb=01;35:*.flc=01;35:*.avi=01;35:*.fli=01;35:*.flv=01;35:*.gl=01;35:*.dl=01;35:*.xcf=01;35:*.xwd=01;35:*.yuv=01;35:*.cgm=01;35:*.emf=01;35:*.ogv=01;35:*.ogx=01;35:*.aac=00;36:*.au=00;36:*.flac=00;36:*.m4a=00;36:*.mid=00;36:*.midi=00;36:*.mka=00;36:*.mp3=00;36:*.mpc=00;36:*.ogg=00;36:*.ra=00;36:*.wav=00;36:*.oga=00;36:*.opus=00;36:*.spx=00;36:*.xspf=00;36:', 'GNOME_TERMINAL_SERVICE': ':1.218', 'SSH_AUTH_SOCK': '/run/user/1000/keyring/ssh', 'AMENT_PREFIX_PATH': '/home/etdisc/depots/f1tenth/sim_ws/install/timer:/home/etdisc/depots/f1tenth/sim_ws/install/strategy:/home/etdisc/depots/f1tenth/sim_ws/install/localisation:/home/etdisc/depots/f1tenth/sim_ws/install/f1tenth_gym_ros:/home/etdisc/depots/f1tenth/sim_ws/install/custom_msgs:/home/etdisc/depots/f1tenth/sim_ws/install/Waypoints:/home/etdisc/depots/f1tenth/sim_ws/install/Simple_algo:/home/etdisc/depots/f1tenth/sim_ws/install/Planif:/home/etdisc/depots/f1tenth/sim_ws/install/Mapping:/home/etdisc/depots/f1tenth/sim_ws/install/AEB:/opt/ros/galactic', 'SHELL': '/bin/bash', 'QT_ACCESSIBILITY': '1', 'GDMSESSION': 'ubuntu', 'LESSCLOSE': '/usr/bin/lesspipe %s %s', 'GPG_AGENT_INFO': '/run/user/1000/gnupg/S.gpg-agent:0:1', 'QT_IM_MODULE': 'ibus', 'PWD': '/home/etdisc/Bureau/codef1tenth/src/build/f1tenth_gym_ros', 'LC_ALL': 'fr_FR.UTF-8', 'XDG_CONFIG_DIRS': '/etc/xdg/xdg-ubuntu:/etc/xdg', 'DBUS_STARTER_ADDRESS': 'unix:path=/run/user/1000/bus,guid=712999510530655913b37c6169709380', 'XDG_DATA_DIRS': '/usr/share/ubuntu:/usr/local/share/:/usr/share/:/var/lib/snapd/desktop', 'PYTHONPATH': '/home/etdisc/Bureau/codef1tenth/src/build/f1tenth_gym_ros/prefix_override:/usr/lib/python3/dist-packages/colcon_core/task/python/colcon_distutils_commands:/home/etdisc/Bureau/codef1tenth/src/install/f1tenth_gym_ros/lib/python3.8/site-packages:/home/etdisc/depots/f1tenth/sim_ws/install/timer/lib/python3.8/site-packages:/home/etdisc/depots/f1tenth/sim_ws/install/strategy/lib/python3.8/site-packages:/home/etdisc/depots/f1tenth/sim_ws/install/localisation/lib/python3.8/site-packages:/home/etdisc/depots/f1tenth/sim_ws/install/f1tenth_gym_ros/lib/python3.8/site-packages:/home/etdisc/depots/f1tenth/sim_ws/install/custom_msgs/lib/python3.8/site-packages:/home/etdisc/depots/f1tenth/sim_ws/install/Waypoints/lib/python3.8/site-packages:/home/etdisc/depots/f1tenth/sim_ws/install/Simple_algo/lib/python3.8/site-packages:/home/etdisc/depots/f1tenth/sim_ws/install/Planif/lib/python3.8/site-packages:/home/etdisc/depots/f1tenth/sim_ws/install/Mapping/lib/python3.8/site-packages:/home/etdisc/depots/f1tenth/sim_ws/install/AEB/lib/python3.8/site-packages:/opt/ros/galactic/lib/python3.8/site-packages', 'HTTP_PROXY': 'http://proxy:3128', 'COLCON': '1', 'VTE_VERSION': '6003', 'CMAKE_PREFIX_PATH': '/home/etdisc/depots/f1tenth/sim_ws/install/custom_msgs'}, 'shell': False}
[3.535830] (-) TimerEvent: {}
[3.542817] (localisation) Command: {'cmd': ['/usr/bin/python3', '-W', 'ignore:setup.py install is deprecated', '-W', 'ignore:easy_install command is deprecated', 'setup.py', 'egg_info', '--egg-base', '../build/localisation', 'build', '--build-base', '/home/etdisc/Bureau/codef1tenth/src/build/localisation/build', 'install', '--record', '/home/etdisc/Bureau/codef1tenth/src/build/localisation/install.log', '--single-version-externally-managed', 'install_data'], 'cwd': '/home/etdisc/Bureau/codef1tenth/src/localisation', 'env': {'LESSOPEN': '| /usr/bin/lesspipe %s', 'HTTPS_PROXY': 'http://proxy:3128', 'USER': 'etdisc', 'SSH_AGENT_PID': '1666', 'XDG_SESSION_TYPE': 'x11', 'SHLVL': '1', 'LD_LIBRARY_PATH': '/home/etdisc/depots/f1tenth/sim_ws/install/custom_msgs/lib:/usr/lib/x86_64-linux-gnu/gazebo-11/plugins:/opt/ros/galactic/opt/yaml_cpp_vendor/lib:/opt/ros/galactic/opt/rviz_ogre_vendor/lib:/opt/ros/galactic/lib/x86_64-linux-gnu:/opt/ros/galactic/lib', 'HOME': '/home/etdisc', 'DESKTOP_SESSION': 'ubuntu', 'ROS_PYTHON_VERSION': '3', 'GNOME_SHELL_SESSION_MODE': 'ubuntu', 'GTK_MODULES': 'gail:atk-bridge', 'MANAGERPID': '1571', 'DBUS_STARTER_BUS_TYPE': 'session', 'DBUS_SESSION_BUS_ADDRESS': 'unix:path=/run/user/1000/bus,guid=712999510530655913b37c6169709380', 'COLORTERM': 'truecolor', 'IM_CONFIG_PHASE': '1', 'https_proxy': 'http://proxy:3128', 'COLCON_PREFIX_PATH': '/home/etdisc/depots/f1tenth/sim_ws/install', 'ROS_DISTRO': 'galactic', 'LOGNAME': 'etdisc', 'http_proxy': 'http://proxy:3128', 'JOURNAL_STREAM': '8:65626', '_': '/usr/bin/colcon', 'ROS_VERSION': '2', 'XDG_SESSION_CLASS': 'user', 'USERNAME': 'etdisc', 'TERM': 'xterm-256color', 'GNOME_DESKTOP_SESSION_ID': 'this-is-deprecated', 'ROS_LOCALHOST_ONLY': '1', 'WINDOWPATH': '2', 'PATH': '/opt/ros/galactic/bin:/snap/bin:/home/etdisc/.local/bin:/usr/local/sbin:/usr/local/bin:/usr/sbin:/usr/bin:/sbin:/bin:/usr/games:/usr/local/games:/snap/bin', 'SESSION_MANAGER': 'local/etdisc-virtual-machine:@/tmp/.ICE-unix/1701,unix/etdisc-virtual-machine:/tmp/.ICE-unix/1701', 'INVOCATION_ID': '81bd2218a54643fdb444052878adae1a', 'XDG_MENU_PREFIX': 'gnome-', 'GNOME_TERMINAL_SCREEN': '/org/gnome/Terminal/screen/3d86972f_729a_434a_84d1_870366dc376d', 'XDG_RUNTIME_DIR': '/run/user/1000', 'DISPLAY': ':0', 'LANG': 'fr_FR.UTF-8', 'XDG_CURRENT_DESKTOP': 'ubuntu:GNOME', 'XMODIFIERS': '@im=ibus', 'XDG_SESSION_DESKTOP': 'ubuntu', 'XAUTHORITY': '/run/user/1000/gdm/Xauthority', 'LS_COLORS': 'rs=0:di=01;34:ln=01;36:mh=00:pi=40;33:so=01;35:do=01;35:bd=40;33;01:cd=40;33;01:or=40;31;01:mi=00:su=37;41:sg=30;43:ca=30;41:tw=30;42:ow=34;42:st=37;44:ex=01;32:*.tar=01;31:*.tgz=01;31:*.arc=01;31:*.arj=01;31:*.taz=01;31:*.lha=01;31:*.lz4=01;31:*.lzh=01;31:*.lzma=01;31:*.tlz=01;31:*.txz=01;31:*.tzo=01;31:*.t7z=01;31:*.zip=01;31:*.z=01;31:*.dz=01;31:*.gz=01;31:*.lrz=01;31:*.lz=01;31:*.lzo=01;31:*.xz=01;31:*.zst=01;31:*.tzst=01;31:*.bz2=01;31:*.bz=01;31:*.tbz=01;31:*.tbz2=01;31:*.tz=01;31:*.deb=01;31:*.rpm=01;31:*.jar=01;31:*.war=01;31:*.ear=01;31:*.sar=01;31:*.rar=01;31:*.alz=01;31:*.ace=01;31:*.zoo=01;31:*.cpio=01;31:*.7z=01;31:*.rz=01;31:*.cab=01;31:*.wim=01;31:*.swm=01;31:*.dwm=01;31:*.esd=01;31:*.jpg=01;35:*.jpeg=01;35:*.mjpg=01;35:*.mjpeg=01;35:*.gif=01;35:*.bmp=01;35:*.pbm=01;35:*.pgm=01;35:*.ppm=01;35:*.tga=01;35:*.xbm=01;35:*.xpm=01;35:*.tif=01;35:*.tiff=01;35:*.png=01;35:*.svg=01;35:*.svgz=01;35:*.mng=01;35:*.pcx=01;35:*.mov=01;35:*.mpg=01;35:*.mpeg=01;35:*.m2v=01;35:*.mkv=01;35:*.webm=01;35:*.ogm=01;35:*.mp4=01;35:*.m4v=01;35:*.mp4v=01;35:*.vob=01;35:*.qt=01;35:*.nuv=01;35:*.wmv=01;35:*.asf=01;35:*.rm=01;35:*.rmvb=01;35:*.flc=01;35:*.avi=01;35:*.fli=01;35:*.flv=01;35:*.gl=01;35:*.dl=01;35:*.xcf=01;35:*.xwd=01;35:*.yuv=01;35:*.cgm=01;35:*.emf=01;35:*.ogv=01;35:*.ogx=01;35:*.aac=00;36:*.au=00;36:*.flac=00;36:*.m4a=00;36:*.mid=00;36:*.midi=00;36:*.mka=00;36:*.mp3=00;36:*.mpc=00;36:*.ogg=00;36:*.ra=00;36:*.wav=00;36:*.oga=00;36:*.opus=00;36:*.spx=00;36:*.xspf=00;36:', 'GNOME_TERMINAL_SERVICE': ':1.218', 'SSH_AUTH_SOCK': '/run/user/1000/keyring/ssh', 'AMENT_PREFIX_PATH': '/home/etdisc/depots/f1tenth/sim_ws/install/timer:/home/etdisc/depots/f1tenth/sim_ws/install/strategy:/home/etdisc/depots/f1tenth/sim_ws/install/localisation:/home/etdisc/depots/f1tenth/sim_ws/install/f1tenth_gym_ros:/home/etdisc/depots/f1tenth/sim_ws/install/custom_msgs:/home/etdisc/depots/f1tenth/sim_ws/install/Waypoints:/home/etdisc/depots/f1tenth/sim_ws/install/Simple_algo:/home/etdisc/depots/f1tenth/sim_ws/install/Planif:/home/etdisc/depots/f1tenth/sim_ws/install/Mapping:/home/etdisc/depots/f1tenth/sim_ws/install/AEB:/opt/ros/galactic', 'SHELL': '/bin/bash', 'QT_ACCESSIBILITY': '1', 'GDMSESSION': 'ubuntu', 'LESSCLOSE': '/usr/bin/lesspipe %s %s', 'GPG_AGENT_INFO': '/run/user/1000/gnupg/S.gpg-agent:0:1', 'QT_IM_MODULE': 'ibus', 'PWD': '/home/etdisc/Bureau/codef1tenth/src/build/localisation', 'LC_ALL': 'fr_FR.UTF-8', 'XDG_CONFIG_DIRS': '/etc/xdg/xdg-ubuntu:/etc/xdg', 'DBUS_STARTER_ADDRESS': 'unix:path=/run/user/1000/bus,guid=712999510530655913b37c6169709380', 'XDG_DATA_DIRS': '/usr/share/ubuntu:/usr/local/share/:/usr/share/:/var/lib/snapd/desktop', 'PYTHONPATH': '/home/etdisc/Bureau/codef1tenth/src/build/localisation/prefix_override:/usr/lib/python3/dist-packages/colcon_core/task/python/colcon_distutils_commands:/home/etdisc/Bureau/codef1tenth/src/install/localisation/lib/python3.8/site-packages:/home/etdisc/depots/f1tenth/sim_ws/install/timer/lib/python3.8/site-packages:/home/etdisc/depots/f1tenth/sim_ws/install/strategy/lib/python3.8/site-packages:/home/etdisc/depots/f1tenth/sim_ws/install/localisation/lib/python3.8/site-packages:/home/etdisc/depots/f1tenth/sim_ws/install/f1tenth_gym_ros/lib/python3.8/site-packages:/home/etdisc/depots/f1tenth/sim_ws/install/custom_msgs/lib/python3.8/site-packages:/home/etdisc/depots/f1tenth/sim_ws/install/Waypoints/lib/python3.8/site-packages:/home/etdisc/depots/f1tenth/sim_ws/install/Simple_algo/lib/python3.8/site-packages:/home/etdisc/depots/f1tenth/sim_ws/install/Planif/lib/python3.8/site-packages:/home/etdisc/depots/f1tenth/sim_ws/install/Mapping/lib/python3.8/site-packages:/home/etdisc/depots/f1tenth/sim_ws/install/AEB/lib/python3.8/site-packages:/opt/ros/galactic/lib/python3.8/site-packages', 'HTTP_PROXY': 'http://proxy:3128', 'COLCON': '1', 'VTE_VERSION': '6003', 'CMAKE_PREFIX_PATH': '/home/etdisc/depots/f1tenth/sim_ws/install/custom_msgs'}, 'shell': False}
[3.635972] (-) TimerEvent: {}
[3.736769] (-) TimerEvent: {}
[3.837442] (-) TimerEvent: {}
[3.919783] (Planif) StdoutLine: {'line': b'running egg_info\n'}
[3.924486] (Planif) StdoutLine: {'line': b'writing ../build/Planif/Planif.egg-info/PKG-INFO\n'}
[3.926903] (Planif) StdoutLine: {'line': b'writing dependency_links to ../build/Planif/Planif.egg-info/dependency_links.txt\n'}
[3.928795] (Planif) StdoutLine: {'line': b'writing entry points to ../build/Planif/Planif.egg-info/entry_points.txt\n'}
[3.929654] (Planif) StdoutLine: {'line': b'writing requirements to ../build/Planif/Planif.egg-info/requires.txt\n'}
[3.930485] (Planif) StdoutLine: {'line': b'writing top-level names to ../build/Planif/Planif.egg-info/top_level.txt\n'}
[3.943664] (-) TimerEvent: {}
[3.968916] (AEB) StdoutLine: {'line': b'running egg_info\n'}
[3.971150] (AEB) StdoutLine: {'line': b'writing ../build/AEB/AEB.egg-info/PKG-INFO\n'}
[3.972758] (AEB) StdoutLine: {'line': b'writing dependency_links to ../build/AEB/AEB.egg-info/dependency_links.txt\n'}
[3.974010] (AEB) StdoutLine: {'line': b'writing entry points to ../build/AEB/AEB.egg-info/entry_points.txt\n'}
[3.974953] (AEB) StdoutLine: {'line': b'writing requirements to ../build/AEB/AEB.egg-info/requires.txt\n'}
[3.976380] (AEB) StdoutLine: {'line': b'writing top-level names to ../build/AEB/AEB.egg-info/top_level.txt\n'}
[3.977236] (Mapping) StdoutLine: {'line': b'running egg_info\n'}
[3.978364] (Mapping) StdoutLine: {'line': b'writing ../build/Mapping/Mapping.egg-info/PKG-INFO\n'}
[3.984755] (Mapping) StdoutLine: {'line': b'writing dependency_links to ../build/Mapping/Mapping.egg-info/dependency_links.txt\n'}
[3.987541] (Mapping) StdoutLine: {'line': b'writing entry points to ../build/Mapping/Mapping.egg-info/entry_points.txt\n'}
[3.989189] (Mapping) StdoutLine: {'line': b'writing requirements to ../build/Mapping/Mapping.egg-info/requires.txt\n'}
[3.990405] (Mapping) StdoutLine: {'line': b'writing top-level names to ../build/Mapping/Mapping.egg-info/top_level.txt\n'}
[3.994078] (Waypoints) StdoutLine: {'line': b'running egg_info\n'}
[3.995913] (Waypoints) StdoutLine: {'line': b'writing ../build/Waypoints/Waypoints.egg-info/PKG-INFO\n'}
[3.998808] (Waypoints) StdoutLine: {'line': b'writing dependency_links to ../build/Waypoints/Waypoints.egg-info/dependency_links.txt\n'}
[3.999734] (Waypoints) StdoutLine: {'line': b'writing entry points to ../build/Waypoints/Waypoints.egg-info/entry_points.txt\n'}
[4.000536] (Waypoints) StdoutLine: {'line': b'writing requirements to ../build/Waypoints/Waypoints.egg-info/requires.txt\n'}
[4.001398] (Waypoints) StdoutLine: {'line': b'writing top-level names to ../build/Waypoints/Waypoints.egg-info/top_level.txt\n'}
[4.002485] (Planif) StdoutLine: {'line': b"reading manifest file '../build/Planif/Planif.egg-info/SOURCES.txt'\n"}
[4.005802] (Planif) StdoutLine: {'line': b"writing manifest file '../build/Planif/Planif.egg-info/SOURCES.txt'\n"}
[4.008441] (Planif) StdoutLine: {'line': b'running build\n'}
[4.009799] (Planif) StdoutLine: {'line': b'running build_py\n'}
[4.010655] (Planif) StdoutLine: {'line': b'running install\n'}
[4.011486] (Planif) StdoutLine: {'line': b'running install_lib\n'}
[4.013138] (Planif) StdoutLine: {'line': b'running install_data\n'}
[4.014061] (Planif) StdoutLine: {'line': b'running install_egg_info\n'}
[4.017486] (Planif) StdoutLine: {'line': b"removing '/home/etdisc/Bureau/codef1tenth/src/install/Planif/lib/python3.8/site-packages/Planif-0.1.0-py3.8.egg-info' (and everything under it)\n"}
[4.021260] (Planif) StdoutLine: {'line': b'Copying ../build/Planif/Planif.egg-info to /home/etdisc/Bureau/codef1tenth/src/install/Planif/lib/python3.8/site-packages/Planif-0.1.0-py3.8.egg-info\n'}
[4.022106] (Planif) StdoutLine: {'line': b'running install_scripts\n'}
[4.043802] (-) TimerEvent: {}
[4.045538] (Simple_algo) StdoutLine: {'line': b'running egg_info\n'}
[4.048703] (Simple_algo) StdoutLine: {'line': b'writing ../build/Simple_algo/Simple_algo.egg-info/PKG-INFO\n'}
[4.051511] (Simple_algo) StdoutLine: {'line': b'writing dependency_links to ../build/Simple_algo/Simple_algo.egg-info/dependency_links.txt\n'}
[4.052767] (AEB) StdoutLine: {'line': b"reading manifest file '../build/AEB/AEB.egg-info/SOURCES.txt'\n"}
[4.054313] (AEB) StdoutLine: {'line': b"writing manifest file '../build/AEB/AEB.egg-info/SOURCES.txt'\n"}
[4.058868] (AEB) StdoutLine: {'line': b'running build\n'}
[4.059844] (AEB) StdoutLine: {'line': b'running build_py\n'}
[4.060835] (AEB) StdoutLine: {'line': b'running install\n'}
[4.061836] (Planif) StdoutLine: {'line': b'Installing A_star script to /home/etdisc/Bureau/codef1tenth/src/install/Planif/lib/Planif\n'}
[4.062848] (AEB) StdoutLine: {'line': b'running install_lib\n'}
[4.064608] (Planif) StdoutLine: {'line': b'Installing A_star_SLAM script to /home/etdisc/Bureau/codef1tenth/src/install/Planif/lib/Planif\n'}
[4.074982] (Planif) StdoutLine: {'line': b"writing list of installed files to '/home/etdisc/Bureau/codef1tenth/src/build/Planif/install.log'\n"}
[4.077201] (AEB) StdoutLine: {'line': b'running install_data\n'}
[4.078876] (AEB) StdoutLine: {'line': b'running install_egg_info\n'}
[4.081974] (Mapping) StdoutLine: {'line': b"reading manifest file '../build/Mapping/Mapping.egg-info/SOURCES.txt'\n"}
[4.084387] (Mapping) StdoutLine: {'line': b"writing manifest file '../build/Mapping/Mapping.egg-info/SOURCES.txt'\n"}
[4.088302] (AEB) StdoutLine: {'line': b"removing '/home/etdisc/Bureau/codef1tenth/src/install/AEB/lib/python3.8/site-packages/AEB-0.0.0-py3.8.egg-info' (and everything under it)\n"}
[4.089223] (AEB) StdoutLine: {'line': b'Copying ../build/AEB/AEB.egg-info to /home/etdisc/Bureau/codef1tenth/src/install/AEB/lib/python3.8/site-packages/AEB-0.0.0-py3.8.egg-info\n'}
[4.090203] (AEB) StdoutLine: {'line': b'running install_scripts\n'}
[4.091097] (strategy) Command: {'cmd': ['/usr/bin/python3', '-W', 'ignore:setup.py install is deprecated', '-W', 'ignore:easy_install command is deprecated', 'setup.py', 'egg_info', '--egg-base', '../build/strategy', 'build', '--build-base', '/home/etdisc/Bureau/codef1tenth/src/build/strategy/build', 'install', '--record', '/home/etdisc/Bureau/codef1tenth/src/build/strategy/install.log', '--single-version-externally-managed', 'install_data'], 'cwd': '/home/etdisc/Bureau/codef1tenth/src/strategy', 'env': {'LESSOPEN': '| /usr/bin/lesspipe %s', 'HTTPS_PROXY': 'http://proxy:3128', 'USER': 'etdisc', 'SSH_AGENT_PID': '1666', 'XDG_SESSION_TYPE': 'x11', 'SHLVL': '1', 'LD_LIBRARY_PATH': '/home/etdisc/depots/f1tenth/sim_ws/install/custom_msgs/lib:/usr/lib/x86_64-linux-gnu/gazebo-11/plugins:/opt/ros/galactic/opt/yaml_cpp_vendor/lib:/opt/ros/galactic/opt/rviz_ogre_vendor/lib:/opt/ros/galactic/lib/x86_64-linux-gnu:/opt/ros/galactic/lib', 'HOME': '/home/etdisc', 'DESKTOP_SESSION': 'ubuntu', 'ROS_PYTHON_VERSION': '3', 'GNOME_SHELL_SESSION_MODE': 'ubuntu', 'GTK_MODULES': 'gail:atk-bridge', 'MANAGERPID': '1571', 'DBUS_STARTER_BUS_TYPE': 'session', 'DBUS_SESSION_BUS_ADDRESS': 'unix:path=/run/user/1000/bus,guid=712999510530655913b37c6169709380', 'COLORTERM': 'truecolor', 'IM_CONFIG_PHASE': '1', 'https_proxy': 'http://proxy:3128', 'COLCON_PREFIX_PATH': '/home/etdisc/depots/f1tenth/sim_ws/install', 'ROS_DISTRO': 'galactic', 'LOGNAME': 'etdisc', 'http_proxy': 'http://proxy:3128', 'JOURNAL_STREAM': '8:65626', '_': '/usr/bin/colcon', 'ROS_VERSION': '2', 'XDG_SESSION_CLASS': 'user', 'USERNAME': 'etdisc', 'TERM': 'xterm-256color', 'GNOME_DESKTOP_SESSION_ID': 'this-is-deprecated', 'ROS_LOCALHOST_ONLY': '1', 'WINDOWPATH': '2', 'PATH': '/opt/ros/galactic/bin:/snap/bin:/home/etdisc/.local/bin:/usr/local/sbin:/usr/local/bin:/usr/sbin:/usr/bin:/sbin:/bin:/usr/games:/usr/local/games:/snap/bin', 'SESSION_MANAGER': 'local/etdisc-virtual-machine:@/tmp/.ICE-unix/1701,unix/etdisc-virtual-machine:/tmp/.ICE-unix/1701', 'INVOCATION_ID': '81bd2218a54643fdb444052878adae1a', 'XDG_MENU_PREFIX': 'gnome-', 'GNOME_TERMINAL_SCREEN': '/org/gnome/Terminal/screen/3d86972f_729a_434a_84d1_870366dc376d', 'XDG_RUNTIME_DIR': '/run/user/1000', 'DISPLAY': ':0', 'LANG': 'fr_FR.UTF-8', 'XDG_CURRENT_DESKTOP': 'ubuntu:GNOME', 'XMODIFIERS': '@im=ibus', 'XDG_SESSION_DESKTOP': 'ubuntu', 'XAUTHORITY': '/run/user/1000/gdm/Xauthority', 'LS_COLORS': 'rs=0:di=01;34:ln=01;36:mh=00:pi=40;33:so=01;35:do=01;35:bd=40;33;01:cd=40;33;01:or=40;31;01:mi=00:su=37;41:sg=30;43:ca=30;41:tw=30;42:ow=34;42:st=37;44:ex=01;32:*.tar=01;31:*.tgz=01;31:*.arc=01;31:*.arj=01;31:*.taz=01;31:*.lha=01;31:*.lz4=01;31:*.lzh=01;31:*.lzma=01;31:*.tlz=01;31:*.txz=01;31:*.tzo=01;31:*.t7z=01;31:*.zip=01;31:*.z=01;31:*.dz=01;31:*.gz=01;31:*.lrz=01;31:*.lz=01;31:*.lzo=01;31:*.xz=01;31:*.zst=01;31:*.tzst=01;31:*.bz2=01;31:*.bz=01;31:*.tbz=01;31:*.tbz2=01;31:*.tz=01;31:*.deb=01;31:*.rpm=01;31:*.jar=01;31:*.war=01;31:*.ear=01;31:*.sar=01;31:*.rar=01;31:*.alz=01;31:*.ace=01;31:*.zoo=01;31:*.cpio=01;31:*.7z=01;31:*.rz=01;31:*.cab=01;31:*.wim=01;31:*.swm=01;31:*.dwm=01;31:*.esd=01;31:*.jpg=01;35:*.jpeg=01;35:*.mjpg=01;35:*.mjpeg=01;35:*.gif=01;35:*.bmp=01;35:*.pbm=01;35:*.pgm=01;35:*.ppm=01;35:*.tga=01;35:*.xbm=01;35:*.xpm=01;35:*.tif=01;35:*.tiff=01;35:*.png=01;35:*.svg=01;35:*.svgz=01;35:*.mng=01;35:*.pcx=01;35:*.mov=01;35:*.mpg=01;35:*.mpeg=01;35:*.m2v=01;35:*.mkv=01;35:*.webm=01;35:*.ogm=01;35:*.mp4=01;35:*.m4v=01;35:*.mp4v=01;35:*.vob=01;35:*.qt=01;35:*.nuv=01;35:*.wmv=01;35:*.asf=01;35:*.rm=01;35:*.rmvb=01;35:*.flc=01;35:*.avi=01;35:*.fli=01;35:*.flv=01;35:*.gl=01;35:*.dl=01;35:*.xcf=01;35:*.xwd=01;35:*.yuv=01;35:*.cgm=01;35:*.emf=01;35:*.ogv=01;35:*.ogx=01;35:*.aac=00;36:*.au=00;36:*.flac=00;36:*.m4a=00;36:*.mid=00;36:*.midi=00;36:*.mka=00;36:*.mp3=00;36:*.mpc=00;36:*.ogg=00;36:*.ra=00;36:*.wav=00;36:*.oga=00;36:*.opus=00;36:*.spx=00;36:*.xspf=00;36:', 'GNOME_TERMINAL_SERVICE': ':1.218', 'SSH_AUTH_SOCK': '/run/user/1000/keyring/ssh', 'AMENT_PREFIX_PATH': '/home/etdisc/depots/f1tenth/sim_ws/install/timer:/home/etdisc/depots/f1tenth/sim_ws/install/strategy:/home/etdisc/depots/f1tenth/sim_ws/install/localisation:/home/etdisc/depots/f1tenth/sim_ws/install/f1tenth_gym_ros:/home/etdisc/depots/f1tenth/sim_ws/install/custom_msgs:/home/etdisc/depots/f1tenth/sim_ws/install/Waypoints:/home/etdisc/depots/f1tenth/sim_ws/install/Simple_algo:/home/etdisc/depots/f1tenth/sim_ws/install/Planif:/home/etdisc/depots/f1tenth/sim_ws/install/Mapping:/home/etdisc/depots/f1tenth/sim_ws/install/AEB:/opt/ros/galactic', 'SHELL': '/bin/bash', 'QT_ACCESSIBILITY': '1', 'GDMSESSION': 'ubuntu', 'LESSCLOSE': '/usr/bin/lesspipe %s %s', 'GPG_AGENT_INFO': '/run/user/1000/gnupg/S.gpg-agent:0:1', 'QT_IM_MODULE': 'ibus', 'PWD': '/home/etdisc/Bureau/codef1tenth/src/build/strategy', 'LC_ALL': 'fr_FR.UTF-8', 'XDG_CONFIG_DIRS': '/etc/xdg/xdg-ubuntu:/etc/xdg', 'DBUS_STARTER_ADDRESS': 'unix:path=/run/user/1000/bus,guid=712999510530655913b37c6169709380', 'XDG_DATA_DIRS': '/usr/share/ubuntu:/usr/local/share/:/usr/share/:/var/lib/snapd/desktop', 'PYTHONPATH': '/home/etdisc/Bureau/codef1tenth/src/build/strategy/prefix_override:/usr/lib/python3/dist-packages/colcon_core/task/python/colcon_distutils_commands:/home/etdisc/Bureau/codef1tenth/src/install/strategy/lib/python3.8/site-packages:/home/etdisc/depots/f1tenth/sim_ws/install/timer/lib/python3.8/site-packages:/home/etdisc/depots/f1tenth/sim_ws/install/strategy/lib/python3.8/site-packages:/home/etdisc/depots/f1tenth/sim_ws/install/localisation/lib/python3.8/site-packages:/home/etdisc/depots/f1tenth/sim_ws/install/f1tenth_gym_ros/lib/python3.8/site-packages:/home/etdisc/depots/f1tenth/sim_ws/install/custom_msgs/lib/python3.8/site-packages:/home/etdisc/depots/f1tenth/sim_ws/install/Waypoints/lib/python3.8/site-packages:/home/etdisc/depots/f1tenth/sim_ws/install/Simple_algo/lib/python3.8/site-packages:/home/etdisc/depots/f1tenth/sim_ws/install/Planif/lib/python3.8/site-packages:/home/etdisc/depots/f1tenth/sim_ws/install/Mapping/lib/python3.8/site-packages:/home/etdisc/depots/f1tenth/sim_ws/install/AEB/lib/python3.8/site-packages:/opt/ros/galactic/lib/python3.8/site-packages', 'HTTP_PROXY': 'http://proxy:3128', 'COLCON': '1', 'VTE_VERSION': '6003', 'CMAKE_PREFIX_PATH': '/home/etdisc/depots/f1tenth/sim_ws/install/custom_msgs'}, 'shell': False}
[4.100150] (Mapping) StdoutLine: {'line': b'running build\n'}
[4.101094] (Mapping) StdoutLine: {'line': b'running build_py\n'}
[4.102552] (Mapping) StdoutLine: {'line': b'running install\n'}
[4.103912] (Simple_algo) StdoutLine: {'line': b'writing entry points to ../build/Simple_algo/Simple_algo.egg-info/entry_points.txt\n'}
[4.104846] (Mapping) StdoutLine: {'line': b'running install_lib\n'}
[4.105667] (Simple_algo) StdoutLine: {'line': b'writing requirements to ../build/Simple_algo/Simple_algo.egg-info/requires.txt\n'}
[4.106630] (Waypoints) StdoutLine: {'line': b"reading manifest file '../build/Waypoints/Waypoints.egg-info/SOURCES.txt'\n"}
[4.107594] (Simple_algo) StdoutLine: {'line': b'writing top-level names to ../build/Simple_algo/Simple_algo.egg-info/top_level.txt\n'}
[4.109623] (f1tenth_gym_ros) StdoutLine: {'line': b'running egg_info\n'}
[4.110758] (Waypoints) StdoutLine: {'line': b"writing manifest file '../build/Waypoints/Waypoints.egg-info/SOURCES.txt'\n"}
[4.112185] (Waypoints) StdoutLine: {'line': b'running build\n'}
[4.113733] (Waypoints) StdoutLine: {'line': b'running build_py\n'}
[4.115947] (Mapping) StdoutLine: {'line': b'running install_data\n'}
[4.122428] (Mapping) StdoutLine: {'line': b'running install_egg_info\n'}
[4.123781] (Waypoints) StdoutLine: {'line': b'running install\n'}
[4.128651] (f1tenth_gym_ros) StdoutLine: {'line': b'writing ../build/f1tenth_gym_ros/f1tenth_gym_ros.egg-info/PKG-INFO\n'}
[4.141538] (f1tenth_gym_ros) StdoutLine: {'line': b'writing dependency_links to ../build/f1tenth_gym_ros/f1tenth_gym_ros.egg-info/dependency_links.txt\n'}
[4.146598] (-) TimerEvent: {}
[4.147176] (f1tenth_gym_ros) StdoutLine: {'line': b'writing entry points to ../build/f1tenth_gym_ros/f1tenth_gym_ros.egg-info/entry_points.txt\n'}
[4.149404] (f1tenth_gym_ros) StdoutLine: {'line': b'writing requirements to ../build/f1tenth_gym_ros/f1tenth_gym_ros.egg-info/requires.txt\n'}
[4.151304] (f1tenth_gym_ros) StdoutLine: {'line': b'writing top-level names to ../build/f1tenth_gym_ros/f1tenth_gym_ros.egg-info/top_level.txt\n'}
[4.156579] (Waypoints) StdoutLine: {'line': b'running install_lib\n'}
[4.159394] (Mapping) StdoutLine: {'line': b"removing '/home/etdisc/Bureau/codef1tenth/src/install/Mapping/lib/python3.8/site-packages/Mapping-0.0.0-py3.8.egg-info' (and everything under it)\n"}
[4.161401] (Waypoints) StdoutLine: {'line': b'running install_data\n'}
[4.163731] (Waypoints) StdoutLine: {'line': b'running install_egg_info\n'}
[4.164622] (Mapping) StdoutLine: {'line': b'Copying ../build/Mapping/Mapping.egg-info to /home/etdisc/Bureau/codef1tenth/src/install/Mapping/lib/python3.8/site-packages/Mapping-0.0.0-py3.8.egg-info\n'}
[4.167004] (Mapping) StdoutLine: {'line': b'running install_scripts\n'}
[4.168967] (Waypoints) StdoutLine: {'line': b"removing '/home/etdisc/Bureau/codef1tenth/src/install/Waypoints/lib/python3.8/site-packages/Waypoints-0.0.0-py3.8.egg-info' (and everything under it)\n"}
[4.169560] (Waypoints) StdoutLine: {'line': b'Copying ../build/Waypoints/Waypoints.egg-info to /home/etdisc/Bureau/codef1tenth/src/install/Waypoints/lib/python3.8/site-packages/Waypoints-0.0.0-py3.8.egg-info\n'}
[4.171836] (Waypoints) StdoutLine: {'line': b'running install_scripts\n'}
[4.172369] (AEB) StdoutLine: {'line': b'Installing AEB script to /home/etdisc/Bureau/codef1tenth/src/install/AEB/lib/AEB\n'}
[4.172728] (AEB) StdoutLine: {'line': b'Installing aeb2 script to /home/etdisc/Bureau/codef1tenth/src/install/AEB/lib/AEB\n'}
[4.172911] (AEB) StdoutLine: {'line': b'Installing multiplexer script to /home/etdisc/Bureau/codef1tenth/src/install/AEB/lib/AEB\n'}
[4.173042] (AEB) StdoutLine: {'line': b"writing list of installed files to '/home/etdisc/Bureau/codef1tenth/src/build/AEB/install.log'\n"}
[4.173155] (localisation) StdoutLine: {'line': b'running egg_info\n'}
[4.174457] (localisation) StdoutLine: {'line': b'writing ../build/localisation/localisation.egg-info/PKG-INFO\n'}
[4.175252] (localisation) StdoutLine: {'line': b'writing dependency_links to ../build/localisation/localisation.egg-info/dependency_links.txt\n'}
[4.175810] (localisation) StdoutLine: {'line': b'writing entry points to ../build/localisation/localisation.egg-info/entry_points.txt\n'}
[4.187279] (localisation) StdoutLine: {'line': b'writing requirements to ../build/localisation/localisation.egg-info/requires.txt\n'}
[4.187494] (localisation) StdoutLine: {'line': b'writing top-level names to ../build/localisation/localisation.egg-info/top_level.txt\n'}
[4.187743] (Planif) CommandEnded: {'returncode': 0}
[4.188462] (Mapping) StdoutLine: {'line': b'Installing centerline_extraction script to /home/etdisc/Bureau/codef1tenth/src/install/Mapping/lib/Mapping\n'}
[4.188655] (Mapping) StdoutLine: {'line': b'Installing custom_slam script to /home/etdisc/Bureau/codef1tenth/src/install/Mapping/lib/Mapping\n'}
[4.188789] (Mapping) StdoutLine: {'line': b'Installing pose_listener script to /home/etdisc/Bureau/codef1tenth/src/install/Mapping/lib/Mapping\n'}
[4.188899] (localisation) StdoutLine: {'line': b"reading manifest file '../build/localisation/localisation.egg-info/SOURCES.txt'\n"}
[4.189014] (Mapping) StdoutLine: {'line': b'Installing scan_filter script to /home/etdisc/Bureau/codef1tenth/src/install/Mapping/lib/Mapping\n'}
[4.189114] (Mapping) StdoutLine: {'line': b'Installing virtual_imu script to /home/etdisc/Bureau/codef1tenth/src/install/Mapping/lib/Mapping\n'}
[4.189680] (localisation) StdoutLine: {'line': b"writing manifest file '../build/localisation/localisation.egg-info/SOURCES.txt'\n"}
[4.190103] (localisation) StdoutLine: {'line': b'running build\n'}
[4.190246] (localisation) StdoutLine: {'line': b'running build_py\n'}
[4.190345] (localisation) StdoutLine: {'line': b'running install\n'}
[4.190508] (localisation) StdoutLine: {'line': b'running install_lib\n'}
[4.190623] (Mapping) StdoutLine: {'line': b"writing list of installed files to '/home/etdisc/Bureau/codef1tenth/src/build/Mapping/install.log'\n"}
[4.190761] (localisation) StdoutLine: {'line': b'running install_data\n'}
[4.190996] (localisation) StdoutLine: {'line': b'running install_egg_info\n'}
[4.191126] (localisation) StdoutLine: {'line': b"removing '/home/etdisc/Bureau/codef1tenth/src/install/localisation/lib/python3.8/site-packages/localisation-0.0.0-py3.8.egg-info' (and everything under it)\n"}
[4.191243] (localisation) StdoutLine: {'line': b'Copying ../build/localisation/localisation.egg-info to /home/etdisc/Bureau/codef1tenth/src/install/localisation/lib/python3.8/site-packages/localisation-0.0.0-py3.8.egg-info\n'}
[4.191357] (localisation) StdoutLine: {'line': b'running install_scripts\n'}
[4.191469] (Waypoints) StdoutLine: {'line': b'Installing pure_pursuit script to /home/etdisc/Bureau/codef1tenth/src/install/Waypoints/lib/Waypoints\n'}
[4.191635] (Waypoints) StdoutLine: {'line': b'Installing pure_pursuit2 script to /home/etdisc/Bureau/codef1tenth/src/install/Waypoints/lib/Waypoints\n'}
[4.191755] (Waypoints) StdoutLine: {'line': b'Installing waypoints_logger script to /home/etdisc/Bureau/codef1tenth/src/install/Waypoints/lib/Waypoints\n'}
[4.194139] (Waypoints) StdoutLine: {'line': b"writing list of installed files to '/home/etdisc/Bureau/codef1tenth/src/build/Waypoints/install.log'\n"}
[4.207998] (Simple_algo) StdoutLine: {'line': b"reading manifest file '../build/Simple_algo/Simple_algo.egg-info/SOURCES.txt'\n"}
[4.216897] (Simple_algo) StdoutLine: {'line': b"writing manifest file '../build/Simple_algo/Simple_algo.egg-info/SOURCES.txt'\n"}
[4.220643] (Simple_algo) StdoutLine: {'line': b'running build\n'}
[4.221136] (Simple_algo) StdoutLine: {'line': b'running build_py\n'}
[4.221524] (Simple_algo) StdoutLine: {'line': b'running install\n'}
[4.221945] (Simple_algo) StdoutLine: {'line': b'running install_lib\n'}
[4.222329] (Simple_algo) StdoutLine: {'line': b'running install_data\n'}
[4.225609] (Simple_algo) StdoutLine: {'line': b'running install_egg_info\n'}
[4.225978] (f1tenth_gym_ros) StdoutLine: {'line': b"reading manifest file '../build/f1tenth_gym_ros/f1tenth_gym_ros.egg-info/SOURCES.txt'\n"}
[4.226197] (Planif) JobEnded: {'identifier': 'Planif', 'rc': 0}
[4.230983] (Simple_algo) StdoutLine: {'line': b"removing '/home/etdisc/Bureau/codef1tenth/src/install/Simple_algo/lib/python3.8/site-packages/Simple_algo-1.0.0-py3.8.egg-info' (and everything under it)\n"}
[4.231701] (Simple_algo) StdoutLine: {'line': b'Copying ../build/Simple_algo/Simple_algo.egg-info to /home/etdisc/Bureau/codef1tenth/src/install/Simple_algo/lib/python3.8/site-packages/Simple_algo-1.0.0-py3.8.egg-info\n'}
[4.231943] (Simple_algo) StdoutLine: {'line': b'running install_scripts\n'}
[4.232103] (f1tenth_gym_ros) StdoutLine: {'line': b"writing manifest file '../build/f1tenth_gym_ros/f1tenth_gym_ros.egg-info/SOURCES.txt'\n"}
[4.236167] (f1tenth_gym_ros) StdoutLine: {'line': b'running build\n'}
[4.236583] (f1tenth_gym_ros) StdoutLine: {'line': b'running build_py\n'}
[4.236806] (f1tenth_gym_ros) StdoutLine: {'line': b'running install\n'}
[4.236969] (f1tenth_gym_ros) StdoutLine: {'line': b'running install_lib\n'}
[4.237093] (timer) JobStarted: {'identifier': 'timer'}
[4.237236] (f1tenth_gym_ros) StdoutLine: {'line': b'running install_data\n'}
[4.237384] (f1tenth_gym_ros) StdoutLine: {'line': b'running install_egg_info\n'}
[4.237491] (f1tenth_gym_ros) StdoutLine: {'line': b"removing '/home/etdisc/Bureau/codef1tenth/src/install/f1tenth_gym_ros/lib/python3.8/site-packages/f1tenth_gym_ros-0.0.0-py3.8.egg-info' (and everything under it)\n"}
[4.237618] (f1tenth_gym_ros) StdoutLine: {'line': b'Copying ../build/f1tenth_gym_ros/f1tenth_gym_ros.egg-info to /home/etdisc/Bureau/codef1tenth/src/install/f1tenth_gym_ros/lib/python3.8/site-packages/f1tenth_gym_ros-0.0.0-py3.8.egg-info\n'}
[4.237757] (f1tenth_gym_ros) StdoutLine: {'line': b'running install_scripts\n'}
[4.237877] (localisation) StdoutLine: {'line': b'Installing lap_tracker script to /home/etdisc/Bureau/codef1tenth/src/install/localisation/lib/localisation\n'}
[4.248348] (-) TimerEvent: {}
[4.248796] (localisation) StdoutLine: {'line': b"writing list of installed files to '/home/etdisc/Bureau/codef1tenth/src/build/localisation/install.log'\n"}
[4.249061] (AEB) CommandEnded: {'returncode': 0}
[4.249888] (Simple_algo) StdoutLine: {'line': b'Installing disparity_extender script to /home/etdisc/Bureau/codef1tenth/src/install/Simple_algo/lib/Simple_algo\n'}
[4.250101] (Simple_algo) StdoutLine: {'line': b'Installing fast_disparity_extender script to /home/etdisc/Bureau/codef1tenth/src/install/Simple_algo/lib/Simple_algo\n'}
[4.250243] (Simple_algo) StdoutLine: {'line': b'Installing gap_follow script to /home/etdisc/Bureau/codef1tenth/src/install/Simple_algo/lib/Simple_algo\n'}
[4.250363] (Simple_algo) StdoutLine: {'line': b'Installing wall_follow script to /home/etdisc/Bureau/codef1tenth/src/install/Simple_algo/lib/Simple_algo\n'}
[4.250465] (Simple_algo) StdoutLine: {'line': b'Installing wall_follow_penn script to /home/etdisc/Bureau/codef1tenth/src/install/Simple_algo/lib/Simple_algo\n'}
[4.250589] (Simple_algo) StdoutLine: {'line': b"writing list of installed files to '/home/etdisc/Bureau/codef1tenth/src/build/Simple_algo/install.log'\n"}
[4.271118] (f1tenth_gym_ros) StdoutLine: {'line': b'Installing gym_bridge script to /home/etdisc/Bureau/codef1tenth/src/install/f1tenth_gym_ros/lib/f1tenth_gym_ros\n'}
[4.271517] (f1tenth_gym_ros) StdoutLine: {'line': b"writing list of installed files to '/home/etdisc/Bureau/codef1tenth/src/build/f1tenth_gym_ros/install.log'\n"}
[4.297810] (AEB) JobEnded: {'identifier': 'AEB', 'rc': 0}
[4.312745] (Mapping) CommandEnded: {'returncode': 0}
[4.335633] (Mapping) JobEnded: {'identifier': 'Mapping', 'rc': 0}
[4.337652] (Waypoints) CommandEnded: {'returncode': 0}
[4.350514] (-) TimerEvent: {}
[4.362128] (Waypoints) JobEnded: {'identifier': 'Waypoints', 'rc': 0}
[4.366736] (localisation) CommandEnded: {'returncode': 0}
[4.385926] (localisation) JobEnded: {'identifier': 'localisation', 'rc': 0}
[4.450869] (-) TimerEvent: {}
[4.551642] (-) TimerEvent: {}
[4.586292] (strategy) StdoutLine: {'line': b'running egg_info\n'}
[4.587203] (strategy) StdoutLine: {'line': b'writing ../build/strategy/strategy.egg-info/PKG-INFO\n'}
[4.595253] (strategy) StdoutLine: {'line': b'writing dependency_links to ../build/strategy/strategy.egg-info/dependency_links.txt\n'}
[4.596418] (strategy) StdoutLine: {'line': b'writing entry points to ../build/strategy/strategy.egg-info/entry_points.txt\n'}
[4.597017] (strategy) StdoutLine: {'line': b'writing requirements to ../build/strategy/strategy.egg-info/requires.txt\n'}
[4.597828] (strategy) StdoutLine: {'line': b'writing top-level names to ../build/strategy/strategy.egg-info/top_level.txt\n'}
[4.633725] (strategy) StdoutLine: {'line': b"reading manifest file '../build/strategy/strategy.egg-info/SOURCES.txt'\n"}
[4.636305] (strategy) StdoutLine: {'line': b"writing manifest file '../build/strategy/strategy.egg-info/SOURCES.txt'\n"}
[4.637546] (strategy) StdoutLine: {'line': b'running build\n'}
[4.637793] (strategy) StdoutLine: {'line': b'running build_py\n'}
[4.638615] (strategy) StdoutLine: {'line': b'running install\n'}
[4.639390] (strategy) StdoutLine: {'line': b'running install_lib\n'}
[4.640441] (strategy) StdoutLine: {'line': b'running install_data\n'}
[4.640918] (strategy) StdoutLine: {'line': b'running install_egg_info\n'}
[4.642580] (strategy) StdoutLine: {'line': b"removing '/home/etdisc/Bureau/codef1tenth/src/install/strategy/lib/python3.8/site-packages/strategy-0.0.0-py3.8.egg-info' (and everything under it)\n"}
[4.643022] (strategy) StdoutLine: {'line': b'Copying ../build/strategy/strategy.egg-info to /home/etdisc/Bureau/codef1tenth/src/install/strategy/lib/python3.8/site-packages/strategy-0.0.0-py3.8.egg-info\n'}
[4.643887] (strategy) StdoutLine: {'line': b'running install_scripts\n'}
[4.651796] (-) TimerEvent: {}
[4.661167] (strategy) StdoutLine: {'line': b'Installing basic_strategy_manager script to /home/etdisc/Bureau/codef1tenth/src/install/strategy/lib/strategy\n'}
[4.662541] (strategy) StdoutLine: {'line': b"writing list of installed files to '/home/etdisc/Bureau/codef1tenth/src/build/strategy/install.log'\n"}
[4.751410] (Simple_algo) CommandEnded: {'returncode': 0}
[4.752202] (-) TimerEvent: {}
[4.777127] (Simple_algo) JobEnded: {'identifier': 'Simple_algo', 'rc': 0}
[4.779567] (f1tenth_gym_ros) CommandEnded: {'returncode': 0}
[4.800934] (f1tenth_gym_ros) JobEnded: {'identifier': 'f1tenth_gym_ros', 'rc': 0}
[4.812536] (strategy) CommandEnded: {'returncode': 0}
[4.835900] (strategy) JobEnded: {'identifier': 'strategy', 'rc': 0}
[4.852491] (-) TimerEvent: {}
[4.953477] (-) TimerEvent: {}
[5.054201] (-) TimerEvent: {}
[5.154866] (-) TimerEvent: {}
[5.255438] (-) TimerEvent: {}
[5.293418] (timer) Command: {'cmd': ['/usr/bin/python3', '-W', 'ignore:setup.py install is deprecated', '-W', 'ignore:easy_install command is deprecated', 'setup.py', 'egg_info', '--egg-base', '../build/timer', 'build', '--build-base', '/home/etdisc/Bureau/codef1tenth/src/build/timer/build', 'install', '--record', '/home/etdisc/Bureau/codef1tenth/src/build/timer/install.log', '--single-version-externally-managed', 'install_data'], 'cwd': '/home/etdisc/Bureau/codef1tenth/src/timer', 'env': {'LESSOPEN': '| /usr/bin/lesspipe %s', 'HTTPS_PROXY': 'http://proxy:3128', 'USER': 'etdisc', 'SSH_AGENT_PID': '1666', 'XDG_SESSION_TYPE': 'x11', 'SHLVL': '1', 'LD_LIBRARY_PATH': '/home/etdisc/depots/f1tenth/sim_ws/install/custom_msgs/lib:/usr/lib/x86_64-linux-gnu/gazebo-11/plugins:/opt/ros/galactic/opt/yaml_cpp_vendor/lib:/opt/ros/galactic/opt/rviz_ogre_vendor/lib:/opt/ros/galactic/lib/x86_64-linux-gnu:/opt/ros/galactic/lib', 'HOME': '/home/etdisc', 'DESKTOP_SESSION': 'ubuntu', 'ROS_PYTHON_VERSION': '3', 'GNOME_SHELL_SESSION_MODE': 'ubuntu', 'GTK_MODULES': 'gail:atk-bridge', 'MANAGERPID': '1571', 'DBUS_STARTER_BUS_TYPE': 'session', 'DBUS_SESSION_BUS_ADDRESS': 'unix:path=/run/user/1000/bus,guid=712999510530655913b37c6169709380', 'COLORTERM': 'truecolor', 'IM_CONFIG_PHASE': '1', 'https_proxy': 'http://proxy:3128', 'COLCON_PREFIX_PATH': '/home/etdisc/depots/f1tenth/sim_ws/install', 'ROS_DISTRO': 'galactic', 'LOGNAME': 'etdisc', 'http_proxy': 'http://proxy:3128', 'JOURNAL_STREAM': '8:65626', '_': '/usr/bin/colcon', 'ROS_VERSION': '2', 'XDG_SESSION_CLASS': 'user', 'USERNAME': 'etdisc', 'TERM': 'xterm-256color', 'GNOME_DESKTOP_SESSION_ID': 'this-is-deprecated', 'ROS_LOCALHOST_ONLY': '1', 'WINDOWPATH': '2', 'PATH': '/opt/ros/galactic/bin:/snap/bin:/home/etdisc/.local/bin:/usr/local/sbin:/usr/local/bin:/usr/sbin:/usr/bin:/sbin:/bin:/usr/games:/usr/local/games:/snap/bin', 'SESSION_MANAGER': 'local/etdisc-virtual-machine:@/tmp/.ICE-unix/1701,unix/etdisc-virtual-machine:/tmp/.ICE-unix/1701', 'INVOCATION_ID': '81bd2218a54643fdb444052878adae1a', 'XDG_MENU_PREFIX': 'gnome-', 'GNOME_TERMINAL_SCREEN': '/org/gnome/Terminal/screen/3d86972f_729a_434a_84d1_870366dc376d', 'XDG_RUNTIME_DIR': '/run/user/1000', 'DISPLAY': ':0', 'LANG': 'fr_FR.UTF-8', 'XDG_CURRENT_DESKTOP': 'ubuntu:GNOME', 'XMODIFIERS': '@im=ibus', 'XDG_SESSION_DESKTOP': 'ubuntu', 'XAUTHORITY': '/run/user/1000/gdm/Xauthority', 'LS_COLORS': 'rs=0:di=01;34:ln=01;36:mh=00:pi=40;33:so=01;35:do=01;35:bd=40;33;01:cd=40;33;01:or=40;31;01:mi=00:su=37;41:sg=30;43:ca=30;41:tw=30;42:ow=34;42:st=37;44:ex=01;32:*.tar=01;31:*.tgz=01;31:*.arc=01;31:*.arj=01;31:*.taz=01;31:*.lha=01;31:*.lz4=01;31:*.lzh=01;31:*.lzma=01;31:*.tlz=01;31:*.txz=01;31:*.tzo=01;31:*.t7z=01;31:*.zip=01;31:*.z=01;31:*.dz=01;31:*.gz=01;31:*.lrz=01;31:*.lz=01;31:*.lzo=01;31:*.xz=01;31:*.zst=01;31:*.tzst=01;31:*.bz2=01;31:*.bz=01;31:*.tbz=01;31:*.tbz2=01;31:*.tz=01;31:*.deb=01;31:*.rpm=01;31:*.jar=01;31:*.war=01;31:*.ear=01;31:*.sar=01;31:*.rar=01;31:*.alz=01;31:*.ace=01;31:*.zoo=01;31:*.cpio=01;31:*.7z=01;31:*.rz=01;31:*.cab=01;31:*.wim=01;31:*.swm=01;31:*.dwm=01;31:*.esd=01;31:*.jpg=01;35:*.jpeg=01;35:*.mjpg=01;35:*.mjpeg=01;35:*.gif=01;35:*.bmp=01;35:*.pbm=01;35:*.pgm=01;35:*.ppm=01;35:*.tga=01;35:*.xbm=01;35:*.xpm=01;35:*.tif=01;35:*.tiff=01;35:*.png=01;35:*.svg=01;35:*.svgz=01;35:*.mng=01;35:*.pcx=01;35:*.mov=01;35:*.mpg=01;35:*.mpeg=01;35:*.m2v=01;35:*.mkv=01;35:*.webm=01;35:*.ogm=01;35:*.mp4=01;35:*.m4v=01;35:*.mp4v=01;35:*.vob=01;35:*.qt=01;35:*.nuv=01;35:*.wmv=01;35:*.asf=01;35:*.rm=01;35:*.rmvb=01;35:*.flc=01;35:*.avi=01;35:*.fli=01;35:*.flv=01;35:*.gl=01;35:*.dl=01;35:*.xcf=01;35:*.xwd=01;35:*.yuv=01;35:*.cgm=01;35:*.emf=01;35:*.ogv=01;35:*.ogx=01;35:*.aac=00;36:*.au=00;36:*.flac=00;36:*.m4a=00;36:*.mid=00;36:*.midi=00;36:*.mka=00;36:*.mp3=00;36:*.mpc=00;36:*.ogg=00;36:*.ra=00;36:*.wav=00;36:*.oga=00;36:*.opus=00;36:*.spx=00;36:*.xspf=00;36:', 'GNOME_TERMINAL_SERVICE': ':1.218', 'SSH_AUTH_SOCK': '/run/user/1000/keyring/ssh', 'AMENT_PREFIX_PATH': '/home/etdisc/depots/f1tenth/sim_ws/install/timer:/home/etdisc/depots/f1tenth/sim_ws/install/strategy:/home/etdisc/depots/f1tenth/sim_ws/install/localisation:/home/etdisc/depots/f1tenth/sim_ws/install/f1tenth_gym_ros:/home/etdisc/depots/f1tenth/sim_ws/install/custom_msgs:/home/etdisc/depots/f1tenth/sim_ws/install/Waypoints:/home/etdisc/depots/f1tenth/sim_ws/install/Simple_algo:/home/etdisc/depots/f1tenth/sim_ws/install/Planif:/home/etdisc/depots/f1tenth/sim_ws/install/Mapping:/home/etdisc/depots/f1tenth/sim_ws/install/AEB:/opt/ros/galactic', 'SHELL': '/bin/bash', 'QT_ACCESSIBILITY': '1', 'GDMSESSION': 'ubuntu', 'LESSCLOSE': '/usr/bin/lesspipe %s %s', 'GPG_AGENT_INFO': '/run/user/1000/gnupg/S.gpg-agent:0:1', 'QT_IM_MODULE': 'ibus', 'PWD': '/home/etdisc/Bureau/codef1tenth/src/build/timer', 'LC_ALL': 'fr_FR.UTF-8', 'XDG_CONFIG_DIRS': '/etc/xdg/xdg-ubuntu:/etc/xdg', 'DBUS_STARTER_ADDRESS': 'unix:path=/run/user/1000/bus,guid=712999510530655913b37c6169709380', 'XDG_DATA_DIRS': '/usr/share/ubuntu:/usr/local/share/:/usr/share/:/var/lib/snapd/desktop', 'PYTHONPATH': '/home/etdisc/Bureau/codef1tenth/src/build/timer/prefix_override:/usr/lib/python3/dist-packages/colcon_core/task/python/colcon_distutils_commands:/home/etdisc/Bureau/codef1tenth/src/install/timer/lib/python3.8/site-packages:/home/etdisc/depots/f1tenth/sim_ws/install/timer/lib/python3.8/site-packages:/home/etdisc/depots/f1tenth/sim_ws/install/strategy/lib/python3.8/site-packages:/home/etdisc/depots/f1tenth/sim_ws/install/localisation/lib/python3.8/site-packages:/home/etdisc/depots/f1tenth/sim_ws/install/f1tenth_gym_ros/lib/python3.8/site-packages:/home/etdisc/depots/f1tenth/sim_ws/install/custom_msgs/lib/python3.8/site-packages:/home/etdisc/depots/f1tenth/sim_ws/install/Waypoints/lib/python3.8/site-packages:/home/etdisc/depots/f1tenth/sim_ws/install/Simple_algo/lib/python3.8/site-packages:/home/etdisc/depots/f1tenth/sim_ws/install/Planif/lib/python3.8/site-packages:/home/etdisc/depots/f1tenth/sim_ws/install/Mapping/lib/python3.8/site-packages:/home/etdisc/depots/f1tenth/sim_ws/install/AEB/lib/python3.8/site-packages:/opt/ros/galactic/lib/python3.8/site-packages', 'HTTP_PROXY': 'http://proxy:3128', 'COLCON': '1', 'VTE_VERSION': '6003', 'CMAKE_PREFIX_PATH': '/home/etdisc/depots/f1tenth/sim_ws/install/custom_msgs'}, 'shell': False}
[5.355781] (-) TimerEvent: {}
[5.456509] (-) TimerEvent: {}
[5.557141] (-) TimerEvent: {}
[5.562113] (timer) StdoutLine: {'line': b'running egg_info\n'}
[5.562533] (timer) StdoutLine: {'line': b'writing ../build/timer/timer.egg-info/PKG-INFO\n'}
[5.562959] (timer) StdoutLine: {'line': b'writing dependency_links to ../build/timer/timer.egg-info/dependency_links.txt\n'}
[5.563520] (timer) StdoutLine: {'line': b'writing entry points to ../build/timer/timer.egg-info/entry_points.txt\n'}
[5.564282] (timer) StdoutLine: {'line': b'writing requirements to ../build/timer/timer.egg-info/requires.txt\n'}
[5.564471] (timer) StdoutLine: {'line': b'writing top-level names to ../build/timer/timer.egg-info/top_level.txt\n'}
[5.599810] (timer) StdoutLine: {'line': b"reading manifest file '../build/timer/timer.egg-info/SOURCES.txt'\n"}
[5.600340] (timer) StdoutLine: {'line': b"writing manifest file '../build/timer/timer.egg-info/SOURCES.txt'\n"}
[5.600867] (timer) StdoutLine: {'line': b'running build\n'}
[5.601015] (timer) StdoutLine: {'line': b'running build_py\n'}
[5.601335] (timer) StdoutLine: {'line': b'running install\n'}
[5.601990] (timer) StdoutLine: {'line': b'running install_lib\n'}
[5.603734] (timer) StdoutLine: {'line': b'running install_data\n'}
[5.603956] (timer) StdoutLine: {'line': b'running install_egg_info\n'}
[5.606067] (timer) StdoutLine: {'line': b"removing '/home/etdisc/Bureau/codef1tenth/src/install/timer/lib/python3.8/site-packages/timer-0.0.0-py3.8.egg-info' (and everything under it)\n"}
[5.606296] (timer) StdoutLine: {'line': b'Copying ../build/timer/timer.egg-info to /home/etdisc/Bureau/codef1tenth/src/install/timer/lib/python3.8/site-packages/timer-0.0.0-py3.8.egg-info\n'}
[5.607270] (timer) StdoutLine: {'line': b'running install_scripts\n'}
[5.630718] (timer) StdoutLine: {'line': b'Installing timer script to /home/etdisc/Bureau/codef1tenth/src/install/timer/lib/timer\n'}
[5.631342] (timer) StdoutLine: {'line': b"writing list of installed files to '/home/etdisc/Bureau/codef1tenth/src/build/timer/install.log'\n"}
[5.652776] (timer) CommandEnded: {'returncode': 0}
[5.657517] (-) TimerEvent: {}
[5.671182] (timer) JobEnded: {'identifier': 'timer', 'rc': 0}
[5.674086] (-) EventReactorShutdown: {}
