[0.000000] (-) TimerEvent: {}
[0.000876] (AEB) JobQueued: {'identifier': 'AEB', 'dependencies': OrderedDict()}
[0.000953] (Mapping) JobQueued: {'identifier': 'Mapping', 'dependencies': OrderedDict()}
[0.000975] (Planif) JobQueued: {'identifier': 'Planif', 'dependencies': OrderedDict()}
[0.000997] (Simple_algo) JobQueued: {'identifier': 'Simple_algo', 'dependencies': OrderedDict()}
[0.001011] (Waypoints) JobQueued: {'identifier': 'Waypoints', 'dependencies': OrderedDict()}
[0.001064] (custom_msgs) JobQueued: {'identifier': 'custom_msgs', 'dependencies': OrderedDict()}
[0.001118] (f1tenth_gym_ros) JobQueued: {'identifier': 'f1tenth_gym_ros', 'dependencies': OrderedDict()}
[0.001138] (localisation) JobQueued: {'identifier': 'localisation', 'dependencies': OrderedDict()}
[0.001152] (strategy) JobQueued: {'identifier': 'strategy', 'dependencies': OrderedDict()}
[0.001165] (timer) JobQueued: {'identifier': 'timer', 'dependencies': OrderedDict()}
[0.001759] (AEB) JobStarted: {'identifier': 'AEB'}
[0.021531] (Mapping) JobStarted: {'identifier': 'Mapping'}
[0.035131] (Planif) JobStarted: {'identifier': 'Planif'}
[0.065581] (Simple_algo) JobStarted: {'identifier': 'Simple_algo'}
[0.084120] (Waypoints) JobStarted: {'identifier': 'Waypoints'}
[0.098292] (-) TimerEvent: {}
[0.106449] (custom_msgs) JobStarted: {'identifier': 'custom_msgs'}
[0.117891] (f1tenth_gym_ros) JobStarted: {'identifier': 'f1tenth_gym_ros'}
[0.135768] (localisation) JobStarted: {'identifier': 'localisation'}
[0.198827] (-) TimerEvent: {}
[0.299745] (-) TimerEvent: {}
[0.400297] (-) TimerEvent: {}
[0.501048] (-) TimerEvent: {}
[0.601768] (-) TimerEvent: {}
[0.703149] (-) TimerEvent: {}
[0.803857] (-) TimerEvent: {}
[0.904558] (-) TimerEvent: {}
[1.005422] (-) TimerEvent: {}
[1.106651] (-) TimerEvent: {}
[1.208863] (-) TimerEvent: {}
[1.310103] (-) TimerEvent: {}
[1.410972] (-) TimerEvent: {}
[1.511706] (-) TimerEvent: {}
[1.612428] (-) TimerEvent: {}
[1.712977] (-) TimerEvent: {}
[1.735583] (custom_msgs) JobProgress: {'identifier': 'custom_msgs', 'progress': 'cmake'}
[1.738320] (custom_msgs) JobProgress: {'identifier': 'custom_msgs', 'progress': 'build'}
[1.738443] (custom_msgs) Command: {'cmd': ['/usr/bin/cmake', '--build', '/home/etdisc/Bureau/codef1tenth/build/custom_msgs', '--', '-j8', '-l8'], 'cwd': '/home/etdisc/Bureau/codef1tenth/build/custom_msgs', 'env': OrderedDict([('LESSOPEN', '| /usr/bin/lesspipe %s'), ('HTTPS_PROXY', 'http://proxy:3128'), ('USER', 'etdisc'), ('SSH_AGENT_PID', '1666'), ('XDG_SESSION_TYPE', 'x11'), ('SHLVL', '1'), ('LD_LIBRARY_PATH', '/home/etdisc/depots/f1tenth/sim_ws/install/custom_msgs/lib:/usr/lib/x86_64-linux-gnu/gazebo-11/plugins:/opt/ros/galactic/opt/yaml_cpp_vendor/lib:/opt/ros/galactic/opt/rviz_ogre_vendor/lib:/opt/ros/galactic/lib/x86_64-linux-gnu:/opt/ros/galactic/lib'), ('HOME', '/home/etdisc'), ('DESKTOP_SESSION', 'ubuntu'), ('ROS_PYTHON_VERSION', '3'), ('GNOME_SHELL_SESSION_MODE', 'ubuntu'), ('GTK_MODULES', 'gail:atk-bridge'), ('MANAGERPID', '1571'), ('DBUS_STARTER_BUS_TYPE', 'session'), ('DBUS_SESSION_BUS_ADDRESS', 'unix:path=/run/user/1000/bus,guid=712999510530655913b37c6169709380'), ('COLORTERM', 'truecolor'), ('IM_CONFIG_PHASE', '1'), ('https_proxy', 'http://proxy:3128'), ('COLCON_PREFIX_PATH', '/home/etdisc/depots/f1tenth/sim_ws/install'), ('ROS_DISTRO', 'galactic'), ('LOGNAME', 'etdisc'), ('http_proxy', 'http://proxy:3128'), ('JOURNAL_STREAM', '8:65626'), ('_', '/usr/bin/colcon'), ('ROS_VERSION', '2'), ('XDG_SESSION_CLASS', 'user'), ('USERNAME', 'etdisc'), ('TERM', 'xterm-256color'), ('GNOME_DESKTOP_SESSION_ID', 'this-is-deprecated'), ('ROS_LOCALHOST_ONLY', '1'), ('WINDOWPATH', '2'), ('PATH', '/opt/ros/galactic/bin:/snap/bin:/home/etdisc/.local/bin:/usr/local/sbin:/usr/local/bin:/usr/sbin:/usr/bin:/sbin:/bin:/usr/games:/usr/local/games:/snap/bin'), ('SESSION_MANAGER', 'local/etdisc-virtual-machine:@/tmp/.ICE-unix/1701,unix/etdisc-virtual-machine:/tmp/.ICE-unix/1701'), ('INVOCATION_ID', '81bd2218a54643fdb444052878adae1a'), ('XDG_MENU_PREFIX', 'gnome-'), ('GNOME_TERMINAL_SCREEN', '/org/gnome/Terminal/screen/f65c3d91_b098_4021_930d_b5c8320fde15'), ('XDG_RUNTIME_DIR', '/run/user/1000'), ('DISPLAY', ':0'), ('LANG', 'fr_FR.UTF-8'), ('XDG_CURRENT_DESKTOP', 'ubuntu:GNOME'), ('XMODIFIERS', '@im=ibus'), ('XDG_SESSION_DESKTOP', 'ubuntu'), ('XAUTHORITY', '/run/user/1000/gdm/Xauthority'), ('LS_COLORS', 'rs=0:di=01;34:ln=01;36:mh=00:pi=40;33:so=01;35:do=01;35:bd=40;33;01:cd=40;33;01:or=40;31;01:mi=00:su=37;41:sg=30;43:ca=30;41:tw=30;42:ow=34;42:st=37;44:ex=01;32:*.tar=01;31:*.tgz=01;31:*.arc=01;31:*.arj=01;31:*.taz=01;31:*.lha=01;31:*.lz4=01;31:*.lzh=01;31:*.lzma=01;31:*.tlz=01;31:*.txz=01;31:*.tzo=01;31:*.t7z=01;31:*.zip=01;31:*.z=01;31:*.dz=01;31:*.gz=01;31:*.lrz=01;31:*.lz=01;31:*.lzo=01;31:*.xz=01;31:*.zst=01;31:*.tzst=01;31:*.bz2=01;31:*.bz=01;31:*.tbz=01;31:*.tbz2=01;31:*.tz=01;31:*.deb=01;31:*.rpm=01;31:*.jar=01;31:*.war=01;31:*.ear=01;31:*.sar=01;31:*.rar=01;31:*.alz=01;31:*.ace=01;31:*.zoo=01;31:*.cpio=01;31:*.7z=01;31:*.rz=01;31:*.cab=01;31:*.wim=01;31:*.swm=01;31:*.dwm=01;31:*.esd=01;31:*.jpg=01;35:*.jpeg=01;35:*.mjpg=01;35:*.mjpeg=01;35:*.gif=01;35:*.bmp=01;35:*.pbm=01;35:*.pgm=01;35:*.ppm=01;35:*.tga=01;35:*.xbm=01;35:*.xpm=01;35:*.tif=01;35:*.tiff=01;35:*.png=01;35:*.svg=01;35:*.svgz=01;35:*.mng=01;35:*.pcx=01;35:*.mov=01;35:*.mpg=01;35:*.mpeg=01;35:*.m2v=01;35:*.mkv=01;35:*.webm=01;35:*.ogm=01;35:*.mp4=01;35:*.m4v=01;35:*.mp4v=01;35:*.vob=01;35:*.qt=01;35:*.nuv=01;35:*.wmv=01;35:*.asf=01;35:*.rm=01;35:*.rmvb=01;35:*.flc=01;35:*.avi=01;35:*.fli=01;35:*.flv=01;35:*.gl=01;35:*.dl=01;35:*.xcf=01;35:*.xwd=01;35:*.yuv=01;35:*.cgm=01;35:*.emf=01;35:*.ogv=01;35:*.ogx=01;35:*.aac=00;36:*.au=00;36:*.flac=00;36:*.m4a=00;36:*.mid=00;36:*.midi=00;36:*.mka=00;36:*.mp3=00;36:*.mpc=00;36:*.ogg=00;36:*.ra=00;36:*.wav=00;36:*.oga=00;36:*.opus=00;36:*.spx=00;36:*.xspf=00;36:'), ('GNOME_TERMINAL_SERVICE', ':1.228'), ('SSH_AUTH_SOCK', '/run/user/1000/keyring/ssh'), ('AMENT_PREFIX_PATH', '/home/etdisc/depots/f1tenth/sim_ws/install/timer:/home/etdisc/depots/f1tenth/sim_ws/install/strategy:/home/etdisc/depots/f1tenth/sim_ws/install/localisation:/home/etdisc/depots/f1tenth/sim_ws/install/f1tenth_gym_ros:/home/etdisc/depots/f1tenth/sim_ws/install/custom_msgs:/home/etdisc/depots/f1tenth/sim_ws/install/Waypoints:/home/etdisc/depots/f1tenth/sim_ws/install/Simple_algo:/home/etdisc/depots/f1tenth/sim_ws/install/Planif:/home/etdisc/depots/f1tenth/sim_ws/install/Mapping:/home/etdisc/depots/f1tenth/sim_ws/install/AEB:/opt/ros/galactic'), ('SHELL', '/bin/bash'), ('QT_ACCESSIBILITY', '1'), ('GDMSESSION', 'ubuntu'), ('LESSCLOSE', '/usr/bin/lesspipe %s %s'), ('GPG_AGENT_INFO', '/run/user/1000/gnupg/S.gpg-agent:0:1'), ('QT_IM_MODULE', 'ibus'), ('PWD', '/home/etdisc/Bureau/codef1tenth/build/custom_msgs'), ('LC_ALL', 'fr_FR.UTF-8'), ('XDG_CONFIG_DIRS', '/etc/xdg/xdg-ubuntu:/etc/xdg'), ('DBUS_STARTER_ADDRESS', 'unix:path=/run/user/1000/bus,guid=712999510530655913b37c6169709380'), ('XDG_DATA_DIRS', '/usr/share/ubuntu:/usr/local/share/:/usr/share/:/var/lib/snapd/desktop'), ('PYTHONPATH', '/home/etdisc/depots/f1tenth/sim_ws/install/timer/lib/python3.8/site-packages:/home/etdisc/depots/f1tenth/sim_ws/install/strategy/lib/python3.8/site-packages:/home/etdisc/depots/f1tenth/sim_ws/install/localisation/lib/python3.8/site-packages:/home/etdisc/depots/f1tenth/sim_ws/install/f1tenth_gym_ros/lib/python3.8/site-packages:/home/etdisc/depots/f1tenth/sim_ws/install/custom_msgs/lib/python3.8/site-packages:/home/etdisc/depots/f1tenth/sim_ws/install/Waypoints/lib/python3.8/site-packages:/home/etdisc/depots/f1tenth/sim_ws/install/Simple_algo/lib/python3.8/site-packages:/home/etdisc/depots/f1tenth/sim_ws/install/Planif/lib/python3.8/site-packages:/home/etdisc/depots/f1tenth/sim_ws/install/Mapping/lib/python3.8/site-packages:/home/etdisc/depots/f1tenth/sim_ws/install/AEB/lib/python3.8/site-packages:/opt/ros/galactic/lib/python3.8/site-packages'), ('HTTP_PROXY', 'http://proxy:3128'), ('COLCON', '1'), ('VTE_VERSION', '6003'), ('CMAKE_PREFIX_PATH', '/home/etdisc/depots/f1tenth/sim_ws/install/custom_msgs:/home/etdisc/depots/f1tenth/sim_ws/install/timer:/home/etdisc/depots/f1tenth/sim_ws/install/strategy:/home/etdisc/depots/f1tenth/sim_ws/install/localisation:/home/etdisc/depots/f1tenth/sim_ws/install/f1tenth_gym_ros:/home/etdisc/depots/f1tenth/sim_ws/install/Waypoints:/home/etdisc/depots/f1tenth/sim_ws/install/Simple_algo:/home/etdisc/depots/f1tenth/sim_ws/install/Planif:/home/etdisc/depots/f1tenth/sim_ws/install/Mapping:/home/etdisc/depots/f1tenth/sim_ws/install/AEB:/opt/ros/galactic')]), 'shell': False}
[1.813302] (-) TimerEvent: {}
[1.914143] (-) TimerEvent: {}
[2.014858] (-) TimerEvent: {}
[2.115401] (-) TimerEvent: {}
[2.136835] (custom_msgs) StdoutLine: {'line': b'[ 10%] Built target custom_msgs__rosidl_generator_c\n'}
[2.141847] (custom_msgs) StdoutLine: {'line': b'[ 12%] Built target custom_msgs__cpp\n'}
[2.142704] (custom_msgs) StdoutLine: {'line': b'[ 41%] Built target custom_msgs__rosidl_typesupport_c\n'}
[2.143072] (custom_msgs) StdoutLine: {'line': b'[ 43%] Built target custom_msgs__rosidl_typesupport_introspection_cpp\n'}
[2.143242] (custom_msgs) StdoutLine: {'line': b'[ 43%] Built target custom_msgs__rosidl_typesupport_introspection_c\n'}
[2.143491] (custom_msgs) StdoutLine: {'line': b'[ 53%] Built target custom_msgs__rosidl_typesupport_cpp\n'}
[2.145323] (custom_msgs) StdoutLine: {'line': b'[ 64%] Built target custom_msgs__rosidl_typesupport_fastrtps_cpp\n'}
[2.145452] (custom_msgs) StdoutLine: {'line': b'[ 74%] Built target custom_msgs__rosidl_typesupport_fastrtps_c\n'}
[2.145560] (custom_msgs) StdoutLine: {'line': b'[ 74%] Built target custom_msgs\n'}
[2.145700] (custom_msgs) StdoutLine: {'line': b'[ 76%] Built target custom_msgs__py\n'}
[2.145829] (custom_msgs) StdoutLine: {'line': b'[ 84%] Built target custom_msgs__python\n'}
[2.158024] (custom_msgs) StdoutLine: {'line': b'[ 94%] Built target custom_msgs__rosidl_typesupport_introspection_c__pyext\n'}
[2.158277] (custom_msgs) StdoutLine: {'line': b'[ 94%] Built target custom_msgs__rosidl_typesupport_fastrtps_c__pyext\n'}
[2.159117] (custom_msgs) StdoutLine: {'line': b'[100%] Built target custom_msgs__rosidl_typesupport_c__pyext\n'}
[2.215966] (-) TimerEvent: {}
[2.316781] (-) TimerEvent: {}
[2.417566] (-) TimerEvent: {}
[2.509842] (custom_msgs) CommandEnded: {'returncode': 0}
[2.511993] (custom_msgs) JobProgress: {'identifier': 'custom_msgs', 'progress': 'install'}
[2.518135] (-) TimerEvent: {}
[2.541395] (custom_msgs) Command: {'cmd': ['/usr/bin/cmake', '--install', '/home/etdisc/Bureau/codef1tenth/build/custom_msgs'], 'cwd': '/home/etdisc/Bureau/codef1tenth/build/custom_msgs', 'env': OrderedDict([('LESSOPEN', '| /usr/bin/lesspipe %s'), ('HTTPS_PROXY', 'http://proxy:3128'), ('USER', 'etdisc'), ('SSH_AGENT_PID', '1666'), ('XDG_SESSION_TYPE', 'x11'), ('SHLVL', '1'), ('LD_LIBRARY_PATH', '/home/etdisc/depots/f1tenth/sim_ws/install/custom_msgs/lib:/usr/lib/x86_64-linux-gnu/gazebo-11/plugins:/opt/ros/galactic/opt/yaml_cpp_vendor/lib:/opt/ros/galactic/opt/rviz_ogre_vendor/lib:/opt/ros/galactic/lib/x86_64-linux-gnu:/opt/ros/galactic/lib'), ('HOME', '/home/etdisc'), ('DESKTOP_SESSION', 'ubuntu'), ('ROS_PYTHON_VERSION', '3'), ('GNOME_SHELL_SESSION_MODE', 'ubuntu'), ('GTK_MODULES', 'gail:atk-bridge'), ('MANAGERPID', '1571'), ('DBUS_STARTER_BUS_TYPE', 'session'), ('DBUS_SESSION_BUS_ADDRESS', 'unix:path=/run/user/1000/bus,guid=712999510530655913b37c6169709380'), ('COLORTERM', 'truecolor'), ('IM_CONFIG_PHASE', '1'), ('https_proxy', 'http://proxy:3128'), ('COLCON_PREFIX_PATH', '/home/etdisc/depots/f1tenth/sim_ws/install'), ('ROS_DISTRO', 'galactic'), ('LOGNAME', 'etdisc'), ('http_proxy', 'http://proxy:3128'), ('JOURNAL_STREAM', '8:65626'), ('_', '/usr/bin/colcon'), ('ROS_VERSION', '2'), ('XDG_SESSION_CLASS', 'user'), ('USERNAME', 'etdisc'), ('TERM', 'xterm-256color'), ('GNOME_DESKTOP_SESSION_ID', 'this-is-deprecated'), ('ROS_LOCALHOST_ONLY', '1'), ('WINDOWPATH', '2'), ('PATH', '/opt/ros/galactic/bin:/snap/bin:/home/etdisc/.local/bin:/usr/local/sbin:/usr/local/bin:/usr/sbin:/usr/bin:/sbin:/bin:/usr/games:/usr/local/games:/snap/bin'), ('SESSION_MANAGER', 'local/etdisc-virtual-machine:@/tmp/.ICE-unix/1701,unix/etdisc-virtual-machine:/tmp/.ICE-unix/1701'), ('INVOCATION_ID', '81bd2218a54643fdb444052878adae1a'), ('XDG_MENU_PREFIX', 'gnome-'), ('GNOME_TERMINAL_SCREEN', '/org/gnome/Terminal/screen/f65c3d91_b098_4021_930d_b5c8320fde15'), ('XDG_RUNTIME_DIR', '/run/user/1000'), ('DISPLAY', ':0'), ('LANG', 'fr_FR.UTF-8'), ('XDG_CURRENT_DESKTOP', 'ubuntu:GNOME'), ('XMODIFIERS', '@im=ibus'), ('XDG_SESSION_DESKTOP', 'ubuntu'), ('XAUTHORITY', '/run/user/1000/gdm/Xauthority'), ('LS_COLORS', 'rs=0:di=01;34:ln=01;36:mh=00:pi=40;33:so=01;35:do=01;35:bd=40;33;01:cd=40;33;01:or=40;31;01:mi=00:su=37;41:sg=30;43:ca=30;41:tw=30;42:ow=34;42:st=37;44:ex=01;32:*.tar=01;31:*.tgz=01;31:*.arc=01;31:*.arj=01;31:*.taz=01;31:*.lha=01;31:*.lz4=01;31:*.lzh=01;31:*.lzma=01;31:*.tlz=01;31:*.txz=01;31:*.tzo=01;31:*.t7z=01;31:*.zip=01;31:*.z=01;31:*.dz=01;31:*.gz=01;31:*.lrz=01;31:*.lz=01;31:*.lzo=01;31:*.xz=01;31:*.zst=01;31:*.tzst=01;31:*.bz2=01;31:*.bz=01;31:*.tbz=01;31:*.tbz2=01;31:*.tz=01;31:*.deb=01;31:*.rpm=01;31:*.jar=01;31:*.war=01;31:*.ear=01;31:*.sar=01;31:*.rar=01;31:*.alz=01;31:*.ace=01;31:*.zoo=01;31:*.cpio=01;31:*.7z=01;31:*.rz=01;31:*.cab=01;31:*.wim=01;31:*.swm=01;31:*.dwm=01;31:*.esd=01;31:*.jpg=01;35:*.jpeg=01;35:*.mjpg=01;35:*.mjpeg=01;35:*.gif=01;35:*.bmp=01;35:*.pbm=01;35:*.pgm=01;35:*.ppm=01;35:*.tga=01;35:*.xbm=01;35:*.xpm=01;35:*.tif=01;35:*.tiff=01;35:*.png=01;35:*.svg=01;35:*.svgz=01;35:*.mng=01;35:*.pcx=01;35:*.mov=01;35:*.mpg=01;35:*.mpeg=01;35:*.m2v=01;35:*.mkv=01;35:*.webm=01;35:*.ogm=01;35:*.mp4=01;35:*.m4v=01;35:*.mp4v=01;35:*.vob=01;35:*.qt=01;35:*.nuv=01;35:*.wmv=01;35:*.asf=01;35:*.rm=01;35:*.rmvb=01;35:*.flc=01;35:*.avi=01;35:*.fli=01;35:*.flv=01;35:*.gl=01;35:*.dl=01;35:*.xcf=01;35:*.xwd=01;35:*.yuv=01;35:*.cgm=01;35:*.emf=01;35:*.ogv=01;35:*.ogx=01;35:*.aac=00;36:*.au=00;36:*.flac=00;36:*.m4a=00;36:*.mid=00;36:*.midi=00;36:*.mka=00;36:*.mp3=00;36:*.mpc=00;36:*.ogg=00;36:*.ra=00;36:*.wav=00;36:*.oga=00;36:*.opus=00;36:*.spx=00;36:*.xspf=00;36:'), ('GNOME_TERMINAL_SERVICE', ':1.228'), ('SSH_AUTH_SOCK', '/run/user/1000/keyring/ssh'), ('AMENT_PREFIX_PATH', '/home/etdisc/depots/f1tenth/sim_ws/install/timer:/home/etdisc/depots/f1tenth/sim_ws/install/strategy:/home/etdisc/depots/f1tenth/sim_ws/install/localisation:/home/etdisc/depots/f1tenth/sim_ws/install/f1tenth_gym_ros:/home/etdisc/depots/f1tenth/sim_ws/install/custom_msgs:/home/etdisc/depots/f1tenth/sim_ws/install/Waypoints:/home/etdisc/depots/f1tenth/sim_ws/install/Simple_algo:/home/etdisc/depots/f1tenth/sim_ws/install/Planif:/home/etdisc/depots/f1tenth/sim_ws/install/Mapping:/home/etdisc/depots/f1tenth/sim_ws/install/AEB:/opt/ros/galactic'), ('SHELL', '/bin/bash'), ('QT_ACCESSIBILITY', '1'), ('GDMSESSION', 'ubuntu'), ('LESSCLOSE', '/usr/bin/lesspipe %s %s'), ('GPG_AGENT_INFO', '/run/user/1000/gnupg/S.gpg-agent:0:1'), ('QT_IM_MODULE', 'ibus'), ('PWD', '/home/etdisc/Bureau/codef1tenth/build/custom_msgs'), ('LC_ALL', 'fr_FR.UTF-8'), ('XDG_CONFIG_DIRS', '/etc/xdg/xdg-ubuntu:/etc/xdg'), ('DBUS_STARTER_ADDRESS', 'unix:path=/run/user/1000/bus,guid=712999510530655913b37c6169709380'), ('XDG_DATA_DIRS', '/usr/share/ubuntu:/usr/local/share/:/usr/share/:/var/lib/snapd/desktop'), ('PYTHONPATH', '/home/etdisc/depots/f1tenth/sim_ws/install/timer/lib/python3.8/site-packages:/home/etdisc/depots/f1tenth/sim_ws/install/strategy/lib/python3.8/site-packages:/home/etdisc/depots/f1tenth/sim_ws/install/localisation/lib/python3.8/site-packages:/home/etdisc/depots/f1tenth/sim_ws/install/f1tenth_gym_ros/lib/python3.8/site-packages:/home/etdisc/depots/f1tenth/sim_ws/install/custom_msgs/lib/python3.8/site-packages:/home/etdisc/depots/f1tenth/sim_ws/install/Waypoints/lib/python3.8/site-packages:/home/etdisc/depots/f1tenth/sim_ws/install/Simple_algo/lib/python3.8/site-packages:/home/etdisc/depots/f1tenth/sim_ws/install/Planif/lib/python3.8/site-packages:/home/etdisc/depots/f1tenth/sim_ws/install/Mapping/lib/python3.8/site-packages:/home/etdisc/depots/f1tenth/sim_ws/install/AEB/lib/python3.8/site-packages:/opt/ros/galactic/lib/python3.8/site-packages'), ('HTTP_PROXY', 'http://proxy:3128'), ('COLCON', '1'), ('VTE_VERSION', '6003'), ('CMAKE_PREFIX_PATH', '/home/etdisc/depots/f1tenth/sim_ws/install/custom_msgs:/home/etdisc/depots/f1tenth/sim_ws/install/timer:/home/etdisc/depots/f1tenth/sim_ws/install/strategy:/home/etdisc/depots/f1tenth/sim_ws/install/localisation:/home/etdisc/depots/f1tenth/sim_ws/install/f1tenth_gym_ros:/home/etdisc/depots/f1tenth/sim_ws/install/Waypoints:/home/etdisc/depots/f1tenth/sim_ws/install/Simple_algo:/home/etdisc/depots/f1tenth/sim_ws/install/Planif:/home/etdisc/depots/f1tenth/sim_ws/install/Mapping:/home/etdisc/depots/f1tenth/sim_ws/install/AEB:/opt/ros/galactic')]), 'shell': False}
[2.579302] (custom_msgs) StdoutLine: {'line': b'-- Install configuration: ""\n'}
[2.580571] (custom_msgs) StdoutLine: {'line': b'-- Up-to-date: /home/etdisc/Bureau/codef1tenth/install/custom_msgs/share/ament_index/resource_index/rosidl_interfaces/custom_msgs\n'}
[2.580794] (custom_msgs) StdoutLine: {'line': b'-- Up-to-date: /home/etdisc/Bureau/codef1tenth/install/custom_msgs/include/custom_msgs\n'}
[2.580933] (custom_msgs) StdoutLine: {'line': b'-- Up-to-date: /home/etdisc/Bureau/codef1tenth/install/custom_msgs/include/custom_msgs/msg\n'}
[2.581057] (custom_msgs) StdoutLine: {'line': b'-- Up-to-date: /home/etdisc/Bureau/codef1tenth/install/custom_msgs/include/custom_msgs/msg/track_description.h\n'}
[2.581181] (custom_msgs) StdoutLine: {'line': b'-- Up-to-date: /home/etdisc/Bureau/codef1tenth/install/custom_msgs/include/custom_msgs/msg/detail\n'}
[2.581296] (custom_msgs) StdoutLine: {'line': b'-- Up-to-date: /home/etdisc/Bureau/codef1tenth/install/custom_msgs/include/custom_msgs/msg/detail/track_description__functions.h\n'}
[2.581415] (custom_msgs) StdoutLine: {'line': b'-- Up-to-date: /home/etdisc/Bureau/codef1tenth/install/custom_msgs/include/custom_msgs/msg/detail/lap_progress__functions.h\n'}
[2.581535] (custom_msgs) StdoutLine: {'line': b'-- Up-to-date: /home/etdisc/Bureau/codef1tenth/install/custom_msgs/include/custom_msgs/msg/detail/lap_progress__functions.c\n'}
[2.581659] (custom_msgs) StdoutLine: {'line': b'-- Up-to-date: /home/etdisc/Bureau/codef1tenth/install/custom_msgs/include/custom_msgs/msg/detail/track_description__type_support.h\n'}
[2.581791] (custom_msgs) StdoutLine: {'line': b'-- Up-to-date: /home/etdisc/Bureau/codef1tenth/install/custom_msgs/include/custom_msgs/msg/detail/lap_progress__type_support.h\n'}
[2.581903] (custom_msgs) StdoutLine: {'line': b'-- Up-to-date: /home/etdisc/Bureau/codef1tenth/install/custom_msgs/include/custom_msgs/msg/detail/track_description__struct.h\n'}
[2.582012] (custom_msgs) StdoutLine: {'line': b'-- Up-to-date: /home/etdisc/Bureau/codef1tenth/install/custom_msgs/include/custom_msgs/msg/detail/track_description__functions.c\n'}
[2.582124] (custom_msgs) StdoutLine: {'line': b'-- Up-to-date: /home/etdisc/Bureau/codef1tenth/install/custom_msgs/include/custom_msgs/msg/detail/lap_progress__struct.h\n'}
[2.582235] (custom_msgs) StdoutLine: {'line': b'-- Up-to-date: /home/etdisc/Bureau/codef1tenth/install/custom_msgs/include/custom_msgs/msg/lap_progress.h\n'}
[2.582408] (custom_msgs) StdoutLine: {'line': b'-- Up-to-date: /home/etdisc/Bureau/codef1tenth/install/custom_msgs/include/custom_msgs/msg/rosidl_generator_c__visibility_control.h\n'}
[2.582525] (custom_msgs) StdoutLine: {'line': b'-- Up-to-date: /home/etdisc/Bureau/codef1tenth/install/custom_msgs/share/custom_msgs/environment/library_path.sh\n'}
[2.582653] (custom_msgs) StdoutLine: {'line': b'-- Up-to-date: /home/etdisc/Bureau/codef1tenth/install/custom_msgs/share/custom_msgs/environment/library_path.dsv\n'}
[2.582762] (custom_msgs) StdoutLine: {'line': b'-- Up-to-date: /home/etdisc/Bureau/codef1tenth/install/custom_msgs/lib/libcustom_msgs__rosidl_generator_c.so\n'}
[2.582877] (custom_msgs) StdoutLine: {'line': b'-- Up-to-date: /home/etdisc/Bureau/codef1tenth/install/custom_msgs/include/custom_msgs\n'}
[2.582990] (custom_msgs) StdoutLine: {'line': b'-- Up-to-date: /home/etdisc/Bureau/codef1tenth/install/custom_msgs/include/custom_msgs/msg\n'}
[2.583119] (custom_msgs) StdoutLine: {'line': b'-- Up-to-date: /home/etdisc/Bureau/codef1tenth/install/custom_msgs/include/custom_msgs/msg/rosidl_typesupport_fastrtps_c__visibility_control.h\n'}
[2.583263] (custom_msgs) StdoutLine: {'line': b'-- Up-to-date: /home/etdisc/Bureau/codef1tenth/install/custom_msgs/include/custom_msgs/msg/detail\n'}
[2.583378] (custom_msgs) StdoutLine: {'line': b'-- Up-to-date: /home/etdisc/Bureau/codef1tenth/install/custom_msgs/include/custom_msgs/msg/detail/track_description__rosidl_typesupport_fastrtps_c.h\n'}
[2.583483] (custom_msgs) StdoutLine: {'line': b'-- Up-to-date: /home/etdisc/Bureau/codef1tenth/install/custom_msgs/include/custom_msgs/msg/detail/lap_progress__rosidl_typesupport_fastrtps_c.h\n'}
[2.583711] (custom_msgs) StdoutLine: {'line': b'-- Up-to-date: /home/etdisc/Bureau/codef1tenth/install/custom_msgs/lib/libcustom_msgs__rosidl_typesupport_fastrtps_c.so\n'}
[2.583890] (custom_msgs) StdoutLine: {'line': b'-- Up-to-date: /home/etdisc/Bureau/codef1tenth/install/custom_msgs/include/custom_msgs\n'}
[2.584015] (custom_msgs) StdoutLine: {'line': b'-- Up-to-date: /home/etdisc/Bureau/codef1tenth/install/custom_msgs/include/custom_msgs/msg\n'}
[2.584154] (custom_msgs) StdoutLine: {'line': b'-- Up-to-date: /home/etdisc/Bureau/codef1tenth/install/custom_msgs/include/custom_msgs/msg/detail\n'}
[2.584308] (custom_msgs) StdoutLine: {'line': b'-- Up-to-date: /home/etdisc/Bureau/codef1tenth/install/custom_msgs/include/custom_msgs/msg/detail/lap_progress__rosidl_typesupport_fastrtps_cpp.hpp\n'}
[2.584494] (custom_msgs) StdoutLine: {'line': b'-- Up-to-date: /home/etdisc/Bureau/codef1tenth/install/custom_msgs/include/custom_msgs/msg/detail/track_description__rosidl_typesupport_fastrtps_cpp.hpp\n'}
[2.584631] (custom_msgs) StdoutLine: {'line': b'-- Up-to-date: /home/etdisc/Bureau/codef1tenth/install/custom_msgs/include/custom_msgs/msg/detail/dds_fastrtps\n'}
[2.584745] (custom_msgs) StdoutLine: {'line': b'-- Up-to-date: /home/etdisc/Bureau/codef1tenth/install/custom_msgs/include/custom_msgs/msg/rosidl_typesupport_fastrtps_cpp__visibility_control.h\n'}
[2.584971] (custom_msgs) StdoutLine: {'line': b'-- Up-to-date: /home/etdisc/Bureau/codef1tenth/install/custom_msgs/lib/libcustom_msgs__rosidl_typesupport_fastrtps_cpp.so\n'}
[2.585525] (custom_msgs) StdoutLine: {'line': b'-- Up-to-date: /home/etdisc/Bureau/codef1tenth/install/custom_msgs/include/custom_msgs\n'}
[2.585688] (custom_msgs) StdoutLine: {'line': b'-- Up-to-date: /home/etdisc/Bureau/codef1tenth/install/custom_msgs/include/custom_msgs/msg\n'}
[2.585799] (custom_msgs) StdoutLine: {'line': b'-- Up-to-date: /home/etdisc/Bureau/codef1tenth/install/custom_msgs/include/custom_msgs/msg/detail\n'}
[2.585907] (custom_msgs) StdoutLine: {'line': b'-- Up-to-date: /home/etdisc/Bureau/codef1tenth/install/custom_msgs/include/custom_msgs/msg/detail/lap_progress__type_support.c\n'}
[2.586009] (custom_msgs) StdoutLine: {'line': b'-- Up-to-date: /home/etdisc/Bureau/codef1tenth/install/custom_msgs/include/custom_msgs/msg/detail/lap_progress__rosidl_typesupport_introspection_c.h\n'}
[2.586217] (custom_msgs) StdoutLine: {'line': b'-- Up-to-date: /home/etdisc/Bureau/codef1tenth/install/custom_msgs/include/custom_msgs/msg/detail/track_description__type_support.c\n'}
[2.586348] (custom_msgs) StdoutLine: {'line': b'-- Up-to-date: /home/etdisc/Bureau/codef1tenth/install/custom_msgs/include/custom_msgs/msg/detail/track_description__rosidl_typesupport_introspection_c.h\n'}
[2.586472] (custom_msgs) StdoutLine: {'line': b'-- Up-to-date: /home/etdisc/Bureau/codef1tenth/install/custom_msgs/include/custom_msgs/msg/rosidl_typesupport_introspection_c__visibility_control.h\n'}
[2.586596] (custom_msgs) StdoutLine: {'line': b'-- Up-to-date: /home/etdisc/Bureau/codef1tenth/install/custom_msgs/lib/libcustom_msgs__rosidl_typesupport_introspection_c.so\n'}
[2.586712] (custom_msgs) StdoutLine: {'line': b'-- Up-to-date: /home/etdisc/Bureau/codef1tenth/install/custom_msgs/lib/libcustom_msgs__rosidl_typesupport_c.so\n'}
[2.586822] (custom_msgs) StdoutLine: {'line': b'-- Up-to-date: /home/etdisc/Bureau/codef1tenth/install/custom_msgs/include/custom_msgs\n'}
[2.586932] (custom_msgs) StdoutLine: {'line': b'-- Up-to-date: /home/etdisc/Bureau/codef1tenth/install/custom_msgs/include/custom_msgs/msg\n'}
[2.587115] (custom_msgs) StdoutLine: {'line': b'-- Up-to-date: /home/etdisc/Bureau/codef1tenth/install/custom_msgs/include/custom_msgs/msg/track_description.hpp\n'}
[2.587228] (custom_msgs) StdoutLine: {'line': b'-- Up-to-date: /home/etdisc/Bureau/codef1tenth/install/custom_msgs/include/custom_msgs/msg/detail\n'}
[2.587372] (custom_msgs) StdoutLine: {'line': b'-- Up-to-date: /home/etdisc/Bureau/codef1tenth/install/custom_msgs/include/custom_msgs/msg/detail/lap_progress__traits.hpp\n'}
[2.587486] (custom_msgs) StdoutLine: {'line': b'-- Up-to-date: /home/etdisc/Bureau/codef1tenth/install/custom_msgs/include/custom_msgs/msg/detail/lap_progress__struct.hpp\n'}
[2.587585] (custom_msgs) StdoutLine: {'line': b'-- Up-to-date: /home/etdisc/Bureau/codef1tenth/install/custom_msgs/include/custom_msgs/msg/detail/track_description__builder.hpp\n'}
[2.587727] (custom_msgs) StdoutLine: {'line': b'-- Up-to-date: /home/etdisc/Bureau/codef1tenth/install/custom_msgs/include/custom_msgs/msg/detail/lap_progress__builder.hpp\n'}
[2.587838] (custom_msgs) StdoutLine: {'line': b'-- Up-to-date: /home/etdisc/Bureau/codef1tenth/install/custom_msgs/include/custom_msgs/msg/detail/track_description__struct.hpp\n'}
[2.587949] (custom_msgs) StdoutLine: {'line': b'-- Up-to-date: /home/etdisc/Bureau/codef1tenth/install/custom_msgs/include/custom_msgs/msg/detail/track_description__traits.hpp\n'}
[2.588061] (custom_msgs) StdoutLine: {'line': b'-- Up-to-date: /home/etdisc/Bureau/codef1tenth/install/custom_msgs/include/custom_msgs/msg/lap_progress.hpp\n'}
[2.588161] (custom_msgs) StdoutLine: {'line': b'-- Up-to-date: /home/etdisc/Bureau/codef1tenth/install/custom_msgs/include/custom_msgs\n'}
[2.588274] (custom_msgs) StdoutLine: {'line': b'-- Up-to-date: /home/etdisc/Bureau/codef1tenth/install/custom_msgs/include/custom_msgs/msg\n'}
[2.588385] (custom_msgs) StdoutLine: {'line': b'-- Up-to-date: /home/etdisc/Bureau/codef1tenth/install/custom_msgs/include/custom_msgs/msg/detail\n'}
[2.588497] (custom_msgs) StdoutLine: {'line': b'-- Up-to-date: /home/etdisc/Bureau/codef1tenth/install/custom_msgs/include/custom_msgs/msg/detail/track_description__type_support.cpp\n'}
[2.588615] (custom_msgs) StdoutLine: {'line': b'-- Up-to-date: /home/etdisc/Bureau/codef1tenth/install/custom_msgs/include/custom_msgs/msg/detail/lap_progress__type_support.cpp\n'}
[2.588720] (custom_msgs) StdoutLine: {'line': b'-- Up-to-date: /home/etdisc/Bureau/codef1tenth/install/custom_msgs/include/custom_msgs/msg/detail/track_description__rosidl_typesupport_introspection_cpp.hpp\n'}
[2.588830] (custom_msgs) StdoutLine: {'line': b'-- Up-to-date: /home/etdisc/Bureau/codef1tenth/install/custom_msgs/include/custom_msgs/msg/detail/lap_progress__rosidl_typesupport_introspection_cpp.hpp\n'}
[2.588946] (custom_msgs) StdoutLine: {'line': b'-- Up-to-date: /home/etdisc/Bureau/codef1tenth/install/custom_msgs/lib/libcustom_msgs__rosidl_typesupport_introspection_cpp.so\n'}
[2.589110] (custom_msgs) StdoutLine: {'line': b'-- Up-to-date: /home/etdisc/Bureau/codef1tenth/install/custom_msgs/lib/libcustom_msgs__rosidl_typesupport_cpp.so\n'}
[2.589236] (custom_msgs) StdoutLine: {'line': b'-- Up-to-date: /home/etdisc/Bureau/codef1tenth/install/custom_msgs/share/custom_msgs/environment/pythonpath.sh\n'}
[2.589339] (custom_msgs) StdoutLine: {'line': b'-- Up-to-date: /home/etdisc/Bureau/codef1tenth/install/custom_msgs/share/custom_msgs/environment/pythonpath.dsv\n'}
[2.589445] (custom_msgs) StdoutLine: {'line': b'-- Up-to-date: /home/etdisc/Bureau/codef1tenth/install/custom_msgs/lib/python3.8/site-packages/custom_msgs/__init__.py\n'}
[2.618126] (-) TimerEvent: {}
[2.718739] (-) TimerEvent: {}
[2.821495] (custom_msgs) StdoutLine: {'line': b'-- Up-to-date: /home/etdisc/Bureau/codef1tenth/install/custom_msgs/lib/python3.8/site-packages/custom_msgs/msg\n'}
[2.821848] (-) TimerEvent: {}
[2.822192] (custom_msgs) StdoutLine: {'line': b'-- Up-to-date: /home/etdisc/Bureau/codef1tenth/install/custom_msgs/lib/python3.8/site-packages/custom_msgs/msg/_track_description.py\n'}
[2.822404] (custom_msgs) StdoutLine: {'line': b'-- Up-to-date: /home/etdisc/Bureau/codef1tenth/install/custom_msgs/lib/python3.8/site-packages/custom_msgs/msg/_lap_progress.py\n'}
[2.822546] (custom_msgs) StdoutLine: {'line': b'-- Up-to-date: /home/etdisc/Bureau/codef1tenth/install/custom_msgs/lib/python3.8/site-packages/custom_msgs/msg/_lap_progress_s.c\n'}
[2.822675] (custom_msgs) StdoutLine: {'line': b'-- Up-to-date: /home/etdisc/Bureau/codef1tenth/install/custom_msgs/lib/python3.8/site-packages/custom_msgs/msg/__init__.py\n'}
[2.822800] (custom_msgs) StdoutLine: {'line': b'-- Up-to-date: /home/etdisc/Bureau/codef1tenth/install/custom_msgs/lib/python3.8/site-packages/custom_msgs/msg/_track_description_s.c\n'}
[2.822924] (custom_msgs) StdoutLine: {'line': b'-- Up-to-date: /home/etdisc/Bureau/codef1tenth/install/custom_msgs/lib/python3.8/site-packages/custom_msgs/custom_msgs_s__rosidl_typesupport_fastrtps_c.cpython-38-x86_64-linux-gnu.so\n'}
[2.823074] (custom_msgs) StdoutLine: {'line': b'-- Up-to-date: /home/etdisc/Bureau/codef1tenth/install/custom_msgs/lib/python3.8/site-packages/custom_msgs/custom_msgs_s__rosidl_typesupport_introspection_c.cpython-38-x86_64-linux-gnu.so\n'}
[2.823214] (custom_msgs) StdoutLine: {'line': b'-- Up-to-date: /home/etdisc/Bureau/codef1tenth/install/custom_msgs/lib/python3.8/site-packages/custom_msgs/custom_msgs_s__rosidl_typesupport_c.cpython-38-x86_64-linux-gnu.so\n'}
[2.823469] (custom_msgs) StdoutLine: {'line': b'-- Up-to-date: /home/etdisc/Bureau/codef1tenth/install/custom_msgs/lib/libcustom_msgs__python.so\n'}
[2.823687] (custom_msgs) StdoutLine: {'line': b'-- Up-to-date: /home/etdisc/Bureau/codef1tenth/install/custom_msgs/share/custom_msgs/msg/LapProgress.idl\n'}
[2.823883] (custom_msgs) StdoutLine: {'line': b'-- Up-to-date: /home/etdisc/Bureau/codef1tenth/install/custom_msgs/share/custom_msgs/msg/TrackDescription.idl\n'}
[2.824015] (custom_msgs) StdoutLine: {'line': b'-- Up-to-date: /home/etdisc/Bureau/codef1tenth/install/custom_msgs/share/custom_msgs/msg/LapProgress.msg\n'}
[2.824143] (custom_msgs) StdoutLine: {'line': b'-- Up-to-date: /home/etdisc/Bureau/codef1tenth/install/custom_msgs/share/custom_msgs/msg/TrackDescription.msg\n'}
[2.824267] (custom_msgs) StdoutLine: {'line': b'-- Up-to-date: /home/etdisc/Bureau/codef1tenth/install/custom_msgs/share/ament_index/resource_index/package_run_dependencies/custom_msgs\n'}
[2.824393] (custom_msgs) StdoutLine: {'line': b'-- Up-to-date: /home/etdisc/Bureau/codef1tenth/install/custom_msgs/share/ament_index/resource_index/parent_prefix_path/custom_msgs\n'}
[2.824661] (custom_msgs) StdoutLine: {'line': b'-- Up-to-date: /home/etdisc/Bureau/codef1tenth/install/custom_msgs/share/custom_msgs/environment/ament_prefix_path.sh\n'}
[2.824798] (custom_msgs) StdoutLine: {'line': b'-- Up-to-date: /home/etdisc/Bureau/codef1tenth/install/custom_msgs/share/custom_msgs/environment/ament_prefix_path.dsv\n'}
[2.824923] (custom_msgs) StdoutLine: {'line': b'-- Up-to-date: /home/etdisc/Bureau/codef1tenth/install/custom_msgs/share/custom_msgs/environment/path.sh\n'}
[2.825043] (custom_msgs) StdoutLine: {'line': b'-- Up-to-date: /home/etdisc/Bureau/codef1tenth/install/custom_msgs/share/custom_msgs/environment/path.dsv\n'}
[2.825165] (custom_msgs) StdoutLine: {'line': b'-- Up-to-date: /home/etdisc/Bureau/codef1tenth/install/custom_msgs/share/custom_msgs/local_setup.bash\n'}
[2.825285] (custom_msgs) StdoutLine: {'line': b'-- Up-to-date: /home/etdisc/Bureau/codef1tenth/install/custom_msgs/share/custom_msgs/local_setup.sh\n'}
[2.825404] (custom_msgs) StdoutLine: {'line': b'-- Up-to-date: /home/etdisc/Bureau/codef1tenth/install/custom_msgs/share/custom_msgs/local_setup.zsh\n'}
[2.825521] (custom_msgs) StdoutLine: {'line': b'-- Up-to-date: /home/etdisc/Bureau/codef1tenth/install/custom_msgs/share/custom_msgs/local_setup.dsv\n'}
[2.825640] (custom_msgs) StdoutLine: {'line': b'-- Installing: /home/etdisc/Bureau/codef1tenth/install/custom_msgs/share/custom_msgs/package.dsv\n'}
[2.825924] (custom_msgs) StdoutLine: {'line': b'-- Up-to-date: /home/etdisc/Bureau/codef1tenth/install/custom_msgs/share/ament_index/resource_index/packages/custom_msgs\n'}
[2.826087] (custom_msgs) StdoutLine: {'line': b'-- Up-to-date: /home/etdisc/Bureau/codef1tenth/install/custom_msgs/share/custom_msgs/cmake/custom_msgs__rosidl_generator_cExport.cmake\n'}
[2.826214] (custom_msgs) StdoutLine: {'line': b'-- Up-to-date: /home/etdisc/Bureau/codef1tenth/install/custom_msgs/share/custom_msgs/cmake/custom_msgs__rosidl_generator_cExport-noconfig.cmake\n'}
[2.826342] (custom_msgs) StdoutLine: {'line': b'-- Up-to-date: /home/etdisc/Bureau/codef1tenth/install/custom_msgs/share/custom_msgs/cmake/custom_msgs__rosidl_typesupport_introspection_cExport.cmake\n'}
[2.826467] (custom_msgs) StdoutLine: {'line': b'-- Up-to-date: /home/etdisc/Bureau/codef1tenth/install/custom_msgs/share/custom_msgs/cmake/custom_msgs__rosidl_typesupport_introspection_cExport-noconfig.cmake\n'}
[2.826614] (custom_msgs) StdoutLine: {'line': b'-- Up-to-date: /home/etdisc/Bureau/codef1tenth/install/custom_msgs/share/custom_msgs/cmake/custom_msgs__rosidl_typesupport_cExport.cmake\n'}
[2.827058] (custom_msgs) StdoutLine: {'line': b'-- Up-to-date: /home/etdisc/Bureau/codef1tenth/install/custom_msgs/share/custom_msgs/cmake/custom_msgs__rosidl_typesupport_cExport-noconfig.cmake\n'}
[2.827318] (custom_msgs) StdoutLine: {'line': b'-- Up-to-date: /home/etdisc/Bureau/codef1tenth/install/custom_msgs/share/custom_msgs/cmake/custom_msgs__rosidl_generator_cppExport.cmake\n'}
[2.827468] (custom_msgs) StdoutLine: {'line': b'-- Up-to-date: /home/etdisc/Bureau/codef1tenth/install/custom_msgs/share/custom_msgs/cmake/custom_msgs__rosidl_typesupport_introspection_cppExport.cmake\n'}
[2.827592] (custom_msgs) StdoutLine: {'line': b'-- Up-to-date: /home/etdisc/Bureau/codef1tenth/install/custom_msgs/share/custom_msgs/cmake/custom_msgs__rosidl_typesupport_introspection_cppExport-noconfig.cmake\n'}
[2.827791] (custom_msgs) StdoutLine: {'line': b'-- Up-to-date: /home/etdisc/Bureau/codef1tenth/install/custom_msgs/share/custom_msgs/cmake/custom_msgs__rosidl_typesupport_cppExport.cmake\n'}
[2.827938] (custom_msgs) StdoutLine: {'line': b'-- Up-to-date: /home/etdisc/Bureau/codef1tenth/install/custom_msgs/share/custom_msgs/cmake/custom_msgs__rosidl_typesupport_cppExport-noconfig.cmake\n'}
[2.828090] (custom_msgs) StdoutLine: {'line': b'-- Up-to-date: /home/etdisc/Bureau/codef1tenth/install/custom_msgs/share/custom_msgs/cmake/rosidl_cmake-extras.cmake\n'}
[2.828219] (custom_msgs) StdoutLine: {'line': b'-- Up-to-date: /home/etdisc/Bureau/codef1tenth/install/custom_msgs/share/custom_msgs/cmake/ament_cmake_export_dependencies-extras.cmake\n'}
[2.828341] (custom_msgs) StdoutLine: {'line': b'-- Up-to-date: /home/etdisc/Bureau/codef1tenth/install/custom_msgs/share/custom_msgs/cmake/ament_cmake_export_libraries-extras.cmake\n'}
[2.828564] (custom_msgs) StdoutLine: {'line': b'-- Up-to-date: /home/etdisc/Bureau/codef1tenth/install/custom_msgs/share/custom_msgs/cmake/ament_cmake_export_targets-extras.cmake\n'}
[2.828709] (custom_msgs) StdoutLine: {'line': b'-- Up-to-date: /home/etdisc/Bureau/codef1tenth/install/custom_msgs/share/custom_msgs/cmake/ament_cmake_export_include_directories-extras.cmake\n'}
[2.828836] (custom_msgs) StdoutLine: {'line': b'-- Up-to-date: /home/etdisc/Bureau/codef1tenth/install/custom_msgs/share/custom_msgs/cmake/rosidl_cmake_export_typesupport_libraries-extras.cmake\n'}
[2.828964] (custom_msgs) StdoutLine: {'line': b'-- Up-to-date: /home/etdisc/Bureau/codef1tenth/install/custom_msgs/share/custom_msgs/cmake/rosidl_cmake_export_typesupport_targets-extras.cmake\n'}
[2.829089] (custom_msgs) StdoutLine: {'line': b'-- Up-to-date: /home/etdisc/Bureau/codef1tenth/install/custom_msgs/share/custom_msgs/cmake/custom_msgsConfig.cmake\n'}
[2.829403] (custom_msgs) StdoutLine: {'line': b'-- Up-to-date: /home/etdisc/Bureau/codef1tenth/install/custom_msgs/share/custom_msgs/cmake/custom_msgsConfig-version.cmake\n'}
[2.829549] (custom_msgs) StdoutLine: {'line': b'-- Up-to-date: /home/etdisc/Bureau/codef1tenth/install/custom_msgs/share/custom_msgs/package.xml\n'}
[2.843108] (custom_msgs) CommandEnded: {'returncode': 0}
[2.922003] (-) TimerEvent: {}
[2.977760] (custom_msgs) JobEnded: {'identifier': 'custom_msgs', 'rc': 0}
[2.979274] (strategy) JobStarted: {'identifier': 'strategy'}
[3.022501] (-) TimerEvent: {}
[3.124450] (-) TimerEvent: {}
[3.225226] (-) TimerEvent: {}
[3.325817] (-) TimerEvent: {}
[3.426373] (-) TimerEvent: {}
[3.527005] (-) TimerEvent: {}
[3.627741] (-) TimerEvent: {}
[3.723889] (AEB) Command: {'cmd': ['/usr/bin/python3', '-W', 'ignore:setup.py install is deprecated', '-W', 'ignore:easy_install command is deprecated', 'setup.py', 'egg_info', '--egg-base', '../../build/AEB', 'build', '--build-base', '/home/etdisc/Bureau/codef1tenth/build/AEB/build', 'install', '--record', '/home/etdisc/Bureau/codef1tenth/build/AEB/install.log', '--single-version-externally-managed', 'install_data'], 'cwd': '/home/etdisc/Bureau/codef1tenth/src/AEB', 'env': {'LESSOPEN': '| /usr/bin/lesspipe %s', 'HTTPS_PROXY': 'http://proxy:3128', 'USER': 'etdisc', 'SSH_AGENT_PID': '1666', 'XDG_SESSION_TYPE': 'x11', 'SHLVL': '1', 'LD_LIBRARY_PATH': '/home/etdisc/depots/f1tenth/sim_ws/install/custom_msgs/lib:/usr/lib/x86_64-linux-gnu/gazebo-11/plugins:/opt/ros/galactic/opt/yaml_cpp_vendor/lib:/opt/ros/galactic/opt/rviz_ogre_vendor/lib:/opt/ros/galactic/lib/x86_64-linux-gnu:/opt/ros/galactic/lib', 'HOME': '/home/etdisc', 'DESKTOP_SESSION': 'ubuntu', 'ROS_PYTHON_VERSION': '3', 'GNOME_SHELL_SESSION_MODE': 'ubuntu', 'GTK_MODULES': 'gail:atk-bridge', 'MANAGERPID': '1571', 'DBUS_STARTER_BUS_TYPE': 'session', 'DBUS_SESSION_BUS_ADDRESS': 'unix:path=/run/user/1000/bus,guid=712999510530655913b37c6169709380', 'COLORTERM': 'truecolor', 'IM_CONFIG_PHASE': '1', 'https_proxy': 'http://proxy:3128', 'COLCON_PREFIX_PATH': '/home/etdisc/depots/f1tenth/sim_ws/install', 'ROS_DISTRO': 'galactic', 'LOGNAME': 'etdisc', 'http_proxy': 'http://proxy:3128', 'JOURNAL_STREAM': '8:65626', '_': '/usr/bin/colcon', 'ROS_VERSION': '2', 'XDG_SESSION_CLASS': 'user', 'USERNAME': 'etdisc', 'TERM': 'xterm-256color', 'GNOME_DESKTOP_SESSION_ID': 'this-is-deprecated', 'ROS_LOCALHOST_ONLY': '1', 'WINDOWPATH': '2', 'PATH': '/opt/ros/galactic/bin:/snap/bin:/home/etdisc/.local/bin:/usr/local/sbin:/usr/local/bin:/usr/sbin:/usr/bin:/sbin:/bin:/usr/games:/usr/local/games:/snap/bin', 'SESSION_MANAGER': 'local/etdisc-virtual-machine:@/tmp/.ICE-unix/1701,unix/etdisc-virtual-machine:/tmp/.ICE-unix/1701', 'INVOCATION_ID': '81bd2218a54643fdb444052878adae1a', 'XDG_MENU_PREFIX': 'gnome-', 'GNOME_TERMINAL_SCREEN': '/org/gnome/Terminal/screen/f65c3d91_b098_4021_930d_b5c8320fde15', 'XDG_RUNTIME_DIR': '/run/user/1000', 'DISPLAY': ':0', 'LANG': 'fr_FR.UTF-8', 'XDG_CURRENT_DESKTOP': 'ubuntu:GNOME', 'XMODIFIERS': '@im=ibus', 'XDG_SESSION_DESKTOP': 'ubuntu', 'XAUTHORITY': '/run/user/1000/gdm/Xauthority', 'LS_COLORS': 'rs=0:di=01;34:ln=01;36:mh=00:pi=40;33:so=01;35:do=01;35:bd=40;33;01:cd=40;33;01:or=40;31;01:mi=00:su=37;41:sg=30;43:ca=30;41:tw=30;42:ow=34;42:st=37;44:ex=01;32:*.tar=01;31:*.tgz=01;31:*.arc=01;31:*.arj=01;31:*.taz=01;31:*.lha=01;31:*.lz4=01;31:*.lzh=01;31:*.lzma=01;31:*.tlz=01;31:*.txz=01;31:*.tzo=01;31:*.t7z=01;31:*.zip=01;31:*.z=01;31:*.dz=01;31:*.gz=01;31:*.lrz=01;31:*.lz=01;31:*.lzo=01;31:*.xz=01;31:*.zst=01;31:*.tzst=01;31:*.bz2=01;31:*.bz=01;31:*.tbz=01;31:*.tbz2=01;31:*.tz=01;31:*.deb=01;31:*.rpm=01;31:*.jar=01;31:*.war=01;31:*.ear=01;31:*.sar=01;31:*.rar=01;31:*.alz=01;31:*.ace=01;31:*.zoo=01;31:*.cpio=01;31:*.7z=01;31:*.rz=01;31:*.cab=01;31:*.wim=01;31:*.swm=01;31:*.dwm=01;31:*.esd=01;31:*.jpg=01;35:*.jpeg=01;35:*.mjpg=01;35:*.mjpeg=01;35:*.gif=01;35:*.bmp=01;35:*.pbm=01;35:*.pgm=01;35:*.ppm=01;35:*.tga=01;35:*.xbm=01;35:*.xpm=01;35:*.tif=01;35:*.tiff=01;35:*.png=01;35:*.svg=01;35:*.svgz=01;35:*.mng=01;35:*.pcx=01;35:*.mov=01;35:*.mpg=01;35:*.mpeg=01;35:*.m2v=01;35:*.mkv=01;35:*.webm=01;35:*.ogm=01;35:*.mp4=01;35:*.m4v=01;35:*.mp4v=01;35:*.vob=01;35:*.qt=01;35:*.nuv=01;35:*.wmv=01;35:*.asf=01;35:*.rm=01;35:*.rmvb=01;35:*.flc=01;35:*.avi=01;35:*.fli=01;35:*.flv=01;35:*.gl=01;35:*.dl=01;35:*.xcf=01;35:*.xwd=01;35:*.yuv=01;35:*.cgm=01;35:*.emf=01;35:*.ogv=01;35:*.ogx=01;35:*.aac=00;36:*.au=00;36:*.flac=00;36:*.m4a=00;36:*.mid=00;36:*.midi=00;36:*.mka=00;36:*.mp3=00;36:*.mpc=00;36:*.ogg=00;36:*.ra=00;36:*.wav=00;36:*.oga=00;36:*.opus=00;36:*.spx=00;36:*.xspf=00;36:', 'GNOME_TERMINAL_SERVICE': ':1.228', 'SSH_AUTH_SOCK': '/run/user/1000/keyring/ssh', 'AMENT_PREFIX_PATH': '/home/etdisc/depots/f1tenth/sim_ws/install/timer:/home/etdisc/depots/f1tenth/sim_ws/install/strategy:/home/etdisc/depots/f1tenth/sim_ws/install/localisation:/home/etdisc/depots/f1tenth/sim_ws/install/f1tenth_gym_ros:/home/etdisc/depots/f1tenth/sim_ws/install/custom_msgs:/home/etdisc/depots/f1tenth/sim_ws/install/Waypoints:/home/etdisc/depots/f1tenth/sim_ws/install/Simple_algo:/home/etdisc/depots/f1tenth/sim_ws/install/Planif:/home/etdisc/depots/f1tenth/sim_ws/install/Mapping:/home/etdisc/depots/f1tenth/sim_ws/install/AEB:/opt/ros/galactic', 'SHELL': '/bin/bash', 'QT_ACCESSIBILITY': '1', 'GDMSESSION': 'ubuntu', 'LESSCLOSE': '/usr/bin/lesspipe %s %s', 'GPG_AGENT_INFO': '/run/user/1000/gnupg/S.gpg-agent:0:1', 'QT_IM_MODULE': 'ibus', 'PWD': '/home/etdisc/Bureau/codef1tenth/build/AEB', 'LC_ALL': 'fr_FR.UTF-8', 'XDG_CONFIG_DIRS': '/etc/xdg/xdg-ubuntu:/etc/xdg', 'DBUS_STARTER_ADDRESS': 'unix:path=/run/user/1000/bus,guid=712999510530655913b37c6169709380', 'XDG_DATA_DIRS': '/usr/share/ubuntu:/usr/local/share/:/usr/share/:/var/lib/snapd/desktop', 'PYTHONPATH': '/home/etdisc/Bureau/codef1tenth/build/AEB/prefix_override:/usr/lib/python3/dist-packages/colcon_core/task/python/colcon_distutils_commands:/home/etdisc/Bureau/codef1tenth/install/AEB/lib/python3.8/site-packages:/home/etdisc/depots/f1tenth/sim_ws/install/timer/lib/python3.8/site-packages:/home/etdisc/depots/f1tenth/sim_ws/install/strategy/lib/python3.8/site-packages:/home/etdisc/depots/f1tenth/sim_ws/install/localisation/lib/python3.8/site-packages:/home/etdisc/depots/f1tenth/sim_ws/install/f1tenth_gym_ros/lib/python3.8/site-packages:/home/etdisc/depots/f1tenth/sim_ws/install/custom_msgs/lib/python3.8/site-packages:/home/etdisc/depots/f1tenth/sim_ws/install/Waypoints/lib/python3.8/site-packages:/home/etdisc/depots/f1tenth/sim_ws/install/Simple_algo/lib/python3.8/site-packages:/home/etdisc/depots/f1tenth/sim_ws/install/Planif/lib/python3.8/site-packages:/home/etdisc/depots/f1tenth/sim_ws/install/Mapping/lib/python3.8/site-packages:/home/etdisc/depots/f1tenth/sim_ws/install/AEB/lib/python3.8/site-packages:/opt/ros/galactic/lib/python3.8/site-packages', 'HTTP_PROXY': 'http://proxy:3128', 'COLCON': '1', 'VTE_VERSION': '6003', 'CMAKE_PREFIX_PATH': '/home/etdisc/depots/f1tenth/sim_ws/install/custom_msgs'}, 'shell': False}
[3.728298] (-) TimerEvent: {}
[3.732569] (Mapping) Command: {'cmd': ['/usr/bin/python3', '-W', 'ignore:setup.py install is deprecated', '-W', 'ignore:easy_install command is deprecated', 'setup.py', 'egg_info', '--egg-base', '../../build/Mapping', 'build', '--build-base', '/home/etdisc/Bureau/codef1tenth/build/Mapping/build', 'install', '--record', '/home/etdisc/Bureau/codef1tenth/build/Mapping/install.log', '--single-version-externally-managed', 'install_data'], 'cwd': '/home/etdisc/Bureau/codef1tenth/src/Mapping', 'env': {'LESSOPEN': '| /usr/bin/lesspipe %s', 'HTTPS_PROXY': 'http://proxy:3128', 'USER': 'etdisc', 'SSH_AGENT_PID': '1666', 'XDG_SESSION_TYPE': 'x11', 'SHLVL': '1', 'LD_LIBRARY_PATH': '/home/etdisc/depots/f1tenth/sim_ws/install/custom_msgs/lib:/usr/lib/x86_64-linux-gnu/gazebo-11/plugins:/opt/ros/galactic/opt/yaml_cpp_vendor/lib:/opt/ros/galactic/opt/rviz_ogre_vendor/lib:/opt/ros/galactic/lib/x86_64-linux-gnu:/opt/ros/galactic/lib', 'HOME': '/home/etdisc', 'DESKTOP_SESSION': 'ubuntu', 'ROS_PYTHON_VERSION': '3', 'GNOME_SHELL_SESSION_MODE': 'ubuntu', 'GTK_MODULES': 'gail:atk-bridge', 'MANAGERPID': '1571', 'DBUS_STARTER_BUS_TYPE': 'session', 'DBUS_SESSION_BUS_ADDRESS': 'unix:path=/run/user/1000/bus,guid=712999510530655913b37c6169709380', 'COLORTERM': 'truecolor', 'IM_CONFIG_PHASE': '1', 'https_proxy': 'http://proxy:3128', 'COLCON_PREFIX_PATH': '/home/etdisc/depots/f1tenth/sim_ws/install', 'ROS_DISTRO': 'galactic', 'LOGNAME': 'etdisc', 'http_proxy': 'http://proxy:3128', 'JOURNAL_STREAM': '8:65626', '_': '/usr/bin/colcon', 'ROS_VERSION': '2', 'XDG_SESSION_CLASS': 'user', 'USERNAME': 'etdisc', 'TERM': 'xterm-256color', 'GNOME_DESKTOP_SESSION_ID': 'this-is-deprecated', 'ROS_LOCALHOST_ONLY': '1', 'WINDOWPATH': '2', 'PATH': '/opt/ros/galactic/bin:/snap/bin:/home/etdisc/.local/bin:/usr/local/sbin:/usr/local/bin:/usr/sbin:/usr/bin:/sbin:/bin:/usr/games:/usr/local/games:/snap/bin', 'SESSION_MANAGER': 'local/etdisc-virtual-machine:@/tmp/.ICE-unix/1701,unix/etdisc-virtual-machine:/tmp/.ICE-unix/1701', 'INVOCATION_ID': '81bd2218a54643fdb444052878adae1a', 'XDG_MENU_PREFIX': 'gnome-', 'GNOME_TERMINAL_SCREEN': '/org/gnome/Terminal/screen/f65c3d91_b098_4021_930d_b5c8320fde15', 'XDG_RUNTIME_DIR': '/run/user/1000', 'DISPLAY': ':0', 'LANG': 'fr_FR.UTF-8', 'XDG_CURRENT_DESKTOP': 'ubuntu:GNOME', 'XMODIFIERS': '@im=ibus', 'XDG_SESSION_DESKTOP': 'ubuntu', 'XAUTHORITY': '/run/user/1000/gdm/Xauthority', 'LS_COLORS': 'rs=0:di=01;34:ln=01;36:mh=00:pi=40;33:so=01;35:do=01;35:bd=40;33;01:cd=40;33;01:or=40;31;01:mi=00:su=37;41:sg=30;43:ca=30;41:tw=30;42:ow=34;42:st=37;44:ex=01;32:*.tar=01;31:*.tgz=01;31:*.arc=01;31:*.arj=01;31:*.taz=01;31:*.lha=01;31:*.lz4=01;31:*.lzh=01;31:*.lzma=01;31:*.tlz=01;31:*.txz=01;31:*.tzo=01;31:*.t7z=01;31:*.zip=01;31:*.z=01;31:*.dz=01;31:*.gz=01;31:*.lrz=01;31:*.lz=01;31:*.lzo=01;31:*.xz=01;31:*.zst=01;31:*.tzst=01;31:*.bz2=01;31:*.bz=01;31:*.tbz=01;31:*.tbz2=01;31:*.tz=01;31:*.deb=01;31:*.rpm=01;31:*.jar=01;31:*.war=01;31:*.ear=01;31:*.sar=01;31:*.rar=01;31:*.alz=01;31:*.ace=01;31:*.zoo=01;31:*.cpio=01;31:*.7z=01;31:*.rz=01;31:*.cab=01;31:*.wim=01;31:*.swm=01;31:*.dwm=01;31:*.esd=01;31:*.jpg=01;35:*.jpeg=01;35:*.mjpg=01;35:*.mjpeg=01;35:*.gif=01;35:*.bmp=01;35:*.pbm=01;35:*.pgm=01;35:*.ppm=01;35:*.tga=01;35:*.xbm=01;35:*.xpm=01;35:*.tif=01;35:*.tiff=01;35:*.png=01;35:*.svg=01;35:*.svgz=01;35:*.mng=01;35:*.pcx=01;35:*.mov=01;35:*.mpg=01;35:*.mpeg=01;35:*.m2v=01;35:*.mkv=01;35:*.webm=01;35:*.ogm=01;35:*.mp4=01;35:*.m4v=01;35:*.mp4v=01;35:*.vob=01;35:*.qt=01;35:*.nuv=01;35:*.wmv=01;35:*.asf=01;35:*.rm=01;35:*.rmvb=01;35:*.flc=01;35:*.avi=01;35:*.fli=01;35:*.flv=01;35:*.gl=01;35:*.dl=01;35:*.xcf=01;35:*.xwd=01;35:*.yuv=01;35:*.cgm=01;35:*.emf=01;35:*.ogv=01;35:*.ogx=01;35:*.aac=00;36:*.au=00;36:*.flac=00;36:*.m4a=00;36:*.mid=00;36:*.midi=00;36:*.mka=00;36:*.mp3=00;36:*.mpc=00;36:*.ogg=00;36:*.ra=00;36:*.wav=00;36:*.oga=00;36:*.opus=00;36:*.spx=00;36:*.xspf=00;36:', 'GNOME_TERMINAL_SERVICE': ':1.228', 'SSH_AUTH_SOCK': '/run/user/1000/keyring/ssh', 'AMENT_PREFIX_PATH': '/home/etdisc/depots/f1tenth/sim_ws/install/timer:/home/etdisc/depots/f1tenth/sim_ws/install/strategy:/home/etdisc/depots/f1tenth/sim_ws/install/localisation:/home/etdisc/depots/f1tenth/sim_ws/install/f1tenth_gym_ros:/home/etdisc/depots/f1tenth/sim_ws/install/custom_msgs:/home/etdisc/depots/f1tenth/sim_ws/install/Waypoints:/home/etdisc/depots/f1tenth/sim_ws/install/Simple_algo:/home/etdisc/depots/f1tenth/sim_ws/install/Planif:/home/etdisc/depots/f1tenth/sim_ws/install/Mapping:/home/etdisc/depots/f1tenth/sim_ws/install/AEB:/opt/ros/galactic', 'SHELL': '/bin/bash', 'QT_ACCESSIBILITY': '1', 'GDMSESSION': 'ubuntu', 'LESSCLOSE': '/usr/bin/lesspipe %s %s', 'GPG_AGENT_INFO': '/run/user/1000/gnupg/S.gpg-agent:0:1', 'QT_IM_MODULE': 'ibus', 'PWD': '/home/etdisc/Bureau/codef1tenth/build/Mapping', 'LC_ALL': 'fr_FR.UTF-8', 'XDG_CONFIG_DIRS': '/etc/xdg/xdg-ubuntu:/etc/xdg', 'DBUS_STARTER_ADDRESS': 'unix:path=/run/user/1000/bus,guid=712999510530655913b37c6169709380', 'XDG_DATA_DIRS': '/usr/share/ubuntu:/usr/local/share/:/usr/share/:/var/lib/snapd/desktop', 'PYTHONPATH': '/home/etdisc/Bureau/codef1tenth/build/Mapping/prefix_override:/usr/lib/python3/dist-packages/colcon_core/task/python/colcon_distutils_commands:/home/etdisc/Bureau/codef1tenth/install/Mapping/lib/python3.8/site-packages:/home/etdisc/depots/f1tenth/sim_ws/install/timer/lib/python3.8/site-packages:/home/etdisc/depots/f1tenth/sim_ws/install/strategy/lib/python3.8/site-packages:/home/etdisc/depots/f1tenth/sim_ws/install/localisation/lib/python3.8/site-packages:/home/etdisc/depots/f1tenth/sim_ws/install/f1tenth_gym_ros/lib/python3.8/site-packages:/home/etdisc/depots/f1tenth/sim_ws/install/custom_msgs/lib/python3.8/site-packages:/home/etdisc/depots/f1tenth/sim_ws/install/Waypoints/lib/python3.8/site-packages:/home/etdisc/depots/f1tenth/sim_ws/install/Simple_algo/lib/python3.8/site-packages:/home/etdisc/depots/f1tenth/sim_ws/install/Planif/lib/python3.8/site-packages:/home/etdisc/depots/f1tenth/sim_ws/install/Mapping/lib/python3.8/site-packages:/home/etdisc/depots/f1tenth/sim_ws/install/AEB/lib/python3.8/site-packages:/opt/ros/galactic/lib/python3.8/site-packages', 'HTTP_PROXY': 'http://proxy:3128', 'COLCON': '1', 'VTE_VERSION': '6003', 'CMAKE_PREFIX_PATH': '/home/etdisc/depots/f1tenth/sim_ws/install/custom_msgs'}, 'shell': False}
[3.742162] (Simple_algo) Command: {'cmd': ['/usr/bin/python3', '-W', 'ignore:setup.py install is deprecated', '-W', 'ignore:easy_install command is deprecated', 'setup.py', 'egg_info', '--egg-base', '../../build/Simple_algo', 'build', '--build-base', '/home/etdisc/Bureau/codef1tenth/build/Simple_algo/build', 'install', '--record', '/home/etdisc/Bureau/codef1tenth/build/Simple_algo/install.log', '--single-version-externally-managed', 'install_data'], 'cwd': '/home/etdisc/Bureau/codef1tenth/src/Simple_algo', 'env': {'LESSOPEN': '| /usr/bin/lesspipe %s', 'HTTPS_PROXY': 'http://proxy:3128', 'USER': 'etdisc', 'SSH_AGENT_PID': '1666', 'XDG_SESSION_TYPE': 'x11', 'SHLVL': '1', 'LD_LIBRARY_PATH': '/home/etdisc/depots/f1tenth/sim_ws/install/custom_msgs/lib:/usr/lib/x86_64-linux-gnu/gazebo-11/plugins:/opt/ros/galactic/opt/yaml_cpp_vendor/lib:/opt/ros/galactic/opt/rviz_ogre_vendor/lib:/opt/ros/galactic/lib/x86_64-linux-gnu:/opt/ros/galactic/lib', 'HOME': '/home/etdisc', 'DESKTOP_SESSION': 'ubuntu', 'ROS_PYTHON_VERSION': '3', 'GNOME_SHELL_SESSION_MODE': 'ubuntu', 'GTK_MODULES': 'gail:atk-bridge', 'MANAGERPID': '1571', 'DBUS_STARTER_BUS_TYPE': 'session', 'DBUS_SESSION_BUS_ADDRESS': 'unix:path=/run/user/1000/bus,guid=712999510530655913b37c6169709380', 'COLORTERM': 'truecolor', 'IM_CONFIG_PHASE': '1', 'https_proxy': 'http://proxy:3128', 'COLCON_PREFIX_PATH': '/home/etdisc/depots/f1tenth/sim_ws/install', 'ROS_DISTRO': 'galactic', 'LOGNAME': 'etdisc', 'http_proxy': 'http://proxy:3128', 'JOURNAL_STREAM': '8:65626', '_': '/usr/bin/colcon', 'ROS_VERSION': '2', 'XDG_SESSION_CLASS': 'user', 'USERNAME': 'etdisc', 'TERM': 'xterm-256color', 'GNOME_DESKTOP_SESSION_ID': 'this-is-deprecated', 'ROS_LOCALHOST_ONLY': '1', 'WINDOWPATH': '2', 'PATH': '/opt/ros/galactic/bin:/snap/bin:/home/etdisc/.local/bin:/usr/local/sbin:/usr/local/bin:/usr/sbin:/usr/bin:/sbin:/bin:/usr/games:/usr/local/games:/snap/bin', 'SESSION_MANAGER': 'local/etdisc-virtual-machine:@/tmp/.ICE-unix/1701,unix/etdisc-virtual-machine:/tmp/.ICE-unix/1701', 'INVOCATION_ID': '81bd2218a54643fdb444052878adae1a', 'XDG_MENU_PREFIX': 'gnome-', 'GNOME_TERMINAL_SCREEN': '/org/gnome/Terminal/screen/f65c3d91_b098_4021_930d_b5c8320fde15', 'XDG_RUNTIME_DIR': '/run/user/1000', 'DISPLAY': ':0', 'LANG': 'fr_FR.UTF-8', 'XDG_CURRENT_DESKTOP': 'ubuntu:GNOME', 'XMODIFIERS': '@im=ibus', 'XDG_SESSION_DESKTOP': 'ubuntu', 'XAUTHORITY': '/run/user/1000/gdm/Xauthority', 'LS_COLORS': 'rs=0:di=01;34:ln=01;36:mh=00:pi=40;33:so=01;35:do=01;35:bd=40;33;01:cd=40;33;01:or=40;31;01:mi=00:su=37;41:sg=30;43:ca=30;41:tw=30;42:ow=34;42:st=37;44:ex=01;32:*.tar=01;31:*.tgz=01;31:*.arc=01;31:*.arj=01;31:*.taz=01;31:*.lha=01;31:*.lz4=01;31:*.lzh=01;31:*.lzma=01;31:*.tlz=01;31:*.txz=01;31:*.tzo=01;31:*.t7z=01;31:*.zip=01;31:*.z=01;31:*.dz=01;31:*.gz=01;31:*.lrz=01;31:*.lz=01;31:*.lzo=01;31:*.xz=01;31:*.zst=01;31:*.tzst=01;31:*.bz2=01;31:*.bz=01;31:*.tbz=01;31:*.tbz2=01;31:*.tz=01;31:*.deb=01;31:*.rpm=01;31:*.jar=01;31:*.war=01;31:*.ear=01;31:*.sar=01;31:*.rar=01;31:*.alz=01;31:*.ace=01;31:*.zoo=01;31:*.cpio=01;31:*.7z=01;31:*.rz=01;31:*.cab=01;31:*.wim=01;31:*.swm=01;31:*.dwm=01;31:*.esd=01;31:*.jpg=01;35:*.jpeg=01;35:*.mjpg=01;35:*.mjpeg=01;35:*.gif=01;35:*.bmp=01;35:*.pbm=01;35:*.pgm=01;35:*.ppm=01;35:*.tga=01;35:*.xbm=01;35:*.xpm=01;35:*.tif=01;35:*.tiff=01;35:*.png=01;35:*.svg=01;35:*.svgz=01;35:*.mng=01;35:*.pcx=01;35:*.mov=01;35:*.mpg=01;35:*.mpeg=01;35:*.m2v=01;35:*.mkv=01;35:*.webm=01;35:*.ogm=01;35:*.mp4=01;35:*.m4v=01;35:*.mp4v=01;35:*.vob=01;35:*.qt=01;35:*.nuv=01;35:*.wmv=01;35:*.asf=01;35:*.rm=01;35:*.rmvb=01;35:*.flc=01;35:*.avi=01;35:*.fli=01;35:*.flv=01;35:*.gl=01;35:*.dl=01;35:*.xcf=01;35:*.xwd=01;35:*.yuv=01;35:*.cgm=01;35:*.emf=01;35:*.ogv=01;35:*.ogx=01;35:*.aac=00;36:*.au=00;36:*.flac=00;36:*.m4a=00;36:*.mid=00;36:*.midi=00;36:*.mka=00;36:*.mp3=00;36:*.mpc=00;36:*.ogg=00;36:*.ra=00;36:*.wav=00;36:*.oga=00;36:*.opus=00;36:*.spx=00;36:*.xspf=00;36:', 'GNOME_TERMINAL_SERVICE': ':1.228', 'SSH_AUTH_SOCK': '/run/user/1000/keyring/ssh', 'AMENT_PREFIX_PATH': '/home/etdisc/depots/f1tenth/sim_ws/install/timer:/home/etdisc/depots/f1tenth/sim_ws/install/strategy:/home/etdisc/depots/f1tenth/sim_ws/install/localisation:/home/etdisc/depots/f1tenth/sim_ws/install/f1tenth_gym_ros:/home/etdisc/depots/f1tenth/sim_ws/install/custom_msgs:/home/etdisc/depots/f1tenth/sim_ws/install/Waypoints:/home/etdisc/depots/f1tenth/sim_ws/install/Simple_algo:/home/etdisc/depots/f1tenth/sim_ws/install/Planif:/home/etdisc/depots/f1tenth/sim_ws/install/Mapping:/home/etdisc/depots/f1tenth/sim_ws/install/AEB:/opt/ros/galactic', 'SHELL': '/bin/bash', 'QT_ACCESSIBILITY': '1', 'GDMSESSION': 'ubuntu', 'LESSCLOSE': '/usr/bin/lesspipe %s %s', 'GPG_AGENT_INFO': '/run/user/1000/gnupg/S.gpg-agent:0:1', 'QT_IM_MODULE': 'ibus', 'PWD': '/home/etdisc/Bureau/codef1tenth/build/Simple_algo', 'LC_ALL': 'fr_FR.UTF-8', 'XDG_CONFIG_DIRS': '/etc/xdg/xdg-ubuntu:/etc/xdg', 'DBUS_STARTER_ADDRESS': 'unix:path=/run/user/1000/bus,guid=712999510530655913b37c6169709380', 'XDG_DATA_DIRS': '/usr/share/ubuntu:/usr/local/share/:/usr/share/:/var/lib/snapd/desktop', 'PYTHONPATH': '/home/etdisc/Bureau/codef1tenth/build/Simple_algo/prefix_override:/usr/lib/python3/dist-packages/colcon_core/task/python/colcon_distutils_commands:/home/etdisc/Bureau/codef1tenth/install/Simple_algo/lib/python3.8/site-packages:/home/etdisc/depots/f1tenth/sim_ws/install/timer/lib/python3.8/site-packages:/home/etdisc/depots/f1tenth/sim_ws/install/strategy/lib/python3.8/site-packages:/home/etdisc/depots/f1tenth/sim_ws/install/localisation/lib/python3.8/site-packages:/home/etdisc/depots/f1tenth/sim_ws/install/f1tenth_gym_ros/lib/python3.8/site-packages:/home/etdisc/depots/f1tenth/sim_ws/install/custom_msgs/lib/python3.8/site-packages:/home/etdisc/depots/f1tenth/sim_ws/install/Waypoints/lib/python3.8/site-packages:/home/etdisc/depots/f1tenth/sim_ws/install/Simple_algo/lib/python3.8/site-packages:/home/etdisc/depots/f1tenth/sim_ws/install/Planif/lib/python3.8/site-packages:/home/etdisc/depots/f1tenth/sim_ws/install/Mapping/lib/python3.8/site-packages:/home/etdisc/depots/f1tenth/sim_ws/install/AEB/lib/python3.8/site-packages:/opt/ros/galactic/lib/python3.8/site-packages', 'HTTP_PROXY': 'http://proxy:3128', 'COLCON': '1', 'VTE_VERSION': '6003', 'CMAKE_PREFIX_PATH': '/home/etdisc/depots/f1tenth/sim_ws/install/custom_msgs'}, 'shell': False}
[3.754626] (Planif) Command: {'cmd': ['/usr/bin/python3', '-W', 'ignore:setup.py install is deprecated', '-W', 'ignore:easy_install command is deprecated', 'setup.py', 'egg_info', '--egg-base', '../../build/Planif', 'build', '--build-base', '/home/etdisc/Bureau/codef1tenth/build/Planif/build', 'install', '--record', '/home/etdisc/Bureau/codef1tenth/build/Planif/install.log', '--single-version-externally-managed', 'install_data'], 'cwd': '/home/etdisc/Bureau/codef1tenth/src/Planif', 'env': {'LESSOPEN': '| /usr/bin/lesspipe %s', 'HTTPS_PROXY': 'http://proxy:3128', 'USER': 'etdisc', 'SSH_AGENT_PID': '1666', 'XDG_SESSION_TYPE': 'x11', 'SHLVL': '1', 'LD_LIBRARY_PATH': '/home/etdisc/depots/f1tenth/sim_ws/install/custom_msgs/lib:/usr/lib/x86_64-linux-gnu/gazebo-11/plugins:/opt/ros/galactic/opt/yaml_cpp_vendor/lib:/opt/ros/galactic/opt/rviz_ogre_vendor/lib:/opt/ros/galactic/lib/x86_64-linux-gnu:/opt/ros/galactic/lib', 'HOME': '/home/etdisc', 'DESKTOP_SESSION': 'ubuntu', 'ROS_PYTHON_VERSION': '3', 'GNOME_SHELL_SESSION_MODE': 'ubuntu', 'GTK_MODULES': 'gail:atk-bridge', 'MANAGERPID': '1571', 'DBUS_STARTER_BUS_TYPE': 'session', 'DBUS_SESSION_BUS_ADDRESS': 'unix:path=/run/user/1000/bus,guid=712999510530655913b37c6169709380', 'COLORTERM': 'truecolor', 'IM_CONFIG_PHASE': '1', 'https_proxy': 'http://proxy:3128', 'COLCON_PREFIX_PATH': '/home/etdisc/depots/f1tenth/sim_ws/install', 'ROS_DISTRO': 'galactic', 'LOGNAME': 'etdisc', 'http_proxy': 'http://proxy:3128', 'JOURNAL_STREAM': '8:65626', '_': '/usr/bin/colcon', 'ROS_VERSION': '2', 'XDG_SESSION_CLASS': 'user', 'USERNAME': 'etdisc', 'TERM': 'xterm-256color', 'GNOME_DESKTOP_SESSION_ID': 'this-is-deprecated', 'ROS_LOCALHOST_ONLY': '1', 'WINDOWPATH': '2', 'PATH': '/opt/ros/galactic/bin:/snap/bin:/home/etdisc/.local/bin:/usr/local/sbin:/usr/local/bin:/usr/sbin:/usr/bin:/sbin:/bin:/usr/games:/usr/local/games:/snap/bin', 'SESSION_MANAGER': 'local/etdisc-virtual-machine:@/tmp/.ICE-unix/1701,unix/etdisc-virtual-machine:/tmp/.ICE-unix/1701', 'INVOCATION_ID': '81bd2218a54643fdb444052878adae1a', 'XDG_MENU_PREFIX': 'gnome-', 'GNOME_TERMINAL_SCREEN': '/org/gnome/Terminal/screen/f65c3d91_b098_4021_930d_b5c8320fde15', 'XDG_RUNTIME_DIR': '/run/user/1000', 'DISPLAY': ':0', 'LANG': 'fr_FR.UTF-8', 'XDG_CURRENT_DESKTOP': 'ubuntu:GNOME', 'XMODIFIERS': '@im=ibus', 'XDG_SESSION_DESKTOP': 'ubuntu', 'XAUTHORITY': '/run/user/1000/gdm/Xauthority', 'LS_COLORS': 'rs=0:di=01;34:ln=01;36:mh=00:pi=40;33:so=01;35:do=01;35:bd=40;33;01:cd=40;33;01:or=40;31;01:mi=00:su=37;41:sg=30;43:ca=30;41:tw=30;42:ow=34;42:st=37;44:ex=01;32:*.tar=01;31:*.tgz=01;31:*.arc=01;31:*.arj=01;31:*.taz=01;31:*.lha=01;31:*.lz4=01;31:*.lzh=01;31:*.lzma=01;31:*.tlz=01;31:*.txz=01;31:*.tzo=01;31:*.t7z=01;31:*.zip=01;31:*.z=01;31:*.dz=01;31:*.gz=01;31:*.lrz=01;31:*.lz=01;31:*.lzo=01;31:*.xz=01;31:*.zst=01;31:*.tzst=01;31:*.bz2=01;31:*.bz=01;31:*.tbz=01;31:*.tbz2=01;31:*.tz=01;31:*.deb=01;31:*.rpm=01;31:*.jar=01;31:*.war=01;31:*.ear=01;31:*.sar=01;31:*.rar=01;31:*.alz=01;31:*.ace=01;31:*.zoo=01;31:*.cpio=01;31:*.7z=01;31:*.rz=01;31:*.cab=01;31:*.wim=01;31:*.swm=01;31:*.dwm=01;31:*.esd=01;31:*.jpg=01;35:*.jpeg=01;35:*.mjpg=01;35:*.mjpeg=01;35:*.gif=01;35:*.bmp=01;35:*.pbm=01;35:*.pgm=01;35:*.ppm=01;35:*.tga=01;35:*.xbm=01;35:*.xpm=01;35:*.tif=01;35:*.tiff=01;35:*.png=01;35:*.svg=01;35:*.svgz=01;35:*.mng=01;35:*.pcx=01;35:*.mov=01;35:*.mpg=01;35:*.mpeg=01;35:*.m2v=01;35:*.mkv=01;35:*.webm=01;35:*.ogm=01;35:*.mp4=01;35:*.m4v=01;35:*.mp4v=01;35:*.vob=01;35:*.qt=01;35:*.nuv=01;35:*.wmv=01;35:*.asf=01;35:*.rm=01;35:*.rmvb=01;35:*.flc=01;35:*.avi=01;35:*.fli=01;35:*.flv=01;35:*.gl=01;35:*.dl=01;35:*.xcf=01;35:*.xwd=01;35:*.yuv=01;35:*.cgm=01;35:*.emf=01;35:*.ogv=01;35:*.ogx=01;35:*.aac=00;36:*.au=00;36:*.flac=00;36:*.m4a=00;36:*.mid=00;36:*.midi=00;36:*.mka=00;36:*.mp3=00;36:*.mpc=00;36:*.ogg=00;36:*.ra=00;36:*.wav=00;36:*.oga=00;36:*.opus=00;36:*.spx=00;36:*.xspf=00;36:', 'GNOME_TERMINAL_SERVICE': ':1.228', 'SSH_AUTH_SOCK': '/run/user/1000/keyring/ssh', 'AMENT_PREFIX_PATH': '/home/etdisc/depots/f1tenth/sim_ws/install/timer:/home/etdisc/depots/f1tenth/sim_ws/install/strategy:/home/etdisc/depots/f1tenth/sim_ws/install/localisation:/home/etdisc/depots/f1tenth/sim_ws/install/f1tenth_gym_ros:/home/etdisc/depots/f1tenth/sim_ws/install/custom_msgs:/home/etdisc/depots/f1tenth/sim_ws/install/Waypoints:/home/etdisc/depots/f1tenth/sim_ws/install/Simple_algo:/home/etdisc/depots/f1tenth/sim_ws/install/Planif:/home/etdisc/depots/f1tenth/sim_ws/install/Mapping:/home/etdisc/depots/f1tenth/sim_ws/install/AEB:/opt/ros/galactic', 'SHELL': '/bin/bash', 'QT_ACCESSIBILITY': '1', 'GDMSESSION': 'ubuntu', 'LESSCLOSE': '/usr/bin/lesspipe %s %s', 'GPG_AGENT_INFO': '/run/user/1000/gnupg/S.gpg-agent:0:1', 'QT_IM_MODULE': 'ibus', 'PWD': '/home/etdisc/Bureau/codef1tenth/build/Planif', 'LC_ALL': 'fr_FR.UTF-8', 'XDG_CONFIG_DIRS': '/etc/xdg/xdg-ubuntu:/etc/xdg', 'DBUS_STARTER_ADDRESS': 'unix:path=/run/user/1000/bus,guid=712999510530655913b37c6169709380', 'XDG_DATA_DIRS': '/usr/share/ubuntu:/usr/local/share/:/usr/share/:/var/lib/snapd/desktop', 'PYTHONPATH': '/home/etdisc/Bureau/codef1tenth/build/Planif/prefix_override:/usr/lib/python3/dist-packages/colcon_core/task/python/colcon_distutils_commands:/home/etdisc/Bureau/codef1tenth/install/Planif/lib/python3.8/site-packages:/home/etdisc/depots/f1tenth/sim_ws/install/timer/lib/python3.8/site-packages:/home/etdisc/depots/f1tenth/sim_ws/install/strategy/lib/python3.8/site-packages:/home/etdisc/depots/f1tenth/sim_ws/install/localisation/lib/python3.8/site-packages:/home/etdisc/depots/f1tenth/sim_ws/install/f1tenth_gym_ros/lib/python3.8/site-packages:/home/etdisc/depots/f1tenth/sim_ws/install/custom_msgs/lib/python3.8/site-packages:/home/etdisc/depots/f1tenth/sim_ws/install/Waypoints/lib/python3.8/site-packages:/home/etdisc/depots/f1tenth/sim_ws/install/Simple_algo/lib/python3.8/site-packages:/home/etdisc/depots/f1tenth/sim_ws/install/Planif/lib/python3.8/site-packages:/home/etdisc/depots/f1tenth/sim_ws/install/Mapping/lib/python3.8/site-packages:/home/etdisc/depots/f1tenth/sim_ws/install/AEB/lib/python3.8/site-packages:/opt/ros/galactic/lib/python3.8/site-packages', 'HTTP_PROXY': 'http://proxy:3128', 'COLCON': '1', 'VTE_VERSION': '6003', 'CMAKE_PREFIX_PATH': '/home/etdisc/depots/f1tenth/sim_ws/install/custom_msgs'}, 'shell': False}
[3.770064] (f1tenth_gym_ros) Command: {'cmd': ['/usr/bin/python3', '-W', 'ignore:setup.py install is deprecated', '-W', 'ignore:easy_install command is deprecated', 'setup.py', 'egg_info', '--egg-base', '../../build/f1tenth_gym_ros', 'build', '--build-base', '/home/etdisc/Bureau/codef1tenth/build/f1tenth_gym_ros/build', 'install', '--record', '/home/etdisc/Bureau/codef1tenth/build/f1tenth_gym_ros/install.log', '--install-scripts', '$base/lib/f1tenth_gym_ros', '--single-version-externally-managed', 'install_data'], 'cwd': '/home/etdisc/Bureau/codef1tenth/src/f1tenth_gym_ros', 'env': {'LESSOPEN': '| /usr/bin/lesspipe %s', 'HTTPS_PROXY': 'http://proxy:3128', 'USER': 'etdisc', 'SSH_AGENT_PID': '1666', 'XDG_SESSION_TYPE': 'x11', 'SHLVL': '1', 'LD_LIBRARY_PATH': '/home/etdisc/depots/f1tenth/sim_ws/install/custom_msgs/lib:/usr/lib/x86_64-linux-gnu/gazebo-11/plugins:/opt/ros/galactic/opt/yaml_cpp_vendor/lib:/opt/ros/galactic/opt/rviz_ogre_vendor/lib:/opt/ros/galactic/lib/x86_64-linux-gnu:/opt/ros/galactic/lib', 'HOME': '/home/etdisc', 'DESKTOP_SESSION': 'ubuntu', 'ROS_PYTHON_VERSION': '3', 'GNOME_SHELL_SESSION_MODE': 'ubuntu', 'GTK_MODULES': 'gail:atk-bridge', 'MANAGERPID': '1571', 'DBUS_STARTER_BUS_TYPE': 'session', 'DBUS_SESSION_BUS_ADDRESS': 'unix:path=/run/user/1000/bus,guid=712999510530655913b37c6169709380', 'COLORTERM': 'truecolor', 'IM_CONFIG_PHASE': '1', 'https_proxy': 'http://proxy:3128', 'COLCON_PREFIX_PATH': '/home/etdisc/depots/f1tenth/sim_ws/install', 'ROS_DISTRO': 'galactic', 'LOGNAME': 'etdisc', 'http_proxy': 'http://proxy:3128', 'JOURNAL_STREAM': '8:65626', '_': '/usr/bin/colcon', 'ROS_VERSION': '2', 'XDG_SESSION_CLASS': 'user', 'USERNAME': 'etdisc', 'TERM': 'xterm-256color', 'GNOME_DESKTOP_SESSION_ID': 'this-is-deprecated', 'ROS_LOCALHOST_ONLY': '1', 'WINDOWPATH': '2', 'PATH': '/opt/ros/galactic/bin:/snap/bin:/home/etdisc/.local/bin:/usr/local/sbin:/usr/local/bin:/usr/sbin:/usr/bin:/sbin:/bin:/usr/games:/usr/local/games:/snap/bin', 'SESSION_MANAGER': 'local/etdisc-virtual-machine:@/tmp/.ICE-unix/1701,unix/etdisc-virtual-machine:/tmp/.ICE-unix/1701', 'INVOCATION_ID': '81bd2218a54643fdb444052878adae1a', 'XDG_MENU_PREFIX': 'gnome-', 'GNOME_TERMINAL_SCREEN': '/org/gnome/Terminal/screen/f65c3d91_b098_4021_930d_b5c8320fde15', 'XDG_RUNTIME_DIR': '/run/user/1000', 'DISPLAY': ':0', 'LANG': 'fr_FR.UTF-8', 'XDG_CURRENT_DESKTOP': 'ubuntu:GNOME', 'XMODIFIERS': '@im=ibus', 'XDG_SESSION_DESKTOP': 'ubuntu', 'XAUTHORITY': '/run/user/1000/gdm/Xauthority', 'LS_COLORS': 'rs=0:di=01;34:ln=01;36:mh=00:pi=40;33:so=01;35:do=01;35:bd=40;33;01:cd=40;33;01:or=40;31;01:mi=00:su=37;41:sg=30;43:ca=30;41:tw=30;42:ow=34;42:st=37;44:ex=01;32:*.tar=01;31:*.tgz=01;31:*.arc=01;31:*.arj=01;31:*.taz=01;31:*.lha=01;31:*.lz4=01;31:*.lzh=01;31:*.lzma=01;31:*.tlz=01;31:*.txz=01;31:*.tzo=01;31:*.t7z=01;31:*.zip=01;31:*.z=01;31:*.dz=01;31:*.gz=01;31:*.lrz=01;31:*.lz=01;31:*.lzo=01;31:*.xz=01;31:*.zst=01;31:*.tzst=01;31:*.bz2=01;31:*.bz=01;31:*.tbz=01;31:*.tbz2=01;31:*.tz=01;31:*.deb=01;31:*.rpm=01;31:*.jar=01;31:*.war=01;31:*.ear=01;31:*.sar=01;31:*.rar=01;31:*.alz=01;31:*.ace=01;31:*.zoo=01;31:*.cpio=01;31:*.7z=01;31:*.rz=01;31:*.cab=01;31:*.wim=01;31:*.swm=01;31:*.dwm=01;31:*.esd=01;31:*.jpg=01;35:*.jpeg=01;35:*.mjpg=01;35:*.mjpeg=01;35:*.gif=01;35:*.bmp=01;35:*.pbm=01;35:*.pgm=01;35:*.ppm=01;35:*.tga=01;35:*.xbm=01;35:*.xpm=01;35:*.tif=01;35:*.tiff=01;35:*.png=01;35:*.svg=01;35:*.svgz=01;35:*.mng=01;35:*.pcx=01;35:*.mov=01;35:*.mpg=01;35:*.mpeg=01;35:*.m2v=01;35:*.mkv=01;35:*.webm=01;35:*.ogm=01;35:*.mp4=01;35:*.m4v=01;35:*.mp4v=01;35:*.vob=01;35:*.qt=01;35:*.nuv=01;35:*.wmv=01;35:*.asf=01;35:*.rm=01;35:*.rmvb=01;35:*.flc=01;35:*.avi=01;35:*.fli=01;35:*.flv=01;35:*.gl=01;35:*.dl=01;35:*.xcf=01;35:*.xwd=01;35:*.yuv=01;35:*.cgm=01;35:*.emf=01;35:*.ogv=01;35:*.ogx=01;35:*.aac=00;36:*.au=00;36:*.flac=00;36:*.m4a=00;36:*.mid=00;36:*.midi=00;36:*.mka=00;36:*.mp3=00;36:*.mpc=00;36:*.ogg=00;36:*.ra=00;36:*.wav=00;36:*.oga=00;36:*.opus=00;36:*.spx=00;36:*.xspf=00;36:', 'GNOME_TERMINAL_SERVICE': ':1.228', 'SSH_AUTH_SOCK': '/run/user/1000/keyring/ssh', 'AMENT_PREFIX_PATH': '/home/etdisc/depots/f1tenth/sim_ws/install/timer:/home/etdisc/depots/f1tenth/sim_ws/install/strategy:/home/etdisc/depots/f1tenth/sim_ws/install/localisation:/home/etdisc/depots/f1tenth/sim_ws/install/f1tenth_gym_ros:/home/etdisc/depots/f1tenth/sim_ws/install/custom_msgs:/home/etdisc/depots/f1tenth/sim_ws/install/Waypoints:/home/etdisc/depots/f1tenth/sim_ws/install/Simple_algo:/home/etdisc/depots/f1tenth/sim_ws/install/Planif:/home/etdisc/depots/f1tenth/sim_ws/install/Mapping:/home/etdisc/depots/f1tenth/sim_ws/install/AEB:/opt/ros/galactic', 'SHELL': '/bin/bash', 'QT_ACCESSIBILITY': '1', 'GDMSESSION': 'ubuntu', 'LESSCLOSE': '/usr/bin/lesspipe %s %s', 'GPG_AGENT_INFO': '/run/user/1000/gnupg/S.gpg-agent:0:1', 'QT_IM_MODULE': 'ibus', 'PWD': '/home/etdisc/Bureau/codef1tenth/build/f1tenth_gym_ros', 'LC_ALL': 'fr_FR.UTF-8', 'XDG_CONFIG_DIRS': '/etc/xdg/xdg-ubuntu:/etc/xdg', 'DBUS_STARTER_ADDRESS': 'unix:path=/run/user/1000/bus,guid=712999510530655913b37c6169709380', 'XDG_DATA_DIRS': '/usr/share/ubuntu:/usr/local/share/:/usr/share/:/var/lib/snapd/desktop', 'PYTHONPATH': '/home/etdisc/Bureau/codef1tenth/build/f1tenth_gym_ros/prefix_override:/usr/lib/python3/dist-packages/colcon_core/task/python/colcon_distutils_commands:/home/etdisc/Bureau/codef1tenth/install/f1tenth_gym_ros/lib/python3.8/site-packages:/home/etdisc/depots/f1tenth/sim_ws/install/timer/lib/python3.8/site-packages:/home/etdisc/depots/f1tenth/sim_ws/install/strategy/lib/python3.8/site-packages:/home/etdisc/depots/f1tenth/sim_ws/install/localisation/lib/python3.8/site-packages:/home/etdisc/depots/f1tenth/sim_ws/install/f1tenth_gym_ros/lib/python3.8/site-packages:/home/etdisc/depots/f1tenth/sim_ws/install/custom_msgs/lib/python3.8/site-packages:/home/etdisc/depots/f1tenth/sim_ws/install/Waypoints/lib/python3.8/site-packages:/home/etdisc/depots/f1tenth/sim_ws/install/Simple_algo/lib/python3.8/site-packages:/home/etdisc/depots/f1tenth/sim_ws/install/Planif/lib/python3.8/site-packages:/home/etdisc/depots/f1tenth/sim_ws/install/Mapping/lib/python3.8/site-packages:/home/etdisc/depots/f1tenth/sim_ws/install/AEB/lib/python3.8/site-packages:/opt/ros/galactic/lib/python3.8/site-packages', 'HTTP_PROXY': 'http://proxy:3128', 'COLCON': '1', 'VTE_VERSION': '6003', 'CMAKE_PREFIX_PATH': '/home/etdisc/depots/f1tenth/sim_ws/install/custom_msgs'}, 'shell': False}
[3.821904] (Waypoints) Command: {'cmd': ['/usr/bin/python3', '-W', 'ignore:setup.py install is deprecated', '-W', 'ignore:easy_install command is deprecated', 'setup.py', 'egg_info', '--egg-base', '../../build/Waypoints', 'build', '--build-base', '/home/etdisc/Bureau/codef1tenth/build/Waypoints/build', 'install', '--record', '/home/etdisc/Bureau/codef1tenth/build/Waypoints/install.log', '--single-version-externally-managed', 'install_data'], 'cwd': '/home/etdisc/Bureau/codef1tenth/src/Waypoints', 'env': {'LESSOPEN': '| /usr/bin/lesspipe %s', 'HTTPS_PROXY': 'http://proxy:3128', 'USER': 'etdisc', 'SSH_AGENT_PID': '1666', 'XDG_SESSION_TYPE': 'x11', 'SHLVL': '1', 'LD_LIBRARY_PATH': '/home/etdisc/depots/f1tenth/sim_ws/install/custom_msgs/lib:/usr/lib/x86_64-linux-gnu/gazebo-11/plugins:/opt/ros/galactic/opt/yaml_cpp_vendor/lib:/opt/ros/galactic/opt/rviz_ogre_vendor/lib:/opt/ros/galactic/lib/x86_64-linux-gnu:/opt/ros/galactic/lib', 'HOME': '/home/etdisc', 'DESKTOP_SESSION': 'ubuntu', 'ROS_PYTHON_VERSION': '3', 'GNOME_SHELL_SESSION_MODE': 'ubuntu', 'GTK_MODULES': 'gail:atk-bridge', 'MANAGERPID': '1571', 'DBUS_STARTER_BUS_TYPE': 'session', 'DBUS_SESSION_BUS_ADDRESS': 'unix:path=/run/user/1000/bus,guid=712999510530655913b37c6169709380', 'COLORTERM': 'truecolor', 'IM_CONFIG_PHASE': '1', 'https_proxy': 'http://proxy:3128', 'COLCON_PREFIX_PATH': '/home/etdisc/depots/f1tenth/sim_ws/install', 'ROS_DISTRO': 'galactic', 'LOGNAME': 'etdisc', 'http_proxy': 'http://proxy:3128', 'JOURNAL_STREAM': '8:65626', '_': '/usr/bin/colcon', 'ROS_VERSION': '2', 'XDG_SESSION_CLASS': 'user', 'USERNAME': 'etdisc', 'TERM': 'xterm-256color', 'GNOME_DESKTOP_SESSION_ID': 'this-is-deprecated', 'ROS_LOCALHOST_ONLY': '1', 'WINDOWPATH': '2', 'PATH': '/opt/ros/galactic/bin:/snap/bin:/home/etdisc/.local/bin:/usr/local/sbin:/usr/local/bin:/usr/sbin:/usr/bin:/sbin:/bin:/usr/games:/usr/local/games:/snap/bin', 'SESSION_MANAGER': 'local/etdisc-virtual-machine:@/tmp/.ICE-unix/1701,unix/etdisc-virtual-machine:/tmp/.ICE-unix/1701', 'INVOCATION_ID': '81bd2218a54643fdb444052878adae1a', 'XDG_MENU_PREFIX': 'gnome-', 'GNOME_TERMINAL_SCREEN': '/org/gnome/Terminal/screen/f65c3d91_b098_4021_930d_b5c8320fde15', 'XDG_RUNTIME_DIR': '/run/user/1000', 'DISPLAY': ':0', 'LANG': 'fr_FR.UTF-8', 'XDG_CURRENT_DESKTOP': 'ubuntu:GNOME', 'XMODIFIERS': '@im=ibus', 'XDG_SESSION_DESKTOP': 'ubuntu', 'XAUTHORITY': '/run/user/1000/gdm/Xauthority', 'LS_COLORS': 'rs=0:di=01;34:ln=01;36:mh=00:pi=40;33:so=01;35:do=01;35:bd=40;33;01:cd=40;33;01:or=40;31;01:mi=00:su=37;41:sg=30;43:ca=30;41:tw=30;42:ow=34;42:st=37;44:ex=01;32:*.tar=01;31:*.tgz=01;31:*.arc=01;31:*.arj=01;31:*.taz=01;31:*.lha=01;31:*.lz4=01;31:*.lzh=01;31:*.lzma=01;31:*.tlz=01;31:*.txz=01;31:*.tzo=01;31:*.t7z=01;31:*.zip=01;31:*.z=01;31:*.dz=01;31:*.gz=01;31:*.lrz=01;31:*.lz=01;31:*.lzo=01;31:*.xz=01;31:*.zst=01;31:*.tzst=01;31:*.bz2=01;31:*.bz=01;31:*.tbz=01;31:*.tbz2=01;31:*.tz=01;31:*.deb=01;31:*.rpm=01;31:*.jar=01;31:*.war=01;31:*.ear=01;31:*.sar=01;31:*.rar=01;31:*.alz=01;31:*.ace=01;31:*.zoo=01;31:*.cpio=01;31:*.7z=01;31:*.rz=01;31:*.cab=01;31:*.wim=01;31:*.swm=01;31:*.dwm=01;31:*.esd=01;31:*.jpg=01;35:*.jpeg=01;35:*.mjpg=01;35:*.mjpeg=01;35:*.gif=01;35:*.bmp=01;35:*.pbm=01;35:*.pgm=01;35:*.ppm=01;35:*.tga=01;35:*.xbm=01;35:*.xpm=01;35:*.tif=01;35:*.tiff=01;35:*.png=01;35:*.svg=01;35:*.svgz=01;35:*.mng=01;35:*.pcx=01;35:*.mov=01;35:*.mpg=01;35:*.mpeg=01;35:*.m2v=01;35:*.mkv=01;35:*.webm=01;35:*.ogm=01;35:*.mp4=01;35:*.m4v=01;35:*.mp4v=01;35:*.vob=01;35:*.qt=01;35:*.nuv=01;35:*.wmv=01;35:*.asf=01;35:*.rm=01;35:*.rmvb=01;35:*.flc=01;35:*.avi=01;35:*.fli=01;35:*.flv=01;35:*.gl=01;35:*.dl=01;35:*.xcf=01;35:*.xwd=01;35:*.yuv=01;35:*.cgm=01;35:*.emf=01;35:*.ogv=01;35:*.ogx=01;35:*.aac=00;36:*.au=00;36:*.flac=00;36:*.m4a=00;36:*.mid=00;36:*.midi=00;36:*.mka=00;36:*.mp3=00;36:*.mpc=00;36:*.ogg=00;36:*.ra=00;36:*.wav=00;36:*.oga=00;36:*.opus=00;36:*.spx=00;36:*.xspf=00;36:', 'GNOME_TERMINAL_SERVICE': ':1.228', 'SSH_AUTH_SOCK': '/run/user/1000/keyring/ssh', 'AMENT_PREFIX_PATH': '/home/etdisc/depots/f1tenth/sim_ws/install/timer:/home/etdisc/depots/f1tenth/sim_ws/install/strategy:/home/etdisc/depots/f1tenth/sim_ws/install/localisation:/home/etdisc/depots/f1tenth/sim_ws/install/f1tenth_gym_ros:/home/etdisc/depots/f1tenth/sim_ws/install/custom_msgs:/home/etdisc/depots/f1tenth/sim_ws/install/Waypoints:/home/etdisc/depots/f1tenth/sim_ws/install/Simple_algo:/home/etdisc/depots/f1tenth/sim_ws/install/Planif:/home/etdisc/depots/f1tenth/sim_ws/install/Mapping:/home/etdisc/depots/f1tenth/sim_ws/install/AEB:/opt/ros/galactic', 'SHELL': '/bin/bash', 'QT_ACCESSIBILITY': '1', 'GDMSESSION': 'ubuntu', 'LESSCLOSE': '/usr/bin/lesspipe %s %s', 'GPG_AGENT_INFO': '/run/user/1000/gnupg/S.gpg-agent:0:1', 'QT_IM_MODULE': 'ibus', 'PWD': '/home/etdisc/Bureau/codef1tenth/build/Waypoints', 'LC_ALL': 'fr_FR.UTF-8', 'XDG_CONFIG_DIRS': '/etc/xdg/xdg-ubuntu:/etc/xdg', 'DBUS_STARTER_ADDRESS': 'unix:path=/run/user/1000/bus,guid=712999510530655913b37c6169709380', 'XDG_DATA_DIRS': '/usr/share/ubuntu:/usr/local/share/:/usr/share/:/var/lib/snapd/desktop', 'PYTHONPATH': '/home/etdisc/Bureau/codef1tenth/build/Waypoints/prefix_override:/usr/lib/python3/dist-packages/colcon_core/task/python/colcon_distutils_commands:/home/etdisc/Bureau/codef1tenth/install/Waypoints/lib/python3.8/site-packages:/home/etdisc/depots/f1tenth/sim_ws/install/timer/lib/python3.8/site-packages:/home/etdisc/depots/f1tenth/sim_ws/install/strategy/lib/python3.8/site-packages:/home/etdisc/depots/f1tenth/sim_ws/install/localisation/lib/python3.8/site-packages:/home/etdisc/depots/f1tenth/sim_ws/install/f1tenth_gym_ros/lib/python3.8/site-packages:/home/etdisc/depots/f1tenth/sim_ws/install/custom_msgs/lib/python3.8/site-packages:/home/etdisc/depots/f1tenth/sim_ws/install/Waypoints/lib/python3.8/site-packages:/home/etdisc/depots/f1tenth/sim_ws/install/Simple_algo/lib/python3.8/site-packages:/home/etdisc/depots/f1tenth/sim_ws/install/Planif/lib/python3.8/site-packages:/home/etdisc/depots/f1tenth/sim_ws/install/Mapping/lib/python3.8/site-packages:/home/etdisc/depots/f1tenth/sim_ws/install/AEB/lib/python3.8/site-packages:/opt/ros/galactic/lib/python3.8/site-packages', 'HTTP_PROXY': 'http://proxy:3128', 'COLCON': '1', 'VTE_VERSION': '6003', 'CMAKE_PREFIX_PATH': '/home/etdisc/depots/f1tenth/sim_ws/install/custom_msgs'}, 'shell': False}
[3.828372] (-) TimerEvent: {}
[3.907535] (localisation) Command: {'cmd': ['/usr/bin/python3', '-W', 'ignore:setup.py install is deprecated', '-W', 'ignore:easy_install command is deprecated', 'setup.py', 'egg_info', '--egg-base', '../../build/localisation', 'build', '--build-base', '/home/etdisc/Bureau/codef1tenth/build/localisation/build', 'install', '--record', '/home/etdisc/Bureau/codef1tenth/build/localisation/install.log', '--single-version-externally-managed', 'install_data'], 'cwd': '/home/etdisc/Bureau/codef1tenth/src/localisation', 'env': {'LESSOPEN': '| /usr/bin/lesspipe %s', 'HTTPS_PROXY': 'http://proxy:3128', 'USER': 'etdisc', 'SSH_AGENT_PID': '1666', 'XDG_SESSION_TYPE': 'x11', 'SHLVL': '1', 'LD_LIBRARY_PATH': '/home/etdisc/depots/f1tenth/sim_ws/install/custom_msgs/lib:/usr/lib/x86_64-linux-gnu/gazebo-11/plugins:/opt/ros/galactic/opt/yaml_cpp_vendor/lib:/opt/ros/galactic/opt/rviz_ogre_vendor/lib:/opt/ros/galactic/lib/x86_64-linux-gnu:/opt/ros/galactic/lib', 'HOME': '/home/etdisc', 'DESKTOP_SESSION': 'ubuntu', 'ROS_PYTHON_VERSION': '3', 'GNOME_SHELL_SESSION_MODE': 'ubuntu', 'GTK_MODULES': 'gail:atk-bridge', 'MANAGERPID': '1571', 'DBUS_STARTER_BUS_TYPE': 'session', 'DBUS_SESSION_BUS_ADDRESS': 'unix:path=/run/user/1000/bus,guid=712999510530655913b37c6169709380', 'COLORTERM': 'truecolor', 'IM_CONFIG_PHASE': '1', 'https_proxy': 'http://proxy:3128', 'COLCON_PREFIX_PATH': '/home/etdisc/depots/f1tenth/sim_ws/install', 'ROS_DISTRO': 'galactic', 'LOGNAME': 'etdisc', 'http_proxy': 'http://proxy:3128', 'JOURNAL_STREAM': '8:65626', '_': '/usr/bin/colcon', 'ROS_VERSION': '2', 'XDG_SESSION_CLASS': 'user', 'USERNAME': 'etdisc', 'TERM': 'xterm-256color', 'GNOME_DESKTOP_SESSION_ID': 'this-is-deprecated', 'ROS_LOCALHOST_ONLY': '1', 'WINDOWPATH': '2', 'PATH': '/opt/ros/galactic/bin:/snap/bin:/home/etdisc/.local/bin:/usr/local/sbin:/usr/local/bin:/usr/sbin:/usr/bin:/sbin:/bin:/usr/games:/usr/local/games:/snap/bin', 'SESSION_MANAGER': 'local/etdisc-virtual-machine:@/tmp/.ICE-unix/1701,unix/etdisc-virtual-machine:/tmp/.ICE-unix/1701', 'INVOCATION_ID': '81bd2218a54643fdb444052878adae1a', 'XDG_MENU_PREFIX': 'gnome-', 'GNOME_TERMINAL_SCREEN': '/org/gnome/Terminal/screen/f65c3d91_b098_4021_930d_b5c8320fde15', 'XDG_RUNTIME_DIR': '/run/user/1000', 'DISPLAY': ':0', 'LANG': 'fr_FR.UTF-8', 'XDG_CURRENT_DESKTOP': 'ubuntu:GNOME', 'XMODIFIERS': '@im=ibus', 'XDG_SESSION_DESKTOP': 'ubuntu', 'XAUTHORITY': '/run/user/1000/gdm/Xauthority', 'LS_COLORS': 'rs=0:di=01;34:ln=01;36:mh=00:pi=40;33:so=01;35:do=01;35:bd=40;33;01:cd=40;33;01:or=40;31;01:mi=00:su=37;41:sg=30;43:ca=30;41:tw=30;42:ow=34;42:st=37;44:ex=01;32:*.tar=01;31:*.tgz=01;31:*.arc=01;31:*.arj=01;31:*.taz=01;31:*.lha=01;31:*.lz4=01;31:*.lzh=01;31:*.lzma=01;31:*.tlz=01;31:*.txz=01;31:*.tzo=01;31:*.t7z=01;31:*.zip=01;31:*.z=01;31:*.dz=01;31:*.gz=01;31:*.lrz=01;31:*.lz=01;31:*.lzo=01;31:*.xz=01;31:*.zst=01;31:*.tzst=01;31:*.bz2=01;31:*.bz=01;31:*.tbz=01;31:*.tbz2=01;31:*.tz=01;31:*.deb=01;31:*.rpm=01;31:*.jar=01;31:*.war=01;31:*.ear=01;31:*.sar=01;31:*.rar=01;31:*.alz=01;31:*.ace=01;31:*.zoo=01;31:*.cpio=01;31:*.7z=01;31:*.rz=01;31:*.cab=01;31:*.wim=01;31:*.swm=01;31:*.dwm=01;31:*.esd=01;31:*.jpg=01;35:*.jpeg=01;35:*.mjpg=01;35:*.mjpeg=01;35:*.gif=01;35:*.bmp=01;35:*.pbm=01;35:*.pgm=01;35:*.ppm=01;35:*.tga=01;35:*.xbm=01;35:*.xpm=01;35:*.tif=01;35:*.tiff=01;35:*.png=01;35:*.svg=01;35:*.svgz=01;35:*.mng=01;35:*.pcx=01;35:*.mov=01;35:*.mpg=01;35:*.mpeg=01;35:*.m2v=01;35:*.mkv=01;35:*.webm=01;35:*.ogm=01;35:*.mp4=01;35:*.m4v=01;35:*.mp4v=01;35:*.vob=01;35:*.qt=01;35:*.nuv=01;35:*.wmv=01;35:*.asf=01;35:*.rm=01;35:*.rmvb=01;35:*.flc=01;35:*.avi=01;35:*.fli=01;35:*.flv=01;35:*.gl=01;35:*.dl=01;35:*.xcf=01;35:*.xwd=01;35:*.yuv=01;35:*.cgm=01;35:*.emf=01;35:*.ogv=01;35:*.ogx=01;35:*.aac=00;36:*.au=00;36:*.flac=00;36:*.m4a=00;36:*.mid=00;36:*.midi=00;36:*.mka=00;36:*.mp3=00;36:*.mpc=00;36:*.ogg=00;36:*.ra=00;36:*.wav=00;36:*.oga=00;36:*.opus=00;36:*.spx=00;36:*.xspf=00;36:', 'GNOME_TERMINAL_SERVICE': ':1.228', 'SSH_AUTH_SOCK': '/run/user/1000/keyring/ssh', 'AMENT_PREFIX_PATH': '/home/etdisc/depots/f1tenth/sim_ws/install/timer:/home/etdisc/depots/f1tenth/sim_ws/install/strategy:/home/etdisc/depots/f1tenth/sim_ws/install/localisation:/home/etdisc/depots/f1tenth/sim_ws/install/f1tenth_gym_ros:/home/etdisc/depots/f1tenth/sim_ws/install/custom_msgs:/home/etdisc/depots/f1tenth/sim_ws/install/Waypoints:/home/etdisc/depots/f1tenth/sim_ws/install/Simple_algo:/home/etdisc/depots/f1tenth/sim_ws/install/Planif:/home/etdisc/depots/f1tenth/sim_ws/install/Mapping:/home/etdisc/depots/f1tenth/sim_ws/install/AEB:/opt/ros/galactic', 'SHELL': '/bin/bash', 'QT_ACCESSIBILITY': '1', 'GDMSESSION': 'ubuntu', 'LESSCLOSE': '/usr/bin/lesspipe %s %s', 'GPG_AGENT_INFO': '/run/user/1000/gnupg/S.gpg-agent:0:1', 'QT_IM_MODULE': 'ibus', 'PWD': '/home/etdisc/Bureau/codef1tenth/build/localisation', 'LC_ALL': 'fr_FR.UTF-8', 'XDG_CONFIG_DIRS': '/etc/xdg/xdg-ubuntu:/etc/xdg', 'DBUS_STARTER_ADDRESS': 'unix:path=/run/user/1000/bus,guid=712999510530655913b37c6169709380', 'XDG_DATA_DIRS': '/usr/share/ubuntu:/usr/local/share/:/usr/share/:/var/lib/snapd/desktop', 'PYTHONPATH': '/home/etdisc/Bureau/codef1tenth/build/localisation/prefix_override:/usr/lib/python3/dist-packages/colcon_core/task/python/colcon_distutils_commands:/home/etdisc/Bureau/codef1tenth/install/localisation/lib/python3.8/site-packages:/home/etdisc/depots/f1tenth/sim_ws/install/timer/lib/python3.8/site-packages:/home/etdisc/depots/f1tenth/sim_ws/install/strategy/lib/python3.8/site-packages:/home/etdisc/depots/f1tenth/sim_ws/install/localisation/lib/python3.8/site-packages:/home/etdisc/depots/f1tenth/sim_ws/install/f1tenth_gym_ros/lib/python3.8/site-packages:/home/etdisc/depots/f1tenth/sim_ws/install/custom_msgs/lib/python3.8/site-packages:/home/etdisc/depots/f1tenth/sim_ws/install/Waypoints/lib/python3.8/site-packages:/home/etdisc/depots/f1tenth/sim_ws/install/Simple_algo/lib/python3.8/site-packages:/home/etdisc/depots/f1tenth/sim_ws/install/Planif/lib/python3.8/site-packages:/home/etdisc/depots/f1tenth/sim_ws/install/Mapping/lib/python3.8/site-packages:/home/etdisc/depots/f1tenth/sim_ws/install/AEB/lib/python3.8/site-packages:/opt/ros/galactic/lib/python3.8/site-packages', 'HTTP_PROXY': 'http://proxy:3128', 'COLCON': '1', 'VTE_VERSION': '6003', 'CMAKE_PREFIX_PATH': '/home/etdisc/depots/f1tenth/sim_ws/install/custom_msgs'}, 'shell': False}
[3.928636] (-) TimerEvent: {}
[4.029467] (-) TimerEvent: {}
[4.129935] (-) TimerEvent: {}
[4.230526] (-) TimerEvent: {}
[4.257975] (Mapping) StdoutLine: {'line': b'running egg_info\n'}
[4.259099] (Mapping) StdoutLine: {'line': b'writing ../../build/Mapping/Mapping.egg-info/PKG-INFO\n'}
[4.260443] (Mapping) StdoutLine: {'line': b'writing dependency_links to ../../build/Mapping/Mapping.egg-info/dependency_links.txt\n'}
[4.261117] (Mapping) StdoutLine: {'line': b'writing entry points to ../../build/Mapping/Mapping.egg-info/entry_points.txt\n'}
[4.261571] (Mapping) StdoutLine: {'line': b'writing requirements to ../../build/Mapping/Mapping.egg-info/requires.txt\n'}
[4.262009] (Mapping) StdoutLine: {'line': b'writing top-level names to ../../build/Mapping/Mapping.egg-info/top_level.txt\n'}
[4.295838] (AEB) StdoutLine: {'line': b'running egg_info\n'}
[4.297267] (AEB) StdoutLine: {'line': b'writing ../../build/AEB/AEB.egg-info/PKG-INFO\n'}
[4.298099] (AEB) StdoutLine: {'line': b'writing dependency_links to ../../build/AEB/AEB.egg-info/dependency_links.txt\n'}
[4.298609] (AEB) StdoutLine: {'line': b'writing entry points to ../../build/AEB/AEB.egg-info/entry_points.txt\n'}
[4.299103] (AEB) StdoutLine: {'line': b'writing requirements to ../../build/AEB/AEB.egg-info/requires.txt\n'}
[4.299558] (AEB) StdoutLine: {'line': b'writing top-level names to ../../build/AEB/AEB.egg-info/top_level.txt\n'}
[4.330651] (-) TimerEvent: {}
[4.333801] (Mapping) StdoutLine: {'line': b"reading manifest file '../../build/Mapping/Mapping.egg-info/SOURCES.txt'\n"}
[4.343851] (Mapping) StdoutLine: {'line': b"writing manifest file '../../build/Mapping/Mapping.egg-info/SOURCES.txt'\n"}
[4.344498] (Mapping) StdoutLine: {'line': b'running build\n'}
[4.344941] (Mapping) StdoutLine: {'line': b'running build_py\n'}
[4.346200] (Mapping) StdoutLine: {'line': b'running install\n'}
[4.348257] (Mapping) StdoutLine: {'line': b'running install_lib\n'}
[4.351540] (Mapping) StdoutLine: {'line': b'running install_data\n'}
[4.351960] (Mapping) StdoutLine: {'line': b'running install_egg_info\n'}
[4.355489] (Mapping) StdoutLine: {'line': b"removing '/home/etdisc/Bureau/codef1tenth/install/Mapping/lib/python3.8/site-packages/Mapping-0.0.0-py3.8.egg-info' (and everything under it)\n"}
[4.365542] (Simple_algo) StdoutLine: {'line': b'running egg_info\n'}
[4.365983] (Waypoints) StdoutLine: {'line': b'running egg_info\n'}
[4.366714] (Simple_algo) StdoutLine: {'line': b'writing ../../build/Simple_algo/Simple_algo.egg-info/PKG-INFO\n'}
[4.367250] (Waypoints) StdoutLine: {'line': b'writing ../../build/Waypoints/Waypoints.egg-info/PKG-INFO\n'}
[4.368291] (AEB) StdoutLine: {'line': b"reading manifest file '../../build/AEB/AEB.egg-info/SOURCES.txt'\n"}
[4.370272] (Waypoints) StdoutLine: {'line': b'writing dependency_links to ../../build/Waypoints/Waypoints.egg-info/dependency_links.txt\n'}
[4.371562] (Waypoints) StdoutLine: {'line': b'writing entry points to ../../build/Waypoints/Waypoints.egg-info/entry_points.txt\n'}
[4.372006] (Waypoints) StdoutLine: {'line': b'writing requirements to ../../build/Waypoints/Waypoints.egg-info/requires.txt\n'}
[4.372209] (Mapping) StdoutLine: {'line': b'Copying ../../build/Mapping/Mapping.egg-info to /home/etdisc/Bureau/codef1tenth/install/Mapping/lib/python3.8/site-packages/Mapping-0.0.0-py3.8.egg-info\n'}
[4.372355] (Waypoints) StdoutLine: {'line': b'writing top-level names to ../../build/Waypoints/Waypoints.egg-info/top_level.txt\n'}
[4.372893] (Mapping) StdoutLine: {'line': b'running install_scripts\n'}
[4.373402] (AEB) StdoutLine: {'line': b"writing manifest file '../../build/AEB/AEB.egg-info/SOURCES.txt'\n"}
[4.374285] (AEB) StdoutLine: {'line': b'running build\n'}
[4.374545] (AEB) StdoutLine: {'line': b'running build_py\n'}
[4.375220] (AEB) StdoutLine: {'line': b'running install\n'}
[4.377208] (AEB) StdoutLine: {'line': b'running install_lib\n'}
[4.380319] (AEB) StdoutLine: {'line': b'running install_data\n'}
[4.380844] (AEB) StdoutLine: {'line': b'running install_egg_info\n'}
[4.384015] (Simple_algo) StdoutLine: {'line': b'writing dependency_links to ../../build/Simple_algo/Simple_algo.egg-info/dependency_links.txt\n'}
[4.384555] (AEB) StdoutLine: {'line': b"removing '/home/etdisc/Bureau/codef1tenth/install/AEB/lib/python3.8/site-packages/AEB-0.0.0-py3.8.egg-info' (and everything under it)\n"}
[4.384969] (Simple_algo) StdoutLine: {'line': b'writing entry points to ../../build/Simple_algo/Simple_algo.egg-info/entry_points.txt\n'}
[4.385292] (AEB) StdoutLine: {'line': b'Copying ../../build/AEB/AEB.egg-info to /home/etdisc/Bureau/codef1tenth/install/AEB/lib/python3.8/site-packages/AEB-0.0.0-py3.8.egg-info\n'}
[4.385565] (Simple_algo) StdoutLine: {'line': b'writing requirements to ../../build/Simple_algo/Simple_algo.egg-info/requires.txt\n'}
[4.385879] (Simple_algo) StdoutLine: {'line': b'writing top-level names to ../../build/Simple_algo/Simple_algo.egg-info/top_level.txt\n'}
[4.387110] (AEB) StdoutLine: {'line': b'running install_scripts\n'}
[4.389901] (Planif) StdoutLine: {'line': b'running egg_info\n'}
[4.391073] (Planif) StdoutLine: {'line': b'writing ../../build/Planif/Planif.egg-info/PKG-INFO\n'}
[4.391844] (Planif) StdoutLine: {'line': b'writing dependency_links to ../../build/Planif/Planif.egg-info/dependency_links.txt\n'}
[4.392330] (Planif) StdoutLine: {'line': b'writing entry points to ../../build/Planif/Planif.egg-info/entry_points.txt\n'}
[4.392729] (Planif) StdoutLine: {'line': b'writing requirements to ../../build/Planif/Planif.egg-info/requires.txt\n'}
[4.393102] (Planif) StdoutLine: {'line': b'writing top-level names to ../../build/Planif/Planif.egg-info/top_level.txt\n'}
[4.411353] (f1tenth_gym_ros) StdoutLine: {'line': b'running egg_info\n'}
[4.413359] (f1tenth_gym_ros) StdoutLine: {'line': b'writing ../../build/f1tenth_gym_ros/f1tenth_gym_ros.egg-info/PKG-INFO\n'}
[4.414669] (f1tenth_gym_ros) StdoutLine: {'line': b'writing dependency_links to ../../build/f1tenth_gym_ros/f1tenth_gym_ros.egg-info/dependency_links.txt\n'}
[4.415784] (f1tenth_gym_ros) StdoutLine: {'line': b'writing entry points to ../../build/f1tenth_gym_ros/f1tenth_gym_ros.egg-info/entry_points.txt\n'}
[4.416722] (f1tenth_gym_ros) StdoutLine: {'line': b'writing requirements to ../../build/f1tenth_gym_ros/f1tenth_gym_ros.egg-info/requires.txt\n'}
[4.417943] (f1tenth_gym_ros) StdoutLine: {'line': b'writing top-level names to ../../build/f1tenth_gym_ros/f1tenth_gym_ros.egg-info/top_level.txt\n'}
[4.425558] (AEB) StdoutLine: {'line': b'Installing AEB script to /home/etdisc/Bureau/codef1tenth/install/AEB/lib/AEB\n'}
[4.428133] (AEB) StdoutLine: {'line': b'Installing aeb2 script to /home/etdisc/Bureau/codef1tenth/install/AEB/lib/AEB\n'}
[4.428474] (AEB) StdoutLine: {'line': b'Installing multiplexer script to /home/etdisc/Bureau/codef1tenth/install/AEB/lib/AEB\n'}
[4.428648] (AEB) StdoutLine: {'line': b"writing list of installed files to '/home/etdisc/Bureau/codef1tenth/build/AEB/install.log'\n"}
[4.430794] (-) TimerEvent: {}
[4.444490] (Waypoints) StdoutLine: {'line': b"reading manifest file '../../build/Waypoints/Waypoints.egg-info/SOURCES.txt'\n"}
[4.447658] (Waypoints) StdoutLine: {'line': b"writing manifest file '../../build/Waypoints/Waypoints.egg-info/SOURCES.txt'\n"}
[4.448084] (Waypoints) StdoutLine: {'line': b'running build\n'}
[4.448278] (Waypoints) StdoutLine: {'line': b'running build_py\n'}
[4.448867] (Waypoints) StdoutLine: {'line': b'running install\n'}
[4.450685] (Waypoints) StdoutLine: {'line': b'running install_lib\n'}
[4.464071] (Waypoints) StdoutLine: {'line': b'running install_data\n'}
[4.466074] (Waypoints) StdoutLine: {'line': b'running install_egg_info\n'}
[4.466373] (Waypoints) StdoutLine: {'line': b"removing '/home/etdisc/Bureau/codef1tenth/install/Waypoints/lib/python3.8/site-packages/Waypoints-0.0.0-py3.8.egg-info' (and everything under it)\n"}
[4.466562] (Waypoints) StdoutLine: {'line': b'Copying ../../build/Waypoints/Waypoints.egg-info to /home/etdisc/Bureau/codef1tenth/install/Waypoints/lib/python3.8/site-packages/Waypoints-0.0.0-py3.8.egg-info\n'}
[4.466714] (Waypoints) StdoutLine: {'line': b'running install_scripts\n'}
[4.466843] (Mapping) StdoutLine: {'line': b'Installing centerline_extraction script to /home/etdisc/Bureau/codef1tenth/install/Mapping/lib/Mapping\n'}
[4.467001] (Mapping) StdoutLine: {'line': b'Installing custom_slam script to /home/etdisc/Bureau/codef1tenth/install/Mapping/lib/Mapping\n'}
[4.467131] (Mapping) StdoutLine: {'line': b'Installing occupancy_grid script to /home/etdisc/Bureau/codef1tenth/install/Mapping/lib/Mapping\n'}
[4.467280] (Mapping) StdoutLine: {'line': b'Installing pose_listener script to /home/etdisc/Bureau/codef1tenth/install/Mapping/lib/Mapping\n'}
[4.467424] (Mapping) StdoutLine: {'line': b'Installing scan_filter script to /home/etdisc/Bureau/codef1tenth/install/Mapping/lib/Mapping\n'}
[4.467546] (Mapping) StdoutLine: {'line': b'Installing virtual_imu script to /home/etdisc/Bureau/codef1tenth/install/Mapping/lib/Mapping\n'}
[4.467711] (Mapping) StdoutLine: {'line': b"writing list of installed files to '/home/etdisc/Bureau/codef1tenth/build/Mapping/install.log'\n"}
[4.469748] (Planif) StdoutLine: {'line': b"reading manifest file '../../build/Planif/Planif.egg-info/SOURCES.txt'\n"}
[4.472379] (Planif) StdoutLine: {'line': b"writing manifest file '../../build/Planif/Planif.egg-info/SOURCES.txt'\n"}
[4.472823] (Planif) StdoutLine: {'line': b'running build\n'}
[4.473090] (Planif) StdoutLine: {'line': b'running build_py\n'}
[4.473575] (Planif) StdoutLine: {'line': b'running install\n'}
[4.475831] (Planif) StdoutLine: {'line': b'running install_lib\n'}
[4.478897] (AEB) CommandEnded: {'returncode': 0}
[4.480431] (Planif) StdoutLine: {'line': b'running install_data\n'}
[4.481539] (Planif) StdoutLine: {'line': b'running install_egg_info\n'}
[4.483147] (Planif) StdoutLine: {'line': b"removing '/home/etdisc/Bureau/codef1tenth/install/Planif/lib/python3.8/site-packages/Planif-0.1.0-py3.8.egg-info' (and everything under it)\n"}
[4.484133] (Planif) StdoutLine: {'line': b'Copying ../../build/Planif/Planif.egg-info to /home/etdisc/Bureau/codef1tenth/install/Planif/lib/python3.8/site-packages/Planif-0.1.0-py3.8.egg-info\n'}
[4.486868] (Planif) StdoutLine: {'line': b'running install_scripts\n'}
[4.502071] (Simple_algo) StdoutLine: {'line': b"reading manifest file '../../build/Simple_algo/Simple_algo.egg-info/SOURCES.txt'\n"}
[4.509677] (Simple_algo) StdoutLine: {'line': b"writing manifest file '../../build/Simple_algo/Simple_algo.egg-info/SOURCES.txt'\n"}
[4.510340] (Waypoints) StdoutLine: {'line': b'Installing pure_pursuit script to /home/etdisc/Bureau/codef1tenth/install/Waypoints/lib/Waypoints\n'}
[4.510629] (Simple_algo) StdoutLine: {'line': b'running build\n'}
[4.510875] (Simple_algo) StdoutLine: {'line': b'running build_py\n'}
[4.511122] (Waypoints) StdoutLine: {'line': b'Installing pure_pursuit2 script to /home/etdisc/Bureau/codef1tenth/install/Waypoints/lib/Waypoints\n'}
[4.511566] (Waypoints) StdoutLine: {'line': b'Installing waypoints_logger script to /home/etdisc/Bureau/codef1tenth/install/Waypoints/lib/Waypoints\n'}
[4.513899] (Simple_algo) StdoutLine: {'line': b'running install\n'}
[4.514349] (AEB) JobEnded: {'identifier': 'AEB', 'rc': 0}
[4.516567] (timer) JobStarted: {'identifier': 'timer'}
[4.517378] (Waypoints) StdoutLine: {'line': b"writing list of installed files to '/home/etdisc/Bureau/codef1tenth/build/Waypoints/install.log'\n"}
[4.517860] (Simple_algo) StdoutLine: {'line': b'running install_lib\n'}
[4.518761] (Simple_algo) StdoutLine: {'line': b'running install_data\n'}
[4.519598] (Simple_algo) StdoutLine: {'line': b'running install_egg_info\n'}
[4.522225] (Simple_algo) StdoutLine: {'line': b"removing '/home/etdisc/Bureau/codef1tenth/install/Simple_algo/lib/python3.8/site-packages/Simple_algo-1.0.0-py3.8.egg-info' (and everything under it)\n"}
[4.522697] (Simple_algo) StdoutLine: {'line': b'Copying ../../build/Simple_algo/Simple_algo.egg-info to /home/etdisc/Bureau/codef1tenth/install/Simple_algo/lib/python3.8/site-packages/Simple_algo-1.0.0-py3.8.egg-info\n'}
[4.525054] (Simple_algo) StdoutLine: {'line': b'running install_scripts\n'}
[4.525803] (f1tenth_gym_ros) StdoutLine: {'line': b"reading manifest file '../../build/f1tenth_gym_ros/f1tenth_gym_ros.egg-info/SOURCES.txt'\n"}
[4.526995] (Planif) StdoutLine: {'line': b'Installing A_star script to /home/etdisc/Bureau/codef1tenth/install/Planif/lib/Planif\n'}
[4.529000] (Planif) StdoutLine: {'line': b'Installing A_star_SLAM script to /home/etdisc/Bureau/codef1tenth/install/Planif/lib/Planif\n'}
[4.529412] (Planif) StdoutLine: {'line': b"writing list of installed files to '/home/etdisc/Bureau/codef1tenth/build/Planif/install.log'\n"}
[4.531269] (-) TimerEvent: {}
[4.540287] (f1tenth_gym_ros) StdoutLine: {'line': b"writing manifest file '../../build/f1tenth_gym_ros/f1tenth_gym_ros.egg-info/SOURCES.txt'\n"}
[4.541628] (f1tenth_gym_ros) StdoutLine: {'line': b'running build\n'}
[4.542031] (f1tenth_gym_ros) StdoutLine: {'line': b'running build_py\n'}
[4.547088] (f1tenth_gym_ros) StdoutLine: {'line': b'running install\n'}
[4.553341] (f1tenth_gym_ros) StdoutLine: {'line': b'running install_lib\n'}
[4.557082] (f1tenth_gym_ros) StdoutLine: {'line': b'running install_data\n'}
[4.558520] (f1tenth_gym_ros) StdoutLine: {'line': b'running install_egg_info\n'}
[4.563411] (f1tenth_gym_ros) StdoutLine: {'line': b"removing '/home/etdisc/Bureau/codef1tenth/install/f1tenth_gym_ros/lib/python3.8/site-packages/f1tenth_gym_ros-0.0.0-py3.8.egg-info' (and everything under it)\n"}
[4.564788] (f1tenth_gym_ros) StdoutLine: {'line': b'Copying ../../build/f1tenth_gym_ros/f1tenth_gym_ros.egg-info to /home/etdisc/Bureau/codef1tenth/install/f1tenth_gym_ros/lib/python3.8/site-packages/f1tenth_gym_ros-0.0.0-py3.8.egg-info\n'}
[4.569831] (f1tenth_gym_ros) StdoutLine: {'line': b'running install_scripts\n'}
[4.582364] (Simple_algo) StdoutLine: {'line': b'Installing disparity_extender script to /home/etdisc/Bureau/codef1tenth/install/Simple_algo/lib/Simple_algo\n'}
[4.583172] (Simple_algo) StdoutLine: {'line': b'Installing fast_disparity_extender script to /home/etdisc/Bureau/codef1tenth/install/Simple_algo/lib/Simple_algo\n'}
[4.584145] (Simple_algo) StdoutLine: {'line': b'Installing gap_follow script to /home/etdisc/Bureau/codef1tenth/install/Simple_algo/lib/Simple_algo\n'}
[4.584727] (Simple_algo) StdoutLine: {'line': b'Installing wall_follow script to /home/etdisc/Bureau/codef1tenth/install/Simple_algo/lib/Simple_algo\n'}
[4.585733] (Simple_algo) StdoutLine: {'line': b'Installing wall_follow_penn script to /home/etdisc/Bureau/codef1tenth/install/Simple_algo/lib/Simple_algo\n'}
[4.587032] (Simple_algo) StdoutLine: {'line': b"writing list of installed files to '/home/etdisc/Bureau/codef1tenth/build/Simple_algo/install.log'\n"}
[4.605450] (Mapping) CommandEnded: {'returncode': 0}
[4.620396] (f1tenth_gym_ros) StdoutLine: {'line': b'Installing gym_bridge script to /home/etdisc/Bureau/codef1tenth/install/f1tenth_gym_ros/lib/f1tenth_gym_ros\n'}
[4.621780] (f1tenth_gym_ros) StdoutLine: {'line': b"writing list of installed files to '/home/etdisc/Bureau/codef1tenth/build/f1tenth_gym_ros/install.log'\n"}
[4.623013] (Mapping) JobEnded: {'identifier': 'Mapping', 'rc': 0}
[4.624852] (Waypoints) CommandEnded: {'returncode': 0}
[4.631582] (-) TimerEvent: {}
[4.643463] (Waypoints) JobEnded: {'identifier': 'Waypoints', 'rc': 0}
[4.647340] (Planif) CommandEnded: {'returncode': 0}
[4.676709] (Planif) JobEnded: {'identifier': 'Planif', 'rc': 0}
[4.712682] (localisation) StdoutLine: {'line': b'running egg_info\n'}
[4.718256] (localisation) StdoutLine: {'line': b'writing ../../build/localisation/localisation.egg-info/PKG-INFO\n'}
[4.720546] (localisation) StdoutLine: {'line': b'writing dependency_links to ../../build/localisation/localisation.egg-info/dependency_links.txt\n'}
[4.724449] (localisation) StdoutLine: {'line': b'writing entry points to ../../build/localisation/localisation.egg-info/entry_points.txt\n'}
[4.725467] (localisation) StdoutLine: {'line': b'writing requirements to ../../build/localisation/localisation.egg-info/requires.txt\n'}
[4.727536] (localisation) StdoutLine: {'line': b'writing top-level names to ../../build/localisation/localisation.egg-info/top_level.txt\n'}
[4.731829] (-) TimerEvent: {}
[4.777977] (localisation) StdoutLine: {'line': b"reading manifest file '../../build/localisation/localisation.egg-info/SOURCES.txt'\n"}
[4.779422] (localisation) StdoutLine: {'line': b"writing manifest file '../../build/localisation/localisation.egg-info/SOURCES.txt'\n"}
[4.780029] (localisation) StdoutLine: {'line': b'running build\n'}
[4.780144] (localisation) StdoutLine: {'line': b'running build_py\n'}
[4.780382] (localisation) StdoutLine: {'line': b'running install\n'}
[4.781522] (localisation) StdoutLine: {'line': b'running install_lib\n'}
[4.783222] (localisation) StdoutLine: {'line': b'running install_data\n'}
[4.783490] (localisation) StdoutLine: {'line': b'running install_egg_info\n'}
[4.785553] (localisation) StdoutLine: {'line': b"removing '/home/etdisc/Bureau/codef1tenth/install/localisation/lib/python3.8/site-packages/localisation-0.0.0-py3.8.egg-info' (and everything under it)\n"}
[4.785925] (localisation) StdoutLine: {'line': b'Copying ../../build/localisation/localisation.egg-info to /home/etdisc/Bureau/codef1tenth/install/localisation/lib/python3.8/site-packages/localisation-0.0.0-py3.8.egg-info\n'}
[4.786901] (localisation) StdoutLine: {'line': b'running install_scripts\n'}
[4.809164] (localisation) StdoutLine: {'line': b'Installing lap_tracker script to /home/etdisc/Bureau/codef1tenth/install/localisation/lib/localisation\n'}
[4.809946] (localisation) StdoutLine: {'line': b"writing list of installed files to '/home/etdisc/Bureau/codef1tenth/build/localisation/install.log'\n"}
[4.832024] (-) TimerEvent: {}
[4.932630] (-) TimerEvent: {}
[5.033019] (-) TimerEvent: {}
[5.111962] (Simple_algo) CommandEnded: {'returncode': 0}
[5.123310] (Simple_algo) JobEnded: {'identifier': 'Simple_algo', 'rc': 0}
[5.127019] (f1tenth_gym_ros) CommandEnded: {'returncode': 0}
[5.133438] (-) TimerEvent: {}
[5.141381] (f1tenth_gym_ros) JobEnded: {'identifier': 'f1tenth_gym_ros', 'rc': 0}
[5.143712] (localisation) CommandEnded: {'returncode': 0}
[5.156450] (localisation) JobEnded: {'identifier': 'localisation', 'rc': 0}
[5.158897] (strategy) Command: {'cmd': ['/usr/bin/python3', '-W', 'ignore:setup.py install is deprecated', '-W', 'ignore:easy_install command is deprecated', 'setup.py', 'egg_info', '--egg-base', '../../build/strategy', 'build', '--build-base', '/home/etdisc/Bureau/codef1tenth/build/strategy/build', 'install', '--record', '/home/etdisc/Bureau/codef1tenth/build/strategy/install.log', '--single-version-externally-managed', 'install_data'], 'cwd': '/home/etdisc/Bureau/codef1tenth/src/strategy', 'env': {'LESSOPEN': '| /usr/bin/lesspipe %s', 'HTTPS_PROXY': 'http://proxy:3128', 'USER': 'etdisc', 'SSH_AGENT_PID': '1666', 'XDG_SESSION_TYPE': 'x11', 'SHLVL': '1', 'LD_LIBRARY_PATH': '/home/etdisc/depots/f1tenth/sim_ws/install/custom_msgs/lib:/usr/lib/x86_64-linux-gnu/gazebo-11/plugins:/opt/ros/galactic/opt/yaml_cpp_vendor/lib:/opt/ros/galactic/opt/rviz_ogre_vendor/lib:/opt/ros/galactic/lib/x86_64-linux-gnu:/opt/ros/galactic/lib', 'HOME': '/home/etdisc', 'DESKTOP_SESSION': 'ubuntu', 'ROS_PYTHON_VERSION': '3', 'GNOME_SHELL_SESSION_MODE': 'ubuntu', 'GTK_MODULES': 'gail:atk-bridge', 'MANAGERPID': '1571', 'DBUS_STARTER_BUS_TYPE': 'session', 'DBUS_SESSION_BUS_ADDRESS': 'unix:path=/run/user/1000/bus,guid=712999510530655913b37c6169709380', 'COLORTERM': 'truecolor', 'IM_CONFIG_PHASE': '1', 'https_proxy': 'http://proxy:3128', 'COLCON_PREFIX_PATH': '/home/etdisc/depots/f1tenth/sim_ws/install', 'ROS_DISTRO': 'galactic', 'LOGNAME': 'etdisc', 'http_proxy': 'http://proxy:3128', 'JOURNAL_STREAM': '8:65626', '_': '/usr/bin/colcon', 'ROS_VERSION': '2', 'XDG_SESSION_CLASS': 'user', 'USERNAME': 'etdisc', 'TERM': 'xterm-256color', 'GNOME_DESKTOP_SESSION_ID': 'this-is-deprecated', 'ROS_LOCALHOST_ONLY': '1', 'WINDOWPATH': '2', 'PATH': '/opt/ros/galactic/bin:/snap/bin:/home/etdisc/.local/bin:/usr/local/sbin:/usr/local/bin:/usr/sbin:/usr/bin:/sbin:/bin:/usr/games:/usr/local/games:/snap/bin', 'SESSION_MANAGER': 'local/etdisc-virtual-machine:@/tmp/.ICE-unix/1701,unix/etdisc-virtual-machine:/tmp/.ICE-unix/1701', 'INVOCATION_ID': '81bd2218a54643fdb444052878adae1a', 'XDG_MENU_PREFIX': 'gnome-', 'GNOME_TERMINAL_SCREEN': '/org/gnome/Terminal/screen/f65c3d91_b098_4021_930d_b5c8320fde15', 'XDG_RUNTIME_DIR': '/run/user/1000', 'DISPLAY': ':0', 'LANG': 'fr_FR.UTF-8', 'XDG_CURRENT_DESKTOP': 'ubuntu:GNOME', 'XMODIFIERS': '@im=ibus', 'XDG_SESSION_DESKTOP': 'ubuntu', 'XAUTHORITY': '/run/user/1000/gdm/Xauthority', 'LS_COLORS': 'rs=0:di=01;34:ln=01;36:mh=00:pi=40;33:so=01;35:do=01;35:bd=40;33;01:cd=40;33;01:or=40;31;01:mi=00:su=37;41:sg=30;43:ca=30;41:tw=30;42:ow=34;42:st=37;44:ex=01;32:*.tar=01;31:*.tgz=01;31:*.arc=01;31:*.arj=01;31:*.taz=01;31:*.lha=01;31:*.lz4=01;31:*.lzh=01;31:*.lzma=01;31:*.tlz=01;31:*.txz=01;31:*.tzo=01;31:*.t7z=01;31:*.zip=01;31:*.z=01;31:*.dz=01;31:*.gz=01;31:*.lrz=01;31:*.lz=01;31:*.lzo=01;31:*.xz=01;31:*.zst=01;31:*.tzst=01;31:*.bz2=01;31:*.bz=01;31:*.tbz=01;31:*.tbz2=01;31:*.tz=01;31:*.deb=01;31:*.rpm=01;31:*.jar=01;31:*.war=01;31:*.ear=01;31:*.sar=01;31:*.rar=01;31:*.alz=01;31:*.ace=01;31:*.zoo=01;31:*.cpio=01;31:*.7z=01;31:*.rz=01;31:*.cab=01;31:*.wim=01;31:*.swm=01;31:*.dwm=01;31:*.esd=01;31:*.jpg=01;35:*.jpeg=01;35:*.mjpg=01;35:*.mjpeg=01;35:*.gif=01;35:*.bmp=01;35:*.pbm=01;35:*.pgm=01;35:*.ppm=01;35:*.tga=01;35:*.xbm=01;35:*.xpm=01;35:*.tif=01;35:*.tiff=01;35:*.png=01;35:*.svg=01;35:*.svgz=01;35:*.mng=01;35:*.pcx=01;35:*.mov=01;35:*.mpg=01;35:*.mpeg=01;35:*.m2v=01;35:*.mkv=01;35:*.webm=01;35:*.ogm=01;35:*.mp4=01;35:*.m4v=01;35:*.mp4v=01;35:*.vob=01;35:*.qt=01;35:*.nuv=01;35:*.wmv=01;35:*.asf=01;35:*.rm=01;35:*.rmvb=01;35:*.flc=01;35:*.avi=01;35:*.fli=01;35:*.flv=01;35:*.gl=01;35:*.dl=01;35:*.xcf=01;35:*.xwd=01;35:*.yuv=01;35:*.cgm=01;35:*.emf=01;35:*.ogv=01;35:*.ogx=01;35:*.aac=00;36:*.au=00;36:*.flac=00;36:*.m4a=00;36:*.mid=00;36:*.midi=00;36:*.mka=00;36:*.mp3=00;36:*.mpc=00;36:*.ogg=00;36:*.ra=00;36:*.wav=00;36:*.oga=00;36:*.opus=00;36:*.spx=00;36:*.xspf=00;36:', 'GNOME_TERMINAL_SERVICE': ':1.228', 'SSH_AUTH_SOCK': '/run/user/1000/keyring/ssh', 'AMENT_PREFIX_PATH': '/home/etdisc/depots/f1tenth/sim_ws/install/timer:/home/etdisc/depots/f1tenth/sim_ws/install/strategy:/home/etdisc/depots/f1tenth/sim_ws/install/localisation:/home/etdisc/depots/f1tenth/sim_ws/install/f1tenth_gym_ros:/home/etdisc/depots/f1tenth/sim_ws/install/custom_msgs:/home/etdisc/depots/f1tenth/sim_ws/install/Waypoints:/home/etdisc/depots/f1tenth/sim_ws/install/Simple_algo:/home/etdisc/depots/f1tenth/sim_ws/install/Planif:/home/etdisc/depots/f1tenth/sim_ws/install/Mapping:/home/etdisc/depots/f1tenth/sim_ws/install/AEB:/opt/ros/galactic', 'SHELL': '/bin/bash', 'QT_ACCESSIBILITY': '1', 'GDMSESSION': 'ubuntu', 'LESSCLOSE': '/usr/bin/lesspipe %s %s', 'GPG_AGENT_INFO': '/run/user/1000/gnupg/S.gpg-agent:0:1', 'QT_IM_MODULE': 'ibus', 'PWD': '/home/etdisc/Bureau/codef1tenth/build/strategy', 'LC_ALL': 'fr_FR.UTF-8', 'XDG_CONFIG_DIRS': '/etc/xdg/xdg-ubuntu:/etc/xdg', 'DBUS_STARTER_ADDRESS': 'unix:path=/run/user/1000/bus,guid=712999510530655913b37c6169709380', 'XDG_DATA_DIRS': '/usr/share/ubuntu:/usr/local/share/:/usr/share/:/var/lib/snapd/desktop', 'PYTHONPATH': '/home/etdisc/Bureau/codef1tenth/build/strategy/prefix_override:/usr/lib/python3/dist-packages/colcon_core/task/python/colcon_distutils_commands:/home/etdisc/Bureau/codef1tenth/install/strategy/lib/python3.8/site-packages:/home/etdisc/depots/f1tenth/sim_ws/install/timer/lib/python3.8/site-packages:/home/etdisc/depots/f1tenth/sim_ws/install/strategy/lib/python3.8/site-packages:/home/etdisc/depots/f1tenth/sim_ws/install/localisation/lib/python3.8/site-packages:/home/etdisc/depots/f1tenth/sim_ws/install/f1tenth_gym_ros/lib/python3.8/site-packages:/home/etdisc/depots/f1tenth/sim_ws/install/custom_msgs/lib/python3.8/site-packages:/home/etdisc/depots/f1tenth/sim_ws/install/Waypoints/lib/python3.8/site-packages:/home/etdisc/depots/f1tenth/sim_ws/install/Simple_algo/lib/python3.8/site-packages:/home/etdisc/depots/f1tenth/sim_ws/install/Planif/lib/python3.8/site-packages:/home/etdisc/depots/f1tenth/sim_ws/install/Mapping/lib/python3.8/site-packages:/home/etdisc/depots/f1tenth/sim_ws/install/AEB/lib/python3.8/site-packages:/opt/ros/galactic/lib/python3.8/site-packages', 'HTTP_PROXY': 'http://proxy:3128', 'COLCON': '1', 'VTE_VERSION': '6003', 'CMAKE_PREFIX_PATH': '/home/etdisc/depots/f1tenth/sim_ws/install/custom_msgs'}, 'shell': False}
[5.233778] (-) TimerEvent: {}
[5.334464] (-) TimerEvent: {}
[5.435147] (-) TimerEvent: {}
[5.483154] (strategy) StdoutLine: {'line': b'running egg_info\n'}
[5.485087] (strategy) StdoutLine: {'line': b'writing ../../build/strategy/strategy.egg-info/PKG-INFO\n'}
[5.487730] (strategy) StdoutLine: {'line': b'writing dependency_links to ../../build/strategy/strategy.egg-info/dependency_links.txt\n'}
[5.488418] (strategy) StdoutLine: {'line': b'writing entry points to ../../build/strategy/strategy.egg-info/entry_points.txt\n'}
[5.490140] (strategy) StdoutLine: {'line': b'writing requirements to ../../build/strategy/strategy.egg-info/requires.txt\n'}
[5.491230] (strategy) StdoutLine: {'line': b'writing top-level names to ../../build/strategy/strategy.egg-info/top_level.txt\n'}
[5.534920] (strategy) StdoutLine: {'line': b"reading manifest file '../../build/strategy/strategy.egg-info/SOURCES.txt'\n"}
[5.535307] (-) TimerEvent: {}
[5.537039] (strategy) StdoutLine: {'line': b"writing manifest file '../../build/strategy/strategy.egg-info/SOURCES.txt'\n"}
[5.537563] (strategy) StdoutLine: {'line': b'running build\n'}
[5.537815] (strategy) StdoutLine: {'line': b'running build_py\n'}
[5.538227] (strategy) StdoutLine: {'line': b'running install\n'}
[5.539905] (strategy) StdoutLine: {'line': b'running install_lib\n'}
[5.542562] (strategy) StdoutLine: {'line': b'running install_data\n'}
[5.543146] (strategy) StdoutLine: {'line': b'running install_egg_info\n'}
[5.546530] (strategy) StdoutLine: {'line': b"removing '/home/etdisc/Bureau/codef1tenth/install/strategy/lib/python3.8/site-packages/strategy-0.0.0-py3.8.egg-info' (and everything under it)\n"}
[5.547355] (strategy) StdoutLine: {'line': b'Copying ../../build/strategy/strategy.egg-info to /home/etdisc/Bureau/codef1tenth/install/strategy/lib/python3.8/site-packages/strategy-0.0.0-py3.8.egg-info\n'}
[5.548922] (strategy) StdoutLine: {'line': b'running install_scripts\n'}
[5.573709] (strategy) StdoutLine: {'line': b'Installing basic_strategy_manager script to /home/etdisc/Bureau/codef1tenth/install/strategy/lib/strategy\n'}
[5.574617] (strategy) StdoutLine: {'line': b"writing list of installed files to '/home/etdisc/Bureau/codef1tenth/build/strategy/install.log'\n"}
[5.611457] (strategy) CommandEnded: {'returncode': 0}
[5.623142] (strategy) JobEnded: {'identifier': 'strategy', 'rc': 0}
[5.636259] (-) TimerEvent: {}
[5.736895] (-) TimerEvent: {}
[5.771331] (timer) Command: {'cmd': ['/usr/bin/python3', '-W', 'ignore:setup.py install is deprecated', '-W', 'ignore:easy_install command is deprecated', 'setup.py', 'egg_info', '--egg-base', '../../build/timer', 'build', '--build-base', '/home/etdisc/Bureau/codef1tenth/build/timer/build', 'install', '--record', '/home/etdisc/Bureau/codef1tenth/build/timer/install.log', '--single-version-externally-managed', 'install_data'], 'cwd': '/home/etdisc/Bureau/codef1tenth/src/timer', 'env': {'LESSOPEN': '| /usr/bin/lesspipe %s', 'HTTPS_PROXY': 'http://proxy:3128', 'USER': 'etdisc', 'SSH_AGENT_PID': '1666', 'XDG_SESSION_TYPE': 'x11', 'SHLVL': '1', 'LD_LIBRARY_PATH': '/home/etdisc/depots/f1tenth/sim_ws/install/custom_msgs/lib:/usr/lib/x86_64-linux-gnu/gazebo-11/plugins:/opt/ros/galactic/opt/yaml_cpp_vendor/lib:/opt/ros/galactic/opt/rviz_ogre_vendor/lib:/opt/ros/galactic/lib/x86_64-linux-gnu:/opt/ros/galactic/lib', 'HOME': '/home/etdisc', 'DESKTOP_SESSION': 'ubuntu', 'ROS_PYTHON_VERSION': '3', 'GNOME_SHELL_SESSION_MODE': 'ubuntu', 'GTK_MODULES': 'gail:atk-bridge', 'MANAGERPID': '1571', 'DBUS_STARTER_BUS_TYPE': 'session', 'DBUS_SESSION_BUS_ADDRESS': 'unix:path=/run/user/1000/bus,guid=712999510530655913b37c6169709380', 'COLORTERM': 'truecolor', 'IM_CONFIG_PHASE': '1', 'https_proxy': 'http://proxy:3128', 'COLCON_PREFIX_PATH': '/home/etdisc/depots/f1tenth/sim_ws/install', 'ROS_DISTRO': 'galactic', 'LOGNAME': 'etdisc', 'http_proxy': 'http://proxy:3128', 'JOURNAL_STREAM': '8:65626', '_': '/usr/bin/colcon', 'ROS_VERSION': '2', 'XDG_SESSION_CLASS': 'user', 'USERNAME': 'etdisc', 'TERM': 'xterm-256color', 'GNOME_DESKTOP_SESSION_ID': 'this-is-deprecated', 'ROS_LOCALHOST_ONLY': '1', 'WINDOWPATH': '2', 'PATH': '/opt/ros/galactic/bin:/snap/bin:/home/etdisc/.local/bin:/usr/local/sbin:/usr/local/bin:/usr/sbin:/usr/bin:/sbin:/bin:/usr/games:/usr/local/games:/snap/bin', 'SESSION_MANAGER': 'local/etdisc-virtual-machine:@/tmp/.ICE-unix/1701,unix/etdisc-virtual-machine:/tmp/.ICE-unix/1701', 'INVOCATION_ID': '81bd2218a54643fdb444052878adae1a', 'XDG_MENU_PREFIX': 'gnome-', 'GNOME_TERMINAL_SCREEN': '/org/gnome/Terminal/screen/f65c3d91_b098_4021_930d_b5c8320fde15', 'XDG_RUNTIME_DIR': '/run/user/1000', 'DISPLAY': ':0', 'LANG': 'fr_FR.UTF-8', 'XDG_CURRENT_DESKTOP': 'ubuntu:GNOME', 'XMODIFIERS': '@im=ibus', 'XDG_SESSION_DESKTOP': 'ubuntu', 'XAUTHORITY': '/run/user/1000/gdm/Xauthority', 'LS_COLORS': 'rs=0:di=01;34:ln=01;36:mh=00:pi=40;33:so=01;35:do=01;35:bd=40;33;01:cd=40;33;01:or=40;31;01:mi=00:su=37;41:sg=30;43:ca=30;41:tw=30;42:ow=34;42:st=37;44:ex=01;32:*.tar=01;31:*.tgz=01;31:*.arc=01;31:*.arj=01;31:*.taz=01;31:*.lha=01;31:*.lz4=01;31:*.lzh=01;31:*.lzma=01;31:*.tlz=01;31:*.txz=01;31:*.tzo=01;31:*.t7z=01;31:*.zip=01;31:*.z=01;31:*.dz=01;31:*.gz=01;31:*.lrz=01;31:*.lz=01;31:*.lzo=01;31:*.xz=01;31:*.zst=01;31:*.tzst=01;31:*.bz2=01;31:*.bz=01;31:*.tbz=01;31:*.tbz2=01;31:*.tz=01;31:*.deb=01;31:*.rpm=01;31:*.jar=01;31:*.war=01;31:*.ear=01;31:*.sar=01;31:*.rar=01;31:*.alz=01;31:*.ace=01;31:*.zoo=01;31:*.cpio=01;31:*.7z=01;31:*.rz=01;31:*.cab=01;31:*.wim=01;31:*.swm=01;31:*.dwm=01;31:*.esd=01;31:*.jpg=01;35:*.jpeg=01;35:*.mjpg=01;35:*.mjpeg=01;35:*.gif=01;35:*.bmp=01;35:*.pbm=01;35:*.pgm=01;35:*.ppm=01;35:*.tga=01;35:*.xbm=01;35:*.xpm=01;35:*.tif=01;35:*.tiff=01;35:*.png=01;35:*.svg=01;35:*.svgz=01;35:*.mng=01;35:*.pcx=01;35:*.mov=01;35:*.mpg=01;35:*.mpeg=01;35:*.m2v=01;35:*.mkv=01;35:*.webm=01;35:*.ogm=01;35:*.mp4=01;35:*.m4v=01;35:*.mp4v=01;35:*.vob=01;35:*.qt=01;35:*.nuv=01;35:*.wmv=01;35:*.asf=01;35:*.rm=01;35:*.rmvb=01;35:*.flc=01;35:*.avi=01;35:*.fli=01;35:*.flv=01;35:*.gl=01;35:*.dl=01;35:*.xcf=01;35:*.xwd=01;35:*.yuv=01;35:*.cgm=01;35:*.emf=01;35:*.ogv=01;35:*.ogx=01;35:*.aac=00;36:*.au=00;36:*.flac=00;36:*.m4a=00;36:*.mid=00;36:*.midi=00;36:*.mka=00;36:*.mp3=00;36:*.mpc=00;36:*.ogg=00;36:*.ra=00;36:*.wav=00;36:*.oga=00;36:*.opus=00;36:*.spx=00;36:*.xspf=00;36:', 'GNOME_TERMINAL_SERVICE': ':1.228', 'SSH_AUTH_SOCK': '/run/user/1000/keyring/ssh', 'AMENT_PREFIX_PATH': '/home/etdisc/depots/f1tenth/sim_ws/install/timer:/home/etdisc/depots/f1tenth/sim_ws/install/strategy:/home/etdisc/depots/f1tenth/sim_ws/install/localisation:/home/etdisc/depots/f1tenth/sim_ws/install/f1tenth_gym_ros:/home/etdisc/depots/f1tenth/sim_ws/install/custom_msgs:/home/etdisc/depots/f1tenth/sim_ws/install/Waypoints:/home/etdisc/depots/f1tenth/sim_ws/install/Simple_algo:/home/etdisc/depots/f1tenth/sim_ws/install/Planif:/home/etdisc/depots/f1tenth/sim_ws/install/Mapping:/home/etdisc/depots/f1tenth/sim_ws/install/AEB:/opt/ros/galactic', 'SHELL': '/bin/bash', 'QT_ACCESSIBILITY': '1', 'GDMSESSION': 'ubuntu', 'LESSCLOSE': '/usr/bin/lesspipe %s %s', 'GPG_AGENT_INFO': '/run/user/1000/gnupg/S.gpg-agent:0:1', 'QT_IM_MODULE': 'ibus', 'PWD': '/home/etdisc/Bureau/codef1tenth/build/timer', 'LC_ALL': 'fr_FR.UTF-8', 'XDG_CONFIG_DIRS': '/etc/xdg/xdg-ubuntu:/etc/xdg', 'DBUS_STARTER_ADDRESS': 'unix:path=/run/user/1000/bus,guid=712999510530655913b37c6169709380', 'XDG_DATA_DIRS': '/usr/share/ubuntu:/usr/local/share/:/usr/share/:/var/lib/snapd/desktop', 'PYTHONPATH': '/home/etdisc/Bureau/codef1tenth/build/timer/prefix_override:/usr/lib/python3/dist-packages/colcon_core/task/python/colcon_distutils_commands:/home/etdisc/Bureau/codef1tenth/install/timer/lib/python3.8/site-packages:/home/etdisc/depots/f1tenth/sim_ws/install/timer/lib/python3.8/site-packages:/home/etdisc/depots/f1tenth/sim_ws/install/strategy/lib/python3.8/site-packages:/home/etdisc/depots/f1tenth/sim_ws/install/localisation/lib/python3.8/site-packages:/home/etdisc/depots/f1tenth/sim_ws/install/f1tenth_gym_ros/lib/python3.8/site-packages:/home/etdisc/depots/f1tenth/sim_ws/install/custom_msgs/lib/python3.8/site-packages:/home/etdisc/depots/f1tenth/sim_ws/install/Waypoints/lib/python3.8/site-packages:/home/etdisc/depots/f1tenth/sim_ws/install/Simple_algo/lib/python3.8/site-packages:/home/etdisc/depots/f1tenth/sim_ws/install/Planif/lib/python3.8/site-packages:/home/etdisc/depots/f1tenth/sim_ws/install/Mapping/lib/python3.8/site-packages:/home/etdisc/depots/f1tenth/sim_ws/install/AEB/lib/python3.8/site-packages:/opt/ros/galactic/lib/python3.8/site-packages', 'HTTP_PROXY': 'http://proxy:3128', 'COLCON': '1', 'VTE_VERSION': '6003', 'CMAKE_PREFIX_PATH': '/home/etdisc/depots/f1tenth/sim_ws/install/custom_msgs'}, 'shell': False}
[5.837230] (-) TimerEvent: {}
[5.937791] (-) TimerEvent: {}
[6.038422] (-) TimerEvent: {}
[6.064245] (timer) StdoutLine: {'line': b'running egg_info\n'}
[6.064795] (timer) StdoutLine: {'line': b'writing ../../build/timer/timer.egg-info/PKG-INFO\n'}
[6.066242] (timer) StdoutLine: {'line': b'writing dependency_links to ../../build/timer/timer.egg-info/dependency_links.txt\n'}
[6.067216] (timer) StdoutLine: {'line': b'writing entry points to ../../build/timer/timer.egg-info/entry_points.txt\n'}
[6.067540] (timer) StdoutLine: {'line': b'writing requirements to ../../build/timer/timer.egg-info/requires.txt\n'}
[6.067849] (timer) StdoutLine: {'line': b'writing top-level names to ../../build/timer/timer.egg-info/top_level.txt\n'}
[6.103425] (timer) StdoutLine: {'line': b"reading manifest file '../../build/timer/timer.egg-info/SOURCES.txt'\n"}
[6.105353] (timer) StdoutLine: {'line': b"writing manifest file '../../build/timer/timer.egg-info/SOURCES.txt'\n"}
[6.105832] (timer) StdoutLine: {'line': b'running build\n'}
[6.106170] (timer) StdoutLine: {'line': b'running build_py\n'}
[6.106285] (timer) StdoutLine: {'line': b'running install\n'}
[6.107226] (timer) StdoutLine: {'line': b'running install_lib\n'}
[6.109020] (timer) StdoutLine: {'line': b'running install_data\n'}
[6.109253] (timer) StdoutLine: {'line': b'running install_egg_info\n'}
[6.111381] (timer) StdoutLine: {'line': b"removing '/home/etdisc/Bureau/codef1tenth/install/timer/lib/python3.8/site-packages/timer-0.0.0-py3.8.egg-info' (and everything under it)\n"}
[6.114982] (timer) StdoutLine: {'line': b'Copying ../../build/timer/timer.egg-info to /home/etdisc/Bureau/codef1tenth/install/timer/lib/python3.8/site-packages/timer-0.0.0-py3.8.egg-info\n'}
[6.115903] (timer) StdoutLine: {'line': b'running install_scripts\n'}
[6.135464] (timer) StdoutLine: {'line': b'Installing timer script to /home/etdisc/Bureau/codef1tenth/install/timer/lib/timer\n'}
[6.136334] (timer) StdoutLine: {'line': b"writing list of installed files to '/home/etdisc/Bureau/codef1tenth/build/timer/install.log'\n"}
[6.138660] (-) TimerEvent: {}
[6.164635] (timer) CommandEnded: {'returncode': 0}
[6.176737] (timer) JobEnded: {'identifier': 'timer', 'rc': 0}
[6.178502] (-) EventReactorShutdown: {}
