[0.000000] (-) TimerEvent: {}
[0.000261] (AEB) JobQueued: {'identifier': 'AEB', 'dependencies': OrderedDict()}
[0.000492] (Mapping) JobQueued: {'identifier': 'Mapping', 'dependencies': OrderedDict()}
[0.000575] (Planif) JobQueued: {'identifier': 'Planif', 'dependencies': OrderedDict()}
[0.000594] (Simple_algo) JobQueued: {'identifier': 'Simple_algo', 'dependencies': OrderedDict()}
[0.000608] (Waypoints) JobQueued: {'identifier': 'Waypoints', 'dependencies': OrderedDict()}
[0.000625] (custom_msgs) JobQueued: {'identifier': 'custom_msgs', 'dependencies': OrderedDict()}
[0.000804] (f1tenth_gym_ros) JobQueued: {'identifier': 'f1tenth_gym_ros', 'dependencies': OrderedDict()}
[0.000835] (localisation) JobQueued: {'identifier': 'localisation', 'dependencies': OrderedDict()}
[0.000851] (strategy) JobQueued: {'identifier': 'strategy', 'dependencies': OrderedDict()}
[0.001110] (timer) JobQueued: {'identifier': 'timer', 'dependencies': OrderedDict()}
[0.001218] (AEB) JobStarted: {'identifier': 'AEB'}
[0.018483] (Mapping) JobStarted: {'identifier': 'Mapping'}
[0.034398] (Planif) JobStarted: {'identifier': 'Planif'}
[0.053171] (Simple_algo) JobStarted: {'identifier': 'Simple_algo'}
[0.075065] (Waypoints) JobStarted: {'identifier': 'Waypoints'}
[0.093600] (custom_msgs) JobStarted: {'identifier': 'custom_msgs'}
[0.098378] (-) TimerEvent: {}
[0.108872] (f1tenth_gym_ros) JobStarted: {'identifier': 'f1tenth_gym_ros'}
[0.129740] (localisation) JobStarted: {'identifier': 'localisation'}
[0.199084] (-) TimerEvent: {}
[0.300173] (-) TimerEvent: {}
[0.400878] (-) TimerEvent: {}
[0.501588] (-) TimerEvent: {}
[0.602379] (-) TimerEvent: {}
[0.703067] (-) TimerEvent: {}
[0.803761] (-) TimerEvent: {}
[0.904493] (-) TimerEvent: {}
[1.005299] (-) TimerEvent: {}
[1.106159] (-) TimerEvent: {}
[1.206951] (-) TimerEvent: {}
[1.307487] (-) TimerEvent: {}
[1.408234] (-) TimerEvent: {}
[1.509031] (-) TimerEvent: {}
[1.609656] (-) TimerEvent: {}
[1.614985] (custom_msgs) JobProgress: {'identifier': 'custom_msgs', 'progress': 'cmake'}
[1.616769] (custom_msgs) JobProgress: {'identifier': 'custom_msgs', 'progress': 'build'}
[1.618522] (custom_msgs) Command: {'cmd': ['/usr/bin/cmake', '--build', '/home/etdisc/Bureau/codef1tenth/src/build/custom_msgs', '--', '-j8', '-l8'], 'cwd': '/home/etdisc/Bureau/codef1tenth/src/build/custom_msgs', 'env': OrderedDict([('LESSOPEN', '| /usr/bin/lesspipe %s'), ('HTTPS_PROXY', 'http://proxy:3128'), ('USER', 'etdisc'), ('SSH_AGENT_PID', '1666'), ('XDG_SESSION_TYPE', 'x11'), ('SHLVL', '1'), ('LD_LIBRARY_PATH', '/home/etdisc/depots/f1tenth/sim_ws/install/custom_msgs/lib:/usr/lib/x86_64-linux-gnu/gazebo-11/plugins:/opt/ros/galactic/opt/yaml_cpp_vendor/lib:/opt/ros/galactic/opt/rviz_ogre_vendor/lib:/opt/ros/galactic/lib/x86_64-linux-gnu:/opt/ros/galactic/lib'), ('HOME', '/home/etdisc'), ('DESKTOP_SESSION', 'ubuntu'), ('ROS_PYTHON_VERSION', '3'), ('GNOME_SHELL_SESSION_MODE', 'ubuntu'), ('GTK_MODULES', 'gail:atk-bridge'), ('MANAGERPID', '1571'), ('DBUS_STARTER_BUS_TYPE', 'session'), ('DBUS_SESSION_BUS_ADDRESS', 'unix:path=/run/user/1000/bus,guid=712999510530655913b37c6169709380'), ('COLORTERM', 'truecolor'), ('IM_CONFIG_PHASE', '1'), ('https_proxy', 'http://proxy:3128'), ('COLCON_PREFIX_PATH', '/home/etdisc/depots/f1tenth/sim_ws/install'), ('ROS_DISTRO', 'galactic'), ('LOGNAME', 'etdisc'), ('http_proxy', 'http://proxy:3128'), ('JOURNAL_STREAM', '8:65626'), ('_', '/usr/bin/colcon'), ('ROS_VERSION', '2'), ('XDG_SESSION_CLASS', 'user'), ('USERNAME', 'etdisc'), ('TERM', 'xterm-256color'), ('GNOME_DESKTOP_SESSION_ID', 'this-is-deprecated'), ('ROS_LOCALHOST_ONLY', '1'), ('WINDOWPATH', '2'), ('PATH', '/opt/ros/galactic/bin:/snap/bin:/home/etdisc/.local/bin:/usr/local/sbin:/usr/local/bin:/usr/sbin:/usr/bin:/sbin:/bin:/usr/games:/usr/local/games:/snap/bin'), ('SESSION_MANAGER', 'local/etdisc-virtual-machine:@/tmp/.ICE-unix/1701,unix/etdisc-virtual-machine:/tmp/.ICE-unix/1701'), ('INVOCATION_ID', '81bd2218a54643fdb444052878adae1a'), ('XDG_MENU_PREFIX', 'gnome-'), ('GNOME_TERMINAL_SCREEN', '/org/gnome/Terminal/screen/0a4c09d3_f668_41d6_b245_6f154a0b10c4'), ('XDG_RUNTIME_DIR', '/run/user/1000'), ('DISPLAY', ':0'), ('LANG', 'fr_FR.UTF-8'), ('XDG_CURRENT_DESKTOP', 'ubuntu:GNOME'), ('XMODIFIERS', '@im=ibus'), ('XDG_SESSION_DESKTOP', 'ubuntu'), ('XAUTHORITY', '/run/user/1000/gdm/Xauthority'), ('LS_COLORS', 'rs=0:di=01;34:ln=01;36:mh=00:pi=40;33:so=01;35:do=01;35:bd=40;33;01:cd=40;33;01:or=40;31;01:mi=00:su=37;41:sg=30;43:ca=30;41:tw=30;42:ow=34;42:st=37;44:ex=01;32:*.tar=01;31:*.tgz=01;31:*.arc=01;31:*.arj=01;31:*.taz=01;31:*.lha=01;31:*.lz4=01;31:*.lzh=01;31:*.lzma=01;31:*.tlz=01;31:*.txz=01;31:*.tzo=01;31:*.t7z=01;31:*.zip=01;31:*.z=01;31:*.dz=01;31:*.gz=01;31:*.lrz=01;31:*.lz=01;31:*.lzo=01;31:*.xz=01;31:*.zst=01;31:*.tzst=01;31:*.bz2=01;31:*.bz=01;31:*.tbz=01;31:*.tbz2=01;31:*.tz=01;31:*.deb=01;31:*.rpm=01;31:*.jar=01;31:*.war=01;31:*.ear=01;31:*.sar=01;31:*.rar=01;31:*.alz=01;31:*.ace=01;31:*.zoo=01;31:*.cpio=01;31:*.7z=01;31:*.rz=01;31:*.cab=01;31:*.wim=01;31:*.swm=01;31:*.dwm=01;31:*.esd=01;31:*.jpg=01;35:*.jpeg=01;35:*.mjpg=01;35:*.mjpeg=01;35:*.gif=01;35:*.bmp=01;35:*.pbm=01;35:*.pgm=01;35:*.ppm=01;35:*.tga=01;35:*.xbm=01;35:*.xpm=01;35:*.tif=01;35:*.tiff=01;35:*.png=01;35:*.svg=01;35:*.svgz=01;35:*.mng=01;35:*.pcx=01;35:*.mov=01;35:*.mpg=01;35:*.mpeg=01;35:*.m2v=01;35:*.mkv=01;35:*.webm=01;35:*.ogm=01;35:*.mp4=01;35:*.m4v=01;35:*.mp4v=01;35:*.vob=01;35:*.qt=01;35:*.nuv=01;35:*.wmv=01;35:*.asf=01;35:*.rm=01;35:*.rmvb=01;35:*.flc=01;35:*.avi=01;35:*.fli=01;35:*.flv=01;35:*.gl=01;35:*.dl=01;35:*.xcf=01;35:*.xwd=01;35:*.yuv=01;35:*.cgm=01;35:*.emf=01;35:*.ogv=01;35:*.ogx=01;35:*.aac=00;36:*.au=00;36:*.flac=00;36:*.m4a=00;36:*.mid=00;36:*.midi=00;36:*.mka=00;36:*.mp3=00;36:*.mpc=00;36:*.ogg=00;36:*.ra=00;36:*.wav=00;36:*.oga=00;36:*.opus=00;36:*.spx=00;36:*.xspf=00;36:'), ('GNOME_TERMINAL_SERVICE', ':1.202'), ('SSH_AUTH_SOCK', '/run/user/1000/keyring/ssh'), ('AMENT_PREFIX_PATH', '/home/etdisc/depots/f1tenth/sim_ws/install/timer:/home/etdisc/depots/f1tenth/sim_ws/install/strategy:/home/etdisc/depots/f1tenth/sim_ws/install/localisation:/home/etdisc/depots/f1tenth/sim_ws/install/f1tenth_gym_ros:/home/etdisc/depots/f1tenth/sim_ws/install/custom_msgs:/home/etdisc/depots/f1tenth/sim_ws/install/Waypoints:/home/etdisc/depots/f1tenth/sim_ws/install/Simple_algo:/home/etdisc/depots/f1tenth/sim_ws/install/Planif:/home/etdisc/depots/f1tenth/sim_ws/install/Mapping:/home/etdisc/depots/f1tenth/sim_ws/install/AEB:/opt/ros/galactic'), ('SHELL', '/bin/bash'), ('QT_ACCESSIBILITY', '1'), ('GDMSESSION', 'ubuntu'), ('LESSCLOSE', '/usr/bin/lesspipe %s %s'), ('GPG_AGENT_INFO', '/run/user/1000/gnupg/S.gpg-agent:0:1'), ('QT_IM_MODULE', 'ibus'), ('PWD', '/home/etdisc/Bureau/codef1tenth/src/build/custom_msgs'), ('LC_ALL', 'fr_FR.UTF-8'), ('XDG_CONFIG_DIRS', '/etc/xdg/xdg-ubuntu:/etc/xdg'), ('DBUS_STARTER_ADDRESS', 'unix:path=/run/user/1000/bus,guid=712999510530655913b37c6169709380'), ('XDG_DATA_DIRS', '/usr/share/ubuntu:/usr/local/share/:/usr/share/:/var/lib/snapd/desktop'), ('PYTHONPATH', '/home/etdisc/depots/f1tenth/sim_ws/install/timer/lib/python3.8/site-packages:/home/etdisc/depots/f1tenth/sim_ws/install/strategy/lib/python3.8/site-packages:/home/etdisc/depots/f1tenth/sim_ws/install/localisation/lib/python3.8/site-packages:/home/etdisc/depots/f1tenth/sim_ws/install/f1tenth_gym_ros/lib/python3.8/site-packages:/home/etdisc/depots/f1tenth/sim_ws/install/custom_msgs/lib/python3.8/site-packages:/home/etdisc/depots/f1tenth/sim_ws/install/Waypoints/lib/python3.8/site-packages:/home/etdisc/depots/f1tenth/sim_ws/install/Simple_algo/lib/python3.8/site-packages:/home/etdisc/depots/f1tenth/sim_ws/install/Planif/lib/python3.8/site-packages:/home/etdisc/depots/f1tenth/sim_ws/install/Mapping/lib/python3.8/site-packages:/home/etdisc/depots/f1tenth/sim_ws/install/AEB/lib/python3.8/site-packages:/opt/ros/galactic/lib/python3.8/site-packages'), ('HTTP_PROXY', 'http://proxy:3128'), ('COLCON', '1'), ('VTE_VERSION', '6003'), ('CMAKE_PREFIX_PATH', '/home/etdisc/depots/f1tenth/sim_ws/install/custom_msgs:/home/etdisc/depots/f1tenth/sim_ws/install/timer:/home/etdisc/depots/f1tenth/sim_ws/install/strategy:/home/etdisc/depots/f1tenth/sim_ws/install/localisation:/home/etdisc/depots/f1tenth/sim_ws/install/f1tenth_gym_ros:/home/etdisc/depots/f1tenth/sim_ws/install/Waypoints:/home/etdisc/depots/f1tenth/sim_ws/install/Simple_algo:/home/etdisc/depots/f1tenth/sim_ws/install/Planif:/home/etdisc/depots/f1tenth/sim_ws/install/Mapping:/home/etdisc/depots/f1tenth/sim_ws/install/AEB:/opt/ros/galactic')]), 'shell': False}
[1.710288] (-) TimerEvent: {}
[1.810952] (-) TimerEvent: {}
[1.911459] (-) TimerEvent: {}
[2.012081] (-) TimerEvent: {}
[2.112812] (-) TimerEvent: {}
[2.213364] (-) TimerEvent: {}
[2.265945] (custom_msgs) StdoutLine: {'line': b'[ 10%] Built target custom_msgs__rosidl_generator_c\n'}
[2.267521] (custom_msgs) StdoutLine: {'line': b'[ 12%] Built target custom_msgs__cpp\n'}
[2.268175] (custom_msgs) StdoutLine: {'line': b'[ 41%] Built target custom_msgs__rosidl_typesupport_cpp\n'}
[2.268757] (custom_msgs) StdoutLine: {'line': b'[ 53%] Built target custom_msgs__rosidl_typesupport_introspection_c\n'}
[2.269386] (custom_msgs) StdoutLine: {'line': b'[ 53%] Built target custom_msgs__rosidl_typesupport_introspection_cpp\n'}
[2.269771] (custom_msgs) StdoutLine: {'line': b'[ 53%] Built target custom_msgs__rosidl_typesupport_c\n'}
[2.270525] (custom_msgs) StdoutLine: {'line': b'[ 64%] Built target custom_msgs__rosidl_typesupport_fastrtps_cpp\n'}
[2.271019] (custom_msgs) StdoutLine: {'line': b'[ 74%] Built target custom_msgs__rosidl_typesupport_fastrtps_c\n'}
[2.271506] (custom_msgs) StdoutLine: {'line': b'[ 74%] Built target custom_msgs\n'}
[2.272629] (custom_msgs) StdoutLine: {'line': b'[ 76%] Built target custom_msgs__py\n'}
[2.272864] (custom_msgs) StdoutLine: {'line': b'[ 84%] Built target custom_msgs__python\n'}
[2.273007] (custom_msgs) StdoutLine: {'line': b'[ 89%] Built target custom_msgs__rosidl_typesupport_c__pyext\n'}
[2.273311] (custom_msgs) StdoutLine: {'line': b'[ 94%] Built target custom_msgs__rosidl_typesupport_introspection_c__pyext\n'}
[2.273489] (custom_msgs) StdoutLine: {'line': b'[100%] Built target custom_msgs__rosidl_typesupport_fastrtps_c__pyext\n'}
[2.277671] (custom_msgs) CommandEnded: {'returncode': 0}
[2.281033] (custom_msgs) JobProgress: {'identifier': 'custom_msgs', 'progress': 'install'}
[2.295471] (custom_msgs) Command: {'cmd': ['/usr/bin/cmake', '--install', '/home/etdisc/Bureau/codef1tenth/src/build/custom_msgs'], 'cwd': '/home/etdisc/Bureau/codef1tenth/src/build/custom_msgs', 'env': OrderedDict([('LESSOPEN', '| /usr/bin/lesspipe %s'), ('HTTPS_PROXY', 'http://proxy:3128'), ('USER', 'etdisc'), ('SSH_AGENT_PID', '1666'), ('XDG_SESSION_TYPE', 'x11'), ('SHLVL', '1'), ('LD_LIBRARY_PATH', '/home/etdisc/depots/f1tenth/sim_ws/install/custom_msgs/lib:/usr/lib/x86_64-linux-gnu/gazebo-11/plugins:/opt/ros/galactic/opt/yaml_cpp_vendor/lib:/opt/ros/galactic/opt/rviz_ogre_vendor/lib:/opt/ros/galactic/lib/x86_64-linux-gnu:/opt/ros/galactic/lib'), ('HOME', '/home/etdisc'), ('DESKTOP_SESSION', 'ubuntu'), ('ROS_PYTHON_VERSION', '3'), ('GNOME_SHELL_SESSION_MODE', 'ubuntu'), ('GTK_MODULES', 'gail:atk-bridge'), ('MANAGERPID', '1571'), ('DBUS_STARTER_BUS_TYPE', 'session'), ('DBUS_SESSION_BUS_ADDRESS', 'unix:path=/run/user/1000/bus,guid=712999510530655913b37c6169709380'), ('COLORTERM', 'truecolor'), ('IM_CONFIG_PHASE', '1'), ('https_proxy', 'http://proxy:3128'), ('COLCON_PREFIX_PATH', '/home/etdisc/depots/f1tenth/sim_ws/install'), ('ROS_DISTRO', 'galactic'), ('LOGNAME', 'etdisc'), ('http_proxy', 'http://proxy:3128'), ('JOURNAL_STREAM', '8:65626'), ('_', '/usr/bin/colcon'), ('ROS_VERSION', '2'), ('XDG_SESSION_CLASS', 'user'), ('USERNAME', 'etdisc'), ('TERM', 'xterm-256color'), ('GNOME_DESKTOP_SESSION_ID', 'this-is-deprecated'), ('ROS_LOCALHOST_ONLY', '1'), ('WINDOWPATH', '2'), ('PATH', '/opt/ros/galactic/bin:/snap/bin:/home/etdisc/.local/bin:/usr/local/sbin:/usr/local/bin:/usr/sbin:/usr/bin:/sbin:/bin:/usr/games:/usr/local/games:/snap/bin'), ('SESSION_MANAGER', 'local/etdisc-virtual-machine:@/tmp/.ICE-unix/1701,unix/etdisc-virtual-machine:/tmp/.ICE-unix/1701'), ('INVOCATION_ID', '81bd2218a54643fdb444052878adae1a'), ('XDG_MENU_PREFIX', 'gnome-'), ('GNOME_TERMINAL_SCREEN', '/org/gnome/Terminal/screen/0a4c09d3_f668_41d6_b245_6f154a0b10c4'), ('XDG_RUNTIME_DIR', '/run/user/1000'), ('DISPLAY', ':0'), ('LANG', 'fr_FR.UTF-8'), ('XDG_CURRENT_DESKTOP', 'ubuntu:GNOME'), ('XMODIFIERS', '@im=ibus'), ('XDG_SESSION_DESKTOP', 'ubuntu'), ('XAUTHORITY', '/run/user/1000/gdm/Xauthority'), ('LS_COLORS', 'rs=0:di=01;34:ln=01;36:mh=00:pi=40;33:so=01;35:do=01;35:bd=40;33;01:cd=40;33;01:or=40;31;01:mi=00:su=37;41:sg=30;43:ca=30;41:tw=30;42:ow=34;42:st=37;44:ex=01;32:*.tar=01;31:*.tgz=01;31:*.arc=01;31:*.arj=01;31:*.taz=01;31:*.lha=01;31:*.lz4=01;31:*.lzh=01;31:*.lzma=01;31:*.tlz=01;31:*.txz=01;31:*.tzo=01;31:*.t7z=01;31:*.zip=01;31:*.z=01;31:*.dz=01;31:*.gz=01;31:*.lrz=01;31:*.lz=01;31:*.lzo=01;31:*.xz=01;31:*.zst=01;31:*.tzst=01;31:*.bz2=01;31:*.bz=01;31:*.tbz=01;31:*.tbz2=01;31:*.tz=01;31:*.deb=01;31:*.rpm=01;31:*.jar=01;31:*.war=01;31:*.ear=01;31:*.sar=01;31:*.rar=01;31:*.alz=01;31:*.ace=01;31:*.zoo=01;31:*.cpio=01;31:*.7z=01;31:*.rz=01;31:*.cab=01;31:*.wim=01;31:*.swm=01;31:*.dwm=01;31:*.esd=01;31:*.jpg=01;35:*.jpeg=01;35:*.mjpg=01;35:*.mjpeg=01;35:*.gif=01;35:*.bmp=01;35:*.pbm=01;35:*.pgm=01;35:*.ppm=01;35:*.tga=01;35:*.xbm=01;35:*.xpm=01;35:*.tif=01;35:*.tiff=01;35:*.png=01;35:*.svg=01;35:*.svgz=01;35:*.mng=01;35:*.pcx=01;35:*.mov=01;35:*.mpg=01;35:*.mpeg=01;35:*.m2v=01;35:*.mkv=01;35:*.webm=01;35:*.ogm=01;35:*.mp4=01;35:*.m4v=01;35:*.mp4v=01;35:*.vob=01;35:*.qt=01;35:*.nuv=01;35:*.wmv=01;35:*.asf=01;35:*.rm=01;35:*.rmvb=01;35:*.flc=01;35:*.avi=01;35:*.fli=01;35:*.flv=01;35:*.gl=01;35:*.dl=01;35:*.xcf=01;35:*.xwd=01;35:*.yuv=01;35:*.cgm=01;35:*.emf=01;35:*.ogv=01;35:*.ogx=01;35:*.aac=00;36:*.au=00;36:*.flac=00;36:*.m4a=00;36:*.mid=00;36:*.midi=00;36:*.mka=00;36:*.mp3=00;36:*.mpc=00;36:*.ogg=00;36:*.ra=00;36:*.wav=00;36:*.oga=00;36:*.opus=00;36:*.spx=00;36:*.xspf=00;36:'), ('GNOME_TERMINAL_SERVICE', ':1.202'), ('SSH_AUTH_SOCK', '/run/user/1000/keyring/ssh'), ('AMENT_PREFIX_PATH', '/home/etdisc/depots/f1tenth/sim_ws/install/timer:/home/etdisc/depots/f1tenth/sim_ws/install/strategy:/home/etdisc/depots/f1tenth/sim_ws/install/localisation:/home/etdisc/depots/f1tenth/sim_ws/install/f1tenth_gym_ros:/home/etdisc/depots/f1tenth/sim_ws/install/custom_msgs:/home/etdisc/depots/f1tenth/sim_ws/install/Waypoints:/home/etdisc/depots/f1tenth/sim_ws/install/Simple_algo:/home/etdisc/depots/f1tenth/sim_ws/install/Planif:/home/etdisc/depots/f1tenth/sim_ws/install/Mapping:/home/etdisc/depots/f1tenth/sim_ws/install/AEB:/opt/ros/galactic'), ('SHELL', '/bin/bash'), ('QT_ACCESSIBILITY', '1'), ('GDMSESSION', 'ubuntu'), ('LESSCLOSE', '/usr/bin/lesspipe %s %s'), ('GPG_AGENT_INFO', '/run/user/1000/gnupg/S.gpg-agent:0:1'), ('QT_IM_MODULE', 'ibus'), ('PWD', '/home/etdisc/Bureau/codef1tenth/src/build/custom_msgs'), ('LC_ALL', 'fr_FR.UTF-8'), ('XDG_CONFIG_DIRS', '/etc/xdg/xdg-ubuntu:/etc/xdg'), ('DBUS_STARTER_ADDRESS', 'unix:path=/run/user/1000/bus,guid=712999510530655913b37c6169709380'), ('XDG_DATA_DIRS', '/usr/share/ubuntu:/usr/local/share/:/usr/share/:/var/lib/snapd/desktop'), ('PYTHONPATH', '/home/etdisc/depots/f1tenth/sim_ws/install/timer/lib/python3.8/site-packages:/home/etdisc/depots/f1tenth/sim_ws/install/strategy/lib/python3.8/site-packages:/home/etdisc/depots/f1tenth/sim_ws/install/localisation/lib/python3.8/site-packages:/home/etdisc/depots/f1tenth/sim_ws/install/f1tenth_gym_ros/lib/python3.8/site-packages:/home/etdisc/depots/f1tenth/sim_ws/install/custom_msgs/lib/python3.8/site-packages:/home/etdisc/depots/f1tenth/sim_ws/install/Waypoints/lib/python3.8/site-packages:/home/etdisc/depots/f1tenth/sim_ws/install/Simple_algo/lib/python3.8/site-packages:/home/etdisc/depots/f1tenth/sim_ws/install/Planif/lib/python3.8/site-packages:/home/etdisc/depots/f1tenth/sim_ws/install/Mapping/lib/python3.8/site-packages:/home/etdisc/depots/f1tenth/sim_ws/install/AEB/lib/python3.8/site-packages:/opt/ros/galactic/lib/python3.8/site-packages'), ('HTTP_PROXY', 'http://proxy:3128'), ('COLCON', '1'), ('VTE_VERSION', '6003'), ('CMAKE_PREFIX_PATH', '/home/etdisc/depots/f1tenth/sim_ws/install/custom_msgs:/home/etdisc/depots/f1tenth/sim_ws/install/timer:/home/etdisc/depots/f1tenth/sim_ws/install/strategy:/home/etdisc/depots/f1tenth/sim_ws/install/localisation:/home/etdisc/depots/f1tenth/sim_ws/install/f1tenth_gym_ros:/home/etdisc/depots/f1tenth/sim_ws/install/Waypoints:/home/etdisc/depots/f1tenth/sim_ws/install/Simple_algo:/home/etdisc/depots/f1tenth/sim_ws/install/Planif:/home/etdisc/depots/f1tenth/sim_ws/install/Mapping:/home/etdisc/depots/f1tenth/sim_ws/install/AEB:/opt/ros/galactic')]), 'shell': False}
[2.313615] (-) TimerEvent: {}
[2.358351] (custom_msgs) StdoutLine: {'line': b'-- Install configuration: ""\n'}
[2.359657] (custom_msgs) StdoutLine: {'line': b'-- Up-to-date: /home/etdisc/Bureau/codef1tenth/src/install/custom_msgs/share/ament_index/resource_index/rosidl_interfaces/custom_msgs\n'}
[2.360226] (custom_msgs) StdoutLine: {'line': b'-- Up-to-date: /home/etdisc/Bureau/codef1tenth/src/install/custom_msgs/include/custom_msgs\n'}
[2.360363] (custom_msgs) StdoutLine: {'line': b'-- Up-to-date: /home/etdisc/Bureau/codef1tenth/src/install/custom_msgs/include/custom_msgs/msg\n'}
[2.360479] (custom_msgs) StdoutLine: {'line': b'-- Up-to-date: /home/etdisc/Bureau/codef1tenth/src/install/custom_msgs/include/custom_msgs/msg/track_description.h\n'}
[2.360583] (custom_msgs) StdoutLine: {'line': b'-- Up-to-date: /home/etdisc/Bureau/codef1tenth/src/install/custom_msgs/include/custom_msgs/msg/detail\n'}
[2.360704] (custom_msgs) StdoutLine: {'line': b'-- Up-to-date: /home/etdisc/Bureau/codef1tenth/src/install/custom_msgs/include/custom_msgs/msg/detail/track_description__functions.h\n'}
[2.360798] (custom_msgs) StdoutLine: {'line': b'-- Up-to-date: /home/etdisc/Bureau/codef1tenth/src/install/custom_msgs/include/custom_msgs/msg/detail/lap_progress__functions.h\n'}
[2.365115] (custom_msgs) StdoutLine: {'line': b'-- Up-to-date: /home/etdisc/Bureau/codef1tenth/src/install/custom_msgs/include/custom_msgs/msg/detail/lap_progress__functions.c\n'}
[2.369554] (custom_msgs) StdoutLine: {'line': b'-- Up-to-date: /home/etdisc/Bureau/codef1tenth/src/install/custom_msgs/include/custom_msgs/msg/detail/track_description__type_support.h\n'}
[2.369974] (custom_msgs) StdoutLine: {'line': b'-- Up-to-date: /home/etdisc/Bureau/codef1tenth/src/install/custom_msgs/include/custom_msgs/msg/detail/lap_progress__type_support.h\n'}
[2.370292] (custom_msgs) StdoutLine: {'line': b'-- Up-to-date: /home/etdisc/Bureau/codef1tenth/src/install/custom_msgs/include/custom_msgs/msg/detail/track_description__struct.h\n'}
[2.370603] (custom_msgs) StdoutLine: {'line': b'-- Up-to-date: /home/etdisc/Bureau/codef1tenth/src/install/custom_msgs/include/custom_msgs/msg/detail/track_description__functions.c\n'}
[2.370902] (custom_msgs) StdoutLine: {'line': b'-- Up-to-date: /home/etdisc/Bureau/codef1tenth/src/install/custom_msgs/include/custom_msgs/msg/detail/lap_progress__struct.h\n'}
[2.371199] (custom_msgs) StdoutLine: {'line': b'-- Up-to-date: /home/etdisc/Bureau/codef1tenth/src/install/custom_msgs/include/custom_msgs/msg/lap_progress.h\n'}
[2.371479] (custom_msgs) StdoutLine: {'line': b'-- Up-to-date: /home/etdisc/Bureau/codef1tenth/src/install/custom_msgs/include/custom_msgs/msg/rosidl_generator_c__visibility_control.h\n'}
[2.371789] (custom_msgs) StdoutLine: {'line': b'-- Up-to-date: /home/etdisc/Bureau/codef1tenth/src/install/custom_msgs/share/custom_msgs/environment/library_path.sh\n'}
[2.372076] (custom_msgs) StdoutLine: {'line': b'-- Up-to-date: /home/etdisc/Bureau/codef1tenth/src/install/custom_msgs/share/custom_msgs/environment/library_path.dsv\n'}
[2.372350] (custom_msgs) StdoutLine: {'line': b'-- Up-to-date: /home/etdisc/Bureau/codef1tenth/src/install/custom_msgs/lib/libcustom_msgs__rosidl_generator_c.so\n'}
[2.372582] (custom_msgs) StdoutLine: {'line': b'-- Up-to-date: /home/etdisc/Bureau/codef1tenth/src/install/custom_msgs/include/custom_msgs\n'}
[2.372798] (custom_msgs) StdoutLine: {'line': b'-- Up-to-date: /home/etdisc/Bureau/codef1tenth/src/install/custom_msgs/include/custom_msgs/msg\n'}
[2.373067] (custom_msgs) StdoutLine: {'line': b'-- Up-to-date: /home/etdisc/Bureau/codef1tenth/src/install/custom_msgs/include/custom_msgs/msg/rosidl_typesupport_fastrtps_c__visibility_control.h\n'}
[2.373485] (custom_msgs) StdoutLine: {'line': b'-- Up-to-date: /home/etdisc/Bureau/codef1tenth/src/install/custom_msgs/include/custom_msgs/msg/detail\n'}
[2.373789] (custom_msgs) StdoutLine: {'line': b'-- Up-to-date: /home/etdisc/Bureau/codef1tenth/src/install/custom_msgs/include/custom_msgs/msg/detail/track_description__rosidl_typesupport_fastrtps_c.h\n'}
[2.374066] (custom_msgs) StdoutLine: {'line': b'-- Up-to-date: /home/etdisc/Bureau/codef1tenth/src/install/custom_msgs/include/custom_msgs/msg/detail/lap_progress__rosidl_typesupport_fastrtps_c.h\n'}
[2.374338] (custom_msgs) StdoutLine: {'line': b'-- Up-to-date: /home/etdisc/Bureau/codef1tenth/src/install/custom_msgs/lib/libcustom_msgs__rosidl_typesupport_fastrtps_c.so\n'}
[2.374769] (custom_msgs) StdoutLine: {'line': b'-- Up-to-date: /home/etdisc/Bureau/codef1tenth/src/install/custom_msgs/include/custom_msgs\n'}
[2.375062] (custom_msgs) StdoutLine: {'line': b'-- Up-to-date: /home/etdisc/Bureau/codef1tenth/src/install/custom_msgs/include/custom_msgs/msg\n'}
[2.375326] (custom_msgs) StdoutLine: {'line': b'-- Up-to-date: /home/etdisc/Bureau/codef1tenth/src/install/custom_msgs/include/custom_msgs/msg/detail\n'}
[2.379400] (custom_msgs) StdoutLine: {'line': b'-- Up-to-date: /home/etdisc/Bureau/codef1tenth/src/install/custom_msgs/include/custom_msgs/msg/detail/lap_progress__rosidl_typesupport_fastrtps_cpp.hpp\n'}
[2.380031] (custom_msgs) StdoutLine: {'line': b'-- Up-to-date: /home/etdisc/Bureau/codef1tenth/src/install/custom_msgs/include/custom_msgs/msg/detail/track_description__rosidl_typesupport_fastrtps_cpp.hpp\n'}
[2.380224] (custom_msgs) StdoutLine: {'line': b'-- Up-to-date: /home/etdisc/Bureau/codef1tenth/src/install/custom_msgs/include/custom_msgs/msg/detail/dds_fastrtps\n'}
[2.380352] (custom_msgs) StdoutLine: {'line': b'-- Up-to-date: /home/etdisc/Bureau/codef1tenth/src/install/custom_msgs/include/custom_msgs/msg/rosidl_typesupport_fastrtps_cpp__visibility_control.h\n'}
[2.380473] (custom_msgs) StdoutLine: {'line': b'-- Up-to-date: /home/etdisc/Bureau/codef1tenth/src/install/custom_msgs/lib/libcustom_msgs__rosidl_typesupport_fastrtps_cpp.so\n'}
[2.380608] (custom_msgs) StdoutLine: {'line': b'-- Up-to-date: /home/etdisc/Bureau/codef1tenth/src/install/custom_msgs/include/custom_msgs\n'}
[2.380774] (custom_msgs) StdoutLine: {'line': b'-- Up-to-date: /home/etdisc/Bureau/codef1tenth/src/install/custom_msgs/include/custom_msgs/msg\n'}
[2.380898] (custom_msgs) StdoutLine: {'line': b'-- Up-to-date: /home/etdisc/Bureau/codef1tenth/src/install/custom_msgs/include/custom_msgs/msg/detail\n'}
[2.381006] (custom_msgs) StdoutLine: {'line': b'-- Up-to-date: /home/etdisc/Bureau/codef1tenth/src/install/custom_msgs/include/custom_msgs/msg/detail/lap_progress__type_support.c\n'}
[2.381137] (custom_msgs) StdoutLine: {'line': b'-- Up-to-date: /home/etdisc/Bureau/codef1tenth/src/install/custom_msgs/include/custom_msgs/msg/detail/lap_progress__rosidl_typesupport_introspection_c.h\n'}
[2.381244] (custom_msgs) StdoutLine: {'line': b'-- Up-to-date: /home/etdisc/Bureau/codef1tenth/src/install/custom_msgs/include/custom_msgs/msg/detail/track_description__type_support.c\n'}
[2.381360] (custom_msgs) StdoutLine: {'line': b'-- Up-to-date: /home/etdisc/Bureau/codef1tenth/src/install/custom_msgs/include/custom_msgs/msg/detail/track_description__rosidl_typesupport_introspection_c.h\n'}
[2.381499] (custom_msgs) StdoutLine: {'line': b'-- Up-to-date: /home/etdisc/Bureau/codef1tenth/src/install/custom_msgs/include/custom_msgs/msg/rosidl_typesupport_introspection_c__visibility_control.h\n'}
[2.381605] (custom_msgs) StdoutLine: {'line': b'-- Up-to-date: /home/etdisc/Bureau/codef1tenth/src/install/custom_msgs/lib/libcustom_msgs__rosidl_typesupport_introspection_c.so\n'}
[2.381708] (custom_msgs) StdoutLine: {'line': b'-- Up-to-date: /home/etdisc/Bureau/codef1tenth/src/install/custom_msgs/lib/libcustom_msgs__rosidl_typesupport_c.so\n'}
[2.381867] (custom_msgs) StdoutLine: {'line': b'-- Up-to-date: /home/etdisc/Bureau/codef1tenth/src/install/custom_msgs/include/custom_msgs\n'}
[2.382018] (custom_msgs) StdoutLine: {'line': b'-- Up-to-date: /home/etdisc/Bureau/codef1tenth/src/install/custom_msgs/include/custom_msgs/msg\n'}
[2.382142] (custom_msgs) StdoutLine: {'line': b'-- Up-to-date: /home/etdisc/Bureau/codef1tenth/src/install/custom_msgs/include/custom_msgs/msg/track_description.hpp\n'}
[2.382244] (custom_msgs) StdoutLine: {'line': b'-- Up-to-date: /home/etdisc/Bureau/codef1tenth/src/install/custom_msgs/include/custom_msgs/msg/detail\n'}
[2.382688] (custom_msgs) StdoutLine: {'line': b'-- Up-to-date: /home/etdisc/Bureau/codef1tenth/src/install/custom_msgs/include/custom_msgs/msg/detail/lap_progress__traits.hpp\n'}
[2.382956] (custom_msgs) StdoutLine: {'line': b'-- Up-to-date: /home/etdisc/Bureau/codef1tenth/src/install/custom_msgs/include/custom_msgs/msg/detail/lap_progress__struct.hpp\n'}
[2.383100] (custom_msgs) StdoutLine: {'line': b'-- Up-to-date: /home/etdisc/Bureau/codef1tenth/src/install/custom_msgs/include/custom_msgs/msg/detail/track_description__builder.hpp\n'}
[2.383225] (custom_msgs) StdoutLine: {'line': b'-- Up-to-date: /home/etdisc/Bureau/codef1tenth/src/install/custom_msgs/include/custom_msgs/msg/detail/lap_progress__builder.hpp\n'}
[2.383735] (custom_msgs) StdoutLine: {'line': b'-- Up-to-date: /home/etdisc/Bureau/codef1tenth/src/install/custom_msgs/include/custom_msgs/msg/detail/track_description__struct.hpp\n'}
[2.384065] (custom_msgs) StdoutLine: {'line': b'-- Up-to-date: /home/etdisc/Bureau/codef1tenth/src/install/custom_msgs/include/custom_msgs/msg/detail/track_description__traits.hpp\n'}
[2.384413] (custom_msgs) StdoutLine: {'line': b'-- Up-to-date: /home/etdisc/Bureau/codef1tenth/src/install/custom_msgs/include/custom_msgs/msg/lap_progress.hpp\n'}
[2.384781] (custom_msgs) StdoutLine: {'line': b'-- Up-to-date: /home/etdisc/Bureau/codef1tenth/src/install/custom_msgs/include/custom_msgs\n'}
[2.384986] (custom_msgs) StdoutLine: {'line': b'-- Up-to-date: /home/etdisc/Bureau/codef1tenth/src/install/custom_msgs/include/custom_msgs/msg\n'}
[2.385156] (custom_msgs) StdoutLine: {'line': b'-- Up-to-date: /home/etdisc/Bureau/codef1tenth/src/install/custom_msgs/include/custom_msgs/msg/detail\n'}
[2.385283] (custom_msgs) StdoutLine: {'line': b'-- Up-to-date: /home/etdisc/Bureau/codef1tenth/src/install/custom_msgs/include/custom_msgs/msg/detail/track_description__type_support.cpp\n'}
[2.385397] (custom_msgs) StdoutLine: {'line': b'-- Up-to-date: /home/etdisc/Bureau/codef1tenth/src/install/custom_msgs/include/custom_msgs/msg/detail/lap_progress__type_support.cpp\n'}
[2.385522] (custom_msgs) StdoutLine: {'line': b'-- Up-to-date: /home/etdisc/Bureau/codef1tenth/src/install/custom_msgs/include/custom_msgs/msg/detail/track_description__rosidl_typesupport_introspection_cpp.hpp\n'}
[2.385645] (custom_msgs) StdoutLine: {'line': b'-- Up-to-date: /home/etdisc/Bureau/codef1tenth/src/install/custom_msgs/include/custom_msgs/msg/detail/lap_progress__rosidl_typesupport_introspection_cpp.hpp\n'}
[2.391291] (custom_msgs) StdoutLine: {'line': b'-- Up-to-date: /home/etdisc/Bureau/codef1tenth/src/install/custom_msgs/lib/libcustom_msgs__rosidl_typesupport_introspection_cpp.so\n'}
[2.392068] (custom_msgs) StdoutLine: {'line': b'-- Up-to-date: /home/etdisc/Bureau/codef1tenth/src/install/custom_msgs/lib/libcustom_msgs__rosidl_typesupport_cpp.so\n'}
[2.392280] (custom_msgs) StdoutLine: {'line': b'-- Up-to-date: /home/etdisc/Bureau/codef1tenth/src/install/custom_msgs/share/custom_msgs/environment/pythonpath.sh\n'}
[2.392402] (custom_msgs) StdoutLine: {'line': b'-- Up-to-date: /home/etdisc/Bureau/codef1tenth/src/install/custom_msgs/share/custom_msgs/environment/pythonpath.dsv\n'}
[2.392654] (custom_msgs) StdoutLine: {'line': b'-- Up-to-date: /home/etdisc/Bureau/codef1tenth/src/install/custom_msgs/lib/python3.8/site-packages/custom_msgs/__init__.py\n'}
[2.392797] (custom_msgs) StdoutLine: {'line': b'-- Up-to-date: /home/etdisc/Bureau/codef1tenth/src/install/custom_msgs/lib/python3.8/site-packages/custom_msgs/msg\n'}
[2.393013] (custom_msgs) StdoutLine: {'line': b'-- Up-to-date: /home/etdisc/Bureau/codef1tenth/src/install/custom_msgs/lib/python3.8/site-packages/custom_msgs/msg/_track_description.py\n'}
[2.393131] (custom_msgs) StdoutLine: {'line': b'-- Up-to-date: /home/etdisc/Bureau/codef1tenth/src/install/custom_msgs/lib/python3.8/site-packages/custom_msgs/msg/_lap_progress.py\n'}
[2.393300] (custom_msgs) StdoutLine: {'line': b'-- Up-to-date: /home/etdisc/Bureau/codef1tenth/src/install/custom_msgs/lib/python3.8/site-packages/custom_msgs/msg/_lap_progress_s.c\n'}
[2.393448] (custom_msgs) StdoutLine: {'line': b'-- Up-to-date: /home/etdisc/Bureau/codef1tenth/src/install/custom_msgs/lib/python3.8/site-packages/custom_msgs/msg/__init__.py\n'}
[2.393561] (custom_msgs) StdoutLine: {'line': b'-- Up-to-date: /home/etdisc/Bureau/codef1tenth/src/install/custom_msgs/lib/python3.8/site-packages/custom_msgs/msg/_track_description_s.c\n'}
[2.393700] (custom_msgs) StdoutLine: {'line': b'-- Up-to-date: /home/etdisc/Bureau/codef1tenth/src/install/custom_msgs/lib/python3.8/site-packages/custom_msgs/custom_msgs_s__rosidl_typesupport_fastrtps_c.cpython-38-x86_64-linux-gnu.so\n'}
[2.393865] (custom_msgs) StdoutLine: {'line': b'-- Up-to-date: /home/etdisc/Bureau/codef1tenth/src/install/custom_msgs/lib/python3.8/site-packages/custom_msgs/custom_msgs_s__rosidl_typesupport_introspection_c.cpython-38-x86_64-linux-gnu.so\n'}
[2.394063] (custom_msgs) StdoutLine: {'line': b'-- Up-to-date: /home/etdisc/Bureau/codef1tenth/src/install/custom_msgs/lib/python3.8/site-packages/custom_msgs/custom_msgs_s__rosidl_typesupport_c.cpython-38-x86_64-linux-gnu.so\n'}
[2.394178] (custom_msgs) StdoutLine: {'line': b'-- Up-to-date: /home/etdisc/Bureau/codef1tenth/src/install/custom_msgs/lib/libcustom_msgs__python.so\n'}
[2.394358] (custom_msgs) StdoutLine: {'line': b'-- Up-to-date: /home/etdisc/Bureau/codef1tenth/src/install/custom_msgs/share/custom_msgs/msg/LapProgress.idl\n'}
[2.394467] (custom_msgs) StdoutLine: {'line': b'-- Up-to-date: /home/etdisc/Bureau/codef1tenth/src/install/custom_msgs/share/custom_msgs/msg/TrackDescription.idl\n'}
[2.394624] (custom_msgs) StdoutLine: {'line': b'-- Up-to-date: /home/etdisc/Bureau/codef1tenth/src/install/custom_msgs/share/custom_msgs/msg/LapProgress.msg\n'}
[2.401150] (custom_msgs) StdoutLine: {'line': b'-- Up-to-date: /home/etdisc/Bureau/codef1tenth/src/install/custom_msgs/share/custom_msgs/msg/TrackDescription.msg\n'}
[2.401357] (custom_msgs) StdoutLine: {'line': b'-- Up-to-date: /home/etdisc/Bureau/codef1tenth/src/install/custom_msgs/share/ament_index/resource_index/package_run_dependencies/custom_msgs\n'}
[2.401493] (custom_msgs) StdoutLine: {'line': b'-- Up-to-date: /home/etdisc/Bureau/codef1tenth/src/install/custom_msgs/share/ament_index/resource_index/parent_prefix_path/custom_msgs\n'}
[2.401611] (custom_msgs) StdoutLine: {'line': b'-- Up-to-date: /home/etdisc/Bureau/codef1tenth/src/install/custom_msgs/share/custom_msgs/environment/ament_prefix_path.sh\n'}
[2.401720] (custom_msgs) StdoutLine: {'line': b'-- Up-to-date: /home/etdisc/Bureau/codef1tenth/src/install/custom_msgs/share/custom_msgs/environment/ament_prefix_path.dsv\n'}
[2.401816] (custom_msgs) StdoutLine: {'line': b'-- Up-to-date: /home/etdisc/Bureau/codef1tenth/src/install/custom_msgs/share/custom_msgs/environment/path.sh\n'}
[2.401962] (custom_msgs) StdoutLine: {'line': b'-- Up-to-date: /home/etdisc/Bureau/codef1tenth/src/install/custom_msgs/share/custom_msgs/environment/path.dsv\n'}
[2.402088] (custom_msgs) StdoutLine: {'line': b'-- Up-to-date: /home/etdisc/Bureau/codef1tenth/src/install/custom_msgs/share/custom_msgs/local_setup.bash\n'}
[2.402195] (custom_msgs) StdoutLine: {'line': b'-- Up-to-date: /home/etdisc/Bureau/codef1tenth/src/install/custom_msgs/share/custom_msgs/local_setup.sh\n'}
[2.402296] (custom_msgs) StdoutLine: {'line': b'-- Up-to-date: /home/etdisc/Bureau/codef1tenth/src/install/custom_msgs/share/custom_msgs/local_setup.zsh\n'}
[2.402413] (custom_msgs) StdoutLine: {'line': b'-- Up-to-date: /home/etdisc/Bureau/codef1tenth/src/install/custom_msgs/share/custom_msgs/local_setup.dsv\n'}
[2.402537] (custom_msgs) StdoutLine: {'line': b'-- Installing: /home/etdisc/Bureau/codef1tenth/src/install/custom_msgs/share/custom_msgs/package.dsv\n'}
[2.402638] (custom_msgs) StdoutLine: {'line': b'-- Up-to-date: /home/etdisc/Bureau/codef1tenth/src/install/custom_msgs/share/ament_index/resource_index/packages/custom_msgs\n'}
[2.402749] (custom_msgs) StdoutLine: {'line': b'-- Up-to-date: /home/etdisc/Bureau/codef1tenth/src/install/custom_msgs/share/custom_msgs/cmake/custom_msgs__rosidl_generator_cExport.cmake\n'}
[2.402858] (custom_msgs) StdoutLine: {'line': b'-- Up-to-date: /home/etdisc/Bureau/codef1tenth/src/install/custom_msgs/share/custom_msgs/cmake/custom_msgs__rosidl_generator_cExport-noconfig.cmake\n'}
[2.403061] (custom_msgs) StdoutLine: {'line': b'-- Up-to-date: /home/etdisc/Bureau/codef1tenth/src/install/custom_msgs/share/custom_msgs/cmake/custom_msgs__rosidl_typesupport_introspection_cExport.cmake\n'}
[2.403202] (custom_msgs) StdoutLine: {'line': b'-- Up-to-date: /home/etdisc/Bureau/codef1tenth/src/install/custom_msgs/share/custom_msgs/cmake/custom_msgs__rosidl_typesupport_introspection_cExport-noconfig.cmake\n'}
[2.403316] (custom_msgs) StdoutLine: {'line': b'-- Up-to-date: /home/etdisc/Bureau/codef1tenth/src/install/custom_msgs/share/custom_msgs/cmake/custom_msgs__rosidl_typesupport_cExport.cmake\n'}
[2.403426] (custom_msgs) StdoutLine: {'line': b'-- Up-to-date: /home/etdisc/Bureau/codef1tenth/src/install/custom_msgs/share/custom_msgs/cmake/custom_msgs__rosidl_typesupport_cExport-noconfig.cmake\n'}
[2.403532] (custom_msgs) StdoutLine: {'line': b'-- Up-to-date: /home/etdisc/Bureau/codef1tenth/src/install/custom_msgs/share/custom_msgs/cmake/custom_msgs__rosidl_generator_cppExport.cmake\n'}
[2.403642] (custom_msgs) StdoutLine: {'line': b'-- Up-to-date: /home/etdisc/Bureau/codef1tenth/src/install/custom_msgs/share/custom_msgs/cmake/custom_msgs__rosidl_typesupport_introspection_cppExport.cmake\n'}
[2.403761] (custom_msgs) StdoutLine: {'line': b'-- Up-to-date: /home/etdisc/Bureau/codef1tenth/src/install/custom_msgs/share/custom_msgs/cmake/custom_msgs__rosidl_typesupport_introspection_cppExport-noconfig.cmake\n'}
[2.403868] (custom_msgs) StdoutLine: {'line': b'-- Up-to-date: /home/etdisc/Bureau/codef1tenth/src/install/custom_msgs/share/custom_msgs/cmake/custom_msgs__rosidl_typesupport_cppExport.cmake\n'}
[2.404025] (custom_msgs) StdoutLine: {'line': b'-- Up-to-date: /home/etdisc/Bureau/codef1tenth/src/install/custom_msgs/share/custom_msgs/cmake/custom_msgs__rosidl_typesupport_cppExport-noconfig.cmake\n'}
[2.404133] (custom_msgs) StdoutLine: {'line': b'-- Up-to-date: /home/etdisc/Bureau/codef1tenth/src/install/custom_msgs/share/custom_msgs/cmake/rosidl_cmake-extras.cmake\n'}
[2.404233] (custom_msgs) StdoutLine: {'line': b'-- Up-to-date: /home/etdisc/Bureau/codef1tenth/src/install/custom_msgs/share/custom_msgs/cmake/ament_cmake_export_dependencies-extras.cmake\n'}
[2.404339] (custom_msgs) StdoutLine: {'line': b'-- Up-to-date: /home/etdisc/Bureau/codef1tenth/src/install/custom_msgs/share/custom_msgs/cmake/ament_cmake_export_libraries-extras.cmake\n'}
[2.404457] (custom_msgs) StdoutLine: {'line': b'-- Up-to-date: /home/etdisc/Bureau/codef1tenth/src/install/custom_msgs/share/custom_msgs/cmake/ament_cmake_export_targets-extras.cmake\n'}
[2.404567] (custom_msgs) StdoutLine: {'line': b'-- Up-to-date: /home/etdisc/Bureau/codef1tenth/src/install/custom_msgs/share/custom_msgs/cmake/ament_cmake_export_include_directories-extras.cmake\n'}
[2.404719] (custom_msgs) StdoutLine: {'line': b'-- Up-to-date: /home/etdisc/Bureau/codef1tenth/src/install/custom_msgs/share/custom_msgs/cmake/rosidl_cmake_export_typesupport_libraries-extras.cmake\n'}
[2.404851] (custom_msgs) StdoutLine: {'line': b'-- Up-to-date: /home/etdisc/Bureau/codef1tenth/src/install/custom_msgs/share/custom_msgs/cmake/rosidl_cmake_export_typesupport_targets-extras.cmake\n'}
[2.405007] (custom_msgs) StdoutLine: {'line': b'-- Up-to-date: /home/etdisc/Bureau/codef1tenth/src/install/custom_msgs/share/custom_msgs/cmake/custom_msgsConfig.cmake\n'}
[2.405112] (custom_msgs) StdoutLine: {'line': b'-- Up-to-date: /home/etdisc/Bureau/codef1tenth/src/install/custom_msgs/share/custom_msgs/cmake/custom_msgsConfig-version.cmake\n'}
[2.405241] (custom_msgs) StdoutLine: {'line': b'-- Up-to-date: /home/etdisc/Bureau/codef1tenth/src/install/custom_msgs/share/custom_msgs/package.xml\n'}
[2.429197] (custom_msgs) CommandEnded: {'returncode': 0}
[2.430433] (-) TimerEvent: {}
[2.510573] (custom_msgs) JobEnded: {'identifier': 'custom_msgs', 'rc': 0}
[2.512237] (strategy) JobStarted: {'identifier': 'strategy'}
[2.532659] (-) TimerEvent: {}
[2.634970] (-) TimerEvent: {}
[2.736142] (-) TimerEvent: {}
[2.836622] (-) TimerEvent: {}
[2.937172] (-) TimerEvent: {}
[3.037715] (-) TimerEvent: {}
[3.138301] (-) TimerEvent: {}
[3.240960] (-) TimerEvent: {}
[3.341794] (-) TimerEvent: {}
[3.351361] (AEB) Command: {'cmd': ['/usr/bin/python3', '-W', 'ignore:setup.py install is deprecated', '-W', 'ignore:easy_install command is deprecated', 'setup.py', 'egg_info', '--egg-base', '../build/AEB', 'build', '--build-base', '/home/etdisc/Bureau/codef1tenth/src/build/AEB/build', 'install', '--record', '/home/etdisc/Bureau/codef1tenth/src/build/AEB/install.log', '--single-version-externally-managed', 'install_data'], 'cwd': '/home/etdisc/Bureau/codef1tenth/src/AEB', 'env': {'LESSOPEN': '| /usr/bin/lesspipe %s', 'HTTPS_PROXY': 'http://proxy:3128', 'USER': 'etdisc', 'SSH_AGENT_PID': '1666', 'XDG_SESSION_TYPE': 'x11', 'SHLVL': '1', 'LD_LIBRARY_PATH': '/home/etdisc/depots/f1tenth/sim_ws/install/custom_msgs/lib:/usr/lib/x86_64-linux-gnu/gazebo-11/plugins:/opt/ros/galactic/opt/yaml_cpp_vendor/lib:/opt/ros/galactic/opt/rviz_ogre_vendor/lib:/opt/ros/galactic/lib/x86_64-linux-gnu:/opt/ros/galactic/lib', 'HOME': '/home/etdisc', 'DESKTOP_SESSION': 'ubuntu', 'ROS_PYTHON_VERSION': '3', 'GNOME_SHELL_SESSION_MODE': 'ubuntu', 'GTK_MODULES': 'gail:atk-bridge', 'MANAGERPID': '1571', 'DBUS_STARTER_BUS_TYPE': 'session', 'DBUS_SESSION_BUS_ADDRESS': 'unix:path=/run/user/1000/bus,guid=712999510530655913b37c6169709380', 'COLORTERM': 'truecolor', 'IM_CONFIG_PHASE': '1', 'https_proxy': 'http://proxy:3128', 'COLCON_PREFIX_PATH': '/home/etdisc/depots/f1tenth/sim_ws/install', 'ROS_DISTRO': 'galactic', 'LOGNAME': 'etdisc', 'http_proxy': 'http://proxy:3128', 'JOURNAL_STREAM': '8:65626', '_': '/usr/bin/colcon', 'ROS_VERSION': '2', 'XDG_SESSION_CLASS': 'user', 'USERNAME': 'etdisc', 'TERM': 'xterm-256color', 'GNOME_DESKTOP_SESSION_ID': 'this-is-deprecated', 'ROS_LOCALHOST_ONLY': '1', 'WINDOWPATH': '2', 'PATH': '/opt/ros/galactic/bin:/snap/bin:/home/etdisc/.local/bin:/usr/local/sbin:/usr/local/bin:/usr/sbin:/usr/bin:/sbin:/bin:/usr/games:/usr/local/games:/snap/bin', 'SESSION_MANAGER': 'local/etdisc-virtual-machine:@/tmp/.ICE-unix/1701,unix/etdisc-virtual-machine:/tmp/.ICE-unix/1701', 'INVOCATION_ID': '81bd2218a54643fdb444052878adae1a', 'XDG_MENU_PREFIX': 'gnome-', 'GNOME_TERMINAL_SCREEN': '/org/gnome/Terminal/screen/0a4c09d3_f668_41d6_b245_6f154a0b10c4', 'XDG_RUNTIME_DIR': '/run/user/1000', 'DISPLAY': ':0', 'LANG': 'fr_FR.UTF-8', 'XDG_CURRENT_DESKTOP': 'ubuntu:GNOME', 'XMODIFIERS': '@im=ibus', 'XDG_SESSION_DESKTOP': 'ubuntu', 'XAUTHORITY': '/run/user/1000/gdm/Xauthority', 'LS_COLORS': 'rs=0:di=01;34:ln=01;36:mh=00:pi=40;33:so=01;35:do=01;35:bd=40;33;01:cd=40;33;01:or=40;31;01:mi=00:su=37;41:sg=30;43:ca=30;41:tw=30;42:ow=34;42:st=37;44:ex=01;32:*.tar=01;31:*.tgz=01;31:*.arc=01;31:*.arj=01;31:*.taz=01;31:*.lha=01;31:*.lz4=01;31:*.lzh=01;31:*.lzma=01;31:*.tlz=01;31:*.txz=01;31:*.tzo=01;31:*.t7z=01;31:*.zip=01;31:*.z=01;31:*.dz=01;31:*.gz=01;31:*.lrz=01;31:*.lz=01;31:*.lzo=01;31:*.xz=01;31:*.zst=01;31:*.tzst=01;31:*.bz2=01;31:*.bz=01;31:*.tbz=01;31:*.tbz2=01;31:*.tz=01;31:*.deb=01;31:*.rpm=01;31:*.jar=01;31:*.war=01;31:*.ear=01;31:*.sar=01;31:*.rar=01;31:*.alz=01;31:*.ace=01;31:*.zoo=01;31:*.cpio=01;31:*.7z=01;31:*.rz=01;31:*.cab=01;31:*.wim=01;31:*.swm=01;31:*.dwm=01;31:*.esd=01;31:*.jpg=01;35:*.jpeg=01;35:*.mjpg=01;35:*.mjpeg=01;35:*.gif=01;35:*.bmp=01;35:*.pbm=01;35:*.pgm=01;35:*.ppm=01;35:*.tga=01;35:*.xbm=01;35:*.xpm=01;35:*.tif=01;35:*.tiff=01;35:*.png=01;35:*.svg=01;35:*.svgz=01;35:*.mng=01;35:*.pcx=01;35:*.mov=01;35:*.mpg=01;35:*.mpeg=01;35:*.m2v=01;35:*.mkv=01;35:*.webm=01;35:*.ogm=01;35:*.mp4=01;35:*.m4v=01;35:*.mp4v=01;35:*.vob=01;35:*.qt=01;35:*.nuv=01;35:*.wmv=01;35:*.asf=01;35:*.rm=01;35:*.rmvb=01;35:*.flc=01;35:*.avi=01;35:*.fli=01;35:*.flv=01;35:*.gl=01;35:*.dl=01;35:*.xcf=01;35:*.xwd=01;35:*.yuv=01;35:*.cgm=01;35:*.emf=01;35:*.ogv=01;35:*.ogx=01;35:*.aac=00;36:*.au=00;36:*.flac=00;36:*.m4a=00;36:*.mid=00;36:*.midi=00;36:*.mka=00;36:*.mp3=00;36:*.mpc=00;36:*.ogg=00;36:*.ra=00;36:*.wav=00;36:*.oga=00;36:*.opus=00;36:*.spx=00;36:*.xspf=00;36:', 'GNOME_TERMINAL_SERVICE': ':1.202', 'SSH_AUTH_SOCK': '/run/user/1000/keyring/ssh', 'AMENT_PREFIX_PATH': '/home/etdisc/depots/f1tenth/sim_ws/install/timer:/home/etdisc/depots/f1tenth/sim_ws/install/strategy:/home/etdisc/depots/f1tenth/sim_ws/install/localisation:/home/etdisc/depots/f1tenth/sim_ws/install/f1tenth_gym_ros:/home/etdisc/depots/f1tenth/sim_ws/install/custom_msgs:/home/etdisc/depots/f1tenth/sim_ws/install/Waypoints:/home/etdisc/depots/f1tenth/sim_ws/install/Simple_algo:/home/etdisc/depots/f1tenth/sim_ws/install/Planif:/home/etdisc/depots/f1tenth/sim_ws/install/Mapping:/home/etdisc/depots/f1tenth/sim_ws/install/AEB:/opt/ros/galactic', 'SHELL': '/bin/bash', 'QT_ACCESSIBILITY': '1', 'GDMSESSION': 'ubuntu', 'LESSCLOSE': '/usr/bin/lesspipe %s %s', 'GPG_AGENT_INFO': '/run/user/1000/gnupg/S.gpg-agent:0:1', 'QT_IM_MODULE': 'ibus', 'PWD': '/home/etdisc/Bureau/codef1tenth/src/build/AEB', 'LC_ALL': 'fr_FR.UTF-8', 'XDG_CONFIG_DIRS': '/etc/xdg/xdg-ubuntu:/etc/xdg', 'DBUS_STARTER_ADDRESS': 'unix:path=/run/user/1000/bus,guid=712999510530655913b37c6169709380', 'XDG_DATA_DIRS': '/usr/share/ubuntu:/usr/local/share/:/usr/share/:/var/lib/snapd/desktop', 'PYTHONPATH': '/home/etdisc/Bureau/codef1tenth/src/build/AEB/prefix_override:/usr/lib/python3/dist-packages/colcon_core/task/python/colcon_distutils_commands:/home/etdisc/Bureau/codef1tenth/src/install/AEB/lib/python3.8/site-packages:/home/etdisc/depots/f1tenth/sim_ws/install/timer/lib/python3.8/site-packages:/home/etdisc/depots/f1tenth/sim_ws/install/strategy/lib/python3.8/site-packages:/home/etdisc/depots/f1tenth/sim_ws/install/localisation/lib/python3.8/site-packages:/home/etdisc/depots/f1tenth/sim_ws/install/f1tenth_gym_ros/lib/python3.8/site-packages:/home/etdisc/depots/f1tenth/sim_ws/install/custom_msgs/lib/python3.8/site-packages:/home/etdisc/depots/f1tenth/sim_ws/install/Waypoints/lib/python3.8/site-packages:/home/etdisc/depots/f1tenth/sim_ws/install/Simple_algo/lib/python3.8/site-packages:/home/etdisc/depots/f1tenth/sim_ws/install/Planif/lib/python3.8/site-packages:/home/etdisc/depots/f1tenth/sim_ws/install/Mapping/lib/python3.8/site-packages:/home/etdisc/depots/f1tenth/sim_ws/install/AEB/lib/python3.8/site-packages:/opt/ros/galactic/lib/python3.8/site-packages', 'HTTP_PROXY': 'http://proxy:3128', 'COLCON': '1', 'VTE_VERSION': '6003', 'CMAKE_PREFIX_PATH': '/home/etdisc/depots/f1tenth/sim_ws/install/custom_msgs'}, 'shell': False}
[3.370695] (Planif) Command: {'cmd': ['/usr/bin/python3', '-W', 'ignore:setup.py install is deprecated', '-W', 'ignore:easy_install command is deprecated', 'setup.py', 'egg_info', '--egg-base', '../build/Planif', 'build', '--build-base', '/home/etdisc/Bureau/codef1tenth/src/build/Planif/build', 'install', '--record', '/home/etdisc/Bureau/codef1tenth/src/build/Planif/install.log', '--single-version-externally-managed', 'install_data'], 'cwd': '/home/etdisc/Bureau/codef1tenth/src/Planif', 'env': {'LESSOPEN': '| /usr/bin/lesspipe %s', 'HTTPS_PROXY': 'http://proxy:3128', 'USER': 'etdisc', 'SSH_AGENT_PID': '1666', 'XDG_SESSION_TYPE': 'x11', 'SHLVL': '1', 'LD_LIBRARY_PATH': '/home/etdisc/depots/f1tenth/sim_ws/install/custom_msgs/lib:/usr/lib/x86_64-linux-gnu/gazebo-11/plugins:/opt/ros/galactic/opt/yaml_cpp_vendor/lib:/opt/ros/galactic/opt/rviz_ogre_vendor/lib:/opt/ros/galactic/lib/x86_64-linux-gnu:/opt/ros/galactic/lib', 'HOME': '/home/etdisc', 'DESKTOP_SESSION': 'ubuntu', 'ROS_PYTHON_VERSION': '3', 'GNOME_SHELL_SESSION_MODE': 'ubuntu', 'GTK_MODULES': 'gail:atk-bridge', 'MANAGERPID': '1571', 'DBUS_STARTER_BUS_TYPE': 'session', 'DBUS_SESSION_BUS_ADDRESS': 'unix:path=/run/user/1000/bus,guid=712999510530655913b37c6169709380', 'COLORTERM': 'truecolor', 'IM_CONFIG_PHASE': '1', 'https_proxy': 'http://proxy:3128', 'COLCON_PREFIX_PATH': '/home/etdisc/depots/f1tenth/sim_ws/install', 'ROS_DISTRO': 'galactic', 'LOGNAME': 'etdisc', 'http_proxy': 'http://proxy:3128', 'JOURNAL_STREAM': '8:65626', '_': '/usr/bin/colcon', 'ROS_VERSION': '2', 'XDG_SESSION_CLASS': 'user', 'USERNAME': 'etdisc', 'TERM': 'xterm-256color', 'GNOME_DESKTOP_SESSION_ID': 'this-is-deprecated', 'ROS_LOCALHOST_ONLY': '1', 'WINDOWPATH': '2', 'PATH': '/opt/ros/galactic/bin:/snap/bin:/home/etdisc/.local/bin:/usr/local/sbin:/usr/local/bin:/usr/sbin:/usr/bin:/sbin:/bin:/usr/games:/usr/local/games:/snap/bin', 'SESSION_MANAGER': 'local/etdisc-virtual-machine:@/tmp/.ICE-unix/1701,unix/etdisc-virtual-machine:/tmp/.ICE-unix/1701', 'INVOCATION_ID': '81bd2218a54643fdb444052878adae1a', 'XDG_MENU_PREFIX': 'gnome-', 'GNOME_TERMINAL_SCREEN': '/org/gnome/Terminal/screen/0a4c09d3_f668_41d6_b245_6f154a0b10c4', 'XDG_RUNTIME_DIR': '/run/user/1000', 'DISPLAY': ':0', 'LANG': 'fr_FR.UTF-8', 'XDG_CURRENT_DESKTOP': 'ubuntu:GNOME', 'XMODIFIERS': '@im=ibus', 'XDG_SESSION_DESKTOP': 'ubuntu', 'XAUTHORITY': '/run/user/1000/gdm/Xauthority', 'LS_COLORS': 'rs=0:di=01;34:ln=01;36:mh=00:pi=40;33:so=01;35:do=01;35:bd=40;33;01:cd=40;33;01:or=40;31;01:mi=00:su=37;41:sg=30;43:ca=30;41:tw=30;42:ow=34;42:st=37;44:ex=01;32:*.tar=01;31:*.tgz=01;31:*.arc=01;31:*.arj=01;31:*.taz=01;31:*.lha=01;31:*.lz4=01;31:*.lzh=01;31:*.lzma=01;31:*.tlz=01;31:*.txz=01;31:*.tzo=01;31:*.t7z=01;31:*.zip=01;31:*.z=01;31:*.dz=01;31:*.gz=01;31:*.lrz=01;31:*.lz=01;31:*.lzo=01;31:*.xz=01;31:*.zst=01;31:*.tzst=01;31:*.bz2=01;31:*.bz=01;31:*.tbz=01;31:*.tbz2=01;31:*.tz=01;31:*.deb=01;31:*.rpm=01;31:*.jar=01;31:*.war=01;31:*.ear=01;31:*.sar=01;31:*.rar=01;31:*.alz=01;31:*.ace=01;31:*.zoo=01;31:*.cpio=01;31:*.7z=01;31:*.rz=01;31:*.cab=01;31:*.wim=01;31:*.swm=01;31:*.dwm=01;31:*.esd=01;31:*.jpg=01;35:*.jpeg=01;35:*.mjpg=01;35:*.mjpeg=01;35:*.gif=01;35:*.bmp=01;35:*.pbm=01;35:*.pgm=01;35:*.ppm=01;35:*.tga=01;35:*.xbm=01;35:*.xpm=01;35:*.tif=01;35:*.tiff=01;35:*.png=01;35:*.svg=01;35:*.svgz=01;35:*.mng=01;35:*.pcx=01;35:*.mov=01;35:*.mpg=01;35:*.mpeg=01;35:*.m2v=01;35:*.mkv=01;35:*.webm=01;35:*.ogm=01;35:*.mp4=01;35:*.m4v=01;35:*.mp4v=01;35:*.vob=01;35:*.qt=01;35:*.nuv=01;35:*.wmv=01;35:*.asf=01;35:*.rm=01;35:*.rmvb=01;35:*.flc=01;35:*.avi=01;35:*.fli=01;35:*.flv=01;35:*.gl=01;35:*.dl=01;35:*.xcf=01;35:*.xwd=01;35:*.yuv=01;35:*.cgm=01;35:*.emf=01;35:*.ogv=01;35:*.ogx=01;35:*.aac=00;36:*.au=00;36:*.flac=00;36:*.m4a=00;36:*.mid=00;36:*.midi=00;36:*.mka=00;36:*.mp3=00;36:*.mpc=00;36:*.ogg=00;36:*.ra=00;36:*.wav=00;36:*.oga=00;36:*.opus=00;36:*.spx=00;36:*.xspf=00;36:', 'GNOME_TERMINAL_SERVICE': ':1.202', 'SSH_AUTH_SOCK': '/run/user/1000/keyring/ssh', 'AMENT_PREFIX_PATH': '/home/etdisc/depots/f1tenth/sim_ws/install/timer:/home/etdisc/depots/f1tenth/sim_ws/install/strategy:/home/etdisc/depots/f1tenth/sim_ws/install/localisation:/home/etdisc/depots/f1tenth/sim_ws/install/f1tenth_gym_ros:/home/etdisc/depots/f1tenth/sim_ws/install/custom_msgs:/home/etdisc/depots/f1tenth/sim_ws/install/Waypoints:/home/etdisc/depots/f1tenth/sim_ws/install/Simple_algo:/home/etdisc/depots/f1tenth/sim_ws/install/Planif:/home/etdisc/depots/f1tenth/sim_ws/install/Mapping:/home/etdisc/depots/f1tenth/sim_ws/install/AEB:/opt/ros/galactic', 'SHELL': '/bin/bash', 'QT_ACCESSIBILITY': '1', 'GDMSESSION': 'ubuntu', 'LESSCLOSE': '/usr/bin/lesspipe %s %s', 'GPG_AGENT_INFO': '/run/user/1000/gnupg/S.gpg-agent:0:1', 'QT_IM_MODULE': 'ibus', 'PWD': '/home/etdisc/Bureau/codef1tenth/src/build/Planif', 'LC_ALL': 'fr_FR.UTF-8', 'XDG_CONFIG_DIRS': '/etc/xdg/xdg-ubuntu:/etc/xdg', 'DBUS_STARTER_ADDRESS': 'unix:path=/run/user/1000/bus,guid=712999510530655913b37c6169709380', 'XDG_DATA_DIRS': '/usr/share/ubuntu:/usr/local/share/:/usr/share/:/var/lib/snapd/desktop', 'PYTHONPATH': '/home/etdisc/Bureau/codef1tenth/src/build/Planif/prefix_override:/usr/lib/python3/dist-packages/colcon_core/task/python/colcon_distutils_commands:/home/etdisc/Bureau/codef1tenth/src/install/Planif/lib/python3.8/site-packages:/home/etdisc/depots/f1tenth/sim_ws/install/timer/lib/python3.8/site-packages:/home/etdisc/depots/f1tenth/sim_ws/install/strategy/lib/python3.8/site-packages:/home/etdisc/depots/f1tenth/sim_ws/install/localisation/lib/python3.8/site-packages:/home/etdisc/depots/f1tenth/sim_ws/install/f1tenth_gym_ros/lib/python3.8/site-packages:/home/etdisc/depots/f1tenth/sim_ws/install/custom_msgs/lib/python3.8/site-packages:/home/etdisc/depots/f1tenth/sim_ws/install/Waypoints/lib/python3.8/site-packages:/home/etdisc/depots/f1tenth/sim_ws/install/Simple_algo/lib/python3.8/site-packages:/home/etdisc/depots/f1tenth/sim_ws/install/Planif/lib/python3.8/site-packages:/home/etdisc/depots/f1tenth/sim_ws/install/Mapping/lib/python3.8/site-packages:/home/etdisc/depots/f1tenth/sim_ws/install/AEB/lib/python3.8/site-packages:/opt/ros/galactic/lib/python3.8/site-packages', 'HTTP_PROXY': 'http://proxy:3128', 'COLCON': '1', 'VTE_VERSION': '6003', 'CMAKE_PREFIX_PATH': '/home/etdisc/depots/f1tenth/sim_ws/install/custom_msgs'}, 'shell': False}
[3.442122] (-) TimerEvent: {}
[3.453469] (Mapping) Command: {'cmd': ['/usr/bin/python3', '-W', 'ignore:setup.py install is deprecated', '-W', 'ignore:easy_install command is deprecated', 'setup.py', 'egg_info', '--egg-base', '../build/Mapping', 'build', '--build-base', '/home/etdisc/Bureau/codef1tenth/src/build/Mapping/build', 'install', '--record', '/home/etdisc/Bureau/codef1tenth/src/build/Mapping/install.log', '--single-version-externally-managed', 'install_data'], 'cwd': '/home/etdisc/Bureau/codef1tenth/src/Mapping', 'env': {'LESSOPEN': '| /usr/bin/lesspipe %s', 'HTTPS_PROXY': 'http://proxy:3128', 'USER': 'etdisc', 'SSH_AGENT_PID': '1666', 'XDG_SESSION_TYPE': 'x11', 'SHLVL': '1', 'LD_LIBRARY_PATH': '/home/etdisc/depots/f1tenth/sim_ws/install/custom_msgs/lib:/usr/lib/x86_64-linux-gnu/gazebo-11/plugins:/opt/ros/galactic/opt/yaml_cpp_vendor/lib:/opt/ros/galactic/opt/rviz_ogre_vendor/lib:/opt/ros/galactic/lib/x86_64-linux-gnu:/opt/ros/galactic/lib', 'HOME': '/home/etdisc', 'DESKTOP_SESSION': 'ubuntu', 'ROS_PYTHON_VERSION': '3', 'GNOME_SHELL_SESSION_MODE': 'ubuntu', 'GTK_MODULES': 'gail:atk-bridge', 'MANAGERPID': '1571', 'DBUS_STARTER_BUS_TYPE': 'session', 'DBUS_SESSION_BUS_ADDRESS': 'unix:path=/run/user/1000/bus,guid=712999510530655913b37c6169709380', 'COLORTERM': 'truecolor', 'IM_CONFIG_PHASE': '1', 'https_proxy': 'http://proxy:3128', 'COLCON_PREFIX_PATH': '/home/etdisc/depots/f1tenth/sim_ws/install', 'ROS_DISTRO': 'galactic', 'LOGNAME': 'etdisc', 'http_proxy': 'http://proxy:3128', 'JOURNAL_STREAM': '8:65626', '_': '/usr/bin/colcon', 'ROS_VERSION': '2', 'XDG_SESSION_CLASS': 'user', 'USERNAME': 'etdisc', 'TERM': 'xterm-256color', 'GNOME_DESKTOP_SESSION_ID': 'this-is-deprecated', 'ROS_LOCALHOST_ONLY': '1', 'WINDOWPATH': '2', 'PATH': '/opt/ros/galactic/bin:/snap/bin:/home/etdisc/.local/bin:/usr/local/sbin:/usr/local/bin:/usr/sbin:/usr/bin:/sbin:/bin:/usr/games:/usr/local/games:/snap/bin', 'SESSION_MANAGER': 'local/etdisc-virtual-machine:@/tmp/.ICE-unix/1701,unix/etdisc-virtual-machine:/tmp/.ICE-unix/1701', 'INVOCATION_ID': '81bd2218a54643fdb444052878adae1a', 'XDG_MENU_PREFIX': 'gnome-', 'GNOME_TERMINAL_SCREEN': '/org/gnome/Terminal/screen/0a4c09d3_f668_41d6_b245_6f154a0b10c4', 'XDG_RUNTIME_DIR': '/run/user/1000', 'DISPLAY': ':0', 'LANG': 'fr_FR.UTF-8', 'XDG_CURRENT_DESKTOP': 'ubuntu:GNOME', 'XMODIFIERS': '@im=ibus', 'XDG_SESSION_DESKTOP': 'ubuntu', 'XAUTHORITY': '/run/user/1000/gdm/Xauthority', 'LS_COLORS': 'rs=0:di=01;34:ln=01;36:mh=00:pi=40;33:so=01;35:do=01;35:bd=40;33;01:cd=40;33;01:or=40;31;01:mi=00:su=37;41:sg=30;43:ca=30;41:tw=30;42:ow=34;42:st=37;44:ex=01;32:*.tar=01;31:*.tgz=01;31:*.arc=01;31:*.arj=01;31:*.taz=01;31:*.lha=01;31:*.lz4=01;31:*.lzh=01;31:*.lzma=01;31:*.tlz=01;31:*.txz=01;31:*.tzo=01;31:*.t7z=01;31:*.zip=01;31:*.z=01;31:*.dz=01;31:*.gz=01;31:*.lrz=01;31:*.lz=01;31:*.lzo=01;31:*.xz=01;31:*.zst=01;31:*.tzst=01;31:*.bz2=01;31:*.bz=01;31:*.tbz=01;31:*.tbz2=01;31:*.tz=01;31:*.deb=01;31:*.rpm=01;31:*.jar=01;31:*.war=01;31:*.ear=01;31:*.sar=01;31:*.rar=01;31:*.alz=01;31:*.ace=01;31:*.zoo=01;31:*.cpio=01;31:*.7z=01;31:*.rz=01;31:*.cab=01;31:*.wim=01;31:*.swm=01;31:*.dwm=01;31:*.esd=01;31:*.jpg=01;35:*.jpeg=01;35:*.mjpg=01;35:*.mjpeg=01;35:*.gif=01;35:*.bmp=01;35:*.pbm=01;35:*.pgm=01;35:*.ppm=01;35:*.tga=01;35:*.xbm=01;35:*.xpm=01;35:*.tif=01;35:*.tiff=01;35:*.png=01;35:*.svg=01;35:*.svgz=01;35:*.mng=01;35:*.pcx=01;35:*.mov=01;35:*.mpg=01;35:*.mpeg=01;35:*.m2v=01;35:*.mkv=01;35:*.webm=01;35:*.ogm=01;35:*.mp4=01;35:*.m4v=01;35:*.mp4v=01;35:*.vob=01;35:*.qt=01;35:*.nuv=01;35:*.wmv=01;35:*.asf=01;35:*.rm=01;35:*.rmvb=01;35:*.flc=01;35:*.avi=01;35:*.fli=01;35:*.flv=01;35:*.gl=01;35:*.dl=01;35:*.xcf=01;35:*.xwd=01;35:*.yuv=01;35:*.cgm=01;35:*.emf=01;35:*.ogv=01;35:*.ogx=01;35:*.aac=00;36:*.au=00;36:*.flac=00;36:*.m4a=00;36:*.mid=00;36:*.midi=00;36:*.mka=00;36:*.mp3=00;36:*.mpc=00;36:*.ogg=00;36:*.ra=00;36:*.wav=00;36:*.oga=00;36:*.opus=00;36:*.spx=00;36:*.xspf=00;36:', 'GNOME_TERMINAL_SERVICE': ':1.202', 'SSH_AUTH_SOCK': '/run/user/1000/keyring/ssh', 'AMENT_PREFIX_PATH': '/home/etdisc/depots/f1tenth/sim_ws/install/timer:/home/etdisc/depots/f1tenth/sim_ws/install/strategy:/home/etdisc/depots/f1tenth/sim_ws/install/localisation:/home/etdisc/depots/f1tenth/sim_ws/install/f1tenth_gym_ros:/home/etdisc/depots/f1tenth/sim_ws/install/custom_msgs:/home/etdisc/depots/f1tenth/sim_ws/install/Waypoints:/home/etdisc/depots/f1tenth/sim_ws/install/Simple_algo:/home/etdisc/depots/f1tenth/sim_ws/install/Planif:/home/etdisc/depots/f1tenth/sim_ws/install/Mapping:/home/etdisc/depots/f1tenth/sim_ws/install/AEB:/opt/ros/galactic', 'SHELL': '/bin/bash', 'QT_ACCESSIBILITY': '1', 'GDMSESSION': 'ubuntu', 'LESSCLOSE': '/usr/bin/lesspipe %s %s', 'GPG_AGENT_INFO': '/run/user/1000/gnupg/S.gpg-agent:0:1', 'QT_IM_MODULE': 'ibus', 'PWD': '/home/etdisc/Bureau/codef1tenth/src/build/Mapping', 'LC_ALL': 'fr_FR.UTF-8', 'XDG_CONFIG_DIRS': '/etc/xdg/xdg-ubuntu:/etc/xdg', 'DBUS_STARTER_ADDRESS': 'unix:path=/run/user/1000/bus,guid=712999510530655913b37c6169709380', 'XDG_DATA_DIRS': '/usr/share/ubuntu:/usr/local/share/:/usr/share/:/var/lib/snapd/desktop', 'PYTHONPATH': '/home/etdisc/Bureau/codef1tenth/src/build/Mapping/prefix_override:/usr/lib/python3/dist-packages/colcon_core/task/python/colcon_distutils_commands:/home/etdisc/Bureau/codef1tenth/src/install/Mapping/lib/python3.8/site-packages:/home/etdisc/depots/f1tenth/sim_ws/install/timer/lib/python3.8/site-packages:/home/etdisc/depots/f1tenth/sim_ws/install/strategy/lib/python3.8/site-packages:/home/etdisc/depots/f1tenth/sim_ws/install/localisation/lib/python3.8/site-packages:/home/etdisc/depots/f1tenth/sim_ws/install/f1tenth_gym_ros/lib/python3.8/site-packages:/home/etdisc/depots/f1tenth/sim_ws/install/custom_msgs/lib/python3.8/site-packages:/home/etdisc/depots/f1tenth/sim_ws/install/Waypoints/lib/python3.8/site-packages:/home/etdisc/depots/f1tenth/sim_ws/install/Simple_algo/lib/python3.8/site-packages:/home/etdisc/depots/f1tenth/sim_ws/install/Planif/lib/python3.8/site-packages:/home/etdisc/depots/f1tenth/sim_ws/install/Mapping/lib/python3.8/site-packages:/home/etdisc/depots/f1tenth/sim_ws/install/AEB/lib/python3.8/site-packages:/opt/ros/galactic/lib/python3.8/site-packages', 'HTTP_PROXY': 'http://proxy:3128', 'COLCON': '1', 'VTE_VERSION': '6003', 'CMAKE_PREFIX_PATH': '/home/etdisc/depots/f1tenth/sim_ws/install/custom_msgs'}, 'shell': False}
[3.474830] (Simple_algo) Command: {'cmd': ['/usr/bin/python3', '-W', 'ignore:setup.py install is deprecated', '-W', 'ignore:easy_install command is deprecated', 'setup.py', 'egg_info', '--egg-base', '../build/Simple_algo', 'build', '--build-base', '/home/etdisc/Bureau/codef1tenth/src/build/Simple_algo/build', 'install', '--record', '/home/etdisc/Bureau/codef1tenth/src/build/Simple_algo/install.log', '--single-version-externally-managed', 'install_data'], 'cwd': '/home/etdisc/Bureau/codef1tenth/src/Simple_algo', 'env': {'LESSOPEN': '| /usr/bin/lesspipe %s', 'HTTPS_PROXY': 'http://proxy:3128', 'USER': 'etdisc', 'SSH_AGENT_PID': '1666', 'XDG_SESSION_TYPE': 'x11', 'SHLVL': '1', 'LD_LIBRARY_PATH': '/home/etdisc/depots/f1tenth/sim_ws/install/custom_msgs/lib:/usr/lib/x86_64-linux-gnu/gazebo-11/plugins:/opt/ros/galactic/opt/yaml_cpp_vendor/lib:/opt/ros/galactic/opt/rviz_ogre_vendor/lib:/opt/ros/galactic/lib/x86_64-linux-gnu:/opt/ros/galactic/lib', 'HOME': '/home/etdisc', 'DESKTOP_SESSION': 'ubuntu', 'ROS_PYTHON_VERSION': '3', 'GNOME_SHELL_SESSION_MODE': 'ubuntu', 'GTK_MODULES': 'gail:atk-bridge', 'MANAGERPID': '1571', 'DBUS_STARTER_BUS_TYPE': 'session', 'DBUS_SESSION_BUS_ADDRESS': 'unix:path=/run/user/1000/bus,guid=712999510530655913b37c6169709380', 'COLORTERM': 'truecolor', 'IM_CONFIG_PHASE': '1', 'https_proxy': 'http://proxy:3128', 'COLCON_PREFIX_PATH': '/home/etdisc/depots/f1tenth/sim_ws/install', 'ROS_DISTRO': 'galactic', 'LOGNAME': 'etdisc', 'http_proxy': 'http://proxy:3128', 'JOURNAL_STREAM': '8:65626', '_': '/usr/bin/colcon', 'ROS_VERSION': '2', 'XDG_SESSION_CLASS': 'user', 'USERNAME': 'etdisc', 'TERM': 'xterm-256color', 'GNOME_DESKTOP_SESSION_ID': 'this-is-deprecated', 'ROS_LOCALHOST_ONLY': '1', 'WINDOWPATH': '2', 'PATH': '/opt/ros/galactic/bin:/snap/bin:/home/etdisc/.local/bin:/usr/local/sbin:/usr/local/bin:/usr/sbin:/usr/bin:/sbin:/bin:/usr/games:/usr/local/games:/snap/bin', 'SESSION_MANAGER': 'local/etdisc-virtual-machine:@/tmp/.ICE-unix/1701,unix/etdisc-virtual-machine:/tmp/.ICE-unix/1701', 'INVOCATION_ID': '81bd2218a54643fdb444052878adae1a', 'XDG_MENU_PREFIX': 'gnome-', 'GNOME_TERMINAL_SCREEN': '/org/gnome/Terminal/screen/0a4c09d3_f668_41d6_b245_6f154a0b10c4', 'XDG_RUNTIME_DIR': '/run/user/1000', 'DISPLAY': ':0', 'LANG': 'fr_FR.UTF-8', 'XDG_CURRENT_DESKTOP': 'ubuntu:GNOME', 'XMODIFIERS': '@im=ibus', 'XDG_SESSION_DESKTOP': 'ubuntu', 'XAUTHORITY': '/run/user/1000/gdm/Xauthority', 'LS_COLORS': 'rs=0:di=01;34:ln=01;36:mh=00:pi=40;33:so=01;35:do=01;35:bd=40;33;01:cd=40;33;01:or=40;31;01:mi=00:su=37;41:sg=30;43:ca=30;41:tw=30;42:ow=34;42:st=37;44:ex=01;32:*.tar=01;31:*.tgz=01;31:*.arc=01;31:*.arj=01;31:*.taz=01;31:*.lha=01;31:*.lz4=01;31:*.lzh=01;31:*.lzma=01;31:*.tlz=01;31:*.txz=01;31:*.tzo=01;31:*.t7z=01;31:*.zip=01;31:*.z=01;31:*.dz=01;31:*.gz=01;31:*.lrz=01;31:*.lz=01;31:*.lzo=01;31:*.xz=01;31:*.zst=01;31:*.tzst=01;31:*.bz2=01;31:*.bz=01;31:*.tbz=01;31:*.tbz2=01;31:*.tz=01;31:*.deb=01;31:*.rpm=01;31:*.jar=01;31:*.war=01;31:*.ear=01;31:*.sar=01;31:*.rar=01;31:*.alz=01;31:*.ace=01;31:*.zoo=01;31:*.cpio=01;31:*.7z=01;31:*.rz=01;31:*.cab=01;31:*.wim=01;31:*.swm=01;31:*.dwm=01;31:*.esd=01;31:*.jpg=01;35:*.jpeg=01;35:*.mjpg=01;35:*.mjpeg=01;35:*.gif=01;35:*.bmp=01;35:*.pbm=01;35:*.pgm=01;35:*.ppm=01;35:*.tga=01;35:*.xbm=01;35:*.xpm=01;35:*.tif=01;35:*.tiff=01;35:*.png=01;35:*.svg=01;35:*.svgz=01;35:*.mng=01;35:*.pcx=01;35:*.mov=01;35:*.mpg=01;35:*.mpeg=01;35:*.m2v=01;35:*.mkv=01;35:*.webm=01;35:*.ogm=01;35:*.mp4=01;35:*.m4v=01;35:*.mp4v=01;35:*.vob=01;35:*.qt=01;35:*.nuv=01;35:*.wmv=01;35:*.asf=01;35:*.rm=01;35:*.rmvb=01;35:*.flc=01;35:*.avi=01;35:*.fli=01;35:*.flv=01;35:*.gl=01;35:*.dl=01;35:*.xcf=01;35:*.xwd=01;35:*.yuv=01;35:*.cgm=01;35:*.emf=01;35:*.ogv=01;35:*.ogx=01;35:*.aac=00;36:*.au=00;36:*.flac=00;36:*.m4a=00;36:*.mid=00;36:*.midi=00;36:*.mka=00;36:*.mp3=00;36:*.mpc=00;36:*.ogg=00;36:*.ra=00;36:*.wav=00;36:*.oga=00;36:*.opus=00;36:*.spx=00;36:*.xspf=00;36:', 'GNOME_TERMINAL_SERVICE': ':1.202', 'SSH_AUTH_SOCK': '/run/user/1000/keyring/ssh', 'AMENT_PREFIX_PATH': '/home/etdisc/depots/f1tenth/sim_ws/install/timer:/home/etdisc/depots/f1tenth/sim_ws/install/strategy:/home/etdisc/depots/f1tenth/sim_ws/install/localisation:/home/etdisc/depots/f1tenth/sim_ws/install/f1tenth_gym_ros:/home/etdisc/depots/f1tenth/sim_ws/install/custom_msgs:/home/etdisc/depots/f1tenth/sim_ws/install/Waypoints:/home/etdisc/depots/f1tenth/sim_ws/install/Simple_algo:/home/etdisc/depots/f1tenth/sim_ws/install/Planif:/home/etdisc/depots/f1tenth/sim_ws/install/Mapping:/home/etdisc/depots/f1tenth/sim_ws/install/AEB:/opt/ros/galactic', 'SHELL': '/bin/bash', 'QT_ACCESSIBILITY': '1', 'GDMSESSION': 'ubuntu', 'LESSCLOSE': '/usr/bin/lesspipe %s %s', 'GPG_AGENT_INFO': '/run/user/1000/gnupg/S.gpg-agent:0:1', 'QT_IM_MODULE': 'ibus', 'PWD': '/home/etdisc/Bureau/codef1tenth/src/build/Simple_algo', 'LC_ALL': 'fr_FR.UTF-8', 'XDG_CONFIG_DIRS': '/etc/xdg/xdg-ubuntu:/etc/xdg', 'DBUS_STARTER_ADDRESS': 'unix:path=/run/user/1000/bus,guid=712999510530655913b37c6169709380', 'XDG_DATA_DIRS': '/usr/share/ubuntu:/usr/local/share/:/usr/share/:/var/lib/snapd/desktop', 'PYTHONPATH': '/home/etdisc/Bureau/codef1tenth/src/build/Simple_algo/prefix_override:/usr/lib/python3/dist-packages/colcon_core/task/python/colcon_distutils_commands:/home/etdisc/Bureau/codef1tenth/src/install/Simple_algo/lib/python3.8/site-packages:/home/etdisc/depots/f1tenth/sim_ws/install/timer/lib/python3.8/site-packages:/home/etdisc/depots/f1tenth/sim_ws/install/strategy/lib/python3.8/site-packages:/home/etdisc/depots/f1tenth/sim_ws/install/localisation/lib/python3.8/site-packages:/home/etdisc/depots/f1tenth/sim_ws/install/f1tenth_gym_ros/lib/python3.8/site-packages:/home/etdisc/depots/f1tenth/sim_ws/install/custom_msgs/lib/python3.8/site-packages:/home/etdisc/depots/f1tenth/sim_ws/install/Waypoints/lib/python3.8/site-packages:/home/etdisc/depots/f1tenth/sim_ws/install/Simple_algo/lib/python3.8/site-packages:/home/etdisc/depots/f1tenth/sim_ws/install/Planif/lib/python3.8/site-packages:/home/etdisc/depots/f1tenth/sim_ws/install/Mapping/lib/python3.8/site-packages:/home/etdisc/depots/f1tenth/sim_ws/install/AEB/lib/python3.8/site-packages:/opt/ros/galactic/lib/python3.8/site-packages', 'HTTP_PROXY': 'http://proxy:3128', 'COLCON': '1', 'VTE_VERSION': '6003', 'CMAKE_PREFIX_PATH': '/home/etdisc/depots/f1tenth/sim_ws/install/custom_msgs'}, 'shell': False}
[3.507365] (Waypoints) Command: {'cmd': ['/usr/bin/python3', '-W', 'ignore:setup.py install is deprecated', '-W', 'ignore:easy_install command is deprecated', 'setup.py', 'egg_info', '--egg-base', '../build/Waypoints', 'build', '--build-base', '/home/etdisc/Bureau/codef1tenth/src/build/Waypoints/build', 'install', '--record', '/home/etdisc/Bureau/codef1tenth/src/build/Waypoints/install.log', '--single-version-externally-managed', 'install_data'], 'cwd': '/home/etdisc/Bureau/codef1tenth/src/Waypoints', 'env': {'LESSOPEN': '| /usr/bin/lesspipe %s', 'HTTPS_PROXY': 'http://proxy:3128', 'USER': 'etdisc', 'SSH_AGENT_PID': '1666', 'XDG_SESSION_TYPE': 'x11', 'SHLVL': '1', 'LD_LIBRARY_PATH': '/home/etdisc/depots/f1tenth/sim_ws/install/custom_msgs/lib:/usr/lib/x86_64-linux-gnu/gazebo-11/plugins:/opt/ros/galactic/opt/yaml_cpp_vendor/lib:/opt/ros/galactic/opt/rviz_ogre_vendor/lib:/opt/ros/galactic/lib/x86_64-linux-gnu:/opt/ros/galactic/lib', 'HOME': '/home/etdisc', 'DESKTOP_SESSION': 'ubuntu', 'ROS_PYTHON_VERSION': '3', 'GNOME_SHELL_SESSION_MODE': 'ubuntu', 'GTK_MODULES': 'gail:atk-bridge', 'MANAGERPID': '1571', 'DBUS_STARTER_BUS_TYPE': 'session', 'DBUS_SESSION_BUS_ADDRESS': 'unix:path=/run/user/1000/bus,guid=712999510530655913b37c6169709380', 'COLORTERM': 'truecolor', 'IM_CONFIG_PHASE': '1', 'https_proxy': 'http://proxy:3128', 'COLCON_PREFIX_PATH': '/home/etdisc/depots/f1tenth/sim_ws/install', 'ROS_DISTRO': 'galactic', 'LOGNAME': 'etdisc', 'http_proxy': 'http://proxy:3128', 'JOURNAL_STREAM': '8:65626', '_': '/usr/bin/colcon', 'ROS_VERSION': '2', 'XDG_SESSION_CLASS': 'user', 'USERNAME': 'etdisc', 'TERM': 'xterm-256color', 'GNOME_DESKTOP_SESSION_ID': 'this-is-deprecated', 'ROS_LOCALHOST_ONLY': '1', 'WINDOWPATH': '2', 'PATH': '/opt/ros/galactic/bin:/snap/bin:/home/etdisc/.local/bin:/usr/local/sbin:/usr/local/bin:/usr/sbin:/usr/bin:/sbin:/bin:/usr/games:/usr/local/games:/snap/bin', 'SESSION_MANAGER': 'local/etdisc-virtual-machine:@/tmp/.ICE-unix/1701,unix/etdisc-virtual-machine:/tmp/.ICE-unix/1701', 'INVOCATION_ID': '81bd2218a54643fdb444052878adae1a', 'XDG_MENU_PREFIX': 'gnome-', 'GNOME_TERMINAL_SCREEN': '/org/gnome/Terminal/screen/0a4c09d3_f668_41d6_b245_6f154a0b10c4', 'XDG_RUNTIME_DIR': '/run/user/1000', 'DISPLAY': ':0', 'LANG': 'fr_FR.UTF-8', 'XDG_CURRENT_DESKTOP': 'ubuntu:GNOME', 'XMODIFIERS': '@im=ibus', 'XDG_SESSION_DESKTOP': 'ubuntu', 'XAUTHORITY': '/run/user/1000/gdm/Xauthority', 'LS_COLORS': 'rs=0:di=01;34:ln=01;36:mh=00:pi=40;33:so=01;35:do=01;35:bd=40;33;01:cd=40;33;01:or=40;31;01:mi=00:su=37;41:sg=30;43:ca=30;41:tw=30;42:ow=34;42:st=37;44:ex=01;32:*.tar=01;31:*.tgz=01;31:*.arc=01;31:*.arj=01;31:*.taz=01;31:*.lha=01;31:*.lz4=01;31:*.lzh=01;31:*.lzma=01;31:*.tlz=01;31:*.txz=01;31:*.tzo=01;31:*.t7z=01;31:*.zip=01;31:*.z=01;31:*.dz=01;31:*.gz=01;31:*.lrz=01;31:*.lz=01;31:*.lzo=01;31:*.xz=01;31:*.zst=01;31:*.tzst=01;31:*.bz2=01;31:*.bz=01;31:*.tbz=01;31:*.tbz2=01;31:*.tz=01;31:*.deb=01;31:*.rpm=01;31:*.jar=01;31:*.war=01;31:*.ear=01;31:*.sar=01;31:*.rar=01;31:*.alz=01;31:*.ace=01;31:*.zoo=01;31:*.cpio=01;31:*.7z=01;31:*.rz=01;31:*.cab=01;31:*.wim=01;31:*.swm=01;31:*.dwm=01;31:*.esd=01;31:*.jpg=01;35:*.jpeg=01;35:*.mjpg=01;35:*.mjpeg=01;35:*.gif=01;35:*.bmp=01;35:*.pbm=01;35:*.pgm=01;35:*.ppm=01;35:*.tga=01;35:*.xbm=01;35:*.xpm=01;35:*.tif=01;35:*.tiff=01;35:*.png=01;35:*.svg=01;35:*.svgz=01;35:*.mng=01;35:*.pcx=01;35:*.mov=01;35:*.mpg=01;35:*.mpeg=01;35:*.m2v=01;35:*.mkv=01;35:*.webm=01;35:*.ogm=01;35:*.mp4=01;35:*.m4v=01;35:*.mp4v=01;35:*.vob=01;35:*.qt=01;35:*.nuv=01;35:*.wmv=01;35:*.asf=01;35:*.rm=01;35:*.rmvb=01;35:*.flc=01;35:*.avi=01;35:*.fli=01;35:*.flv=01;35:*.gl=01;35:*.dl=01;35:*.xcf=01;35:*.xwd=01;35:*.yuv=01;35:*.cgm=01;35:*.emf=01;35:*.ogv=01;35:*.ogx=01;35:*.aac=00;36:*.au=00;36:*.flac=00;36:*.m4a=00;36:*.mid=00;36:*.midi=00;36:*.mka=00;36:*.mp3=00;36:*.mpc=00;36:*.ogg=00;36:*.ra=00;36:*.wav=00;36:*.oga=00;36:*.opus=00;36:*.spx=00;36:*.xspf=00;36:', 'GNOME_TERMINAL_SERVICE': ':1.202', 'SSH_AUTH_SOCK': '/run/user/1000/keyring/ssh', 'AMENT_PREFIX_PATH': '/home/etdisc/depots/f1tenth/sim_ws/install/timer:/home/etdisc/depots/f1tenth/sim_ws/install/strategy:/home/etdisc/depots/f1tenth/sim_ws/install/localisation:/home/etdisc/depots/f1tenth/sim_ws/install/f1tenth_gym_ros:/home/etdisc/depots/f1tenth/sim_ws/install/custom_msgs:/home/etdisc/depots/f1tenth/sim_ws/install/Waypoints:/home/etdisc/depots/f1tenth/sim_ws/install/Simple_algo:/home/etdisc/depots/f1tenth/sim_ws/install/Planif:/home/etdisc/depots/f1tenth/sim_ws/install/Mapping:/home/etdisc/depots/f1tenth/sim_ws/install/AEB:/opt/ros/galactic', 'SHELL': '/bin/bash', 'QT_ACCESSIBILITY': '1', 'GDMSESSION': 'ubuntu', 'LESSCLOSE': '/usr/bin/lesspipe %s %s', 'GPG_AGENT_INFO': '/run/user/1000/gnupg/S.gpg-agent:0:1', 'QT_IM_MODULE': 'ibus', 'PWD': '/home/etdisc/Bureau/codef1tenth/src/build/Waypoints', 'LC_ALL': 'fr_FR.UTF-8', 'XDG_CONFIG_DIRS': '/etc/xdg/xdg-ubuntu:/etc/xdg', 'DBUS_STARTER_ADDRESS': 'unix:path=/run/user/1000/bus,guid=712999510530655913b37c6169709380', 'XDG_DATA_DIRS': '/usr/share/ubuntu:/usr/local/share/:/usr/share/:/var/lib/snapd/desktop', 'PYTHONPATH': '/home/etdisc/Bureau/codef1tenth/src/build/Waypoints/prefix_override:/usr/lib/python3/dist-packages/colcon_core/task/python/colcon_distutils_commands:/home/etdisc/Bureau/codef1tenth/src/install/Waypoints/lib/python3.8/site-packages:/home/etdisc/depots/f1tenth/sim_ws/install/timer/lib/python3.8/site-packages:/home/etdisc/depots/f1tenth/sim_ws/install/strategy/lib/python3.8/site-packages:/home/etdisc/depots/f1tenth/sim_ws/install/localisation/lib/python3.8/site-packages:/home/etdisc/depots/f1tenth/sim_ws/install/f1tenth_gym_ros/lib/python3.8/site-packages:/home/etdisc/depots/f1tenth/sim_ws/install/custom_msgs/lib/python3.8/site-packages:/home/etdisc/depots/f1tenth/sim_ws/install/Waypoints/lib/python3.8/site-packages:/home/etdisc/depots/f1tenth/sim_ws/install/Simple_algo/lib/python3.8/site-packages:/home/etdisc/depots/f1tenth/sim_ws/install/Planif/lib/python3.8/site-packages:/home/etdisc/depots/f1tenth/sim_ws/install/Mapping/lib/python3.8/site-packages:/home/etdisc/depots/f1tenth/sim_ws/install/AEB/lib/python3.8/site-packages:/opt/ros/galactic/lib/python3.8/site-packages', 'HTTP_PROXY': 'http://proxy:3128', 'COLCON': '1', 'VTE_VERSION': '6003', 'CMAKE_PREFIX_PATH': '/home/etdisc/depots/f1tenth/sim_ws/install/custom_msgs'}, 'shell': False}
[3.532843] (f1tenth_gym_ros) Command: {'cmd': ['/usr/bin/python3', '-W', 'ignore:setup.py install is deprecated', '-W', 'ignore:easy_install command is deprecated', 'setup.py', 'egg_info', '--egg-base', '../build/f1tenth_gym_ros', 'build', '--build-base', '/home/etdisc/Bureau/codef1tenth/src/build/f1tenth_gym_ros/build', 'install', '--record', '/home/etdisc/Bureau/codef1tenth/src/build/f1tenth_gym_ros/install.log', '--install-scripts', '$base/lib/f1tenth_gym_ros', '--single-version-externally-managed', 'install_data'], 'cwd': '/home/etdisc/Bureau/codef1tenth/src/f1tenth_gym_ros', 'env': {'LESSOPEN': '| /usr/bin/lesspipe %s', 'HTTPS_PROXY': 'http://proxy:3128', 'USER': 'etdisc', 'SSH_AGENT_PID': '1666', 'XDG_SESSION_TYPE': 'x11', 'SHLVL': '1', 'LD_LIBRARY_PATH': '/home/etdisc/depots/f1tenth/sim_ws/install/custom_msgs/lib:/usr/lib/x86_64-linux-gnu/gazebo-11/plugins:/opt/ros/galactic/opt/yaml_cpp_vendor/lib:/opt/ros/galactic/opt/rviz_ogre_vendor/lib:/opt/ros/galactic/lib/x86_64-linux-gnu:/opt/ros/galactic/lib', 'HOME': '/home/etdisc', 'DESKTOP_SESSION': 'ubuntu', 'ROS_PYTHON_VERSION': '3', 'GNOME_SHELL_SESSION_MODE': 'ubuntu', 'GTK_MODULES': 'gail:atk-bridge', 'MANAGERPID': '1571', 'DBUS_STARTER_BUS_TYPE': 'session', 'DBUS_SESSION_BUS_ADDRESS': 'unix:path=/run/user/1000/bus,guid=712999510530655913b37c6169709380', 'COLORTERM': 'truecolor', 'IM_CONFIG_PHASE': '1', 'https_proxy': 'http://proxy:3128', 'COLCON_PREFIX_PATH': '/home/etdisc/depots/f1tenth/sim_ws/install', 'ROS_DISTRO': 'galactic', 'LOGNAME': 'etdisc', 'http_proxy': 'http://proxy:3128', 'JOURNAL_STREAM': '8:65626', '_': '/usr/bin/colcon', 'ROS_VERSION': '2', 'XDG_SESSION_CLASS': 'user', 'USERNAME': 'etdisc', 'TERM': 'xterm-256color', 'GNOME_DESKTOP_SESSION_ID': 'this-is-deprecated', 'ROS_LOCALHOST_ONLY': '1', 'WINDOWPATH': '2', 'PATH': '/opt/ros/galactic/bin:/snap/bin:/home/etdisc/.local/bin:/usr/local/sbin:/usr/local/bin:/usr/sbin:/usr/bin:/sbin:/bin:/usr/games:/usr/local/games:/snap/bin', 'SESSION_MANAGER': 'local/etdisc-virtual-machine:@/tmp/.ICE-unix/1701,unix/etdisc-virtual-machine:/tmp/.ICE-unix/1701', 'INVOCATION_ID': '81bd2218a54643fdb444052878adae1a', 'XDG_MENU_PREFIX': 'gnome-', 'GNOME_TERMINAL_SCREEN': '/org/gnome/Terminal/screen/0a4c09d3_f668_41d6_b245_6f154a0b10c4', 'XDG_RUNTIME_DIR': '/run/user/1000', 'DISPLAY': ':0', 'LANG': 'fr_FR.UTF-8', 'XDG_CURRENT_DESKTOP': 'ubuntu:GNOME', 'XMODIFIERS': '@im=ibus', 'XDG_SESSION_DESKTOP': 'ubuntu', 'XAUTHORITY': '/run/user/1000/gdm/Xauthority', 'LS_COLORS': 'rs=0:di=01;34:ln=01;36:mh=00:pi=40;33:so=01;35:do=01;35:bd=40;33;01:cd=40;33;01:or=40;31;01:mi=00:su=37;41:sg=30;43:ca=30;41:tw=30;42:ow=34;42:st=37;44:ex=01;32:*.tar=01;31:*.tgz=01;31:*.arc=01;31:*.arj=01;31:*.taz=01;31:*.lha=01;31:*.lz4=01;31:*.lzh=01;31:*.lzma=01;31:*.tlz=01;31:*.txz=01;31:*.tzo=01;31:*.t7z=01;31:*.zip=01;31:*.z=01;31:*.dz=01;31:*.gz=01;31:*.lrz=01;31:*.lz=01;31:*.lzo=01;31:*.xz=01;31:*.zst=01;31:*.tzst=01;31:*.bz2=01;31:*.bz=01;31:*.tbz=01;31:*.tbz2=01;31:*.tz=01;31:*.deb=01;31:*.rpm=01;31:*.jar=01;31:*.war=01;31:*.ear=01;31:*.sar=01;31:*.rar=01;31:*.alz=01;31:*.ace=01;31:*.zoo=01;31:*.cpio=01;31:*.7z=01;31:*.rz=01;31:*.cab=01;31:*.wim=01;31:*.swm=01;31:*.dwm=01;31:*.esd=01;31:*.jpg=01;35:*.jpeg=01;35:*.mjpg=01;35:*.mjpeg=01;35:*.gif=01;35:*.bmp=01;35:*.pbm=01;35:*.pgm=01;35:*.ppm=01;35:*.tga=01;35:*.xbm=01;35:*.xpm=01;35:*.tif=01;35:*.tiff=01;35:*.png=01;35:*.svg=01;35:*.svgz=01;35:*.mng=01;35:*.pcx=01;35:*.mov=01;35:*.mpg=01;35:*.mpeg=01;35:*.m2v=01;35:*.mkv=01;35:*.webm=01;35:*.ogm=01;35:*.mp4=01;35:*.m4v=01;35:*.mp4v=01;35:*.vob=01;35:*.qt=01;35:*.nuv=01;35:*.wmv=01;35:*.asf=01;35:*.rm=01;35:*.rmvb=01;35:*.flc=01;35:*.avi=01;35:*.fli=01;35:*.flv=01;35:*.gl=01;35:*.dl=01;35:*.xcf=01;35:*.xwd=01;35:*.yuv=01;35:*.cgm=01;35:*.emf=01;35:*.ogv=01;35:*.ogx=01;35:*.aac=00;36:*.au=00;36:*.flac=00;36:*.m4a=00;36:*.mid=00;36:*.midi=00;36:*.mka=00;36:*.mp3=00;36:*.mpc=00;36:*.ogg=00;36:*.ra=00;36:*.wav=00;36:*.oga=00;36:*.opus=00;36:*.spx=00;36:*.xspf=00;36:', 'GNOME_TERMINAL_SERVICE': ':1.202', 'SSH_AUTH_SOCK': '/run/user/1000/keyring/ssh', 'AMENT_PREFIX_PATH': '/home/etdisc/depots/f1tenth/sim_ws/install/timer:/home/etdisc/depots/f1tenth/sim_ws/install/strategy:/home/etdisc/depots/f1tenth/sim_ws/install/localisation:/home/etdisc/depots/f1tenth/sim_ws/install/f1tenth_gym_ros:/home/etdisc/depots/f1tenth/sim_ws/install/custom_msgs:/home/etdisc/depots/f1tenth/sim_ws/install/Waypoints:/home/etdisc/depots/f1tenth/sim_ws/install/Simple_algo:/home/etdisc/depots/f1tenth/sim_ws/install/Planif:/home/etdisc/depots/f1tenth/sim_ws/install/Mapping:/home/etdisc/depots/f1tenth/sim_ws/install/AEB:/opt/ros/galactic', 'SHELL': '/bin/bash', 'QT_ACCESSIBILITY': '1', 'GDMSESSION': 'ubuntu', 'LESSCLOSE': '/usr/bin/lesspipe %s %s', 'GPG_AGENT_INFO': '/run/user/1000/gnupg/S.gpg-agent:0:1', 'QT_IM_MODULE': 'ibus', 'PWD': '/home/etdisc/Bureau/codef1tenth/src/build/f1tenth_gym_ros', 'LC_ALL': 'fr_FR.UTF-8', 'XDG_CONFIG_DIRS': '/etc/xdg/xdg-ubuntu:/etc/xdg', 'DBUS_STARTER_ADDRESS': 'unix:path=/run/user/1000/bus,guid=712999510530655913b37c6169709380', 'XDG_DATA_DIRS': '/usr/share/ubuntu:/usr/local/share/:/usr/share/:/var/lib/snapd/desktop', 'PYTHONPATH': '/home/etdisc/Bureau/codef1tenth/src/build/f1tenth_gym_ros/prefix_override:/usr/lib/python3/dist-packages/colcon_core/task/python/colcon_distutils_commands:/home/etdisc/Bureau/codef1tenth/src/install/f1tenth_gym_ros/lib/python3.8/site-packages:/home/etdisc/depots/f1tenth/sim_ws/install/timer/lib/python3.8/site-packages:/home/etdisc/depots/f1tenth/sim_ws/install/strategy/lib/python3.8/site-packages:/home/etdisc/depots/f1tenth/sim_ws/install/localisation/lib/python3.8/site-packages:/home/etdisc/depots/f1tenth/sim_ws/install/f1tenth_gym_ros/lib/python3.8/site-packages:/home/etdisc/depots/f1tenth/sim_ws/install/custom_msgs/lib/python3.8/site-packages:/home/etdisc/depots/f1tenth/sim_ws/install/Waypoints/lib/python3.8/site-packages:/home/etdisc/depots/f1tenth/sim_ws/install/Simple_algo/lib/python3.8/site-packages:/home/etdisc/depots/f1tenth/sim_ws/install/Planif/lib/python3.8/site-packages:/home/etdisc/depots/f1tenth/sim_ws/install/Mapping/lib/python3.8/site-packages:/home/etdisc/depots/f1tenth/sim_ws/install/AEB/lib/python3.8/site-packages:/opt/ros/galactic/lib/python3.8/site-packages', 'HTTP_PROXY': 'http://proxy:3128', 'COLCON': '1', 'VTE_VERSION': '6003', 'CMAKE_PREFIX_PATH': '/home/etdisc/depots/f1tenth/sim_ws/install/custom_msgs'}, 'shell': False}
[3.542252] (-) TimerEvent: {}
[3.549285] (localisation) Command: {'cmd': ['/usr/bin/python3', '-W', 'ignore:setup.py install is deprecated', '-W', 'ignore:easy_install command is deprecated', 'setup.py', 'egg_info', '--egg-base', '../build/localisation', 'build', '--build-base', '/home/etdisc/Bureau/codef1tenth/src/build/localisation/build', 'install', '--record', '/home/etdisc/Bureau/codef1tenth/src/build/localisation/install.log', '--single-version-externally-managed', 'install_data'], 'cwd': '/home/etdisc/Bureau/codef1tenth/src/localisation', 'env': {'LESSOPEN': '| /usr/bin/lesspipe %s', 'HTTPS_PROXY': 'http://proxy:3128', 'USER': 'etdisc', 'SSH_AGENT_PID': '1666', 'XDG_SESSION_TYPE': 'x11', 'SHLVL': '1', 'LD_LIBRARY_PATH': '/home/etdisc/depots/f1tenth/sim_ws/install/custom_msgs/lib:/usr/lib/x86_64-linux-gnu/gazebo-11/plugins:/opt/ros/galactic/opt/yaml_cpp_vendor/lib:/opt/ros/galactic/opt/rviz_ogre_vendor/lib:/opt/ros/galactic/lib/x86_64-linux-gnu:/opt/ros/galactic/lib', 'HOME': '/home/etdisc', 'DESKTOP_SESSION': 'ubuntu', 'ROS_PYTHON_VERSION': '3', 'GNOME_SHELL_SESSION_MODE': 'ubuntu', 'GTK_MODULES': 'gail:atk-bridge', 'MANAGERPID': '1571', 'DBUS_STARTER_BUS_TYPE': 'session', 'DBUS_SESSION_BUS_ADDRESS': 'unix:path=/run/user/1000/bus,guid=712999510530655913b37c6169709380', 'COLORTERM': 'truecolor', 'IM_CONFIG_PHASE': '1', 'https_proxy': 'http://proxy:3128', 'COLCON_PREFIX_PATH': '/home/etdisc/depots/f1tenth/sim_ws/install', 'ROS_DISTRO': 'galactic', 'LOGNAME': 'etdisc', 'http_proxy': 'http://proxy:3128', 'JOURNAL_STREAM': '8:65626', '_': '/usr/bin/colcon', 'ROS_VERSION': '2', 'XDG_SESSION_CLASS': 'user', 'USERNAME': 'etdisc', 'TERM': 'xterm-256color', 'GNOME_DESKTOP_SESSION_ID': 'this-is-deprecated', 'ROS_LOCALHOST_ONLY': '1', 'WINDOWPATH': '2', 'PATH': '/opt/ros/galactic/bin:/snap/bin:/home/etdisc/.local/bin:/usr/local/sbin:/usr/local/bin:/usr/sbin:/usr/bin:/sbin:/bin:/usr/games:/usr/local/games:/snap/bin', 'SESSION_MANAGER': 'local/etdisc-virtual-machine:@/tmp/.ICE-unix/1701,unix/etdisc-virtual-machine:/tmp/.ICE-unix/1701', 'INVOCATION_ID': '81bd2218a54643fdb444052878adae1a', 'XDG_MENU_PREFIX': 'gnome-', 'GNOME_TERMINAL_SCREEN': '/org/gnome/Terminal/screen/0a4c09d3_f668_41d6_b245_6f154a0b10c4', 'XDG_RUNTIME_DIR': '/run/user/1000', 'DISPLAY': ':0', 'LANG': 'fr_FR.UTF-8', 'XDG_CURRENT_DESKTOP': 'ubuntu:GNOME', 'XMODIFIERS': '@im=ibus', 'XDG_SESSION_DESKTOP': 'ubuntu', 'XAUTHORITY': '/run/user/1000/gdm/Xauthority', 'LS_COLORS': 'rs=0:di=01;34:ln=01;36:mh=00:pi=40;33:so=01;35:do=01;35:bd=40;33;01:cd=40;33;01:or=40;31;01:mi=00:su=37;41:sg=30;43:ca=30;41:tw=30;42:ow=34;42:st=37;44:ex=01;32:*.tar=01;31:*.tgz=01;31:*.arc=01;31:*.arj=01;31:*.taz=01;31:*.lha=01;31:*.lz4=01;31:*.lzh=01;31:*.lzma=01;31:*.tlz=01;31:*.txz=01;31:*.tzo=01;31:*.t7z=01;31:*.zip=01;31:*.z=01;31:*.dz=01;31:*.gz=01;31:*.lrz=01;31:*.lz=01;31:*.lzo=01;31:*.xz=01;31:*.zst=01;31:*.tzst=01;31:*.bz2=01;31:*.bz=01;31:*.tbz=01;31:*.tbz2=01;31:*.tz=01;31:*.deb=01;31:*.rpm=01;31:*.jar=01;31:*.war=01;31:*.ear=01;31:*.sar=01;31:*.rar=01;31:*.alz=01;31:*.ace=01;31:*.zoo=01;31:*.cpio=01;31:*.7z=01;31:*.rz=01;31:*.cab=01;31:*.wim=01;31:*.swm=01;31:*.dwm=01;31:*.esd=01;31:*.jpg=01;35:*.jpeg=01;35:*.mjpg=01;35:*.mjpeg=01;35:*.gif=01;35:*.bmp=01;35:*.pbm=01;35:*.pgm=01;35:*.ppm=01;35:*.tga=01;35:*.xbm=01;35:*.xpm=01;35:*.tif=01;35:*.tiff=01;35:*.png=01;35:*.svg=01;35:*.svgz=01;35:*.mng=01;35:*.pcx=01;35:*.mov=01;35:*.mpg=01;35:*.mpeg=01;35:*.m2v=01;35:*.mkv=01;35:*.webm=01;35:*.ogm=01;35:*.mp4=01;35:*.m4v=01;35:*.mp4v=01;35:*.vob=01;35:*.qt=01;35:*.nuv=01;35:*.wmv=01;35:*.asf=01;35:*.rm=01;35:*.rmvb=01;35:*.flc=01;35:*.avi=01;35:*.fli=01;35:*.flv=01;35:*.gl=01;35:*.dl=01;35:*.xcf=01;35:*.xwd=01;35:*.yuv=01;35:*.cgm=01;35:*.emf=01;35:*.ogv=01;35:*.ogx=01;35:*.aac=00;36:*.au=00;36:*.flac=00;36:*.m4a=00;36:*.mid=00;36:*.midi=00;36:*.mka=00;36:*.mp3=00;36:*.mpc=00;36:*.ogg=00;36:*.ra=00;36:*.wav=00;36:*.oga=00;36:*.opus=00;36:*.spx=00;36:*.xspf=00;36:', 'GNOME_TERMINAL_SERVICE': ':1.202', 'SSH_AUTH_SOCK': '/run/user/1000/keyring/ssh', 'AMENT_PREFIX_PATH': '/home/etdisc/depots/f1tenth/sim_ws/install/timer:/home/etdisc/depots/f1tenth/sim_ws/install/strategy:/home/etdisc/depots/f1tenth/sim_ws/install/localisation:/home/etdisc/depots/f1tenth/sim_ws/install/f1tenth_gym_ros:/home/etdisc/depots/f1tenth/sim_ws/install/custom_msgs:/home/etdisc/depots/f1tenth/sim_ws/install/Waypoints:/home/etdisc/depots/f1tenth/sim_ws/install/Simple_algo:/home/etdisc/depots/f1tenth/sim_ws/install/Planif:/home/etdisc/depots/f1tenth/sim_ws/install/Mapping:/home/etdisc/depots/f1tenth/sim_ws/install/AEB:/opt/ros/galactic', 'SHELL': '/bin/bash', 'QT_ACCESSIBILITY': '1', 'GDMSESSION': 'ubuntu', 'LESSCLOSE': '/usr/bin/lesspipe %s %s', 'GPG_AGENT_INFO': '/run/user/1000/gnupg/S.gpg-agent:0:1', 'QT_IM_MODULE': 'ibus', 'PWD': '/home/etdisc/Bureau/codef1tenth/src/build/localisation', 'LC_ALL': 'fr_FR.UTF-8', 'XDG_CONFIG_DIRS': '/etc/xdg/xdg-ubuntu:/etc/xdg', 'DBUS_STARTER_ADDRESS': 'unix:path=/run/user/1000/bus,guid=712999510530655913b37c6169709380', 'XDG_DATA_DIRS': '/usr/share/ubuntu:/usr/local/share/:/usr/share/:/var/lib/snapd/desktop', 'PYTHONPATH': '/home/etdisc/Bureau/codef1tenth/src/build/localisation/prefix_override:/usr/lib/python3/dist-packages/colcon_core/task/python/colcon_distutils_commands:/home/etdisc/Bureau/codef1tenth/src/install/localisation/lib/python3.8/site-packages:/home/etdisc/depots/f1tenth/sim_ws/install/timer/lib/python3.8/site-packages:/home/etdisc/depots/f1tenth/sim_ws/install/strategy/lib/python3.8/site-packages:/home/etdisc/depots/f1tenth/sim_ws/install/localisation/lib/python3.8/site-packages:/home/etdisc/depots/f1tenth/sim_ws/install/f1tenth_gym_ros/lib/python3.8/site-packages:/home/etdisc/depots/f1tenth/sim_ws/install/custom_msgs/lib/python3.8/site-packages:/home/etdisc/depots/f1tenth/sim_ws/install/Waypoints/lib/python3.8/site-packages:/home/etdisc/depots/f1tenth/sim_ws/install/Simple_algo/lib/python3.8/site-packages:/home/etdisc/depots/f1tenth/sim_ws/install/Planif/lib/python3.8/site-packages:/home/etdisc/depots/f1tenth/sim_ws/install/Mapping/lib/python3.8/site-packages:/home/etdisc/depots/f1tenth/sim_ws/install/AEB/lib/python3.8/site-packages:/opt/ros/galactic/lib/python3.8/site-packages', 'HTTP_PROXY': 'http://proxy:3128', 'COLCON': '1', 'VTE_VERSION': '6003', 'CMAKE_PREFIX_PATH': '/home/etdisc/depots/f1tenth/sim_ws/install/custom_msgs'}, 'shell': False}
[3.642475] (-) TimerEvent: {}
[3.743107] (-) TimerEvent: {}
[3.843603] (-) TimerEvent: {}
[3.944077] (-) TimerEvent: {}
[3.989456] (AEB) StdoutLine: {'line': b'running egg_info\n'}
[3.990424] (AEB) StdoutLine: {'line': b'writing ../build/AEB/AEB.egg-info/PKG-INFO\n'}
[4.003065] (Planif) StdoutLine: {'line': b'running egg_info\n'}
[4.004164] (Planif) StdoutLine: {'line': b'writing ../build/Planif/Planif.egg-info/PKG-INFO\n'}
[4.006089] (AEB) StdoutLine: {'line': b'writing dependency_links to ../build/AEB/AEB.egg-info/dependency_links.txt\n'}
[4.006456] (Planif) StdoutLine: {'line': b'writing dependency_links to ../build/Planif/Planif.egg-info/dependency_links.txt\n'}
[4.008328] (AEB) StdoutLine: {'line': b'writing entry points to ../build/AEB/AEB.egg-info/entry_points.txt\n'}
[4.008616] (Planif) StdoutLine: {'line': b'writing entry points to ../build/Planif/Planif.egg-info/entry_points.txt\n'}
[4.008905] (Planif) StdoutLine: {'line': b'writing requirements to ../build/Planif/Planif.egg-info/requires.txt\n'}
[4.009170] (Planif) StdoutLine: {'line': b'writing top-level names to ../build/Planif/Planif.egg-info/top_level.txt\n'}
[4.009305] (AEB) StdoutLine: {'line': b'writing requirements to ../build/AEB/AEB.egg-info/requires.txt\n'}
[4.009516] (AEB) StdoutLine: {'line': b'writing top-level names to ../build/AEB/AEB.egg-info/top_level.txt\n'}
[4.044206] (-) TimerEvent: {}
[4.087009] (Mapping) StdoutLine: {'line': b'running egg_info\n'}
[4.088059] (Planif) StdoutLine: {'line': b"reading manifest file '../build/Planif/Planif.egg-info/SOURCES.txt'\n"}
[4.088630] (Mapping) StdoutLine: {'line': b'writing ../build/Mapping/Mapping.egg-info/PKG-INFO\n'}
[4.089533] (Mapping) StdoutLine: {'line': b'writing dependency_links to ../build/Mapping/Mapping.egg-info/dependency_links.txt\n'}
[4.089979] (AEB) StdoutLine: {'line': b"reading manifest file '../build/AEB/AEB.egg-info/SOURCES.txt'\n"}
[4.090273] (Planif) StdoutLine: {'line': b"writing manifest file '../build/Planif/Planif.egg-info/SOURCES.txt'\n"}
[4.090541] (Mapping) StdoutLine: {'line': b'writing entry points to ../build/Mapping/Mapping.egg-info/entry_points.txt\n'}
[4.090809] (Planif) StdoutLine: {'line': b'running build\n'}
[4.093992] (Planif) StdoutLine: {'line': b'running build_py\n'}
[4.094246] (Mapping) StdoutLine: {'line': b'writing requirements to ../build/Mapping/Mapping.egg-info/requires.txt\n'}
[4.094605] (AEB) StdoutLine: {'line': b"writing manifest file '../build/AEB/AEB.egg-info/SOURCES.txt'\n"}
[4.094770] (AEB) StdoutLine: {'line': b'running build\n'}
[4.094910] (AEB) StdoutLine: {'line': b'running build_py\n'}
[4.095059] (AEB) StdoutLine: {'line': b'running install\n'}
[4.095183] (Planif) StdoutLine: {'line': b'running install\n'}
[4.095314] (Planif) StdoutLine: {'line': b'running install_lib\n'}
[4.095450] (Mapping) StdoutLine: {'line': b'writing top-level names to ../build/Mapping/Mapping.egg-info/top_level.txt\n'}
[4.096245] (AEB) StdoutLine: {'line': b'running install_lib\n'}
[4.097373] (Planif) StdoutLine: {'line': b'running install_data\n'}
[4.097711] (Planif) StdoutLine: {'line': b'running install_egg_info\n'}
[4.099532] (AEB) StdoutLine: {'line': b'running install_data\n'}
[4.099898] (AEB) StdoutLine: {'line': b'running install_egg_info\n'}
[4.102763] (Planif) StdoutLine: {'line': b"removing '/home/etdisc/Bureau/codef1tenth/src/install/Planif/lib/python3.8/site-packages/Planif-0.1.0-py3.8.egg-info' (and everything under it)\n"}
[4.103197] (Planif) StdoutLine: {'line': b'Copying ../build/Planif/Planif.egg-info to /home/etdisc/Bureau/codef1tenth/src/install/Planif/lib/python3.8/site-packages/Planif-0.1.0-py3.8.egg-info\n'}
[4.104574] (AEB) StdoutLine: {'line': b"removing '/home/etdisc/Bureau/codef1tenth/src/install/AEB/lib/python3.8/site-packages/AEB-0.0.0-py3.8.egg-info' (and everything under it)\n"}
[4.104937] (Planif) StdoutLine: {'line': b'running install_scripts\n'}
[4.105152] (AEB) StdoutLine: {'line': b'Copying ../build/AEB/AEB.egg-info to /home/etdisc/Bureau/codef1tenth/src/install/AEB/lib/python3.8/site-packages/AEB-0.0.0-py3.8.egg-info\n'}
[4.106883] (AEB) StdoutLine: {'line': b'running install_scripts\n'}
[4.134480] (f1tenth_gym_ros) StdoutLine: {'line': b'running egg_info\n'}
[4.135802] (f1tenth_gym_ros) StdoutLine: {'line': b'writing ../build/f1tenth_gym_ros/f1tenth_gym_ros.egg-info/PKG-INFO\n'}
[4.136878] (f1tenth_gym_ros) StdoutLine: {'line': b'writing dependency_links to ../build/f1tenth_gym_ros/f1tenth_gym_ros.egg-info/dependency_links.txt\n'}
[4.137342] (f1tenth_gym_ros) StdoutLine: {'line': b'writing entry points to ../build/f1tenth_gym_ros/f1tenth_gym_ros.egg-info/entry_points.txt\n'}
[4.137711] (f1tenth_gym_ros) StdoutLine: {'line': b'writing requirements to ../build/f1tenth_gym_ros/f1tenth_gym_ros.egg-info/requires.txt\n'}
[4.138082] (f1tenth_gym_ros) StdoutLine: {'line': b'writing top-level names to ../build/f1tenth_gym_ros/f1tenth_gym_ros.egg-info/top_level.txt\n'}
[4.138846] (Waypoints) StdoutLine: {'line': b'running egg_info\n'}
[4.140052] (Waypoints) StdoutLine: {'line': b'writing ../build/Waypoints/Waypoints.egg-info/PKG-INFO\n'}
[4.141630] (Waypoints) StdoutLine: {'line': b'writing dependency_links to ../build/Waypoints/Waypoints.egg-info/dependency_links.txt\n'}
[4.142804] (Waypoints) StdoutLine: {'line': b'writing entry points to ../build/Waypoints/Waypoints.egg-info/entry_points.txt\n'}
[4.143859] (Waypoints) StdoutLine: {'line': b'writing requirements to ../build/Waypoints/Waypoints.egg-info/requires.txt\n'}
[4.144441] (-) TimerEvent: {}
[4.144926] (Waypoints) StdoutLine: {'line': b'writing top-level names to ../build/Waypoints/Waypoints.egg-info/top_level.txt\n'}
[4.145722] (Planif) StdoutLine: {'line': b'Installing A_star script to /home/etdisc/Bureau/codef1tenth/src/install/Planif/lib/Planif\n'}
[4.146044] (AEB) StdoutLine: {'line': b'Installing AEB script to /home/etdisc/Bureau/codef1tenth/src/install/AEB/lib/AEB\n'}
[4.146466] (Planif) StdoutLine: {'line': b'Installing A_star_SLAM script to /home/etdisc/Bureau/codef1tenth/src/install/Planif/lib/Planif\n'}
[4.147197] (AEB) StdoutLine: {'line': b'Installing aeb2 script to /home/etdisc/Bureau/codef1tenth/src/install/AEB/lib/AEB\n'}
[4.147508] (Planif) StdoutLine: {'line': b"writing list of installed files to '/home/etdisc/Bureau/codef1tenth/src/build/Planif/install.log'\n"}
[4.148162] (AEB) StdoutLine: {'line': b'Installing multiplexer script to /home/etdisc/Bureau/codef1tenth/src/install/AEB/lib/AEB\n'}
[4.149675] (AEB) StdoutLine: {'line': b"writing list of installed files to '/home/etdisc/Bureau/codef1tenth/src/build/AEB/install.log'\n"}
[4.162453] (Simple_algo) StdoutLine: {'line': b'running egg_info\n'}
[4.163829] (Simple_algo) StdoutLine: {'line': b'writing ../build/Simple_algo/Simple_algo.egg-info/PKG-INFO\n'}
[4.164913] (Simple_algo) StdoutLine: {'line': b'writing dependency_links to ../build/Simple_algo/Simple_algo.egg-info/dependency_links.txt\n'}
[4.165643] (Simple_algo) StdoutLine: {'line': b'writing entry points to ../build/Simple_algo/Simple_algo.egg-info/entry_points.txt\n'}
[4.166215] (Simple_algo) StdoutLine: {'line': b'writing requirements to ../build/Simple_algo/Simple_algo.egg-info/requires.txt\n'}
[4.166631] (Simple_algo) StdoutLine: {'line': b'writing top-level names to ../build/Simple_algo/Simple_algo.egg-info/top_level.txt\n'}
[4.168695] (Mapping) StdoutLine: {'line': b"reading manifest file '../build/Mapping/Mapping.egg-info/SOURCES.txt'\n"}
[4.170876] (Mapping) StdoutLine: {'line': b"writing manifest file '../build/Mapping/Mapping.egg-info/SOURCES.txt'\n"}
[4.172408] (Mapping) StdoutLine: {'line': b'running build\n'}
[4.172846] (Mapping) StdoutLine: {'line': b'running build_py\n'}
[4.173800] (Mapping) StdoutLine: {'line': b'running install\n'}
[4.176187] (Mapping) StdoutLine: {'line': b'running install_lib\n'}
[4.180625] (Mapping) StdoutLine: {'line': b'running install_data\n'}
[4.181285] (Mapping) StdoutLine: {'line': b'running install_egg_info\n'}
[4.185467] (Mapping) StdoutLine: {'line': b"removing '/home/etdisc/Bureau/codef1tenth/src/install/Mapping/lib/python3.8/site-packages/Mapping-0.0.0-py3.8.egg-info' (and everything under it)\n"}
[4.185965] (Mapping) StdoutLine: {'line': b'Copying ../build/Mapping/Mapping.egg-info to /home/etdisc/Bureau/codef1tenth/src/install/Mapping/lib/python3.8/site-packages/Mapping-0.0.0-py3.8.egg-info\n'}
[4.187935] (Mapping) StdoutLine: {'line': b'running install_scripts\n'}
[4.219253] (Planif) CommandEnded: {'returncode': 0}
[4.220599] (localisation) StdoutLine: {'line': b'running egg_info\n'}
[4.221899] (localisation) StdoutLine: {'line': b'writing ../build/localisation/localisation.egg-info/PKG-INFO\n'}
[4.223397] (localisation) StdoutLine: {'line': b'writing dependency_links to ../build/localisation/localisation.egg-info/dependency_links.txt\n'}
[4.223897] (localisation) StdoutLine: {'line': b'writing entry points to ../build/localisation/localisation.egg-info/entry_points.txt\n'}
[4.224379] (localisation) StdoutLine: {'line': b'writing requirements to ../build/localisation/localisation.egg-info/requires.txt\n'}
[4.224592] (localisation) StdoutLine: {'line': b'writing top-level names to ../build/localisation/localisation.egg-info/top_level.txt\n'}
[4.230553] (Mapping) StdoutLine: {'line': b'Installing centerline_extraction script to /home/etdisc/Bureau/codef1tenth/src/install/Mapping/lib/Mapping\n'}
[4.231261] (Mapping) StdoutLine: {'line': b'Installing custom_slam script to /home/etdisc/Bureau/codef1tenth/src/install/Mapping/lib/Mapping\n'}
[4.231793] (Mapping) StdoutLine: {'line': b'Installing pose_listener script to /home/etdisc/Bureau/codef1tenth/src/install/Mapping/lib/Mapping\n'}
[4.232461] (Mapping) StdoutLine: {'line': b'Installing scan_filter script to /home/etdisc/Bureau/codef1tenth/src/install/Mapping/lib/Mapping\n'}
[4.233367] (Mapping) StdoutLine: {'line': b'Installing virtual_imu script to /home/etdisc/Bureau/codef1tenth/src/install/Mapping/lib/Mapping\n'}
[4.234008] (Mapping) StdoutLine: {'line': b"writing list of installed files to '/home/etdisc/Bureau/codef1tenth/src/build/Mapping/install.log'\n"}
[4.234364] (f1tenth_gym_ros) StdoutLine: {'line': b"reading manifest file '../build/f1tenth_gym_ros/f1tenth_gym_ros.egg-info/SOURCES.txt'\n"}
[4.234839] (f1tenth_gym_ros) StdoutLine: {'line': b"writing manifest file '../build/f1tenth_gym_ros/f1tenth_gym_ros.egg-info/SOURCES.txt'\n"}
[4.235432] (Waypoints) StdoutLine: {'line': b"reading manifest file '../build/Waypoints/Waypoints.egg-info/SOURCES.txt'\n"}
[4.235917] (f1tenth_gym_ros) StdoutLine: {'line': b'running build\n'}
[4.236261] (f1tenth_gym_ros) StdoutLine: {'line': b'running build_py\n'}
[4.236617] (f1tenth_gym_ros) StdoutLine: {'line': b'running install\n'}
[4.237327] (Waypoints) StdoutLine: {'line': b"writing manifest file '../build/Waypoints/Waypoints.egg-info/SOURCES.txt'\n"}
[4.237835] (f1tenth_gym_ros) StdoutLine: {'line': b'running install_lib\n'}
[4.239069] (Waypoints) StdoutLine: {'line': b'running build\n'}
[4.239460] (Waypoints) StdoutLine: {'line': b'running build_py\n'}
[4.239805] (Waypoints) StdoutLine: {'line': b'running install\n'}
[4.244517] (-) TimerEvent: {}
[4.246063] (Waypoints) StdoutLine: {'line': b'running install_lib\n'}
[4.246757] (f1tenth_gym_ros) StdoutLine: {'line': b'running install_data\n'}
[4.247099] (f1tenth_gym_ros) StdoutLine: {'line': b'running install_egg_info\n'}
[4.248551] (f1tenth_gym_ros) StdoutLine: {'line': b"removing '/home/etdisc/Bureau/codef1tenth/src/install/f1tenth_gym_ros/lib/python3.8/site-packages/f1tenth_gym_ros-0.0.0-py3.8.egg-info' (and everything under it)\n"}
[4.249543] (Waypoints) StdoutLine: {'line': b'running install_data\n'}
[4.250112] (Waypoints) StdoutLine: {'line': b'running install_egg_info\n'}
[4.250275] (f1tenth_gym_ros) StdoutLine: {'line': b'Copying ../build/f1tenth_gym_ros/f1tenth_gym_ros.egg-info to /home/etdisc/Bureau/codef1tenth/src/install/f1tenth_gym_ros/lib/python3.8/site-packages/f1tenth_gym_ros-0.0.0-py3.8.egg-info\n'}
[4.250476] (localisation) StdoutLine: {'line': b"reading manifest file '../build/localisation/localisation.egg-info/SOURCES.txt'\n"}
[4.250593] (Waypoints) StdoutLine: {'line': b"removing '/home/etdisc/Bureau/codef1tenth/src/install/Waypoints/lib/python3.8/site-packages/Waypoints-0.0.0-py3.8.egg-info' (and everything under it)\n"}
[4.250705] (f1tenth_gym_ros) StdoutLine: {'line': b'running install_scripts\n'}
[4.250802] (localisation) StdoutLine: {'line': b"writing manifest file '../build/localisation/localisation.egg-info/SOURCES.txt'\n"}
[4.250901] (Waypoints) StdoutLine: {'line': b'Copying ../build/Waypoints/Waypoints.egg-info to /home/etdisc/Bureau/codef1tenth/src/install/Waypoints/lib/python3.8/site-packages/Waypoints-0.0.0-py3.8.egg-info\n'}
[4.251363] (Waypoints) StdoutLine: {'line': b'running install_scripts\n'}
[4.258008] (Simple_algo) StdoutLine: {'line': b"reading manifest file '../build/Simple_algo/Simple_algo.egg-info/SOURCES.txt'\n"}
[4.259115] (localisation) StdoutLine: {'line': b'running build\n'}
[4.260187] (localisation) StdoutLine: {'line': b'running build_py\n'}
[4.260509] (localisation) StdoutLine: {'line': b'running install\n'}
[4.261275] (Simple_algo) StdoutLine: {'line': b"writing manifest file '../build/Simple_algo/Simple_algo.egg-info/SOURCES.txt'\n"}
[4.269216] (Simple_algo) StdoutLine: {'line': b'running build\n'}
[4.270303] (localisation) StdoutLine: {'line': b'running install_lib\n'}
[4.271346] (Simple_algo) StdoutLine: {'line': b'running build_py\n'}
[4.276113] (Simple_algo) StdoutLine: {'line': b'running install\n'}
[4.279660] (localisation) StdoutLine: {'line': b'running install_data\n'}
[4.280244] (localisation) StdoutLine: {'line': b'running install_egg_info\n'}
[4.281656] (Simple_algo) StdoutLine: {'line': b'running install_lib\n'}
[4.285875] (localisation) StdoutLine: {'line': b"removing '/home/etdisc/Bureau/codef1tenth/src/install/localisation/lib/python3.8/site-packages/localisation-0.0.0-py3.8.egg-info' (and everything under it)\n"}
[4.286298] (Simple_algo) StdoutLine: {'line': b'running install_data\n'}
[4.286660] (Simple_algo) StdoutLine: {'line': b'running install_egg_info\n'}
[4.286959] (localisation) StdoutLine: {'line': b'Copying ../build/localisation/localisation.egg-info to /home/etdisc/Bureau/codef1tenth/src/install/localisation/lib/python3.8/site-packages/localisation-0.0.0-py3.8.egg-info\n'}
[4.287260] (localisation) StdoutLine: {'line': b'running install_scripts\n'}
[4.287575] (Planif) JobEnded: {'identifier': 'Planif', 'rc': 0}
[4.289443] (Simple_algo) StdoutLine: {'line': b"removing '/home/etdisc/Bureau/codef1tenth/src/install/Simple_algo/lib/python3.8/site-packages/Simple_algo-1.0.0-py3.8.egg-info' (and everything under it)\n"}
[4.289878] (Simple_algo) StdoutLine: {'line': b'Copying ../build/Simple_algo/Simple_algo.egg-info to /home/etdisc/Bureau/codef1tenth/src/install/Simple_algo/lib/python3.8/site-packages/Simple_algo-1.0.0-py3.8.egg-info\n'}
[4.290236] (timer) JobStarted: {'identifier': 'timer'}
[4.290458] (Simple_algo) StdoutLine: {'line': b'running install_scripts\n'}
[4.292686] (f1tenth_gym_ros) StdoutLine: {'line': b'Installing gym_bridge script to /home/etdisc/Bureau/codef1tenth/src/install/f1tenth_gym_ros/lib/f1tenth_gym_ros\n'}
[4.294101] (f1tenth_gym_ros) StdoutLine: {'line': b"writing list of installed files to '/home/etdisc/Bureau/codef1tenth/src/build/f1tenth_gym_ros/install.log'\n"}
[4.300013] (Waypoints) StdoutLine: {'line': b'Installing pure_pursuit script to /home/etdisc/Bureau/codef1tenth/src/install/Waypoints/lib/Waypoints\n'}
[4.300517] (Waypoints) StdoutLine: {'line': b'Installing pure_pursuit2 script to /home/etdisc/Bureau/codef1tenth/src/install/Waypoints/lib/Waypoints\n'}
[4.301717] (Waypoints) StdoutLine: {'line': b'Installing waypoints_logger script to /home/etdisc/Bureau/codef1tenth/src/install/Waypoints/lib/Waypoints\n'}
[4.302348] (Waypoints) StdoutLine: {'line': b"writing list of installed files to '/home/etdisc/Bureau/codef1tenth/src/build/Waypoints/install.log'\n"}
[4.320151] (localisation) StdoutLine: {'line': b'Installing lap_tracker script to /home/etdisc/Bureau/codef1tenth/src/install/localisation/lib/localisation\n'}
[4.325728] (AEB) CommandEnded: {'returncode': 0}
[4.327310] (localisation) StdoutLine: {'line': b"writing list of installed files to '/home/etdisc/Bureau/codef1tenth/src/build/localisation/install.log'\n"}
[4.331553] (Simple_algo) StdoutLine: {'line': b'Installing disparity_extender script to /home/etdisc/Bureau/codef1tenth/src/install/Simple_algo/lib/Simple_algo\n'}
[4.333586] (Simple_algo) StdoutLine: {'line': b'Installing fast_disparity_extender script to /home/etdisc/Bureau/codef1tenth/src/install/Simple_algo/lib/Simple_algo\n'}
[4.334521] (Simple_algo) StdoutLine: {'line': b'Installing gap_follow script to /home/etdisc/Bureau/codef1tenth/src/install/Simple_algo/lib/Simple_algo\n'}
[4.334790] (Simple_algo) StdoutLine: {'line': b'Installing wall_follow script to /home/etdisc/Bureau/codef1tenth/src/install/Simple_algo/lib/Simple_algo\n'}
[4.335473] (Simple_algo) StdoutLine: {'line': b'Installing wall_follow_penn script to /home/etdisc/Bureau/codef1tenth/src/install/Simple_algo/lib/Simple_algo\n'}
[4.336768] (Simple_algo) StdoutLine: {'line': b"writing list of installed files to '/home/etdisc/Bureau/codef1tenth/src/build/Simple_algo/install.log'\n"}
[4.344933] (-) TimerEvent: {}
[4.356645] (AEB) JobEnded: {'identifier': 'AEB', 'rc': 0}
[4.363742] (Mapping) CommandEnded: {'returncode': 0}
[4.377994] (Mapping) JobEnded: {'identifier': 'Mapping', 'rc': 0}
[4.390826] (strategy) Command: {'cmd': ['/usr/bin/python3', '-W', 'ignore:setup.py install is deprecated', '-W', 'ignore:easy_install command is deprecated', 'setup.py', 'egg_info', '--egg-base', '../build/strategy', 'build', '--build-base', '/home/etdisc/Bureau/codef1tenth/src/build/strategy/build', 'install', '--record', '/home/etdisc/Bureau/codef1tenth/src/build/strategy/install.log', '--single-version-externally-managed', 'install_data'], 'cwd': '/home/etdisc/Bureau/codef1tenth/src/strategy', 'env': {'LESSOPEN': '| /usr/bin/lesspipe %s', 'HTTPS_PROXY': 'http://proxy:3128', 'USER': 'etdisc', 'SSH_AGENT_PID': '1666', 'XDG_SESSION_TYPE': 'x11', 'SHLVL': '1', 'LD_LIBRARY_PATH': '/home/etdisc/depots/f1tenth/sim_ws/install/custom_msgs/lib:/usr/lib/x86_64-linux-gnu/gazebo-11/plugins:/opt/ros/galactic/opt/yaml_cpp_vendor/lib:/opt/ros/galactic/opt/rviz_ogre_vendor/lib:/opt/ros/galactic/lib/x86_64-linux-gnu:/opt/ros/galactic/lib', 'HOME': '/home/etdisc', 'DESKTOP_SESSION': 'ubuntu', 'ROS_PYTHON_VERSION': '3', 'GNOME_SHELL_SESSION_MODE': 'ubuntu', 'GTK_MODULES': 'gail:atk-bridge', 'MANAGERPID': '1571', 'DBUS_STARTER_BUS_TYPE': 'session', 'DBUS_SESSION_BUS_ADDRESS': 'unix:path=/run/user/1000/bus,guid=712999510530655913b37c6169709380', 'COLORTERM': 'truecolor', 'IM_CONFIG_PHASE': '1', 'https_proxy': 'http://proxy:3128', 'COLCON_PREFIX_PATH': '/home/etdisc/depots/f1tenth/sim_ws/install', 'ROS_DISTRO': 'galactic', 'LOGNAME': 'etdisc', 'http_proxy': 'http://proxy:3128', 'JOURNAL_STREAM': '8:65626', '_': '/usr/bin/colcon', 'ROS_VERSION': '2', 'XDG_SESSION_CLASS': 'user', 'USERNAME': 'etdisc', 'TERM': 'xterm-256color', 'GNOME_DESKTOP_SESSION_ID': 'this-is-deprecated', 'ROS_LOCALHOST_ONLY': '1', 'WINDOWPATH': '2', 'PATH': '/opt/ros/galactic/bin:/snap/bin:/home/etdisc/.local/bin:/usr/local/sbin:/usr/local/bin:/usr/sbin:/usr/bin:/sbin:/bin:/usr/games:/usr/local/games:/snap/bin', 'SESSION_MANAGER': 'local/etdisc-virtual-machine:@/tmp/.ICE-unix/1701,unix/etdisc-virtual-machine:/tmp/.ICE-unix/1701', 'INVOCATION_ID': '81bd2218a54643fdb444052878adae1a', 'XDG_MENU_PREFIX': 'gnome-', 'GNOME_TERMINAL_SCREEN': '/org/gnome/Terminal/screen/0a4c09d3_f668_41d6_b245_6f154a0b10c4', 'XDG_RUNTIME_DIR': '/run/user/1000', 'DISPLAY': ':0', 'LANG': 'fr_FR.UTF-8', 'XDG_CURRENT_DESKTOP': 'ubuntu:GNOME', 'XMODIFIERS': '@im=ibus', 'XDG_SESSION_DESKTOP': 'ubuntu', 'XAUTHORITY': '/run/user/1000/gdm/Xauthority', 'LS_COLORS': 'rs=0:di=01;34:ln=01;36:mh=00:pi=40;33:so=01;35:do=01;35:bd=40;33;01:cd=40;33;01:or=40;31;01:mi=00:su=37;41:sg=30;43:ca=30;41:tw=30;42:ow=34;42:st=37;44:ex=01;32:*.tar=01;31:*.tgz=01;31:*.arc=01;31:*.arj=01;31:*.taz=01;31:*.lha=01;31:*.lz4=01;31:*.lzh=01;31:*.lzma=01;31:*.tlz=01;31:*.txz=01;31:*.tzo=01;31:*.t7z=01;31:*.zip=01;31:*.z=01;31:*.dz=01;31:*.gz=01;31:*.lrz=01;31:*.lz=01;31:*.lzo=01;31:*.xz=01;31:*.zst=01;31:*.tzst=01;31:*.bz2=01;31:*.bz=01;31:*.tbz=01;31:*.tbz2=01;31:*.tz=01;31:*.deb=01;31:*.rpm=01;31:*.jar=01;31:*.war=01;31:*.ear=01;31:*.sar=01;31:*.rar=01;31:*.alz=01;31:*.ace=01;31:*.zoo=01;31:*.cpio=01;31:*.7z=01;31:*.rz=01;31:*.cab=01;31:*.wim=01;31:*.swm=01;31:*.dwm=01;31:*.esd=01;31:*.jpg=01;35:*.jpeg=01;35:*.mjpg=01;35:*.mjpeg=01;35:*.gif=01;35:*.bmp=01;35:*.pbm=01;35:*.pgm=01;35:*.ppm=01;35:*.tga=01;35:*.xbm=01;35:*.xpm=01;35:*.tif=01;35:*.tiff=01;35:*.png=01;35:*.svg=01;35:*.svgz=01;35:*.mng=01;35:*.pcx=01;35:*.mov=01;35:*.mpg=01;35:*.mpeg=01;35:*.m2v=01;35:*.mkv=01;35:*.webm=01;35:*.ogm=01;35:*.mp4=01;35:*.m4v=01;35:*.mp4v=01;35:*.vob=01;35:*.qt=01;35:*.nuv=01;35:*.wmv=01;35:*.asf=01;35:*.rm=01;35:*.rmvb=01;35:*.flc=01;35:*.avi=01;35:*.fli=01;35:*.flv=01;35:*.gl=01;35:*.dl=01;35:*.xcf=01;35:*.xwd=01;35:*.yuv=01;35:*.cgm=01;35:*.emf=01;35:*.ogv=01;35:*.ogx=01;35:*.aac=00;36:*.au=00;36:*.flac=00;36:*.m4a=00;36:*.mid=00;36:*.midi=00;36:*.mka=00;36:*.mp3=00;36:*.mpc=00;36:*.ogg=00;36:*.ra=00;36:*.wav=00;36:*.oga=00;36:*.opus=00;36:*.spx=00;36:*.xspf=00;36:', 'GNOME_TERMINAL_SERVICE': ':1.202', 'SSH_AUTH_SOCK': '/run/user/1000/keyring/ssh', 'AMENT_PREFIX_PATH': '/home/etdisc/depots/f1tenth/sim_ws/install/timer:/home/etdisc/depots/f1tenth/sim_ws/install/strategy:/home/etdisc/depots/f1tenth/sim_ws/install/localisation:/home/etdisc/depots/f1tenth/sim_ws/install/f1tenth_gym_ros:/home/etdisc/depots/f1tenth/sim_ws/install/custom_msgs:/home/etdisc/depots/f1tenth/sim_ws/install/Waypoints:/home/etdisc/depots/f1tenth/sim_ws/install/Simple_algo:/home/etdisc/depots/f1tenth/sim_ws/install/Planif:/home/etdisc/depots/f1tenth/sim_ws/install/Mapping:/home/etdisc/depots/f1tenth/sim_ws/install/AEB:/opt/ros/galactic', 'SHELL': '/bin/bash', 'QT_ACCESSIBILITY': '1', 'GDMSESSION': 'ubuntu', 'LESSCLOSE': '/usr/bin/lesspipe %s %s', 'GPG_AGENT_INFO': '/run/user/1000/gnupg/S.gpg-agent:0:1', 'QT_IM_MODULE': 'ibus', 'PWD': '/home/etdisc/Bureau/codef1tenth/src/build/strategy', 'LC_ALL': 'fr_FR.UTF-8', 'XDG_CONFIG_DIRS': '/etc/xdg/xdg-ubuntu:/etc/xdg', 'DBUS_STARTER_ADDRESS': 'unix:path=/run/user/1000/bus,guid=712999510530655913b37c6169709380', 'XDG_DATA_DIRS': '/usr/share/ubuntu:/usr/local/share/:/usr/share/:/var/lib/snapd/desktop', 'PYTHONPATH': '/home/etdisc/Bureau/codef1tenth/src/build/strategy/prefix_override:/usr/lib/python3/dist-packages/colcon_core/task/python/colcon_distutils_commands:/home/etdisc/Bureau/codef1tenth/src/install/strategy/lib/python3.8/site-packages:/home/etdisc/depots/f1tenth/sim_ws/install/timer/lib/python3.8/site-packages:/home/etdisc/depots/f1tenth/sim_ws/install/strategy/lib/python3.8/site-packages:/home/etdisc/depots/f1tenth/sim_ws/install/localisation/lib/python3.8/site-packages:/home/etdisc/depots/f1tenth/sim_ws/install/f1tenth_gym_ros/lib/python3.8/site-packages:/home/etdisc/depots/f1tenth/sim_ws/install/custom_msgs/lib/python3.8/site-packages:/home/etdisc/depots/f1tenth/sim_ws/install/Waypoints/lib/python3.8/site-packages:/home/etdisc/depots/f1tenth/sim_ws/install/Simple_algo/lib/python3.8/site-packages:/home/etdisc/depots/f1tenth/sim_ws/install/Planif/lib/python3.8/site-packages:/home/etdisc/depots/f1tenth/sim_ws/install/Mapping/lib/python3.8/site-packages:/home/etdisc/depots/f1tenth/sim_ws/install/AEB/lib/python3.8/site-packages:/opt/ros/galactic/lib/python3.8/site-packages', 'HTTP_PROXY': 'http://proxy:3128', 'COLCON': '1', 'VTE_VERSION': '6003', 'CMAKE_PREFIX_PATH': '/home/etdisc/depots/f1tenth/sim_ws/install/custom_msgs'}, 'shell': False}
[4.445283] (-) TimerEvent: {}
[4.546863] (-) TimerEvent: {}
[4.647360] (-) TimerEvent: {}
[4.725697] (Waypoints) CommandEnded: {'returncode': 0}
[4.727490] (strategy) StdoutLine: {'line': b'running egg_info\n'}
[4.728054] (strategy) StdoutLine: {'line': b'writing ../build/strategy/strategy.egg-info/PKG-INFO\n'}
[4.728823] (strategy) StdoutLine: {'line': b'writing dependency_links to ../build/strategy/strategy.egg-info/dependency_links.txt\n'}
[4.730029] (strategy) StdoutLine: {'line': b'writing entry points to ../build/strategy/strategy.egg-info/entry_points.txt\n'}
[4.730433] (strategy) StdoutLine: {'line': b'writing requirements to ../build/strategy/strategy.egg-info/requires.txt\n'}
[4.730568] (strategy) StdoutLine: {'line': b'writing top-level names to ../build/strategy/strategy.egg-info/top_level.txt\n'}
[4.731072] (strategy) StdoutLine: {'line': b"reading manifest file '../build/strategy/strategy.egg-info/SOURCES.txt'\n"}
[4.731193] (strategy) StdoutLine: {'line': b"writing manifest file '../build/strategy/strategy.egg-info/SOURCES.txt'\n"}
[4.731337] (strategy) StdoutLine: {'line': b'running build\n'}
[4.731640] (strategy) StdoutLine: {'line': b'running build_py\n'}
[4.731759] (strategy) StdoutLine: {'line': b'running install\n'}
[4.731860] (strategy) StdoutLine: {'line': b'running install_lib\n'}
[4.731958] (strategy) StdoutLine: {'line': b'running install_data\n'}
[4.732019] (strategy) StdoutLine: {'line': b'running install_egg_info\n'}
[4.732120] (strategy) StdoutLine: {'line': b"removing '/home/etdisc/Bureau/codef1tenth/src/install/strategy/lib/python3.8/site-packages/strategy-0.0.0-py3.8.egg-info' (and everything under it)\n"}
[4.732272] (strategy) StdoutLine: {'line': b'Copying ../build/strategy/strategy.egg-info to /home/etdisc/Bureau/codef1tenth/src/install/strategy/lib/python3.8/site-packages/strategy-0.0.0-py3.8.egg-info\n'}
[4.732412] (strategy) StdoutLine: {'line': b'running install_scripts\n'}
[4.741147] (Waypoints) JobEnded: {'identifier': 'Waypoints', 'rc': 0}
[4.743428] (f1tenth_gym_ros) CommandEnded: {'returncode': 0}
[4.744101] (strategy) StdoutLine: {'line': b'Installing basic_strategy_manager script to /home/etdisc/Bureau/codef1tenth/src/install/strategy/lib/strategy\n'}
[4.744283] (strategy) StdoutLine: {'line': b"writing list of installed files to '/home/etdisc/Bureau/codef1tenth/src/build/strategy/install.log'\n"}
[4.747593] (-) TimerEvent: {}
[4.753273] (f1tenth_gym_ros) JobEnded: {'identifier': 'f1tenth_gym_ros', 'rc': 0}
[4.758415] (localisation) CommandEnded: {'returncode': 0}
[4.769048] (localisation) JobEnded: {'identifier': 'localisation', 'rc': 0}
[4.772539] (Simple_algo) CommandEnded: {'returncode': 0}
[4.787396] (Simple_algo) JobEnded: {'identifier': 'Simple_algo', 'rc': 0}
[4.802912] (strategy) CommandEnded: {'returncode': 0}
[4.814782] (strategy) JobEnded: {'identifier': 'strategy', 'rc': 0}
[4.848122] (-) TimerEvent: {}
[4.948757] (-) TimerEvent: {}
[5.049419] (-) TimerEvent: {}
[5.149938] (-) TimerEvent: {}
[5.250447] (-) TimerEvent: {}
[5.351115] (-) TimerEvent: {}
[5.354753] (timer) Command: {'cmd': ['/usr/bin/python3', '-W', 'ignore:setup.py install is deprecated', '-W', 'ignore:easy_install command is deprecated', 'setup.py', 'egg_info', '--egg-base', '../build/timer', 'build', '--build-base', '/home/etdisc/Bureau/codef1tenth/src/build/timer/build', 'install', '--record', '/home/etdisc/Bureau/codef1tenth/src/build/timer/install.log', '--single-version-externally-managed', 'install_data'], 'cwd': '/home/etdisc/Bureau/codef1tenth/src/timer', 'env': {'LESSOPEN': '| /usr/bin/lesspipe %s', 'HTTPS_PROXY': 'http://proxy:3128', 'USER': 'etdisc', 'SSH_AGENT_PID': '1666', 'XDG_SESSION_TYPE': 'x11', 'SHLVL': '1', 'LD_LIBRARY_PATH': '/home/etdisc/depots/f1tenth/sim_ws/install/custom_msgs/lib:/usr/lib/x86_64-linux-gnu/gazebo-11/plugins:/opt/ros/galactic/opt/yaml_cpp_vendor/lib:/opt/ros/galactic/opt/rviz_ogre_vendor/lib:/opt/ros/galactic/lib/x86_64-linux-gnu:/opt/ros/galactic/lib', 'HOME': '/home/etdisc', 'DESKTOP_SESSION': 'ubuntu', 'ROS_PYTHON_VERSION': '3', 'GNOME_SHELL_SESSION_MODE': 'ubuntu', 'GTK_MODULES': 'gail:atk-bridge', 'MANAGERPID': '1571', 'DBUS_STARTER_BUS_TYPE': 'session', 'DBUS_SESSION_BUS_ADDRESS': 'unix:path=/run/user/1000/bus,guid=712999510530655913b37c6169709380', 'COLORTERM': 'truecolor', 'IM_CONFIG_PHASE': '1', 'https_proxy': 'http://proxy:3128', 'COLCON_PREFIX_PATH': '/home/etdisc/depots/f1tenth/sim_ws/install', 'ROS_DISTRO': 'galactic', 'LOGNAME': 'etdisc', 'http_proxy': 'http://proxy:3128', 'JOURNAL_STREAM': '8:65626', '_': '/usr/bin/colcon', 'ROS_VERSION': '2', 'XDG_SESSION_CLASS': 'user', 'USERNAME': 'etdisc', 'TERM': 'xterm-256color', 'GNOME_DESKTOP_SESSION_ID': 'this-is-deprecated', 'ROS_LOCALHOST_ONLY': '1', 'WINDOWPATH': '2', 'PATH': '/opt/ros/galactic/bin:/snap/bin:/home/etdisc/.local/bin:/usr/local/sbin:/usr/local/bin:/usr/sbin:/usr/bin:/sbin:/bin:/usr/games:/usr/local/games:/snap/bin', 'SESSION_MANAGER': 'local/etdisc-virtual-machine:@/tmp/.ICE-unix/1701,unix/etdisc-virtual-machine:/tmp/.ICE-unix/1701', 'INVOCATION_ID': '81bd2218a54643fdb444052878adae1a', 'XDG_MENU_PREFIX': 'gnome-', 'GNOME_TERMINAL_SCREEN': '/org/gnome/Terminal/screen/0a4c09d3_f668_41d6_b245_6f154a0b10c4', 'XDG_RUNTIME_DIR': '/run/user/1000', 'DISPLAY': ':0', 'LANG': 'fr_FR.UTF-8', 'XDG_CURRENT_DESKTOP': 'ubuntu:GNOME', 'XMODIFIERS': '@im=ibus', 'XDG_SESSION_DESKTOP': 'ubuntu', 'XAUTHORITY': '/run/user/1000/gdm/Xauthority', 'LS_COLORS': 'rs=0:di=01;34:ln=01;36:mh=00:pi=40;33:so=01;35:do=01;35:bd=40;33;01:cd=40;33;01:or=40;31;01:mi=00:su=37;41:sg=30;43:ca=30;41:tw=30;42:ow=34;42:st=37;44:ex=01;32:*.tar=01;31:*.tgz=01;31:*.arc=01;31:*.arj=01;31:*.taz=01;31:*.lha=01;31:*.lz4=01;31:*.lzh=01;31:*.lzma=01;31:*.tlz=01;31:*.txz=01;31:*.tzo=01;31:*.t7z=01;31:*.zip=01;31:*.z=01;31:*.dz=01;31:*.gz=01;31:*.lrz=01;31:*.lz=01;31:*.lzo=01;31:*.xz=01;31:*.zst=01;31:*.tzst=01;31:*.bz2=01;31:*.bz=01;31:*.tbz=01;31:*.tbz2=01;31:*.tz=01;31:*.deb=01;31:*.rpm=01;31:*.jar=01;31:*.war=01;31:*.ear=01;31:*.sar=01;31:*.rar=01;31:*.alz=01;31:*.ace=01;31:*.zoo=01;31:*.cpio=01;31:*.7z=01;31:*.rz=01;31:*.cab=01;31:*.wim=01;31:*.swm=01;31:*.dwm=01;31:*.esd=01;31:*.jpg=01;35:*.jpeg=01;35:*.mjpg=01;35:*.mjpeg=01;35:*.gif=01;35:*.bmp=01;35:*.pbm=01;35:*.pgm=01;35:*.ppm=01;35:*.tga=01;35:*.xbm=01;35:*.xpm=01;35:*.tif=01;35:*.tiff=01;35:*.png=01;35:*.svg=01;35:*.svgz=01;35:*.mng=01;35:*.pcx=01;35:*.mov=01;35:*.mpg=01;35:*.mpeg=01;35:*.m2v=01;35:*.mkv=01;35:*.webm=01;35:*.ogm=01;35:*.mp4=01;35:*.m4v=01;35:*.mp4v=01;35:*.vob=01;35:*.qt=01;35:*.nuv=01;35:*.wmv=01;35:*.asf=01;35:*.rm=01;35:*.rmvb=01;35:*.flc=01;35:*.avi=01;35:*.fli=01;35:*.flv=01;35:*.gl=01;35:*.dl=01;35:*.xcf=01;35:*.xwd=01;35:*.yuv=01;35:*.cgm=01;35:*.emf=01;35:*.ogv=01;35:*.ogx=01;35:*.aac=00;36:*.au=00;36:*.flac=00;36:*.m4a=00;36:*.mid=00;36:*.midi=00;36:*.mka=00;36:*.mp3=00;36:*.mpc=00;36:*.ogg=00;36:*.ra=00;36:*.wav=00;36:*.oga=00;36:*.opus=00;36:*.spx=00;36:*.xspf=00;36:', 'GNOME_TERMINAL_SERVICE': ':1.202', 'SSH_AUTH_SOCK': '/run/user/1000/keyring/ssh', 'AMENT_PREFIX_PATH': '/home/etdisc/depots/f1tenth/sim_ws/install/timer:/home/etdisc/depots/f1tenth/sim_ws/install/strategy:/home/etdisc/depots/f1tenth/sim_ws/install/localisation:/home/etdisc/depots/f1tenth/sim_ws/install/f1tenth_gym_ros:/home/etdisc/depots/f1tenth/sim_ws/install/custom_msgs:/home/etdisc/depots/f1tenth/sim_ws/install/Waypoints:/home/etdisc/depots/f1tenth/sim_ws/install/Simple_algo:/home/etdisc/depots/f1tenth/sim_ws/install/Planif:/home/etdisc/depots/f1tenth/sim_ws/install/Mapping:/home/etdisc/depots/f1tenth/sim_ws/install/AEB:/opt/ros/galactic', 'SHELL': '/bin/bash', 'QT_ACCESSIBILITY': '1', 'GDMSESSION': 'ubuntu', 'LESSCLOSE': '/usr/bin/lesspipe %s %s', 'GPG_AGENT_INFO': '/run/user/1000/gnupg/S.gpg-agent:0:1', 'QT_IM_MODULE': 'ibus', 'PWD': '/home/etdisc/Bureau/codef1tenth/src/build/timer', 'LC_ALL': 'fr_FR.UTF-8', 'XDG_CONFIG_DIRS': '/etc/xdg/xdg-ubuntu:/etc/xdg', 'DBUS_STARTER_ADDRESS': 'unix:path=/run/user/1000/bus,guid=712999510530655913b37c6169709380', 'XDG_DATA_DIRS': '/usr/share/ubuntu:/usr/local/share/:/usr/share/:/var/lib/snapd/desktop', 'PYTHONPATH': '/home/etdisc/Bureau/codef1tenth/src/build/timer/prefix_override:/usr/lib/python3/dist-packages/colcon_core/task/python/colcon_distutils_commands:/home/etdisc/Bureau/codef1tenth/src/install/timer/lib/python3.8/site-packages:/home/etdisc/depots/f1tenth/sim_ws/install/timer/lib/python3.8/site-packages:/home/etdisc/depots/f1tenth/sim_ws/install/strategy/lib/python3.8/site-packages:/home/etdisc/depots/f1tenth/sim_ws/install/localisation/lib/python3.8/site-packages:/home/etdisc/depots/f1tenth/sim_ws/install/f1tenth_gym_ros/lib/python3.8/site-packages:/home/etdisc/depots/f1tenth/sim_ws/install/custom_msgs/lib/python3.8/site-packages:/home/etdisc/depots/f1tenth/sim_ws/install/Waypoints/lib/python3.8/site-packages:/home/etdisc/depots/f1tenth/sim_ws/install/Simple_algo/lib/python3.8/site-packages:/home/etdisc/depots/f1tenth/sim_ws/install/Planif/lib/python3.8/site-packages:/home/etdisc/depots/f1tenth/sim_ws/install/Mapping/lib/python3.8/site-packages:/home/etdisc/depots/f1tenth/sim_ws/install/AEB/lib/python3.8/site-packages:/opt/ros/galactic/lib/python3.8/site-packages', 'HTTP_PROXY': 'http://proxy:3128', 'COLCON': '1', 'VTE_VERSION': '6003', 'CMAKE_PREFIX_PATH': '/home/etdisc/depots/f1tenth/sim_ws/install/custom_msgs'}, 'shell': False}
[5.451478] (-) TimerEvent: {}
[5.552123] (-) TimerEvent: {}
[5.622580] (timer) StdoutLine: {'line': b'running egg_info\n'}
[5.623178] (timer) StdoutLine: {'line': b'writing ../build/timer/timer.egg-info/PKG-INFO\n'}
[5.623547] (timer) StdoutLine: {'line': b'writing dependency_links to ../build/timer/timer.egg-info/dependency_links.txt\n'}
[5.624016] (timer) StdoutLine: {'line': b'writing entry points to ../build/timer/timer.egg-info/entry_points.txt\n'}
[5.624276] (timer) StdoutLine: {'line': b'writing requirements to ../build/timer/timer.egg-info/requires.txt\n'}
[5.624745] (timer) StdoutLine: {'line': b'writing top-level names to ../build/timer/timer.egg-info/top_level.txt\n'}
[5.652404] (-) TimerEvent: {}
[5.656838] (timer) StdoutLine: {'line': b"reading manifest file '../build/timer/timer.egg-info/SOURCES.txt'\n"}
[5.657659] (timer) StdoutLine: {'line': b"writing manifest file '../build/timer/timer.egg-info/SOURCES.txt'\n"}
[5.658426] (timer) StdoutLine: {'line': b'running build\n'}
[5.658585] (timer) StdoutLine: {'line': b'running build_py\n'}
[5.659006] (timer) StdoutLine: {'line': b'running install\n'}
[5.659586] (timer) StdoutLine: {'line': b'running install_lib\n'}
[5.661194] (timer) StdoutLine: {'line': b'running install_data\n'}
[5.661306] (timer) StdoutLine: {'line': b'running install_egg_info\n'}
[5.663373] (timer) StdoutLine: {'line': b"removing '/home/etdisc/Bureau/codef1tenth/src/install/timer/lib/python3.8/site-packages/timer-0.0.0-py3.8.egg-info' (and everything under it)\n"}
[5.663827] (timer) StdoutLine: {'line': b'Copying ../build/timer/timer.egg-info to /home/etdisc/Bureau/codef1tenth/src/install/timer/lib/python3.8/site-packages/timer-0.0.0-py3.8.egg-info\n'}
[5.664568] (timer) StdoutLine: {'line': b'running install_scripts\n'}
[5.682980] (timer) StdoutLine: {'line': b'Installing timer script to /home/etdisc/Bureau/codef1tenth/src/install/timer/lib/timer\n'}
[5.683539] (timer) StdoutLine: {'line': b"writing list of installed files to '/home/etdisc/Bureau/codef1tenth/src/build/timer/install.log'\n"}
[5.712842] (timer) CommandEnded: {'returncode': 0}
[5.727706] (timer) JobEnded: {'identifier': 'timer', 'rc': 0}
[5.736816] (-) EventReactorShutdown: {}
