[1.213s] DEBUG:colcon:Command line arguments: ['/usr/bin/colcon', 'build', '--symlink-install', '--packages-select', 'f1_localization']
[1.214s] DEBUG:colcon:Parsed command line arguments: Namespace(allow_overriding=[], ament_cmake_args=None, base_paths=['.'], build_base='build', catkin_cmake_args=None, catkin_skip_building_tests=False, cmake_args=None, cmake_clean_cache=False, cmake_clean_first=False, cmake_force_configure=False, cmake_target=None, cmake_target_skip_unavailable=False, continue_on_error=False, event_handlers=None, executor='parallel', ignore_user_meta=False, install_base='install', log_base=None, log_level=None, main=<bound method BuildVerb.main of <colcon_core.verb.build.BuildVerb object at 0x7fe50964bd00>>, merge_install=False, metas=['./colcon.meta'], packages_above=None, packages_above_and_dependencies=None, packages_above_depth=None, packages_end=None, packages_ignore=None, packages_ignore_regex=None, packages_select=['f1_localization'], packages_select_build_failed=False, packages_select_by_dep=None, packages_select_regex=None, packages_select_test_failures=False, packages_skip=None, packages_skip_build_finished=False, packages_skip_by_dep=None, packages_skip_regex=None, packages_skip_test_passed=False, packages_skip_up_to=None, packages_start=None, packages_up_to=None, packages_up_to_regex=None, parallel_workers=8, paths=None, symlink_install=True, test_result_base=None, verb_extension=<colcon_core.verb.build.BuildVerb object at 0x7fe50964bd00>, verb_name='build', verb_parser=<colcon_defaults.argument_parser.defaults.DefaultArgumentsDecorator object at 0x7fe50965a220>)
[1.807s] Level 1:colcon.colcon_core.package_discovery:discover_packages(colcon_meta) check parameters
[1.808s] Level 1:colcon.colcon_core.package_discovery:discover_packages(recursive) check parameters
[1.808s] Level 1:colcon.colcon_core.package_discovery:discover_packages(ignore) check parameters
[1.808s] Level 1:colcon.colcon_core.package_discovery:discover_packages(path) check parameters
[1.808s] Level 1:colcon.colcon_core.package_discovery:discover_packages(colcon_meta) discover
[1.808s] Level 1:colcon.colcon_core.package_discovery:discover_packages(recursive) discover
[1.808s] INFO:colcon.colcon_core.package_discovery:Crawling recursively for packages in '/home/etdisc/Bureau/codef1tenth'
[1.808s] Level 1:colcon.colcon_core.package_identification:_identify(.) by extensions ['ignore', 'ignore_ament_install']
[1.809s] Level 1:colcon.colcon_core.package_identification:_identify(.) by extension 'ignore'
[1.809s] Level 1:colcon.colcon_core.package_identification:_identify(.) by extension 'ignore_ament_install'
[1.811s] Level 1:colcon.colcon_core.package_identification:_identify(.) by extensions ['colcon_pkg']
[1.811s] Level 1:colcon.colcon_core.package_identification:_identify(.) by extension 'colcon_pkg'
[1.811s] Level 1:colcon.colcon_core.package_identification:_identify(.) by extensions ['colcon_meta']
[1.811s] Level 1:colcon.colcon_core.package_identification:_identify(.) by extension 'colcon_meta'
[1.811s] Level 1:colcon.colcon_core.package_identification:_identify(.) by extensions ['ros']
[1.811s] Level 1:colcon.colcon_core.package_identification:_identify(.) by extension 'ros'
[1.875s] Level 1:colcon.colcon_core.package_identification:_identify(.) by extensions ['cmake', 'python']
[1.875s] Level 1:colcon.colcon_core.package_identification:_identify(.) by extension 'cmake'
[1.875s] Level 1:colcon.colcon_core.package_identification:_identify(.) by extension 'python'
[1.875s] Level 1:colcon.colcon_core.package_identification:_identify(.) by extensions ['python_setup_py']
[1.875s] Level 1:colcon.colcon_core.package_identification:_identify(.) by extension 'python_setup_py'
[1.876s] Level 1:colcon.colcon_core.package_identification:_identify(archives) by extensions ['ignore', 'ignore_ament_install']
[1.876s] Level 1:colcon.colcon_core.package_identification:_identify(archives) by extension 'ignore'
[1.876s] Level 1:colcon.colcon_core.package_identification:_identify(archives) by extension 'ignore_ament_install'
[1.876s] Level 1:colcon.colcon_core.package_identification:_identify(archives) by extensions ['colcon_pkg']
[1.876s] Level 1:colcon.colcon_core.package_identification:_identify(archives) by extension 'colcon_pkg'
[1.876s] Level 1:colcon.colcon_core.package_identification:_identify(archives) by extensions ['colcon_meta']
[1.876s] Level 1:colcon.colcon_core.package_identification:_identify(archives) by extension 'colcon_meta'
[1.876s] Level 1:colcon.colcon_core.package_identification:_identify(archives) by extensions ['ros']
[1.876s] Level 1:colcon.colcon_core.package_identification:_identify(archives) by extension 'ros'
[1.876s] Level 1:colcon.colcon_core.package_identification:_identify(archives) by extensions ['cmake', 'python']
[1.876s] Level 1:colcon.colcon_core.package_identification:_identify(archives) by extension 'cmake'
[1.876s] Level 1:colcon.colcon_core.package_identification:_identify(archives) by extension 'python'
[1.892s] Level 1:colcon.colcon_core.package_identification:_identify(archives) by extensions ['python_setup_py']
[1.892s] Level 1:colcon.colcon_core.package_identification:_identify(archives) by extension 'python_setup_py'
[1.892s] Level 1:colcon.colcon_core.package_identification:_identify(archives/AEB) by extensions ['ignore', 'ignore_ament_install']
[1.893s] Level 1:colcon.colcon_core.package_identification:_identify(archives/AEB) by extension 'ignore'
[1.893s] Level 1:colcon.colcon_core.package_identification:_identify(archives/AEB) by extension 'ignore_ament_install'
[1.893s] Level 1:colcon.colcon_core.package_identification:_identify(archives/AEB) by extensions ['colcon_pkg']
[1.894s] Level 1:colcon.colcon_core.package_identification:_identify(archives/AEB) by extension 'colcon_pkg'
[1.894s] Level 1:colcon.colcon_core.package_identification:_identify(archives/AEB) by extensions ['colcon_meta']
[1.894s] Level 1:colcon.colcon_core.package_identification:_identify(archives/AEB) by extension 'colcon_meta'
[1.894s] Level 1:colcon.colcon_core.package_identification:_identify(archives/AEB) by extensions ['ros']
[1.894s] Level 1:colcon.colcon_core.package_identification:_identify(archives/AEB) by extension 'ros'
[1.895s] Level 1:colcon.colcon_core.package_identification:_identify(archives/AEB) by extensions ['cmake', 'python']
[1.895s] Level 1:colcon.colcon_core.package_identification:_identify(archives/AEB) by extension 'cmake'
[1.895s] Level 1:colcon.colcon_core.package_identification:_identify(archives/AEB) by extension 'python'
[1.896s] Level 1:colcon.colcon_core.package_identification:_identify(archives/AEB) by extensions ['python_setup_py']
[1.896s] Level 1:colcon.colcon_core.package_identification:_identify(archives/AEB) by extension 'python_setup_py'
[1.896s] Level 1:colcon.colcon_core.package_identification:_identify(archives/AEB/AEB) by extensions ['ignore', 'ignore_ament_install']
[1.896s] Level 1:colcon.colcon_core.package_identification:_identify(archives/AEB/AEB) by extension 'ignore'
[1.896s] Level 1:colcon.colcon_core.package_identification:_identify(archives/AEB/AEB) by extension 'ignore_ament_install'
[1.897s] Level 1:colcon.colcon_core.package_identification:_identify(archives/AEB/AEB) by extensions ['colcon_pkg']
[1.898s] Level 1:colcon.colcon_core.package_identification:_identify(archives/AEB/AEB) by extension 'colcon_pkg'
[1.899s] Level 1:colcon.colcon_core.package_identification:_identify(archives/AEB/AEB) by extensions ['colcon_meta']
[1.899s] Level 1:colcon.colcon_core.package_identification:_identify(archives/AEB/AEB) by extension 'colcon_meta'
[1.899s] Level 1:colcon.colcon_core.package_identification:_identify(archives/AEB/AEB) by extensions ['ros']
[1.900s] Level 1:colcon.colcon_core.package_identification:_identify(archives/AEB/AEB) by extension 'ros'
[1.902s] Level 1:colcon.colcon_core.package_identification:_identify(archives/AEB/AEB) by extensions ['cmake', 'python']
[1.902s] Level 1:colcon.colcon_core.package_identification:_identify(archives/AEB/AEB) by extension 'cmake'
[1.902s] Level 1:colcon.colcon_core.package_identification:_identify(archives/AEB/AEB) by extension 'python'
[1.902s] Level 1:colcon.colcon_core.package_identification:_identify(archives/AEB/AEB) by extensions ['python_setup_py']
[1.902s] Level 1:colcon.colcon_core.package_identification:_identify(archives/AEB/AEB) by extension 'python_setup_py'
[1.903s] Level 1:colcon.colcon_core.package_identification:_identify(archives/AEB/config) by extensions ['ignore', 'ignore_ament_install']
[1.903s] Level 1:colcon.colcon_core.package_identification:_identify(archives/AEB/config) by extension 'ignore'
[1.903s] Level 1:colcon.colcon_core.package_identification:_identify(archives/AEB/config) by extension 'ignore_ament_install'
[1.903s] Level 1:colcon.colcon_core.package_identification:_identify(archives/AEB/config) by extensions ['colcon_pkg']
[1.903s] Level 1:colcon.colcon_core.package_identification:_identify(archives/AEB/config) by extension 'colcon_pkg'
[1.904s] Level 1:colcon.colcon_core.package_identification:_identify(archives/AEB/config) by extensions ['colcon_meta']
[1.904s] Level 1:colcon.colcon_core.package_identification:_identify(archives/AEB/config) by extension 'colcon_meta'
[1.904s] Level 1:colcon.colcon_core.package_identification:_identify(archives/AEB/config) by extensions ['ros']
[1.904s] Level 1:colcon.colcon_core.package_identification:_identify(archives/AEB/config) by extension 'ros'
[1.904s] Level 1:colcon.colcon_core.package_identification:_identify(archives/AEB/config) by extensions ['cmake', 'python']
[1.904s] Level 1:colcon.colcon_core.package_identification:_identify(archives/AEB/config) by extension 'cmake'
[1.904s] Level 1:colcon.colcon_core.package_identification:_identify(archives/AEB/config) by extension 'python'
[1.904s] Level 1:colcon.colcon_core.package_identification:_identify(archives/AEB/config) by extensions ['python_setup_py']
[1.904s] Level 1:colcon.colcon_core.package_identification:_identify(archives/AEB/config) by extension 'python_setup_py'
[1.905s] Level 1:colcon.colcon_core.package_identification:_identify(archives/AEB/launch) by extensions ['ignore', 'ignore_ament_install']
[1.905s] Level 1:colcon.colcon_core.package_identification:_identify(archives/AEB/launch) by extension 'ignore'
[1.905s] Level 1:colcon.colcon_core.package_identification:_identify(archives/AEB/launch) by extension 'ignore_ament_install'
[1.905s] Level 1:colcon.colcon_core.package_identification:_identify(archives/AEB/launch) by extensions ['colcon_pkg']
[1.905s] Level 1:colcon.colcon_core.package_identification:_identify(archives/AEB/launch) by extension 'colcon_pkg'
[1.906s] Level 1:colcon.colcon_core.package_identification:_identify(archives/AEB/launch) by extensions ['colcon_meta']
[1.906s] Level 1:colcon.colcon_core.package_identification:_identify(archives/AEB/launch) by extension 'colcon_meta'
[1.906s] Level 1:colcon.colcon_core.package_identification:_identify(archives/AEB/launch) by extensions ['ros']
[1.906s] Level 1:colcon.colcon_core.package_identification:_identify(archives/AEB/launch) by extension 'ros'
[1.906s] Level 1:colcon.colcon_core.package_identification:_identify(archives/AEB/launch) by extensions ['cmake', 'python']
[1.906s] Level 1:colcon.colcon_core.package_identification:_identify(archives/AEB/launch) by extension 'cmake'
[1.906s] Level 1:colcon.colcon_core.package_identification:_identify(archives/AEB/launch) by extension 'python'
[1.907s] Level 1:colcon.colcon_core.package_identification:_identify(archives/AEB/launch) by extensions ['python_setup_py']
[1.907s] Level 1:colcon.colcon_core.package_identification:_identify(archives/AEB/launch) by extension 'python_setup_py'
[1.907s] Level 1:colcon.colcon_core.package_identification:_identify(archives/AEB/resource) by extensions ['ignore', 'ignore_ament_install']
[1.907s] Level 1:colcon.colcon_core.package_identification:_identify(archives/AEB/resource) by extension 'ignore'
[1.907s] Level 1:colcon.colcon_core.package_identification:_identify(archives/AEB/resource) by extension 'ignore_ament_install'
[1.908s] Level 1:colcon.colcon_core.package_identification:_identify(archives/AEB/resource) by extensions ['colcon_pkg']
[1.908s] Level 1:colcon.colcon_core.package_identification:_identify(archives/AEB/resource) by extension 'colcon_pkg'
[1.908s] Level 1:colcon.colcon_core.package_identification:_identify(archives/AEB/resource) by extensions ['colcon_meta']
[1.908s] Level 1:colcon.colcon_core.package_identification:_identify(archives/AEB/resource) by extension 'colcon_meta'
[1.909s] Level 1:colcon.colcon_core.package_identification:_identify(archives/AEB/resource) by extensions ['ros']
[1.909s] Level 1:colcon.colcon_core.package_identification:_identify(archives/AEB/resource) by extension 'ros'
[1.909s] Level 1:colcon.colcon_core.package_identification:_identify(archives/AEB/resource) by extensions ['cmake', 'python']
[1.909s] Level 1:colcon.colcon_core.package_identification:_identify(archives/AEB/resource) by extension 'cmake'
[1.909s] Level 1:colcon.colcon_core.package_identification:_identify(archives/AEB/resource) by extension 'python'
[1.909s] Level 1:colcon.colcon_core.package_identification:_identify(archives/AEB/resource) by extensions ['python_setup_py']
[1.909s] Level 1:colcon.colcon_core.package_identification:_identify(archives/AEB/resource) by extension 'python_setup_py'
[1.910s] Level 1:colcon.colcon_core.package_identification:_identify(archives/AEB/test) by extensions ['ignore', 'ignore_ament_install']
[1.910s] Level 1:colcon.colcon_core.package_identification:_identify(archives/AEB/test) by extension 'ignore'
[1.910s] Level 1:colcon.colcon_core.package_identification:_identify(archives/AEB/test) by extension 'ignore_ament_install'
[1.910s] Level 1:colcon.colcon_core.package_identification:_identify(archives/AEB/test) by extensions ['colcon_pkg']
[1.910s] Level 1:colcon.colcon_core.package_identification:_identify(archives/AEB/test) by extension 'colcon_pkg'
[1.910s] Level 1:colcon.colcon_core.package_identification:_identify(archives/AEB/test) by extensions ['colcon_meta']
[1.910s] Level 1:colcon.colcon_core.package_identification:_identify(archives/AEB/test) by extension 'colcon_meta'
[1.911s] Level 1:colcon.colcon_core.package_identification:_identify(archives/AEB/test) by extensions ['ros']
[1.911s] Level 1:colcon.colcon_core.package_identification:_identify(archives/AEB/test) by extension 'ros'
[1.912s] Level 1:colcon.colcon_core.package_identification:_identify(archives/AEB/test) by extensions ['cmake', 'python']
[1.913s] Level 1:colcon.colcon_core.package_identification:_identify(archives/AEB/test) by extension 'cmake'
[1.913s] Level 1:colcon.colcon_core.package_identification:_identify(archives/AEB/test) by extension 'python'
[1.913s] Level 1:colcon.colcon_core.package_identification:_identify(archives/AEB/test) by extensions ['python_setup_py']
[1.913s] Level 1:colcon.colcon_core.package_identification:_identify(archives/AEB/test) by extension 'python_setup_py'
[1.913s] Level 1:colcon.colcon_core.package_identification:_identify(archives/Mapping) by extensions ['ignore', 'ignore_ament_install']
[1.913s] Level 1:colcon.colcon_core.package_identification:_identify(archives/Mapping) by extension 'ignore'
[1.913s] Level 1:colcon.colcon_core.package_identification:_identify(archives/Mapping) by extension 'ignore_ament_install'
[1.914s] Level 1:colcon.colcon_core.package_identification:_identify(archives/Mapping) by extensions ['colcon_pkg']
[1.914s] Level 1:colcon.colcon_core.package_identification:_identify(archives/Mapping) by extension 'colcon_pkg'
[1.914s] Level 1:colcon.colcon_core.package_identification:_identify(archives/Mapping) by extensions ['colcon_meta']
[1.914s] Level 1:colcon.colcon_core.package_identification:_identify(archives/Mapping) by extension 'colcon_meta'
[1.914s] Level 1:colcon.colcon_core.package_identification:_identify(archives/Mapping) by extensions ['ros']
[1.914s] Level 1:colcon.colcon_core.package_identification:_identify(archives/Mapping) by extension 'ros'
[1.916s] Level 1:colcon.colcon_core.package_identification:_identify(archives/Mapping) by extensions ['cmake', 'python']
[1.916s] Level 1:colcon.colcon_core.package_identification:_identify(archives/Mapping) by extension 'cmake'
[1.916s] Level 1:colcon.colcon_core.package_identification:_identify(archives/Mapping) by extension 'python'
[1.917s] Level 1:colcon.colcon_core.package_identification:_identify(archives/Mapping) by extensions ['python_setup_py']
[1.917s] Level 1:colcon.colcon_core.package_identification:_identify(archives/Mapping) by extension 'python_setup_py'
[1.917s] Level 1:colcon.colcon_core.package_identification:_identify(archives/Mapping/Mapping) by extensions ['ignore', 'ignore_ament_install']
[1.917s] Level 1:colcon.colcon_core.package_identification:_identify(archives/Mapping/Mapping) by extension 'ignore'
[1.917s] Level 1:colcon.colcon_core.package_identification:_identify(archives/Mapping/Mapping) by extension 'ignore_ament_install'
[1.918s] Level 1:colcon.colcon_core.package_identification:_identify(archives/Mapping/Mapping) by extensions ['colcon_pkg']
[1.918s] Level 1:colcon.colcon_core.package_identification:_identify(archives/Mapping/Mapping) by extension 'colcon_pkg'
[1.918s] Level 1:colcon.colcon_core.package_identification:_identify(archives/Mapping/Mapping) by extensions ['colcon_meta']
[1.918s] Level 1:colcon.colcon_core.package_identification:_identify(archives/Mapping/Mapping) by extension 'colcon_meta'
[1.918s] Level 1:colcon.colcon_core.package_identification:_identify(archives/Mapping/Mapping) by extensions ['ros']
[1.918s] Level 1:colcon.colcon_core.package_identification:_identify(archives/Mapping/Mapping) by extension 'ros'
[1.918s] Level 1:colcon.colcon_core.package_identification:_identify(archives/Mapping/Mapping) by extensions ['cmake', 'python']
[1.918s] Level 1:colcon.colcon_core.package_identification:_identify(archives/Mapping/Mapping) by extension 'cmake'
[1.918s] Level 1:colcon.colcon_core.package_identification:_identify(archives/Mapping/Mapping) by extension 'python'
[1.918s] Level 1:colcon.colcon_core.package_identification:_identify(archives/Mapping/Mapping) by extensions ['python_setup_py']
[1.918s] Level 1:colcon.colcon_core.package_identification:_identify(archives/Mapping/Mapping) by extension 'python_setup_py'
[1.918s] Level 1:colcon.colcon_core.package_identification:_identify(archives/Mapping/cartographer_config) by extensions ['ignore', 'ignore_ament_install']
[1.918s] Level 1:colcon.colcon_core.package_identification:_identify(archives/Mapping/cartographer_config) by extension 'ignore'
[1.919s] Level 1:colcon.colcon_core.package_identification:_identify(archives/Mapping/cartographer_config) by extension 'ignore_ament_install'
[1.919s] Level 1:colcon.colcon_core.package_identification:_identify(archives/Mapping/cartographer_config) by extensions ['colcon_pkg']
[1.919s] Level 1:colcon.colcon_core.package_identification:_identify(archives/Mapping/cartographer_config) by extension 'colcon_pkg'
[1.920s] Level 1:colcon.colcon_core.package_identification:_identify(archives/Mapping/cartographer_config) by extensions ['colcon_meta']
[1.920s] Level 1:colcon.colcon_core.package_identification:_identify(archives/Mapping/cartographer_config) by extension 'colcon_meta'
[1.920s] Level 1:colcon.colcon_core.package_identification:_identify(archives/Mapping/cartographer_config) by extensions ['ros']
[1.920s] Level 1:colcon.colcon_core.package_identification:_identify(archives/Mapping/cartographer_config) by extension 'ros'
[1.920s] Level 1:colcon.colcon_core.package_identification:_identify(archives/Mapping/cartographer_config) by extensions ['cmake', 'python']
[1.920s] Level 1:colcon.colcon_core.package_identification:_identify(archives/Mapping/cartographer_config) by extension 'cmake'
[1.920s] Level 1:colcon.colcon_core.package_identification:_identify(archives/Mapping/cartographer_config) by extension 'python'
[1.921s] Level 1:colcon.colcon_core.package_identification:_identify(archives/Mapping/cartographer_config) by extensions ['python_setup_py']
[1.921s] Level 1:colcon.colcon_core.package_identification:_identify(archives/Mapping/cartographer_config) by extension 'python_setup_py'
[1.921s] Level 1:colcon.colcon_core.package_identification:_identify(archives/Mapping/config) by extensions ['ignore', 'ignore_ament_install']
[1.921s] Level 1:colcon.colcon_core.package_identification:_identify(archives/Mapping/config) by extension 'ignore'
[1.921s] Level 1:colcon.colcon_core.package_identification:_identify(archives/Mapping/config) by extension 'ignore_ament_install'
[1.921s] Level 1:colcon.colcon_core.package_identification:_identify(archives/Mapping/config) by extensions ['colcon_pkg']
[1.921s] Level 1:colcon.colcon_core.package_identification:_identify(archives/Mapping/config) by extension 'colcon_pkg'
[1.921s] Level 1:colcon.colcon_core.package_identification:_identify(archives/Mapping/config) by extensions ['colcon_meta']
[1.921s] Level 1:colcon.colcon_core.package_identification:_identify(archives/Mapping/config) by extension 'colcon_meta'
[1.921s] Level 1:colcon.colcon_core.package_identification:_identify(archives/Mapping/config) by extensions ['ros']
[1.921s] Level 1:colcon.colcon_core.package_identification:_identify(archives/Mapping/config) by extension 'ros'
[1.921s] Level 1:colcon.colcon_core.package_identification:_identify(archives/Mapping/config) by extensions ['cmake', 'python']
[1.921s] Level 1:colcon.colcon_core.package_identification:_identify(archives/Mapping/config) by extension 'cmake'
[1.921s] Level 1:colcon.colcon_core.package_identification:_identify(archives/Mapping/config) by extension 'python'
[1.922s] Level 1:colcon.colcon_core.package_identification:_identify(archives/Mapping/config) by extensions ['python_setup_py']
[1.922s] Level 1:colcon.colcon_core.package_identification:_identify(archives/Mapping/config) by extension 'python_setup_py'
[1.922s] Level 1:colcon.colcon_core.package_identification:_identify(archives/Mapping/launch) by extensions ['ignore', 'ignore_ament_install']
[1.922s] Level 1:colcon.colcon_core.package_identification:_identify(archives/Mapping/launch) by extension 'ignore'
[1.922s] Level 1:colcon.colcon_core.package_identification:_identify(archives/Mapping/launch) by extension 'ignore_ament_install'
[1.924s] Level 1:colcon.colcon_core.package_identification:_identify(archives/Mapping/launch) by extensions ['colcon_pkg']
[1.924s] Level 1:colcon.colcon_core.package_identification:_identify(archives/Mapping/launch) by extension 'colcon_pkg'
[1.924s] Level 1:colcon.colcon_core.package_identification:_identify(archives/Mapping/launch) by extensions ['colcon_meta']
[1.924s] Level 1:colcon.colcon_core.package_identification:_identify(archives/Mapping/launch) by extension 'colcon_meta'
[1.924s] Level 1:colcon.colcon_core.package_identification:_identify(archives/Mapping/launch) by extensions ['ros']
[1.925s] Level 1:colcon.colcon_core.package_identification:_identify(archives/Mapping/launch) by extension 'ros'
[1.925s] Level 1:colcon.colcon_core.package_identification:_identify(archives/Mapping/launch) by extensions ['cmake', 'python']
[1.925s] Level 1:colcon.colcon_core.package_identification:_identify(archives/Mapping/launch) by extension 'cmake'
[1.927s] Level 1:colcon.colcon_core.package_identification:_identify(archives/Mapping/launch) by extension 'python'
[1.929s] Level 1:colcon.colcon_core.package_identification:_identify(archives/Mapping/launch) by extensions ['python_setup_py']
[1.930s] Level 1:colcon.colcon_core.package_identification:_identify(archives/Mapping/launch) by extension 'python_setup_py'
[1.930s] Level 1:colcon.colcon_core.package_identification:_identify(archives/Mapping/resource) by extensions ['ignore', 'ignore_ament_install']
[1.930s] Level 1:colcon.colcon_core.package_identification:_identify(archives/Mapping/resource) by extension 'ignore'
[1.931s] Level 1:colcon.colcon_core.package_identification:_identify(archives/Mapping/resource) by extension 'ignore_ament_install'
[1.932s] Level 1:colcon.colcon_core.package_identification:_identify(archives/Mapping/resource) by extensions ['colcon_pkg']
[1.933s] Level 1:colcon.colcon_core.package_identification:_identify(archives/Mapping/resource) by extension 'colcon_pkg'
[1.934s] Level 1:colcon.colcon_core.package_identification:_identify(archives/Mapping/resource) by extensions ['colcon_meta']
[1.934s] Level 1:colcon.colcon_core.package_identification:_identify(archives/Mapping/resource) by extension 'colcon_meta'
[1.934s] Level 1:colcon.colcon_core.package_identification:_identify(archives/Mapping/resource) by extensions ['ros']
[1.934s] Level 1:colcon.colcon_core.package_identification:_identify(archives/Mapping/resource) by extension 'ros'
[1.936s] Level 1:colcon.colcon_core.package_identification:_identify(archives/Mapping/resource) by extensions ['cmake', 'python']
[1.936s] Level 1:colcon.colcon_core.package_identification:_identify(archives/Mapping/resource) by extension 'cmake'
[1.936s] Level 1:colcon.colcon_core.package_identification:_identify(archives/Mapping/resource) by extension 'python'
[1.936s] Level 1:colcon.colcon_core.package_identification:_identify(archives/Mapping/resource) by extensions ['python_setup_py']
[1.936s] Level 1:colcon.colcon_core.package_identification:_identify(archives/Mapping/resource) by extension 'python_setup_py'
[1.936s] Level 1:colcon.colcon_core.package_identification:_identify(archives/Mapping/test) by extensions ['ignore', 'ignore_ament_install']
[1.936s] Level 1:colcon.colcon_core.package_identification:_identify(archives/Mapping/test) by extension 'ignore'
[1.936s] Level 1:colcon.colcon_core.package_identification:_identify(archives/Mapping/test) by extension 'ignore_ament_install'
[1.936s] Level 1:colcon.colcon_core.package_identification:_identify(archives/Mapping/test) by extensions ['colcon_pkg']
[1.936s] Level 1:colcon.colcon_core.package_identification:_identify(archives/Mapping/test) by extension 'colcon_pkg'
[1.937s] Level 1:colcon.colcon_core.package_identification:_identify(archives/Mapping/test) by extensions ['colcon_meta']
[1.937s] Level 1:colcon.colcon_core.package_identification:_identify(archives/Mapping/test) by extension 'colcon_meta'
[1.937s] Level 1:colcon.colcon_core.package_identification:_identify(archives/Mapping/test) by extensions ['ros']
[1.937s] Level 1:colcon.colcon_core.package_identification:_identify(archives/Mapping/test) by extension 'ros'
[1.939s] Level 1:colcon.colcon_core.package_identification:_identify(archives/Mapping/test) by extensions ['cmake', 'python']
[1.940s] Level 1:colcon.colcon_core.package_identification:_identify(archives/Mapping/test) by extension 'cmake'
[1.940s] Level 1:colcon.colcon_core.package_identification:_identify(archives/Mapping/test) by extension 'python'
[1.941s] Level 1:colcon.colcon_core.package_identification:_identify(archives/Mapping/test) by extensions ['python_setup_py']
[1.941s] Level 1:colcon.colcon_core.package_identification:_identify(archives/Mapping/test) by extension 'python_setup_py'
[1.941s] Level 1:colcon.colcon_core.package_identification:_identify(archives/Planif) by extensions ['ignore', 'ignore_ament_install']
[1.941s] Level 1:colcon.colcon_core.package_identification:_identify(archives/Planif) by extension 'ignore'
[1.942s] Level 1:colcon.colcon_core.package_identification:_identify(archives/Planif) by extension 'ignore_ament_install'
[1.942s] Level 1:colcon.colcon_core.package_identification:_identify(archives/Planif) by extensions ['colcon_pkg']
[1.942s] Level 1:colcon.colcon_core.package_identification:_identify(archives/Planif) by extension 'colcon_pkg'
[1.942s] Level 1:colcon.colcon_core.package_identification:_identify(archives/Planif) by extensions ['colcon_meta']
[1.942s] Level 1:colcon.colcon_core.package_identification:_identify(archives/Planif) by extension 'colcon_meta'
[1.943s] Level 1:colcon.colcon_core.package_identification:_identify(archives/Planif) by extensions ['ros']
[1.943s] Level 1:colcon.colcon_core.package_identification:_identify(archives/Planif) by extension 'ros'
[1.943s] Level 1:colcon.colcon_core.package_identification:_identify(archives/Planif) by extensions ['cmake', 'python']
[1.943s] Level 1:colcon.colcon_core.package_identification:_identify(archives/Planif) by extension 'cmake'
[1.944s] Level 1:colcon.colcon_core.package_identification:_identify(archives/Planif) by extension 'python'
[1.944s] Level 1:colcon.colcon_core.package_identification:_identify(archives/Planif) by extensions ['python_setup_py']
[1.944s] Level 1:colcon.colcon_core.package_identification:_identify(archives/Planif) by extension 'python_setup_py'
[1.944s] Level 1:colcon.colcon_core.package_identification:_identify(archives/Planif/Planif) by extensions ['ignore', 'ignore_ament_install']
[1.945s] Level 1:colcon.colcon_core.package_identification:_identify(archives/Planif/Planif) by extension 'ignore'
[1.945s] Level 1:colcon.colcon_core.package_identification:_identify(archives/Planif/Planif) by extension 'ignore_ament_install'
[1.946s] Level 1:colcon.colcon_core.package_identification:_identify(archives/Planif/Planif) by extensions ['colcon_pkg']
[1.946s] Level 1:colcon.colcon_core.package_identification:_identify(archives/Planif/Planif) by extension 'colcon_pkg'
[1.948s] Level 1:colcon.colcon_core.package_identification:_identify(archives/Planif/Planif) by extensions ['colcon_meta']
[1.948s] Level 1:colcon.colcon_core.package_identification:_identify(archives/Planif/Planif) by extension 'colcon_meta'
[1.948s] Level 1:colcon.colcon_core.package_identification:_identify(archives/Planif/Planif) by extensions ['ros']
[1.948s] Level 1:colcon.colcon_core.package_identification:_identify(archives/Planif/Planif) by extension 'ros'
[1.948s] Level 1:colcon.colcon_core.package_identification:_identify(archives/Planif/Planif) by extensions ['cmake', 'python']
[1.948s] Level 1:colcon.colcon_core.package_identification:_identify(archives/Planif/Planif) by extension 'cmake'
[1.948s] Level 1:colcon.colcon_core.package_identification:_identify(archives/Planif/Planif) by extension 'python'
[1.948s] Level 1:colcon.colcon_core.package_identification:_identify(archives/Planif/Planif) by extensions ['python_setup_py']
[1.948s] Level 1:colcon.colcon_core.package_identification:_identify(archives/Planif/Planif) by extension 'python_setup_py'
[1.949s] Level 1:colcon.colcon_core.package_identification:_identify(archives/Planif/README_Notebook_explicatif) by extensions ['ignore', 'ignore_ament_install']
[1.949s] Level 1:colcon.colcon_core.package_identification:_identify(archives/Planif/README_Notebook_explicatif) by extension 'ignore'
[1.949s] Level 1:colcon.colcon_core.package_identification:_identify(archives/Planif/README_Notebook_explicatif) by extension 'ignore_ament_install'
[1.950s] Level 1:colcon.colcon_core.package_identification:_identify(archives/Planif/README_Notebook_explicatif) by extensions ['colcon_pkg']
[1.950s] Level 1:colcon.colcon_core.package_identification:_identify(archives/Planif/README_Notebook_explicatif) by extension 'colcon_pkg'
[1.950s] Level 1:colcon.colcon_core.package_identification:_identify(archives/Planif/README_Notebook_explicatif) by extensions ['colcon_meta']
[1.950s] Level 1:colcon.colcon_core.package_identification:_identify(archives/Planif/README_Notebook_explicatif) by extension 'colcon_meta'
[1.950s] Level 1:colcon.colcon_core.package_identification:_identify(archives/Planif/README_Notebook_explicatif) by extensions ['ros']
[1.951s] Level 1:colcon.colcon_core.package_identification:_identify(archives/Planif/README_Notebook_explicatif) by extension 'ros'
[1.951s] Level 1:colcon.colcon_core.package_identification:_identify(archives/Planif/README_Notebook_explicatif) by extensions ['cmake', 'python']
[1.951s] Level 1:colcon.colcon_core.package_identification:_identify(archives/Planif/README_Notebook_explicatif) by extension 'cmake'
[1.952s] Level 1:colcon.colcon_core.package_identification:_identify(archives/Planif/README_Notebook_explicatif) by extension 'python'
[1.952s] Level 1:colcon.colcon_core.package_identification:_identify(archives/Planif/README_Notebook_explicatif) by extensions ['python_setup_py']
[1.952s] Level 1:colcon.colcon_core.package_identification:_identify(archives/Planif/README_Notebook_explicatif) by extension 'python_setup_py'
[1.952s] Level 1:colcon.colcon_core.package_identification:_identify(archives/Planif/resource) by extensions ['ignore', 'ignore_ament_install']
[1.952s] Level 1:colcon.colcon_core.package_identification:_identify(archives/Planif/resource) by extension 'ignore'
[1.952s] Level 1:colcon.colcon_core.package_identification:_identify(archives/Planif/resource) by extension 'ignore_ament_install'
[1.953s] Level 1:colcon.colcon_core.package_identification:_identify(archives/Planif/resource) by extensions ['colcon_pkg']
[1.953s] Level 1:colcon.colcon_core.package_identification:_identify(archives/Planif/resource) by extension 'colcon_pkg'
[1.953s] Level 1:colcon.colcon_core.package_identification:_identify(archives/Planif/resource) by extensions ['colcon_meta']
[1.953s] Level 1:colcon.colcon_core.package_identification:_identify(archives/Planif/resource) by extension 'colcon_meta'
[1.953s] Level 1:colcon.colcon_core.package_identification:_identify(archives/Planif/resource) by extensions ['ros']
[1.953s] Level 1:colcon.colcon_core.package_identification:_identify(archives/Planif/resource) by extension 'ros'
[1.953s] Level 1:colcon.colcon_core.package_identification:_identify(archives/Planif/resource) by extensions ['cmake', 'python']
[1.953s] Level 1:colcon.colcon_core.package_identification:_identify(archives/Planif/resource) by extension 'cmake'
[1.953s] Level 1:colcon.colcon_core.package_identification:_identify(archives/Planif/resource) by extension 'python'
[1.953s] Level 1:colcon.colcon_core.package_identification:_identify(archives/Planif/resource) by extensions ['python_setup_py']
[1.953s] Level 1:colcon.colcon_core.package_identification:_identify(archives/Planif/resource) by extension 'python_setup_py'
[1.953s] Level 1:colcon.colcon_core.package_identification:_identify(archives/Planif/test) by extensions ['ignore', 'ignore_ament_install']
[1.953s] Level 1:colcon.colcon_core.package_identification:_identify(archives/Planif/test) by extension 'ignore'
[1.953s] Level 1:colcon.colcon_core.package_identification:_identify(archives/Planif/test) by extension 'ignore_ament_install'
[1.953s] Level 1:colcon.colcon_core.package_identification:_identify(archives/Planif/test) by extensions ['colcon_pkg']
[1.954s] Level 1:colcon.colcon_core.package_identification:_identify(archives/Planif/test) by extension 'colcon_pkg'
[1.954s] Level 1:colcon.colcon_core.package_identification:_identify(archives/Planif/test) by extensions ['colcon_meta']
[1.954s] Level 1:colcon.colcon_core.package_identification:_identify(archives/Planif/test) by extension 'colcon_meta'
[1.954s] Level 1:colcon.colcon_core.package_identification:_identify(archives/Planif/test) by extensions ['ros']
[1.954s] Level 1:colcon.colcon_core.package_identification:_identify(archives/Planif/test) by extension 'ros'
[1.956s] Level 1:colcon.colcon_core.package_identification:_identify(archives/Planif/test) by extensions ['cmake', 'python']
[1.956s] Level 1:colcon.colcon_core.package_identification:_identify(archives/Planif/test) by extension 'cmake'
[1.956s] Level 1:colcon.colcon_core.package_identification:_identify(archives/Planif/test) by extension 'python'
[1.956s] Level 1:colcon.colcon_core.package_identification:_identify(archives/Planif/test) by extensions ['python_setup_py']
[1.956s] Level 1:colcon.colcon_core.package_identification:_identify(archives/Planif/test) by extension 'python_setup_py'
[1.957s] Level 1:colcon.colcon_core.package_identification:_identify(archives/Waypoints) by extensions ['ignore', 'ignore_ament_install']
[1.957s] Level 1:colcon.colcon_core.package_identification:_identify(archives/Waypoints) by extension 'ignore'
[1.957s] Level 1:colcon.colcon_core.package_identification:_identify(archives/Waypoints) by extension 'ignore_ament_install'
[1.957s] Level 1:colcon.colcon_core.package_identification:_identify(archives/Waypoints) by extensions ['colcon_pkg']
[1.957s] Level 1:colcon.colcon_core.package_identification:_identify(archives/Waypoints) by extension 'colcon_pkg'
[1.957s] Level 1:colcon.colcon_core.package_identification:_identify(archives/Waypoints) by extensions ['colcon_meta']
[1.957s] Level 1:colcon.colcon_core.package_identification:_identify(archives/Waypoints) by extension 'colcon_meta'
[1.957s] Level 1:colcon.colcon_core.package_identification:_identify(archives/Waypoints) by extensions ['ros']
[1.957s] Level 1:colcon.colcon_core.package_identification:_identify(archives/Waypoints) by extension 'ros'
[1.957s] Level 1:colcon.colcon_core.package_identification:_identify(archives/Waypoints) by extensions ['cmake', 'python']
[1.957s] Level 1:colcon.colcon_core.package_identification:_identify(archives/Waypoints) by extension 'cmake'
[1.957s] Level 1:colcon.colcon_core.package_identification:_identify(archives/Waypoints) by extension 'python'
[1.957s] Level 1:colcon.colcon_core.package_identification:_identify(archives/Waypoints) by extensions ['python_setup_py']
[1.957s] Level 1:colcon.colcon_core.package_identification:_identify(archives/Waypoints) by extension 'python_setup_py'
[1.957s] Level 1:colcon.colcon_core.package_identification:_identify(archives/Waypoints/Waypoints) by extensions ['ignore', 'ignore_ament_install']
[1.958s] Level 1:colcon.colcon_core.package_identification:_identify(archives/Waypoints/Waypoints) by extension 'ignore'
[1.958s] Level 1:colcon.colcon_core.package_identification:_identify(archives/Waypoints/Waypoints) by extension 'ignore_ament_install'
[1.958s] Level 1:colcon.colcon_core.package_identification:_identify(archives/Waypoints/Waypoints) by extensions ['colcon_pkg']
[1.958s] Level 1:colcon.colcon_core.package_identification:_identify(archives/Waypoints/Waypoints) by extension 'colcon_pkg'
[1.958s] Level 1:colcon.colcon_core.package_identification:_identify(archives/Waypoints/Waypoints) by extensions ['colcon_meta']
[1.958s] Level 1:colcon.colcon_core.package_identification:_identify(archives/Waypoints/Waypoints) by extension 'colcon_meta'
[1.958s] Level 1:colcon.colcon_core.package_identification:_identify(archives/Waypoints/Waypoints) by extensions ['ros']
[1.958s] Level 1:colcon.colcon_core.package_identification:_identify(archives/Waypoints/Waypoints) by extension 'ros'
[1.960s] Level 1:colcon.colcon_core.package_identification:_identify(archives/Waypoints/Waypoints) by extensions ['cmake', 'python']
[1.961s] Level 1:colcon.colcon_core.package_identification:_identify(archives/Waypoints/Waypoints) by extension 'cmake'
[1.963s] Level 1:colcon.colcon_core.package_identification:_identify(archives/Waypoints/Waypoints) by extension 'python'
[1.964s] Level 1:colcon.colcon_core.package_identification:_identify(archives/Waypoints/Waypoints) by extensions ['python_setup_py']
[1.964s] Level 1:colcon.colcon_core.package_identification:_identify(archives/Waypoints/Waypoints) by extension 'python_setup_py'
[1.965s] Level 1:colcon.colcon_core.package_identification:_identify(archives/Waypoints/resource) by extensions ['ignore', 'ignore_ament_install']
[1.965s] Level 1:colcon.colcon_core.package_identification:_identify(archives/Waypoints/resource) by extension 'ignore'
[1.965s] Level 1:colcon.colcon_core.package_identification:_identify(archives/Waypoints/resource) by extension 'ignore_ament_install'
[1.965s] Level 1:colcon.colcon_core.package_identification:_identify(archives/Waypoints/resource) by extensions ['colcon_pkg']
[1.965s] Level 1:colcon.colcon_core.package_identification:_identify(archives/Waypoints/resource) by extension 'colcon_pkg'
[1.965s] Level 1:colcon.colcon_core.package_identification:_identify(archives/Waypoints/resource) by extensions ['colcon_meta']
[1.965s] Level 1:colcon.colcon_core.package_identification:_identify(archives/Waypoints/resource) by extension 'colcon_meta'
[1.965s] Level 1:colcon.colcon_core.package_identification:_identify(archives/Waypoints/resource) by extensions ['ros']
[1.965s] Level 1:colcon.colcon_core.package_identification:_identify(archives/Waypoints/resource) by extension 'ros'
[1.965s] Level 1:colcon.colcon_core.package_identification:_identify(archives/Waypoints/resource) by extensions ['cmake', 'python']
[1.966s] Level 1:colcon.colcon_core.package_identification:_identify(archives/Waypoints/resource) by extension 'cmake'
[1.966s] Level 1:colcon.colcon_core.package_identification:_identify(archives/Waypoints/resource) by extension 'python'
[1.966s] Level 1:colcon.colcon_core.package_identification:_identify(archives/Waypoints/resource) by extensions ['python_setup_py']
[1.966s] Level 1:colcon.colcon_core.package_identification:_identify(archives/Waypoints/resource) by extension 'python_setup_py'
[1.967s] Level 1:colcon.colcon_core.package_identification:_identify(archives/Waypoints/test) by extensions ['ignore', 'ignore_ament_install']
[1.967s] Level 1:colcon.colcon_core.package_identification:_identify(archives/Waypoints/test) by extension 'ignore'
[1.967s] Level 1:colcon.colcon_core.package_identification:_identify(archives/Waypoints/test) by extension 'ignore_ament_install'
[1.967s] Level 1:colcon.colcon_core.package_identification:_identify(archives/Waypoints/test) by extensions ['colcon_pkg']
[1.967s] Level 1:colcon.colcon_core.package_identification:_identify(archives/Waypoints/test) by extension 'colcon_pkg'
[1.968s] Level 1:colcon.colcon_core.package_identification:_identify(archives/Waypoints/test) by extensions ['colcon_meta']
[1.968s] Level 1:colcon.colcon_core.package_identification:_identify(archives/Waypoints/test) by extension 'colcon_meta'
[1.968s] Level 1:colcon.colcon_core.package_identification:_identify(archives/Waypoints/test) by extensions ['ros']
[1.968s] Level 1:colcon.colcon_core.package_identification:_identify(archives/Waypoints/test) by extension 'ros'
[1.968s] Level 1:colcon.colcon_core.package_identification:_identify(archives/Waypoints/test) by extensions ['cmake', 'python']
[1.968s] Level 1:colcon.colcon_core.package_identification:_identify(archives/Waypoints/test) by extension 'cmake'
[1.968s] Level 1:colcon.colcon_core.package_identification:_identify(archives/Waypoints/test) by extension 'python'
[1.968s] Level 1:colcon.colcon_core.package_identification:_identify(archives/Waypoints/test) by extensions ['python_setup_py']
[1.968s] Level 1:colcon.colcon_core.package_identification:_identify(archives/Waypoints/test) by extension 'python_setup_py'
[1.968s] Level 1:colcon.colcon_core.package_identification:_identify(archives/custom_msgs) by extensions ['ignore', 'ignore_ament_install']
[1.969s] Level 1:colcon.colcon_core.package_identification:_identify(archives/custom_msgs) by extension 'ignore'
[1.969s] Level 1:colcon.colcon_core.package_identification:_identify(archives/custom_msgs) by extension 'ignore_ament_install'
[1.969s] Level 1:colcon.colcon_core.package_identification:_identify(archives/custom_msgs) by extensions ['colcon_pkg']
[1.969s] Level 1:colcon.colcon_core.package_identification:_identify(archives/custom_msgs) by extension 'colcon_pkg'
[1.969s] Level 1:colcon.colcon_core.package_identification:_identify(archives/custom_msgs) by extensions ['colcon_meta']
[1.969s] Level 1:colcon.colcon_core.package_identification:_identify(archives/custom_msgs) by extension 'colcon_meta'
[1.969s] Level 1:colcon.colcon_core.package_identification:_identify(archives/custom_msgs) by extensions ['ros']
[1.969s] Level 1:colcon.colcon_core.package_identification:_identify(archives/custom_msgs) by extension 'ros'
[1.969s] Level 1:colcon.colcon_core.package_identification:_identify(archives/custom_msgs) by extensions ['cmake', 'python']
[1.969s] Level 1:colcon.colcon_core.package_identification:_identify(archives/custom_msgs) by extension 'cmake'
[1.969s] Level 1:colcon.colcon_core.package_identification:_identify(archives/custom_msgs) by extension 'python'
[1.969s] Level 1:colcon.colcon_core.package_identification:_identify(archives/custom_msgs) by extensions ['python_setup_py']
[1.969s] Level 1:colcon.colcon_core.package_identification:_identify(archives/custom_msgs) by extension 'python_setup_py'
[1.969s] Level 1:colcon.colcon_core.package_identification:_identify(archives/custom_msgs/msg) by extensions ['ignore', 'ignore_ament_install']
[1.969s] Level 1:colcon.colcon_core.package_identification:_identify(archives/custom_msgs/msg) by extension 'ignore'
[1.970s] Level 1:colcon.colcon_core.package_identification:_identify(archives/custom_msgs/msg) by extension 'ignore_ament_install'
[1.970s] Level 1:colcon.colcon_core.package_identification:_identify(archives/custom_msgs/msg) by extensions ['colcon_pkg']
[1.970s] Level 1:colcon.colcon_core.package_identification:_identify(archives/custom_msgs/msg) by extension 'colcon_pkg'
[1.970s] Level 1:colcon.colcon_core.package_identification:_identify(archives/custom_msgs/msg) by extensions ['colcon_meta']
[1.970s] Level 1:colcon.colcon_core.package_identification:_identify(archives/custom_msgs/msg) by extension 'colcon_meta'
[1.970s] Level 1:colcon.colcon_core.package_identification:_identify(archives/custom_msgs/msg) by extensions ['ros']
[1.970s] Level 1:colcon.colcon_core.package_identification:_identify(archives/custom_msgs/msg) by extension 'ros'
[1.971s] Level 1:colcon.colcon_core.package_identification:_identify(archives/custom_msgs/msg) by extensions ['cmake', 'python']
[1.971s] Level 1:colcon.colcon_core.package_identification:_identify(archives/custom_msgs/msg) by extension 'cmake'
[1.971s] Level 1:colcon.colcon_core.package_identification:_identify(archives/custom_msgs/msg) by extension 'python'
[1.971s] Level 1:colcon.colcon_core.package_identification:_identify(archives/custom_msgs/msg) by extensions ['python_setup_py']
[1.971s] Level 1:colcon.colcon_core.package_identification:_identify(archives/custom_msgs/msg) by extension 'python_setup_py'
[1.971s] Level 1:colcon.colcon_core.package_identification:_identify(archives/f1tenth_system) by extensions ['ignore', 'ignore_ament_install']
[1.971s] Level 1:colcon.colcon_core.package_identification:_identify(archives/f1tenth_system) by extension 'ignore'
[1.972s] Level 1:colcon.colcon_core.package_identification:_identify(archives/f1tenth_system) by extension 'ignore_ament_install'
[1.973s] Level 1:colcon.colcon_core.package_identification:_identify(archives/f1tenth_system) by extensions ['colcon_pkg']
[1.973s] Level 1:colcon.colcon_core.package_identification:_identify(archives/f1tenth_system) by extension 'colcon_pkg'
[1.973s] Level 1:colcon.colcon_core.package_identification:_identify(archives/f1tenth_system) by extensions ['colcon_meta']
[1.973s] Level 1:colcon.colcon_core.package_identification:_identify(archives/f1tenth_system) by extension 'colcon_meta'
[1.973s] Level 1:colcon.colcon_core.package_identification:_identify(archives/f1tenth_system) by extensions ['ros']
[1.973s] Level 1:colcon.colcon_core.package_identification:_identify(archives/f1tenth_system) by extension 'ros'
[1.975s] Level 1:colcon.colcon_core.package_identification:_identify(archives/f1tenth_system) by extensions ['cmake', 'python']
[1.975s] Level 1:colcon.colcon_core.package_identification:_identify(archives/f1tenth_system) by extension 'cmake'
[1.975s] Level 1:colcon.colcon_core.package_identification:_identify(archives/f1tenth_system) by extension 'python'
[1.975s] Level 1:colcon.colcon_core.package_identification:_identify(archives/f1tenth_system) by extensions ['python_setup_py']
[1.976s] Level 1:colcon.colcon_core.package_identification:_identify(archives/f1tenth_system) by extension 'python_setup_py'
[1.976s] Level 1:colcon.colcon_core.package_identification:_identify(archives/f1tenth_system/ackermann_mux) by extensions ['ignore', 'ignore_ament_install']
[1.976s] Level 1:colcon.colcon_core.package_identification:_identify(archives/f1tenth_system/ackermann_mux) by extension 'ignore'
[1.977s] Level 1:colcon.colcon_core.package_identification:_identify(archives/f1tenth_system/ackermann_mux) by extension 'ignore_ament_install'
[1.977s] Level 1:colcon.colcon_core.package_identification:_identify(archives/f1tenth_system/ackermann_mux) by extensions ['colcon_pkg']
[1.977s] Level 1:colcon.colcon_core.package_identification:_identify(archives/f1tenth_system/ackermann_mux) by extension 'colcon_pkg'
[1.977s] Level 1:colcon.colcon_core.package_identification:_identify(archives/f1tenth_system/ackermann_mux) by extensions ['colcon_meta']
[1.977s] Level 1:colcon.colcon_core.package_identification:_identify(archives/f1tenth_system/ackermann_mux) by extension 'colcon_meta'
[1.977s] Level 1:colcon.colcon_core.package_identification:_identify(archives/f1tenth_system/ackermann_mux) by extensions ['ros']
[1.977s] Level 1:colcon.colcon_core.package_identification:_identify(archives/f1tenth_system/ackermann_mux) by extension 'ros'
[1.978s] Level 1:colcon.colcon_core.package_identification:_identify(archives/f1tenth_system/ackermann_mux) by extensions ['cmake', 'python']
[1.978s] Level 1:colcon.colcon_core.package_identification:_identify(archives/f1tenth_system/ackermann_mux) by extension 'cmake'
[1.978s] Level 1:colcon.colcon_core.package_identification:_identify(archives/f1tenth_system/ackermann_mux) by extension 'python'
[1.978s] Level 1:colcon.colcon_core.package_identification:_identify(archives/f1tenth_system/ackermann_mux) by extensions ['python_setup_py']
[1.978s] Level 1:colcon.colcon_core.package_identification:_identify(archives/f1tenth_system/ackermann_mux) by extension 'python_setup_py'
[1.978s] Level 1:colcon.colcon_core.package_identification:_identify(archives/f1tenth_system/ackermann_mux/config) by extensions ['ignore', 'ignore_ament_install']
[1.978s] Level 1:colcon.colcon_core.package_identification:_identify(archives/f1tenth_system/ackermann_mux/config) by extension 'ignore'
[1.980s] Level 1:colcon.colcon_core.package_identification:_identify(archives/f1tenth_system/ackermann_mux/config) by extension 'ignore_ament_install'
[1.980s] Level 1:colcon.colcon_core.package_identification:_identify(archives/f1tenth_system/ackermann_mux/config) by extensions ['colcon_pkg']
[1.980s] Level 1:colcon.colcon_core.package_identification:_identify(archives/f1tenth_system/ackermann_mux/config) by extension 'colcon_pkg'
[1.982s] Level 1:colcon.colcon_core.package_identification:_identify(archives/f1tenth_system/ackermann_mux/config) by extensions ['colcon_meta']
[1.982s] Level 1:colcon.colcon_core.package_identification:_identify(archives/f1tenth_system/ackermann_mux/config) by extension 'colcon_meta'
[1.982s] Level 1:colcon.colcon_core.package_identification:_identify(archives/f1tenth_system/ackermann_mux/config) by extensions ['ros']
[1.982s] Level 1:colcon.colcon_core.package_identification:_identify(archives/f1tenth_system/ackermann_mux/config) by extension 'ros'
[1.982s] Level 1:colcon.colcon_core.package_identification:_identify(archives/f1tenth_system/ackermann_mux/config) by extensions ['cmake', 'python']
[1.982s] Level 1:colcon.colcon_core.package_identification:_identify(archives/f1tenth_system/ackermann_mux/config) by extension 'cmake'
[1.983s] Level 1:colcon.colcon_core.package_identification:_identify(archives/f1tenth_system/ackermann_mux/config) by extension 'python'
[1.983s] Level 1:colcon.colcon_core.package_identification:_identify(archives/f1tenth_system/ackermann_mux/config) by extensions ['python_setup_py']
[1.983s] Level 1:colcon.colcon_core.package_identification:_identify(archives/f1tenth_system/ackermann_mux/config) by extension 'python_setup_py'
[1.983s] Level 1:colcon.colcon_core.package_identification:_identify(archives/f1tenth_system/ackermann_mux/include) by extensions ['ignore', 'ignore_ament_install']
[1.983s] Level 1:colcon.colcon_core.package_identification:_identify(archives/f1tenth_system/ackermann_mux/include) by extension 'ignore'
[1.983s] Level 1:colcon.colcon_core.package_identification:_identify(archives/f1tenth_system/ackermann_mux/include) by extension 'ignore_ament_install'
[1.983s] Level 1:colcon.colcon_core.package_identification:_identify(archives/f1tenth_system/ackermann_mux/include) by extensions ['colcon_pkg']
[1.983s] Level 1:colcon.colcon_core.package_identification:_identify(archives/f1tenth_system/ackermann_mux/include) by extension 'colcon_pkg'
[1.983s] Level 1:colcon.colcon_core.package_identification:_identify(archives/f1tenth_system/ackermann_mux/include) by extensions ['colcon_meta']
[1.983s] Level 1:colcon.colcon_core.package_identification:_identify(archives/f1tenth_system/ackermann_mux/include) by extension 'colcon_meta'
[1.983s] Level 1:colcon.colcon_core.package_identification:_identify(archives/f1tenth_system/ackermann_mux/include) by extensions ['ros']
[1.983s] Level 1:colcon.colcon_core.package_identification:_identify(archives/f1tenth_system/ackermann_mux/include) by extension 'ros'
[1.984s] Level 1:colcon.colcon_core.package_identification:_identify(archives/f1tenth_system/ackermann_mux/include) by extensions ['cmake', 'python']
[1.985s] Level 1:colcon.colcon_core.package_identification:_identify(archives/f1tenth_system/ackermann_mux/include) by extension 'cmake'
[1.985s] Level 1:colcon.colcon_core.package_identification:_identify(archives/f1tenth_system/ackermann_mux/include) by extension 'python'
[1.986s] Level 1:colcon.colcon_core.package_identification:_identify(archives/f1tenth_system/ackermann_mux/include) by extensions ['python_setup_py']
[1.986s] Level 1:colcon.colcon_core.package_identification:_identify(archives/f1tenth_system/ackermann_mux/include) by extension 'python_setup_py'
[1.986s] Level 1:colcon.colcon_core.package_identification:_identify(archives/f1tenth_system/ackermann_mux/include/ackermann_mux) by extensions ['ignore', 'ignore_ament_install']
[1.986s] Level 1:colcon.colcon_core.package_identification:_identify(archives/f1tenth_system/ackermann_mux/include/ackermann_mux) by extension 'ignore'
[1.986s] Level 1:colcon.colcon_core.package_identification:_identify(archives/f1tenth_system/ackermann_mux/include/ackermann_mux) by extension 'ignore_ament_install'
[1.986s] Level 1:colcon.colcon_core.package_identification:_identify(archives/f1tenth_system/ackermann_mux/include/ackermann_mux) by extensions ['colcon_pkg']
[1.986s] Level 1:colcon.colcon_core.package_identification:_identify(archives/f1tenth_system/ackermann_mux/include/ackermann_mux) by extension 'colcon_pkg'
[1.987s] Level 1:colcon.colcon_core.package_identification:_identify(archives/f1tenth_system/ackermann_mux/include/ackermann_mux) by extensions ['colcon_meta']
[1.987s] Level 1:colcon.colcon_core.package_identification:_identify(archives/f1tenth_system/ackermann_mux/include/ackermann_mux) by extension 'colcon_meta'
[1.987s] Level 1:colcon.colcon_core.package_identification:_identify(archives/f1tenth_system/ackermann_mux/include/ackermann_mux) by extensions ['ros']
[1.987s] Level 1:colcon.colcon_core.package_identification:_identify(archives/f1tenth_system/ackermann_mux/include/ackermann_mux) by extension 'ros'
[1.987s] Level 1:colcon.colcon_core.package_identification:_identify(archives/f1tenth_system/ackermann_mux/include/ackermann_mux) by extensions ['cmake', 'python']
[1.987s] Level 1:colcon.colcon_core.package_identification:_identify(archives/f1tenth_system/ackermann_mux/include/ackermann_mux) by extension 'cmake'
[1.987s] Level 1:colcon.colcon_core.package_identification:_identify(archives/f1tenth_system/ackermann_mux/include/ackermann_mux) by extension 'python'
[1.987s] Level 1:colcon.colcon_core.package_identification:_identify(archives/f1tenth_system/ackermann_mux/include/ackermann_mux) by extensions ['python_setup_py']
[1.987s] Level 1:colcon.colcon_core.package_identification:_identify(archives/f1tenth_system/ackermann_mux/include/ackermann_mux) by extension 'python_setup_py'
[1.988s] Level 1:colcon.colcon_core.package_identification:_identify(archives/f1tenth_system/ackermann_mux/launch) by extensions ['ignore', 'ignore_ament_install']
[1.988s] Level 1:colcon.colcon_core.package_identification:_identify(archives/f1tenth_system/ackermann_mux/launch) by extension 'ignore'
[1.988s] Level 1:colcon.colcon_core.package_identification:_identify(archives/f1tenth_system/ackermann_mux/launch) by extension 'ignore_ament_install'
[1.988s] Level 1:colcon.colcon_core.package_identification:_identify(archives/f1tenth_system/ackermann_mux/launch) by extensions ['colcon_pkg']
[1.988s] Level 1:colcon.colcon_core.package_identification:_identify(archives/f1tenth_system/ackermann_mux/launch) by extension 'colcon_pkg'
[1.988s] Level 1:colcon.colcon_core.package_identification:_identify(archives/f1tenth_system/ackermann_mux/launch) by extensions ['colcon_meta']
[1.988s] Level 1:colcon.colcon_core.package_identification:_identify(archives/f1tenth_system/ackermann_mux/launch) by extension 'colcon_meta'
[1.988s] Level 1:colcon.colcon_core.package_identification:_identify(archives/f1tenth_system/ackermann_mux/launch) by extensions ['ros']
[1.988s] Level 1:colcon.colcon_core.package_identification:_identify(archives/f1tenth_system/ackermann_mux/launch) by extension 'ros'
[1.988s] Level 1:colcon.colcon_core.package_identification:_identify(archives/f1tenth_system/ackermann_mux/launch) by extensions ['cmake', 'python']
[1.989s] Level 1:colcon.colcon_core.package_identification:_identify(archives/f1tenth_system/ackermann_mux/launch) by extension 'cmake'
[1.989s] Level 1:colcon.colcon_core.package_identification:_identify(archives/f1tenth_system/ackermann_mux/launch) by extension 'python'
[1.989s] Level 1:colcon.colcon_core.package_identification:_identify(archives/f1tenth_system/ackermann_mux/launch) by extensions ['python_setup_py']
[1.989s] Level 1:colcon.colcon_core.package_identification:_identify(archives/f1tenth_system/ackermann_mux/launch) by extension 'python_setup_py'
[1.989s] Level 1:colcon.colcon_core.package_identification:_identify(archives/f1tenth_system/ackermann_mux/scripts) by extensions ['ignore', 'ignore_ament_install']
[1.990s] Level 1:colcon.colcon_core.package_identification:_identify(archives/f1tenth_system/ackermann_mux/scripts) by extension 'ignore'
[1.990s] Level 1:colcon.colcon_core.package_identification:_identify(archives/f1tenth_system/ackermann_mux/scripts) by extension 'ignore_ament_install'
[1.990s] Level 1:colcon.colcon_core.package_identification:_identify(archives/f1tenth_system/ackermann_mux/scripts) by extensions ['colcon_pkg']
[1.990s] Level 1:colcon.colcon_core.package_identification:_identify(archives/f1tenth_system/ackermann_mux/scripts) by extension 'colcon_pkg'
[1.990s] Level 1:colcon.colcon_core.package_identification:_identify(archives/f1tenth_system/ackermann_mux/scripts) by extensions ['colcon_meta']
[1.990s] Level 1:colcon.colcon_core.package_identification:_identify(archives/f1tenth_system/ackermann_mux/scripts) by extension 'colcon_meta'
[1.990s] Level 1:colcon.colcon_core.package_identification:_identify(archives/f1tenth_system/ackermann_mux/scripts) by extensions ['ros']
[1.990s] Level 1:colcon.colcon_core.package_identification:_identify(archives/f1tenth_system/ackermann_mux/scripts) by extension 'ros'
[1.991s] Level 1:colcon.colcon_core.package_identification:_identify(archives/f1tenth_system/ackermann_mux/scripts) by extensions ['cmake', 'python']
[1.991s] Level 1:colcon.colcon_core.package_identification:_identify(archives/f1tenth_system/ackermann_mux/scripts) by extension 'cmake'
[1.991s] Level 1:colcon.colcon_core.package_identification:_identify(archives/f1tenth_system/ackermann_mux/scripts) by extension 'python'
[1.991s] Level 1:colcon.colcon_core.package_identification:_identify(archives/f1tenth_system/ackermann_mux/scripts) by extensions ['python_setup_py']
[1.991s] Level 1:colcon.colcon_core.package_identification:_identify(archives/f1tenth_system/ackermann_mux/scripts) by extension 'python_setup_py'
[1.991s] Level 1:colcon.colcon_core.package_identification:_identify(archives/f1tenth_system/ackermann_mux/src) by extensions ['ignore', 'ignore_ament_install']
[1.991s] Level 1:colcon.colcon_core.package_identification:_identify(archives/f1tenth_system/ackermann_mux/src) by extension 'ignore'
[1.992s] Level 1:colcon.colcon_core.package_identification:_identify(archives/f1tenth_system/ackermann_mux/src) by extension 'ignore_ament_install'
[1.992s] Level 1:colcon.colcon_core.package_identification:_identify(archives/f1tenth_system/ackermann_mux/src) by extensions ['colcon_pkg']
[1.992s] Level 1:colcon.colcon_core.package_identification:_identify(archives/f1tenth_system/ackermann_mux/src) by extension 'colcon_pkg'
[1.992s] Level 1:colcon.colcon_core.package_identification:_identify(archives/f1tenth_system/ackermann_mux/src) by extensions ['colcon_meta']
[1.992s] Level 1:colcon.colcon_core.package_identification:_identify(archives/f1tenth_system/ackermann_mux/src) by extension 'colcon_meta'
[1.992s] Level 1:colcon.colcon_core.package_identification:_identify(archives/f1tenth_system/ackermann_mux/src) by extensions ['ros']
[1.992s] Level 1:colcon.colcon_core.package_identification:_identify(archives/f1tenth_system/ackermann_mux/src) by extension 'ros'
[1.992s] Level 1:colcon.colcon_core.package_identification:_identify(archives/f1tenth_system/ackermann_mux/src) by extensions ['cmake', 'python']
[1.992s] Level 1:colcon.colcon_core.package_identification:_identify(archives/f1tenth_system/ackermann_mux/src) by extension 'cmake'
[1.993s] Level 1:colcon.colcon_core.package_identification:_identify(archives/f1tenth_system/ackermann_mux/src) by extension 'python'
[1.993s] Level 1:colcon.colcon_core.package_identification:_identify(archives/f1tenth_system/ackermann_mux/src) by extensions ['python_setup_py']
[1.993s] Level 1:colcon.colcon_core.package_identification:_identify(archives/f1tenth_system/ackermann_mux/src) by extension 'python_setup_py'
[1.993s] Level 1:colcon.colcon_core.package_identification:_identify(archives/f1tenth_system/ackermann_mux/test) by extensions ['ignore', 'ignore_ament_install']
[1.993s] Level 1:colcon.colcon_core.package_identification:_identify(archives/f1tenth_system/ackermann_mux/test) by extension 'ignore'
[1.993s] Level 1:colcon.colcon_core.package_identification:_identify(archives/f1tenth_system/ackermann_mux/test) by extension 'ignore_ament_install'
[1.993s] Level 1:colcon.colcon_core.package_identification:_identify(archives/f1tenth_system/ackermann_mux/test) by extensions ['colcon_pkg']
[1.993s] Level 1:colcon.colcon_core.package_identification:_identify(archives/f1tenth_system/ackermann_mux/test) by extension 'colcon_pkg'
[1.993s] Level 1:colcon.colcon_core.package_identification:_identify(archives/f1tenth_system/ackermann_mux/test) by extensions ['colcon_meta']
[1.993s] Level 1:colcon.colcon_core.package_identification:_identify(archives/f1tenth_system/ackermann_mux/test) by extension 'colcon_meta'
[1.993s] Level 1:colcon.colcon_core.package_identification:_identify(archives/f1tenth_system/ackermann_mux/test) by extensions ['ros']
[1.993s] Level 1:colcon.colcon_core.package_identification:_identify(archives/f1tenth_system/ackermann_mux/test) by extension 'ros'
[1.994s] Level 1:colcon.colcon_core.package_identification:_identify(archives/f1tenth_system/ackermann_mux/test) by extensions ['cmake', 'python']
[1.994s] Level 1:colcon.colcon_core.package_identification:_identify(archives/f1tenth_system/ackermann_mux/test) by extension 'cmake'
[1.994s] Level 1:colcon.colcon_core.package_identification:_identify(archives/f1tenth_system/ackermann_mux/test) by extension 'python'
[1.994s] Level 1:colcon.colcon_core.package_identification:_identify(archives/f1tenth_system/ackermann_mux/test) by extensions ['python_setup_py']
[1.994s] Level 1:colcon.colcon_core.package_identification:_identify(archives/f1tenth_system/ackermann_mux/test) by extension 'python_setup_py'
[1.994s] Level 1:colcon.colcon_core.package_identification:_identify(archives/f1tenth_system/f1tenth_stack) by extensions ['ignore', 'ignore_ament_install']
[1.994s] Level 1:colcon.colcon_core.package_identification:_identify(archives/f1tenth_system/f1tenth_stack) by extension 'ignore'
[1.994s] Level 1:colcon.colcon_core.package_identification:_identify(archives/f1tenth_system/f1tenth_stack) by extension 'ignore_ament_install'
[1.995s] Level 1:colcon.colcon_core.package_identification:_identify(archives/f1tenth_system/f1tenth_stack) by extensions ['colcon_pkg']
[1.995s] Level 1:colcon.colcon_core.package_identification:_identify(archives/f1tenth_system/f1tenth_stack) by extension 'colcon_pkg'
[1.995s] Level 1:colcon.colcon_core.package_identification:_identify(archives/f1tenth_system/f1tenth_stack) by extensions ['colcon_meta']
[1.995s] Level 1:colcon.colcon_core.package_identification:_identify(archives/f1tenth_system/f1tenth_stack) by extension 'colcon_meta'
[1.995s] Level 1:colcon.colcon_core.package_identification:_identify(archives/f1tenth_system/f1tenth_stack) by extensions ['ros']
[1.995s] Level 1:colcon.colcon_core.package_identification:_identify(archives/f1tenth_system/f1tenth_stack) by extension 'ros'
[1.995s] Level 1:colcon.colcon_core.package_identification:_identify(archives/f1tenth_system/f1tenth_stack) by extensions ['cmake', 'python']
[1.995s] Level 1:colcon.colcon_core.package_identification:_identify(archives/f1tenth_system/f1tenth_stack) by extension 'cmake'
[1.995s] Level 1:colcon.colcon_core.package_identification:_identify(archives/f1tenth_system/f1tenth_stack) by extension 'python'
[1.996s] Level 1:colcon.colcon_core.package_identification:_identify(archives/f1tenth_system/f1tenth_stack) by extensions ['python_setup_py']
[1.996s] Level 1:colcon.colcon_core.package_identification:_identify(archives/f1tenth_system/f1tenth_stack) by extension 'python_setup_py'
[1.996s] Level 1:colcon.colcon_core.package_identification:_identify(archives/f1tenth_system/f1tenth_stack/config) by extensions ['ignore', 'ignore_ament_install']
[1.996s] Level 1:colcon.colcon_core.package_identification:_identify(archives/f1tenth_system/f1tenth_stack/config) by extension 'ignore'
[1.996s] Level 1:colcon.colcon_core.package_identification:_identify(archives/f1tenth_system/f1tenth_stack/config) by extension 'ignore_ament_install'
[1.997s] Level 1:colcon.colcon_core.package_identification:_identify(archives/f1tenth_system/f1tenth_stack/config) by extensions ['colcon_pkg']
[1.998s] Level 1:colcon.colcon_core.package_identification:_identify(archives/f1tenth_system/f1tenth_stack/config) by extension 'colcon_pkg'
[1.998s] Level 1:colcon.colcon_core.package_identification:_identify(archives/f1tenth_system/f1tenth_stack/config) by extensions ['colcon_meta']
[1.998s] Level 1:colcon.colcon_core.package_identification:_identify(archives/f1tenth_system/f1tenth_stack/config) by extension 'colcon_meta'
[1.998s] Level 1:colcon.colcon_core.package_identification:_identify(archives/f1tenth_system/f1tenth_stack/config) by extensions ['ros']
[1.998s] Level 1:colcon.colcon_core.package_identification:_identify(archives/f1tenth_system/f1tenth_stack/config) by extension 'ros'
[2.001s] Level 1:colcon.colcon_core.package_identification:_identify(archives/f1tenth_system/f1tenth_stack/config) by extensions ['cmake', 'python']
[2.001s] Level 1:colcon.colcon_core.package_identification:_identify(archives/f1tenth_system/f1tenth_stack/config) by extension 'cmake'
[2.001s] Level 1:colcon.colcon_core.package_identification:_identify(archives/f1tenth_system/f1tenth_stack/config) by extension 'python'
[2.001s] Level 1:colcon.colcon_core.package_identification:_identify(archives/f1tenth_system/f1tenth_stack/config) by extensions ['python_setup_py']
[2.002s] Level 1:colcon.colcon_core.package_identification:_identify(archives/f1tenth_system/f1tenth_stack/config) by extension 'python_setup_py'
[2.002s] Level 1:colcon.colcon_core.package_identification:_identify(archives/f1tenth_system/f1tenth_stack/f1tenth_stack) by extensions ['ignore', 'ignore_ament_install']
[2.002s] Level 1:colcon.colcon_core.package_identification:_identify(archives/f1tenth_system/f1tenth_stack/f1tenth_stack) by extension 'ignore'
[2.002s] Level 1:colcon.colcon_core.package_identification:_identify(archives/f1tenth_system/f1tenth_stack/f1tenth_stack) by extension 'ignore_ament_install'
[2.002s] Level 1:colcon.colcon_core.package_identification:_identify(archives/f1tenth_system/f1tenth_stack/f1tenth_stack) by extensions ['colcon_pkg']
[2.002s] Level 1:colcon.colcon_core.package_identification:_identify(archives/f1tenth_system/f1tenth_stack/f1tenth_stack) by extension 'colcon_pkg'
[2.002s] Level 1:colcon.colcon_core.package_identification:_identify(archives/f1tenth_system/f1tenth_stack/f1tenth_stack) by extensions ['colcon_meta']
[2.002s] Level 1:colcon.colcon_core.package_identification:_identify(archives/f1tenth_system/f1tenth_stack/f1tenth_stack) by extension 'colcon_meta'
[2.003s] Level 1:colcon.colcon_core.package_identification:_identify(archives/f1tenth_system/f1tenth_stack/f1tenth_stack) by extensions ['ros']
[2.003s] Level 1:colcon.colcon_core.package_identification:_identify(archives/f1tenth_system/f1tenth_stack/f1tenth_stack) by extension 'ros'
[2.003s] Level 1:colcon.colcon_core.package_identification:_identify(archives/f1tenth_system/f1tenth_stack/f1tenth_stack) by extensions ['cmake', 'python']
[2.003s] Level 1:colcon.colcon_core.package_identification:_identify(archives/f1tenth_system/f1tenth_stack/f1tenth_stack) by extension 'cmake'
[2.003s] Level 1:colcon.colcon_core.package_identification:_identify(archives/f1tenth_system/f1tenth_stack/f1tenth_stack) by extension 'python'
[2.003s] Level 1:colcon.colcon_core.package_identification:_identify(archives/f1tenth_system/f1tenth_stack/f1tenth_stack) by extensions ['python_setup_py']
[2.003s] Level 1:colcon.colcon_core.package_identification:_identify(archives/f1tenth_system/f1tenth_stack/f1tenth_stack) by extension 'python_setup_py'
[2.003s] Level 1:colcon.colcon_core.package_identification:_identify(archives/f1tenth_system/f1tenth_stack/launch) by extensions ['ignore', 'ignore_ament_install']
[2.003s] Level 1:colcon.colcon_core.package_identification:_identify(archives/f1tenth_system/f1tenth_stack/launch) by extension 'ignore'
[2.003s] Level 1:colcon.colcon_core.package_identification:_identify(archives/f1tenth_system/f1tenth_stack/launch) by extension 'ignore_ament_install'
[2.004s] Level 1:colcon.colcon_core.package_identification:_identify(archives/f1tenth_system/f1tenth_stack/launch) by extensions ['colcon_pkg']
[2.004s] Level 1:colcon.colcon_core.package_identification:_identify(archives/f1tenth_system/f1tenth_stack/launch) by extension 'colcon_pkg'
[2.004s] Level 1:colcon.colcon_core.package_identification:_identify(archives/f1tenth_system/f1tenth_stack/launch) by extensions ['colcon_meta']
[2.004s] Level 1:colcon.colcon_core.package_identification:_identify(archives/f1tenth_system/f1tenth_stack/launch) by extension 'colcon_meta'
[2.004s] Level 1:colcon.colcon_core.package_identification:_identify(archives/f1tenth_system/f1tenth_stack/launch) by extensions ['ros']
[2.004s] Level 1:colcon.colcon_core.package_identification:_identify(archives/f1tenth_system/f1tenth_stack/launch) by extension 'ros'
[2.004s] Level 1:colcon.colcon_core.package_identification:_identify(archives/f1tenth_system/f1tenth_stack/launch) by extensions ['cmake', 'python']
[2.004s] Level 1:colcon.colcon_core.package_identification:_identify(archives/f1tenth_system/f1tenth_stack/launch) by extension 'cmake'
[2.004s] Level 1:colcon.colcon_core.package_identification:_identify(archives/f1tenth_system/f1tenth_stack/launch) by extension 'python'
[2.004s] Level 1:colcon.colcon_core.package_identification:_identify(archives/f1tenth_system/f1tenth_stack/launch) by extensions ['python_setup_py']
[2.004s] Level 1:colcon.colcon_core.package_identification:_identify(archives/f1tenth_system/f1tenth_stack/launch) by extension 'python_setup_py'
[2.005s] Level 1:colcon.colcon_core.package_identification:_identify(archives/f1tenth_system/f1tenth_stack/resource) by extensions ['ignore', 'ignore_ament_install']
[2.005s] Level 1:colcon.colcon_core.package_identification:_identify(archives/f1tenth_system/f1tenth_stack/resource) by extension 'ignore'
[2.005s] Level 1:colcon.colcon_core.package_identification:_identify(archives/f1tenth_system/f1tenth_stack/resource) by extension 'ignore_ament_install'
[2.005s] Level 1:colcon.colcon_core.package_identification:_identify(archives/f1tenth_system/f1tenth_stack/resource) by extensions ['colcon_pkg']
[2.005s] Level 1:colcon.colcon_core.package_identification:_identify(archives/f1tenth_system/f1tenth_stack/resource) by extension 'colcon_pkg'
[2.005s] Level 1:colcon.colcon_core.package_identification:_identify(archives/f1tenth_system/f1tenth_stack/resource) by extensions ['colcon_meta']
[2.005s] Level 1:colcon.colcon_core.package_identification:_identify(archives/f1tenth_system/f1tenth_stack/resource) by extension 'colcon_meta'
[2.005s] Level 1:colcon.colcon_core.package_identification:_identify(archives/f1tenth_system/f1tenth_stack/resource) by extensions ['ros']
[2.005s] Level 1:colcon.colcon_core.package_identification:_identify(archives/f1tenth_system/f1tenth_stack/resource) by extension 'ros'
[2.008s] Level 1:colcon.colcon_core.package_identification:_identify(archives/f1tenth_system/f1tenth_stack/resource) by extensions ['cmake', 'python']
[2.009s] Level 1:colcon.colcon_core.package_identification:_identify(archives/f1tenth_system/f1tenth_stack/resource) by extension 'cmake'
[2.009s] Level 1:colcon.colcon_core.package_identification:_identify(archives/f1tenth_system/f1tenth_stack/resource) by extension 'python'
[2.010s] Level 1:colcon.colcon_core.package_identification:_identify(archives/f1tenth_system/f1tenth_stack/resource) by extensions ['python_setup_py']
[2.012s] Level 1:colcon.colcon_core.package_identification:_identify(archives/f1tenth_system/f1tenth_stack/resource) by extension 'python_setup_py'
[2.013s] Level 1:colcon.colcon_core.package_identification:_identify(archives/f1tenth_system/f1tenth_stack/test) by extensions ['ignore', 'ignore_ament_install']
[2.014s] Level 1:colcon.colcon_core.package_identification:_identify(archives/f1tenth_system/f1tenth_stack/test) by extension 'ignore'
[2.014s] Level 1:colcon.colcon_core.package_identification:_identify(archives/f1tenth_system/f1tenth_stack/test) by extension 'ignore_ament_install'
[2.014s] Level 1:colcon.colcon_core.package_identification:_identify(archives/f1tenth_system/f1tenth_stack/test) by extensions ['colcon_pkg']
[2.014s] Level 1:colcon.colcon_core.package_identification:_identify(archives/f1tenth_system/f1tenth_stack/test) by extension 'colcon_pkg'
[2.014s] Level 1:colcon.colcon_core.package_identification:_identify(archives/f1tenth_system/f1tenth_stack/test) by extensions ['colcon_meta']
[2.014s] Level 1:colcon.colcon_core.package_identification:_identify(archives/f1tenth_system/f1tenth_stack/test) by extension 'colcon_meta'
[2.014s] Level 1:colcon.colcon_core.package_identification:_identify(archives/f1tenth_system/f1tenth_stack/test) by extensions ['ros']
[2.014s] Level 1:colcon.colcon_core.package_identification:_identify(archives/f1tenth_system/f1tenth_stack/test) by extension 'ros'
[2.015s] Level 1:colcon.colcon_core.package_identification:_identify(archives/f1tenth_system/f1tenth_stack/test) by extensions ['cmake', 'python']
[2.015s] Level 1:colcon.colcon_core.package_identification:_identify(archives/f1tenth_system/f1tenth_stack/test) by extension 'cmake'
[2.017s] Level 1:colcon.colcon_core.package_identification:_identify(archives/f1tenth_system/f1tenth_stack/test) by extension 'python'
[2.017s] Level 1:colcon.colcon_core.package_identification:_identify(archives/f1tenth_system/f1tenth_stack/test) by extensions ['python_setup_py']
[2.017s] Level 1:colcon.colcon_core.package_identification:_identify(archives/f1tenth_system/f1tenth_stack/test) by extension 'python_setup_py'
[2.017s] Level 1:colcon.colcon_core.package_identification:_identify(archives/f1tenth_system/scripts) by extensions ['ignore', 'ignore_ament_install']
[2.018s] Level 1:colcon.colcon_core.package_identification:_identify(archives/f1tenth_system/scripts) by extension 'ignore'
[2.018s] Level 1:colcon.colcon_core.package_identification:_identify(archives/f1tenth_system/scripts) by extension 'ignore_ament_install'
[2.018s] Level 1:colcon.colcon_core.package_identification:_identify(archives/f1tenth_system/scripts) by extensions ['colcon_pkg']
[2.018s] Level 1:colcon.colcon_core.package_identification:_identify(archives/f1tenth_system/scripts) by extension 'colcon_pkg'
[2.018s] Level 1:colcon.colcon_core.package_identification:_identify(archives/f1tenth_system/scripts) by extensions ['colcon_meta']
[2.018s] Level 1:colcon.colcon_core.package_identification:_identify(archives/f1tenth_system/scripts) by extension 'colcon_meta'
[2.018s] Level 1:colcon.colcon_core.package_identification:_identify(archives/f1tenth_system/scripts) by extensions ['ros']
[2.018s] Level 1:colcon.colcon_core.package_identification:_identify(archives/f1tenth_system/scripts) by extension 'ros'
[2.018s] Level 1:colcon.colcon_core.package_identification:_identify(archives/f1tenth_system/scripts) by extensions ['cmake', 'python']
[2.018s] Level 1:colcon.colcon_core.package_identification:_identify(archives/f1tenth_system/scripts) by extension 'cmake'
[2.018s] Level 1:colcon.colcon_core.package_identification:_identify(archives/f1tenth_system/scripts) by extension 'python'
[2.018s] Level 1:colcon.colcon_core.package_identification:_identify(archives/f1tenth_system/scripts) by extensions ['python_setup_py']
[2.018s] Level 1:colcon.colcon_core.package_identification:_identify(archives/f1tenth_system/scripts) by extension 'python_setup_py'
[2.019s] Level 1:colcon.colcon_core.package_identification:_identify(archives/f1tenth_system/teleop_tools) by extensions ['ignore', 'ignore_ament_install']
[2.019s] Level 1:colcon.colcon_core.package_identification:_identify(archives/f1tenth_system/teleop_tools) by extension 'ignore'
[2.019s] Level 1:colcon.colcon_core.package_identification:_identify(archives/f1tenth_system/teleop_tools) by extension 'ignore_ament_install'
[2.019s] Level 1:colcon.colcon_core.package_identification:_identify(archives/f1tenth_system/teleop_tools) by extensions ['colcon_pkg']
[2.019s] Level 1:colcon.colcon_core.package_identification:_identify(archives/f1tenth_system/teleop_tools) by extension 'colcon_pkg'
[2.019s] Level 1:colcon.colcon_core.package_identification:_identify(archives/f1tenth_system/teleop_tools) by extensions ['colcon_meta']
[2.019s] Level 1:colcon.colcon_core.package_identification:_identify(archives/f1tenth_system/teleop_tools) by extension 'colcon_meta'
[2.019s] Level 1:colcon.colcon_core.package_identification:_identify(archives/f1tenth_system/teleop_tools) by extensions ['ros']
[2.019s] Level 1:colcon.colcon_core.package_identification:_identify(archives/f1tenth_system/teleop_tools) by extension 'ros'
[2.020s] Level 1:colcon.colcon_core.package_identification:_identify(archives/f1tenth_system/teleop_tools) by extensions ['cmake', 'python']
[2.020s] Level 1:colcon.colcon_core.package_identification:_identify(archives/f1tenth_system/teleop_tools) by extension 'cmake'
[2.020s] Level 1:colcon.colcon_core.package_identification:_identify(archives/f1tenth_system/teleop_tools) by extension 'python'
[2.020s] Level 1:colcon.colcon_core.package_identification:_identify(archives/f1tenth_system/teleop_tools) by extensions ['python_setup_py']
[2.020s] Level 1:colcon.colcon_core.package_identification:_identify(archives/f1tenth_system/teleop_tools) by extension 'python_setup_py'
[2.021s] Level 1:colcon.colcon_core.package_identification:_identify(archives/f1tenth_system/teleop_tools/joy_teleop) by extensions ['ignore', 'ignore_ament_install']
[2.021s] Level 1:colcon.colcon_core.package_identification:_identify(archives/f1tenth_system/teleop_tools/joy_teleop) by extension 'ignore'
[2.022s] Level 1:colcon.colcon_core.package_identification:_identify(archives/f1tenth_system/teleop_tools/joy_teleop) by extension 'ignore_ament_install'
[2.022s] Level 1:colcon.colcon_core.package_identification:_identify(archives/f1tenth_system/teleop_tools/joy_teleop) by extensions ['colcon_pkg']
[2.022s] Level 1:colcon.colcon_core.package_identification:_identify(archives/f1tenth_system/teleop_tools/joy_teleop) by extension 'colcon_pkg'
[2.022s] Level 1:colcon.colcon_core.package_identification:_identify(archives/f1tenth_system/teleop_tools/joy_teleop) by extensions ['colcon_meta']
[2.022s] Level 1:colcon.colcon_core.package_identification:_identify(archives/f1tenth_system/teleop_tools/joy_teleop) by extension 'colcon_meta'
[2.022s] Level 1:colcon.colcon_core.package_identification:_identify(archives/f1tenth_system/teleop_tools/joy_teleop) by extensions ['ros']
[2.022s] Level 1:colcon.colcon_core.package_identification:_identify(archives/f1tenth_system/teleop_tools/joy_teleop) by extension 'ros'
[2.022s] Level 1:colcon.colcon_core.package_identification:_identify(archives/f1tenth_system/teleop_tools/joy_teleop) by extensions ['cmake', 'python']
[2.022s] Level 1:colcon.colcon_core.package_identification:_identify(archives/f1tenth_system/teleop_tools/joy_teleop) by extension 'cmake'
[2.022s] Level 1:colcon.colcon_core.package_identification:_identify(archives/f1tenth_system/teleop_tools/joy_teleop) by extension 'python'
[2.022s] Level 1:colcon.colcon_core.package_identification:_identify(archives/f1tenth_system/teleop_tools/joy_teleop) by extensions ['python_setup_py']
[2.022s] Level 1:colcon.colcon_core.package_identification:_identify(archives/f1tenth_system/teleop_tools/joy_teleop) by extension 'python_setup_py'
[2.023s] Level 1:colcon.colcon_core.package_identification:_identify(archives/f1tenth_system/teleop_tools/joy_teleop/config) by extensions ['ignore', 'ignore_ament_install']
[2.023s] Level 1:colcon.colcon_core.package_identification:_identify(archives/f1tenth_system/teleop_tools/joy_teleop/config) by extension 'ignore'
[2.023s] Level 1:colcon.colcon_core.package_identification:_identify(archives/f1tenth_system/teleop_tools/joy_teleop/config) by extension 'ignore_ament_install'
[2.023s] Level 1:colcon.colcon_core.package_identification:_identify(archives/f1tenth_system/teleop_tools/joy_teleop/config) by extensions ['colcon_pkg']
[2.023s] Level 1:colcon.colcon_core.package_identification:_identify(archives/f1tenth_system/teleop_tools/joy_teleop/config) by extension 'colcon_pkg'
[2.024s] Level 1:colcon.colcon_core.package_identification:_identify(archives/f1tenth_system/teleop_tools/joy_teleop/config) by extensions ['colcon_meta']
[2.024s] Level 1:colcon.colcon_core.package_identification:_identify(archives/f1tenth_system/teleop_tools/joy_teleop/config) by extension 'colcon_meta'
[2.024s] Level 1:colcon.colcon_core.package_identification:_identify(archives/f1tenth_system/teleop_tools/joy_teleop/config) by extensions ['ros']
[2.024s] Level 1:colcon.colcon_core.package_identification:_identify(archives/f1tenth_system/teleop_tools/joy_teleop/config) by extension 'ros'
[2.026s] Level 1:colcon.colcon_core.package_identification:_identify(archives/f1tenth_system/teleop_tools/joy_teleop/config) by extensions ['cmake', 'python']
[2.026s] Level 1:colcon.colcon_core.package_identification:_identify(archives/f1tenth_system/teleop_tools/joy_teleop/config) by extension 'cmake'
[2.026s] Level 1:colcon.colcon_core.package_identification:_identify(archives/f1tenth_system/teleop_tools/joy_teleop/config) by extension 'python'
[2.026s] Level 1:colcon.colcon_core.package_identification:_identify(archives/f1tenth_system/teleop_tools/joy_teleop/config) by extensions ['python_setup_py']
[2.026s] Level 1:colcon.colcon_core.package_identification:_identify(archives/f1tenth_system/teleop_tools/joy_teleop/config) by extension 'python_setup_py'
[2.027s] Level 1:colcon.colcon_core.package_identification:_identify(archives/f1tenth_system/teleop_tools/joy_teleop/joy_teleop) by extensions ['ignore', 'ignore_ament_install']
[2.027s] Level 1:colcon.colcon_core.package_identification:_identify(archives/f1tenth_system/teleop_tools/joy_teleop/joy_teleop) by extension 'ignore'
[2.028s] Level 1:colcon.colcon_core.package_identification:_identify(archives/f1tenth_system/teleop_tools/joy_teleop/joy_teleop) by extension 'ignore_ament_install'
[2.029s] Level 1:colcon.colcon_core.package_identification:_identify(archives/f1tenth_system/teleop_tools/joy_teleop/joy_teleop) by extensions ['colcon_pkg']
[2.029s] Level 1:colcon.colcon_core.package_identification:_identify(archives/f1tenth_system/teleop_tools/joy_teleop/joy_teleop) by extension 'colcon_pkg'
[2.029s] Level 1:colcon.colcon_core.package_identification:_identify(archives/f1tenth_system/teleop_tools/joy_teleop/joy_teleop) by extensions ['colcon_meta']
[2.029s] Level 1:colcon.colcon_core.package_identification:_identify(archives/f1tenth_system/teleop_tools/joy_teleop/joy_teleop) by extension 'colcon_meta'
[2.029s] Level 1:colcon.colcon_core.package_identification:_identify(archives/f1tenth_system/teleop_tools/joy_teleop/joy_teleop) by extensions ['ros']
[2.030s] Level 1:colcon.colcon_core.package_identification:_identify(archives/f1tenth_system/teleop_tools/joy_teleop/joy_teleop) by extension 'ros'
[2.030s] Level 1:colcon.colcon_core.package_identification:_identify(archives/f1tenth_system/teleop_tools/joy_teleop/joy_teleop) by extensions ['cmake', 'python']
[2.030s] Level 1:colcon.colcon_core.package_identification:_identify(archives/f1tenth_system/teleop_tools/joy_teleop/joy_teleop) by extension 'cmake'
[2.030s] Level 1:colcon.colcon_core.package_identification:_identify(archives/f1tenth_system/teleop_tools/joy_teleop/joy_teleop) by extension 'python'
[2.031s] Level 1:colcon.colcon_core.package_identification:_identify(archives/f1tenth_system/teleop_tools/joy_teleop/joy_teleop) by extensions ['python_setup_py']
[2.031s] Level 1:colcon.colcon_core.package_identification:_identify(archives/f1tenth_system/teleop_tools/joy_teleop/joy_teleop) by extension 'python_setup_py'
[2.031s] Level 1:colcon.colcon_core.package_identification:_identify(archives/f1tenth_system/teleop_tools/joy_teleop/launch) by extensions ['ignore', 'ignore_ament_install']
[2.032s] Level 1:colcon.colcon_core.package_identification:_identify(archives/f1tenth_system/teleop_tools/joy_teleop/launch) by extension 'ignore'
[2.032s] Level 1:colcon.colcon_core.package_identification:_identify(archives/f1tenth_system/teleop_tools/joy_teleop/launch) by extension 'ignore_ament_install'
[2.032s] Level 1:colcon.colcon_core.package_identification:_identify(archives/f1tenth_system/teleop_tools/joy_teleop/launch) by extensions ['colcon_pkg']
[2.032s] Level 1:colcon.colcon_core.package_identification:_identify(archives/f1tenth_system/teleop_tools/joy_teleop/launch) by extension 'colcon_pkg'
[2.033s] Level 1:colcon.colcon_core.package_identification:_identify(archives/f1tenth_system/teleop_tools/joy_teleop/launch) by extensions ['colcon_meta']
[2.033s] Level 1:colcon.colcon_core.package_identification:_identify(archives/f1tenth_system/teleop_tools/joy_teleop/launch) by extension 'colcon_meta'
[2.033s] Level 1:colcon.colcon_core.package_identification:_identify(archives/f1tenth_system/teleop_tools/joy_teleop/launch) by extensions ['ros']
[2.033s] Level 1:colcon.colcon_core.package_identification:_identify(archives/f1tenth_system/teleop_tools/joy_teleop/launch) by extension 'ros'
[2.034s] Level 1:colcon.colcon_core.package_identification:_identify(archives/f1tenth_system/teleop_tools/joy_teleop/launch) by extensions ['cmake', 'python']
[2.035s] Level 1:colcon.colcon_core.package_identification:_identify(archives/f1tenth_system/teleop_tools/joy_teleop/launch) by extension 'cmake'
[2.035s] Level 1:colcon.colcon_core.package_identification:_identify(archives/f1tenth_system/teleop_tools/joy_teleop/launch) by extension 'python'
[2.035s] Level 1:colcon.colcon_core.package_identification:_identify(archives/f1tenth_system/teleop_tools/joy_teleop/launch) by extensions ['python_setup_py']
[2.035s] Level 1:colcon.colcon_core.package_identification:_identify(archives/f1tenth_system/teleop_tools/joy_teleop/launch) by extension 'python_setup_py'
[2.035s] Level 1:colcon.colcon_core.package_identification:_identify(archives/f1tenth_system/teleop_tools/joy_teleop/resource) by extensions ['ignore', 'ignore_ament_install']
[2.035s] Level 1:colcon.colcon_core.package_identification:_identify(archives/f1tenth_system/teleop_tools/joy_teleop/resource) by extension 'ignore'
[2.035s] Level 1:colcon.colcon_core.package_identification:_identify(archives/f1tenth_system/teleop_tools/joy_teleop/resource) by extension 'ignore_ament_install'
[2.035s] Level 1:colcon.colcon_core.package_identification:_identify(archives/f1tenth_system/teleop_tools/joy_teleop/resource) by extensions ['colcon_pkg']
[2.035s] Level 1:colcon.colcon_core.package_identification:_identify(archives/f1tenth_system/teleop_tools/joy_teleop/resource) by extension 'colcon_pkg'
[2.035s] Level 1:colcon.colcon_core.package_identification:_identify(archives/f1tenth_system/teleop_tools/joy_teleop/resource) by extensions ['colcon_meta']
[2.035s] Level 1:colcon.colcon_core.package_identification:_identify(archives/f1tenth_system/teleop_tools/joy_teleop/resource) by extension 'colcon_meta'
[2.036s] Level 1:colcon.colcon_core.package_identification:_identify(archives/f1tenth_system/teleop_tools/joy_teleop/resource) by extensions ['ros']
[2.036s] Level 1:colcon.colcon_core.package_identification:_identify(archives/f1tenth_system/teleop_tools/joy_teleop/resource) by extension 'ros'
[2.036s] Level 1:colcon.colcon_core.package_identification:_identify(archives/f1tenth_system/teleop_tools/joy_teleop/resource) by extensions ['cmake', 'python']
[2.036s] Level 1:colcon.colcon_core.package_identification:_identify(archives/f1tenth_system/teleop_tools/joy_teleop/resource) by extension 'cmake'
[2.036s] Level 1:colcon.colcon_core.package_identification:_identify(archives/f1tenth_system/teleop_tools/joy_teleop/resource) by extension 'python'
[2.036s] Level 1:colcon.colcon_core.package_identification:_identify(archives/f1tenth_system/teleop_tools/joy_teleop/resource) by extensions ['python_setup_py']
[2.036s] Level 1:colcon.colcon_core.package_identification:_identify(archives/f1tenth_system/teleop_tools/joy_teleop/resource) by extension 'python_setup_py'
[2.036s] Level 1:colcon.colcon_core.package_identification:_identify(archives/f1tenth_system/teleop_tools/joy_teleop/test) by extensions ['ignore', 'ignore_ament_install']
[2.036s] Level 1:colcon.colcon_core.package_identification:_identify(archives/f1tenth_system/teleop_tools/joy_teleop/test) by extension 'ignore'
[2.036s] Level 1:colcon.colcon_core.package_identification:_identify(archives/f1tenth_system/teleop_tools/joy_teleop/test) by extension 'ignore_ament_install'
[2.037s] Level 1:colcon.colcon_core.package_identification:_identify(archives/f1tenth_system/teleop_tools/joy_teleop/test) by extensions ['colcon_pkg']
[2.037s] Level 1:colcon.colcon_core.package_identification:_identify(archives/f1tenth_system/teleop_tools/joy_teleop/test) by extension 'colcon_pkg'
[2.037s] Level 1:colcon.colcon_core.package_identification:_identify(archives/f1tenth_system/teleop_tools/joy_teleop/test) by extensions ['colcon_meta']
[2.037s] Level 1:colcon.colcon_core.package_identification:_identify(archives/f1tenth_system/teleop_tools/joy_teleop/test) by extension 'colcon_meta'
[2.037s] Level 1:colcon.colcon_core.package_identification:_identify(archives/f1tenth_system/teleop_tools/joy_teleop/test) by extensions ['ros']
[2.037s] Level 1:colcon.colcon_core.package_identification:_identify(archives/f1tenth_system/teleop_tools/joy_teleop/test) by extension 'ros'
[2.037s] Level 1:colcon.colcon_core.package_identification:_identify(archives/f1tenth_system/teleop_tools/joy_teleop/test) by extensions ['cmake', 'python']
[2.037s] Level 1:colcon.colcon_core.package_identification:_identify(archives/f1tenth_system/teleop_tools/joy_teleop/test) by extension 'cmake'
[2.038s] Level 1:colcon.colcon_core.package_identification:_identify(archives/f1tenth_system/teleop_tools/joy_teleop/test) by extension 'python'
[2.038s] Level 1:colcon.colcon_core.package_identification:_identify(archives/f1tenth_system/teleop_tools/joy_teleop/test) by extensions ['python_setup_py']
[2.038s] Level 1:colcon.colcon_core.package_identification:_identify(archives/f1tenth_system/teleop_tools/joy_teleop/test) by extension 'python_setup_py'
[2.038s] Level 1:colcon.colcon_core.package_identification:_identify(archives/f1tenth_system/teleop_tools/key_teleop) by extensions ['ignore', 'ignore_ament_install']
[2.038s] Level 1:colcon.colcon_core.package_identification:_identify(archives/f1tenth_system/teleop_tools/key_teleop) by extension 'ignore'
[2.038s] Level 1:colcon.colcon_core.package_identification:_identify(archives/f1tenth_system/teleop_tools/key_teleop) by extension 'ignore_ament_install'
[2.039s] Level 1:colcon.colcon_core.package_identification:_identify(archives/f1tenth_system/teleop_tools/key_teleop) by extensions ['colcon_pkg']
[2.039s] Level 1:colcon.colcon_core.package_identification:_identify(archives/f1tenth_system/teleop_tools/key_teleop) by extension 'colcon_pkg'
[2.039s] Level 1:colcon.colcon_core.package_identification:_identify(archives/f1tenth_system/teleop_tools/key_teleop) by extensions ['colcon_meta']
[2.039s] Level 1:colcon.colcon_core.package_identification:_identify(archives/f1tenth_system/teleop_tools/key_teleop) by extension 'colcon_meta'
[2.039s] Level 1:colcon.colcon_core.package_identification:_identify(archives/f1tenth_system/teleop_tools/key_teleop) by extensions ['ros']
[2.039s] Level 1:colcon.colcon_core.package_identification:_identify(archives/f1tenth_system/teleop_tools/key_teleop) by extension 'ros'
[2.040s] Level 1:colcon.colcon_core.package_identification:_identify(archives/f1tenth_system/teleop_tools/key_teleop) by extensions ['cmake', 'python']
[2.040s] Level 1:colcon.colcon_core.package_identification:_identify(archives/f1tenth_system/teleop_tools/key_teleop) by extension 'cmake'
[2.041s] Level 1:colcon.colcon_core.package_identification:_identify(archives/f1tenth_system/teleop_tools/key_teleop) by extension 'python'
[2.041s] Level 1:colcon.colcon_core.package_identification:_identify(archives/f1tenth_system/teleop_tools/key_teleop) by extensions ['python_setup_py']
[2.041s] Level 1:colcon.colcon_core.package_identification:_identify(archives/f1tenth_system/teleop_tools/key_teleop) by extension 'python_setup_py'
[2.042s] Level 1:colcon.colcon_core.package_identification:_identify(archives/f1tenth_system/teleop_tools/key_teleop/config) by extensions ['ignore', 'ignore_ament_install']
[2.042s] Level 1:colcon.colcon_core.package_identification:_identify(archives/f1tenth_system/teleop_tools/key_teleop/config) by extension 'ignore'
[2.042s] Level 1:colcon.colcon_core.package_identification:_identify(archives/f1tenth_system/teleop_tools/key_teleop/config) by extension 'ignore_ament_install'
[2.042s] Level 1:colcon.colcon_core.package_identification:_identify(archives/f1tenth_system/teleop_tools/key_teleop/config) by extensions ['colcon_pkg']
[2.042s] Level 1:colcon.colcon_core.package_identification:_identify(archives/f1tenth_system/teleop_tools/key_teleop/config) by extension 'colcon_pkg'
[2.042s] Level 1:colcon.colcon_core.package_identification:_identify(archives/f1tenth_system/teleop_tools/key_teleop/config) by extensions ['colcon_meta']
[2.042s] Level 1:colcon.colcon_core.package_identification:_identify(archives/f1tenth_system/teleop_tools/key_teleop/config) by extension 'colcon_meta'
[2.043s] Level 1:colcon.colcon_core.package_identification:_identify(archives/f1tenth_system/teleop_tools/key_teleop/config) by extensions ['ros']
[2.043s] Level 1:colcon.colcon_core.package_identification:_identify(archives/f1tenth_system/teleop_tools/key_teleop/config) by extension 'ros'
[2.043s] Level 1:colcon.colcon_core.package_identification:_identify(archives/f1tenth_system/teleop_tools/key_teleop/config) by extensions ['cmake', 'python']
[2.043s] Level 1:colcon.colcon_core.package_identification:_identify(archives/f1tenth_system/teleop_tools/key_teleop/config) by extension 'cmake'
[2.043s] Level 1:colcon.colcon_core.package_identification:_identify(archives/f1tenth_system/teleop_tools/key_teleop/config) by extension 'python'
[2.043s] Level 1:colcon.colcon_core.package_identification:_identify(archives/f1tenth_system/teleop_tools/key_teleop/config) by extensions ['python_setup_py']
[2.043s] Level 1:colcon.colcon_core.package_identification:_identify(archives/f1tenth_system/teleop_tools/key_teleop/config) by extension 'python_setup_py'
[2.043s] Level 1:colcon.colcon_core.package_identification:_identify(archives/f1tenth_system/teleop_tools/key_teleop/key_teleop) by extensions ['ignore', 'ignore_ament_install']
[2.044s] Level 1:colcon.colcon_core.package_identification:_identify(archives/f1tenth_system/teleop_tools/key_teleop/key_teleop) by extension 'ignore'
[2.044s] Level 1:colcon.colcon_core.package_identification:_identify(archives/f1tenth_system/teleop_tools/key_teleop/key_teleop) by extension 'ignore_ament_install'
[2.044s] Level 1:colcon.colcon_core.package_identification:_identify(archives/f1tenth_system/teleop_tools/key_teleop/key_teleop) by extensions ['colcon_pkg']
[2.044s] Level 1:colcon.colcon_core.package_identification:_identify(archives/f1tenth_system/teleop_tools/key_teleop/key_teleop) by extension 'colcon_pkg'
[2.044s] Level 1:colcon.colcon_core.package_identification:_identify(archives/f1tenth_system/teleop_tools/key_teleop/key_teleop) by extensions ['colcon_meta']
[2.044s] Level 1:colcon.colcon_core.package_identification:_identify(archives/f1tenth_system/teleop_tools/key_teleop/key_teleop) by extension 'colcon_meta'
[2.044s] Level 1:colcon.colcon_core.package_identification:_identify(archives/f1tenth_system/teleop_tools/key_teleop/key_teleop) by extensions ['ros']
[2.044s] Level 1:colcon.colcon_core.package_identification:_identify(archives/f1tenth_system/teleop_tools/key_teleop/key_teleop) by extension 'ros'
[2.045s] Level 1:colcon.colcon_core.package_identification:_identify(archives/f1tenth_system/teleop_tools/key_teleop/key_teleop) by extensions ['cmake', 'python']
[2.045s] Level 1:colcon.colcon_core.package_identification:_identify(archives/f1tenth_system/teleop_tools/key_teleop/key_teleop) by extension 'cmake'
[2.045s] Level 1:colcon.colcon_core.package_identification:_identify(archives/f1tenth_system/teleop_tools/key_teleop/key_teleop) by extension 'python'
[2.045s] Level 1:colcon.colcon_core.package_identification:_identify(archives/f1tenth_system/teleop_tools/key_teleop/key_teleop) by extensions ['python_setup_py']
[2.045s] Level 1:colcon.colcon_core.package_identification:_identify(archives/f1tenth_system/teleop_tools/key_teleop/key_teleop) by extension 'python_setup_py'
[2.045s] Level 1:colcon.colcon_core.package_identification:_identify(archives/f1tenth_system/teleop_tools/key_teleop/resource) by extensions ['ignore', 'ignore_ament_install']
[2.045s] Level 1:colcon.colcon_core.package_identification:_identify(archives/f1tenth_system/teleop_tools/key_teleop/resource) by extension 'ignore'
[2.046s] Level 1:colcon.colcon_core.package_identification:_identify(archives/f1tenth_system/teleop_tools/key_teleop/resource) by extension 'ignore_ament_install'
[2.046s] Level 1:colcon.colcon_core.package_identification:_identify(archives/f1tenth_system/teleop_tools/key_teleop/resource) by extensions ['colcon_pkg']
[2.046s] Level 1:colcon.colcon_core.package_identification:_identify(archives/f1tenth_system/teleop_tools/key_teleop/resource) by extension 'colcon_pkg'
[2.047s] Level 1:colcon.colcon_core.package_identification:_identify(archives/f1tenth_system/teleop_tools/key_teleop/resource) by extensions ['colcon_meta']
[2.048s] Level 1:colcon.colcon_core.package_identification:_identify(archives/f1tenth_system/teleop_tools/key_teleop/resource) by extension 'colcon_meta'
[2.048s] Level 1:colcon.colcon_core.package_identification:_identify(archives/f1tenth_system/teleop_tools/key_teleop/resource) by extensions ['ros']
[2.049s] Level 1:colcon.colcon_core.package_identification:_identify(archives/f1tenth_system/teleop_tools/key_teleop/resource) by extension 'ros'
[2.054s] Level 1:colcon.colcon_core.package_identification:_identify(archives/f1tenth_system/teleop_tools/key_teleop/resource) by extensions ['cmake', 'python']
[2.055s] Level 1:colcon.colcon_core.package_identification:_identify(archives/f1tenth_system/teleop_tools/key_teleop/resource) by extension 'cmake'
[2.055s] Level 1:colcon.colcon_core.package_identification:_identify(archives/f1tenth_system/teleop_tools/key_teleop/resource) by extension 'python'
[2.055s] Level 1:colcon.colcon_core.package_identification:_identify(archives/f1tenth_system/teleop_tools/key_teleop/resource) by extensions ['python_setup_py']
[2.055s] Level 1:colcon.colcon_core.package_identification:_identify(archives/f1tenth_system/teleop_tools/key_teleop/resource) by extension 'python_setup_py'
[2.055s] Level 1:colcon.colcon_core.package_identification:_identify(archives/f1tenth_system/teleop_tools/key_teleop/test) by extensions ['ignore', 'ignore_ament_install']
[2.055s] Level 1:colcon.colcon_core.package_identification:_identify(archives/f1tenth_system/teleop_tools/key_teleop/test) by extension 'ignore'
[2.055s] Level 1:colcon.colcon_core.package_identification:_identify(archives/f1tenth_system/teleop_tools/key_teleop/test) by extension 'ignore_ament_install'
[2.055s] Level 1:colcon.colcon_core.package_identification:_identify(archives/f1tenth_system/teleop_tools/key_teleop/test) by extensions ['colcon_pkg']
[2.055s] Level 1:colcon.colcon_core.package_identification:_identify(archives/f1tenth_system/teleop_tools/key_teleop/test) by extension 'colcon_pkg'
[2.056s] Level 1:colcon.colcon_core.package_identification:_identify(archives/f1tenth_system/teleop_tools/key_teleop/test) by extensions ['colcon_meta']
[2.056s] Level 1:colcon.colcon_core.package_identification:_identify(archives/f1tenth_system/teleop_tools/key_teleop/test) by extension 'colcon_meta'
[2.057s] Level 1:colcon.colcon_core.package_identification:_identify(archives/f1tenth_system/teleop_tools/key_teleop/test) by extensions ['ros']
[2.057s] Level 1:colcon.colcon_core.package_identification:_identify(archives/f1tenth_system/teleop_tools/key_teleop/test) by extension 'ros'
[2.060s] Level 1:colcon.colcon_core.package_identification:_identify(archives/f1tenth_system/teleop_tools/key_teleop/test) by extensions ['cmake', 'python']
[2.060s] Level 1:colcon.colcon_core.package_identification:_identify(archives/f1tenth_system/teleop_tools/key_teleop/test) by extension 'cmake'
[2.060s] Level 1:colcon.colcon_core.package_identification:_identify(archives/f1tenth_system/teleop_tools/key_teleop/test) by extension 'python'
[2.061s] Level 1:colcon.colcon_core.package_identification:_identify(archives/f1tenth_system/teleop_tools/key_teleop/test) by extensions ['python_setup_py']
[2.061s] Level 1:colcon.colcon_core.package_identification:_identify(archives/f1tenth_system/teleop_tools/key_teleop/test) by extension 'python_setup_py'
[2.061s] Level 1:colcon.colcon_core.package_identification:_identify(archives/f1tenth_system/teleop_tools/mouse_teleop) by extensions ['ignore', 'ignore_ament_install']
[2.061s] Level 1:colcon.colcon_core.package_identification:_identify(archives/f1tenth_system/teleop_tools/mouse_teleop) by extension 'ignore'
[2.061s] Level 1:colcon.colcon_core.package_identification:_identify(archives/f1tenth_system/teleop_tools/mouse_teleop) by extension 'ignore_ament_install'
[2.063s] Level 1:colcon.colcon_core.package_identification:_identify(archives/f1tenth_system/teleop_tools/mouse_teleop) by extensions ['colcon_pkg']
[2.063s] Level 1:colcon.colcon_core.package_identification:_identify(archives/f1tenth_system/teleop_tools/mouse_teleop) by extension 'colcon_pkg'
[2.064s] Level 1:colcon.colcon_core.package_identification:_identify(archives/f1tenth_system/teleop_tools/mouse_teleop) by extensions ['colcon_meta']
[2.064s] Level 1:colcon.colcon_core.package_identification:_identify(archives/f1tenth_system/teleop_tools/mouse_teleop) by extension 'colcon_meta'
[2.064s] Level 1:colcon.colcon_core.package_identification:_identify(archives/f1tenth_system/teleop_tools/mouse_teleop) by extensions ['ros']
[2.064s] Level 1:colcon.colcon_core.package_identification:_identify(archives/f1tenth_system/teleop_tools/mouse_teleop) by extension 'ros'
[2.066s] Level 1:colcon.colcon_core.package_identification:_identify(archives/f1tenth_system/teleop_tools/mouse_teleop) by extensions ['cmake', 'python']
[2.066s] Level 1:colcon.colcon_core.package_identification:_identify(archives/f1tenth_system/teleop_tools/mouse_teleop) by extension 'cmake'
[2.066s] Level 1:colcon.colcon_core.package_identification:_identify(archives/f1tenth_system/teleop_tools/mouse_teleop) by extension 'python'
[2.066s] Level 1:colcon.colcon_core.package_identification:_identify(archives/f1tenth_system/teleop_tools/mouse_teleop) by extensions ['python_setup_py']
[2.066s] Level 1:colcon.colcon_core.package_identification:_identify(archives/f1tenth_system/teleop_tools/mouse_teleop) by extension 'python_setup_py'
[2.066s] Level 1:colcon.colcon_core.package_identification:_identify(archives/f1tenth_system/teleop_tools/mouse_teleop/config) by extensions ['ignore', 'ignore_ament_install']
[2.066s] Level 1:colcon.colcon_core.package_identification:_identify(archives/f1tenth_system/teleop_tools/mouse_teleop/config) by extension 'ignore'
[2.066s] Level 1:colcon.colcon_core.package_identification:_identify(archives/f1tenth_system/teleop_tools/mouse_teleop/config) by extension 'ignore_ament_install'
[2.066s] Level 1:colcon.colcon_core.package_identification:_identify(archives/f1tenth_system/teleop_tools/mouse_teleop/config) by extensions ['colcon_pkg']
[2.066s] Level 1:colcon.colcon_core.package_identification:_identify(archives/f1tenth_system/teleop_tools/mouse_teleop/config) by extension 'colcon_pkg'
[2.066s] Level 1:colcon.colcon_core.package_identification:_identify(archives/f1tenth_system/teleop_tools/mouse_teleop/config) by extensions ['colcon_meta']
[2.066s] Level 1:colcon.colcon_core.package_identification:_identify(archives/f1tenth_system/teleop_tools/mouse_teleop/config) by extension 'colcon_meta'
[2.067s] Level 1:colcon.colcon_core.package_identification:_identify(archives/f1tenth_system/teleop_tools/mouse_teleop/config) by extensions ['ros']
[2.067s] Level 1:colcon.colcon_core.package_identification:_identify(archives/f1tenth_system/teleop_tools/mouse_teleop/config) by extension 'ros'
[2.067s] Level 1:colcon.colcon_core.package_identification:_identify(archives/f1tenth_system/teleop_tools/mouse_teleop/config) by extensions ['cmake', 'python']
[2.067s] Level 1:colcon.colcon_core.package_identification:_identify(archives/f1tenth_system/teleop_tools/mouse_teleop/config) by extension 'cmake'
[2.067s] Level 1:colcon.colcon_core.package_identification:_identify(archives/f1tenth_system/teleop_tools/mouse_teleop/config) by extension 'python'
[2.067s] Level 1:colcon.colcon_core.package_identification:_identify(archives/f1tenth_system/teleop_tools/mouse_teleop/config) by extensions ['python_setup_py']
[2.067s] Level 1:colcon.colcon_core.package_identification:_identify(archives/f1tenth_system/teleop_tools/mouse_teleop/config) by extension 'python_setup_py'
[2.067s] Level 1:colcon.colcon_core.package_identification:_identify(archives/f1tenth_system/teleop_tools/mouse_teleop/launch) by extensions ['ignore', 'ignore_ament_install']
[2.067s] Level 1:colcon.colcon_core.package_identification:_identify(archives/f1tenth_system/teleop_tools/mouse_teleop/launch) by extension 'ignore'
[2.067s] Level 1:colcon.colcon_core.package_identification:_identify(archives/f1tenth_system/teleop_tools/mouse_teleop/launch) by extension 'ignore_ament_install'
[2.067s] Level 1:colcon.colcon_core.package_identification:_identify(archives/f1tenth_system/teleop_tools/mouse_teleop/launch) by extensions ['colcon_pkg']
[2.067s] Level 1:colcon.colcon_core.package_identification:_identify(archives/f1tenth_system/teleop_tools/mouse_teleop/launch) by extension 'colcon_pkg'
[2.068s] Level 1:colcon.colcon_core.package_identification:_identify(archives/f1tenth_system/teleop_tools/mouse_teleop/launch) by extensions ['colcon_meta']
[2.068s] Level 1:colcon.colcon_core.package_identification:_identify(archives/f1tenth_system/teleop_tools/mouse_teleop/launch) by extension 'colcon_meta'
[2.068s] Level 1:colcon.colcon_core.package_identification:_identify(archives/f1tenth_system/teleop_tools/mouse_teleop/launch) by extensions ['ros']
[2.068s] Level 1:colcon.colcon_core.package_identification:_identify(archives/f1tenth_system/teleop_tools/mouse_teleop/launch) by extension 'ros'
[2.068s] Level 1:colcon.colcon_core.package_identification:_identify(archives/f1tenth_system/teleop_tools/mouse_teleop/launch) by extensions ['cmake', 'python']
[2.068s] Level 1:colcon.colcon_core.package_identification:_identify(archives/f1tenth_system/teleop_tools/mouse_teleop/launch) by extension 'cmake'
[2.068s] Level 1:colcon.colcon_core.package_identification:_identify(archives/f1tenth_system/teleop_tools/mouse_teleop/launch) by extension 'python'
[2.068s] Level 1:colcon.colcon_core.package_identification:_identify(archives/f1tenth_system/teleop_tools/mouse_teleop/launch) by extensions ['python_setup_py']
[2.068s] Level 1:colcon.colcon_core.package_identification:_identify(archives/f1tenth_system/teleop_tools/mouse_teleop/launch) by extension 'python_setup_py'
[2.068s] Level 1:colcon.colcon_core.package_identification:_identify(archives/f1tenth_system/teleop_tools/mouse_teleop/mouse_teleop) by extensions ['ignore', 'ignore_ament_install']
[2.068s] Level 1:colcon.colcon_core.package_identification:_identify(archives/f1tenth_system/teleop_tools/mouse_teleop/mouse_teleop) by extension 'ignore'
[2.068s] Level 1:colcon.colcon_core.package_identification:_identify(archives/f1tenth_system/teleop_tools/mouse_teleop/mouse_teleop) by extension 'ignore_ament_install'
[2.068s] Level 1:colcon.colcon_core.package_identification:_identify(archives/f1tenth_system/teleop_tools/mouse_teleop/mouse_teleop) by extensions ['colcon_pkg']
[2.069s] Level 1:colcon.colcon_core.package_identification:_identify(archives/f1tenth_system/teleop_tools/mouse_teleop/mouse_teleop) by extension 'colcon_pkg'
[2.069s] Level 1:colcon.colcon_core.package_identification:_identify(archives/f1tenth_system/teleop_tools/mouse_teleop/mouse_teleop) by extensions ['colcon_meta']
[2.069s] Level 1:colcon.colcon_core.package_identification:_identify(archives/f1tenth_system/teleop_tools/mouse_teleop/mouse_teleop) by extension 'colcon_meta'
[2.069s] Level 1:colcon.colcon_core.package_identification:_identify(archives/f1tenth_system/teleop_tools/mouse_teleop/mouse_teleop) by extensions ['ros']
[2.069s] Level 1:colcon.colcon_core.package_identification:_identify(archives/f1tenth_system/teleop_tools/mouse_teleop/mouse_teleop) by extension 'ros'
[2.069s] Level 1:colcon.colcon_core.package_identification:_identify(archives/f1tenth_system/teleop_tools/mouse_teleop/mouse_teleop) by extensions ['cmake', 'python']
[2.069s] Level 1:colcon.colcon_core.package_identification:_identify(archives/f1tenth_system/teleop_tools/mouse_teleop/mouse_teleop) by extension 'cmake'
[2.069s] Level 1:colcon.colcon_core.package_identification:_identify(archives/f1tenth_system/teleop_tools/mouse_teleop/mouse_teleop) by extension 'python'
[2.069s] Level 1:colcon.colcon_core.package_identification:_identify(archives/f1tenth_system/teleop_tools/mouse_teleop/mouse_teleop) by extensions ['python_setup_py']
[2.069s] Level 1:colcon.colcon_core.package_identification:_identify(archives/f1tenth_system/teleop_tools/mouse_teleop/mouse_teleop) by extension 'python_setup_py'
[2.069s] Level 1:colcon.colcon_core.package_identification:_identify(archives/f1tenth_system/teleop_tools/mouse_teleop/resource) by extensions ['ignore', 'ignore_ament_install']
[2.069s] Level 1:colcon.colcon_core.package_identification:_identify(archives/f1tenth_system/teleop_tools/mouse_teleop/resource) by extension 'ignore'
[2.069s] Level 1:colcon.colcon_core.package_identification:_identify(archives/f1tenth_system/teleop_tools/mouse_teleop/resource) by extension 'ignore_ament_install'
[2.070s] Level 1:colcon.colcon_core.package_identification:_identify(archives/f1tenth_system/teleop_tools/mouse_teleop/resource) by extensions ['colcon_pkg']
[2.070s] Level 1:colcon.colcon_core.package_identification:_identify(archives/f1tenth_system/teleop_tools/mouse_teleop/resource) by extension 'colcon_pkg'
[2.070s] Level 1:colcon.colcon_core.package_identification:_identify(archives/f1tenth_system/teleop_tools/mouse_teleop/resource) by extensions ['colcon_meta']
[2.070s] Level 1:colcon.colcon_core.package_identification:_identify(archives/f1tenth_system/teleop_tools/mouse_teleop/resource) by extension 'colcon_meta'
[2.070s] Level 1:colcon.colcon_core.package_identification:_identify(archives/f1tenth_system/teleop_tools/mouse_teleop/resource) by extensions ['ros']
[2.070s] Level 1:colcon.colcon_core.package_identification:_identify(archives/f1tenth_system/teleop_tools/mouse_teleop/resource) by extension 'ros'
[2.070s] Level 1:colcon.colcon_core.package_identification:_identify(archives/f1tenth_system/teleop_tools/mouse_teleop/resource) by extensions ['cmake', 'python']
[2.070s] Level 1:colcon.colcon_core.package_identification:_identify(archives/f1tenth_system/teleop_tools/mouse_teleop/resource) by extension 'cmake'
[2.070s] Level 1:colcon.colcon_core.package_identification:_identify(archives/f1tenth_system/teleop_tools/mouse_teleop/resource) by extension 'python'
[2.070s] Level 1:colcon.colcon_core.package_identification:_identify(archives/f1tenth_system/teleop_tools/mouse_teleop/resource) by extensions ['python_setup_py']
[2.070s] Level 1:colcon.colcon_core.package_identification:_identify(archives/f1tenth_system/teleop_tools/mouse_teleop/resource) by extension 'python_setup_py'
[2.070s] Level 1:colcon.colcon_core.package_identification:_identify(archives/f1tenth_system/teleop_tools/mouse_teleop/test) by extensions ['ignore', 'ignore_ament_install']
[2.070s] Level 1:colcon.colcon_core.package_identification:_identify(archives/f1tenth_system/teleop_tools/mouse_teleop/test) by extension 'ignore'
[2.071s] Level 1:colcon.colcon_core.package_identification:_identify(archives/f1tenth_system/teleop_tools/mouse_teleop/test) by extension 'ignore_ament_install'
[2.071s] Level 1:colcon.colcon_core.package_identification:_identify(archives/f1tenth_system/teleop_tools/mouse_teleop/test) by extensions ['colcon_pkg']
[2.071s] Level 1:colcon.colcon_core.package_identification:_identify(archives/f1tenth_system/teleop_tools/mouse_teleop/test) by extension 'colcon_pkg'
[2.071s] Level 1:colcon.colcon_core.package_identification:_identify(archives/f1tenth_system/teleop_tools/mouse_teleop/test) by extensions ['colcon_meta']
[2.071s] Level 1:colcon.colcon_core.package_identification:_identify(archives/f1tenth_system/teleop_tools/mouse_teleop/test) by extension 'colcon_meta'
[2.071s] Level 1:colcon.colcon_core.package_identification:_identify(archives/f1tenth_system/teleop_tools/mouse_teleop/test) by extensions ['ros']
[2.071s] Level 1:colcon.colcon_core.package_identification:_identify(archives/f1tenth_system/teleop_tools/mouse_teleop/test) by extension 'ros'
[2.075s] Level 1:colcon.colcon_core.package_identification:_identify(archives/f1tenth_system/teleop_tools/mouse_teleop/test) by extensions ['cmake', 'python']
[2.075s] Level 1:colcon.colcon_core.package_identification:_identify(archives/f1tenth_system/teleop_tools/mouse_teleop/test) by extension 'cmake'
[2.075s] Level 1:colcon.colcon_core.package_identification:_identify(archives/f1tenth_system/teleop_tools/mouse_teleop/test) by extension 'python'
[2.076s] Level 1:colcon.colcon_core.package_identification:_identify(archives/f1tenth_system/teleop_tools/mouse_teleop/test) by extensions ['python_setup_py']
[2.076s] Level 1:colcon.colcon_core.package_identification:_identify(archives/f1tenth_system/teleop_tools/mouse_teleop/test) by extension 'python_setup_py'
[2.076s] Level 1:colcon.colcon_core.package_identification:_identify(archives/f1tenth_system/teleop_tools/teleop_tools) by extensions ['ignore', 'ignore_ament_install']
[2.077s] Level 1:colcon.colcon_core.package_identification:_identify(archives/f1tenth_system/teleop_tools/teleop_tools) by extension 'ignore'
[2.080s] Level 1:colcon.colcon_core.package_identification:_identify(archives/f1tenth_system/teleop_tools/teleop_tools) by extension 'ignore_ament_install'
[2.081s] Level 1:colcon.colcon_core.package_identification:_identify(archives/f1tenth_system/teleop_tools/teleop_tools) by extensions ['colcon_pkg']
[2.081s] Level 1:colcon.colcon_core.package_identification:_identify(archives/f1tenth_system/teleop_tools/teleop_tools) by extension 'colcon_pkg'
[2.081s] Level 1:colcon.colcon_core.package_identification:_identify(archives/f1tenth_system/teleop_tools/teleop_tools) by extensions ['colcon_meta']
[2.081s] Level 1:colcon.colcon_core.package_identification:_identify(archives/f1tenth_system/teleop_tools/teleop_tools) by extension 'colcon_meta'
[2.081s] Level 1:colcon.colcon_core.package_identification:_identify(archives/f1tenth_system/teleop_tools/teleop_tools) by extensions ['ros']
[2.081s] Level 1:colcon.colcon_core.package_identification:_identify(archives/f1tenth_system/teleop_tools/teleop_tools) by extension 'ros'
[2.081s] Level 1:colcon.colcon_core.package_identification:_identify(archives/f1tenth_system/teleop_tools/teleop_tools) by extensions ['cmake', 'python']
[2.081s] Level 1:colcon.colcon_core.package_identification:_identify(archives/f1tenth_system/teleop_tools/teleop_tools) by extension 'cmake'
[2.084s] Level 1:colcon.colcon_core.package_identification:_identify(archives/f1tenth_system/teleop_tools/teleop_tools) by extension 'python'
[2.084s] Level 1:colcon.colcon_core.package_identification:_identify(archives/f1tenth_system/teleop_tools/teleop_tools) by extensions ['python_setup_py']
[2.085s] Level 1:colcon.colcon_core.package_identification:_identify(archives/f1tenth_system/teleop_tools/teleop_tools) by extension 'python_setup_py'
[2.085s] Level 1:colcon.colcon_core.package_identification:_identify(archives/f1tenth_system/teleop_tools/teleop_tools_msgs) by extensions ['ignore', 'ignore_ament_install']
[2.085s] Level 1:colcon.colcon_core.package_identification:_identify(archives/f1tenth_system/teleop_tools/teleop_tools_msgs) by extension 'ignore'
[2.085s] Level 1:colcon.colcon_core.package_identification:_identify(archives/f1tenth_system/teleop_tools/teleop_tools_msgs) by extension 'ignore_ament_install'
[2.085s] Level 1:colcon.colcon_core.package_identification:_identify(archives/f1tenth_system/teleop_tools/teleop_tools_msgs) by extensions ['colcon_pkg']
[2.085s] Level 1:colcon.colcon_core.package_identification:_identify(archives/f1tenth_system/teleop_tools/teleop_tools_msgs) by extension 'colcon_pkg'
[2.085s] Level 1:colcon.colcon_core.package_identification:_identify(archives/f1tenth_system/teleop_tools/teleop_tools_msgs) by extensions ['colcon_meta']
[2.085s] Level 1:colcon.colcon_core.package_identification:_identify(archives/f1tenth_system/teleop_tools/teleop_tools_msgs) by extension 'colcon_meta'
[2.085s] Level 1:colcon.colcon_core.package_identification:_identify(archives/f1tenth_system/teleop_tools/teleop_tools_msgs) by extensions ['ros']
[2.085s] Level 1:colcon.colcon_core.package_identification:_identify(archives/f1tenth_system/teleop_tools/teleop_tools_msgs) by extension 'ros'
[2.085s] Level 1:colcon.colcon_core.package_identification:_identify(archives/f1tenth_system/teleop_tools/teleop_tools_msgs) by extensions ['cmake', 'python']
[2.086s] Level 1:colcon.colcon_core.package_identification:_identify(archives/f1tenth_system/teleop_tools/teleop_tools_msgs) by extension 'cmake'
[2.086s] Level 1:colcon.colcon_core.package_identification:_identify(archives/f1tenth_system/teleop_tools/teleop_tools_msgs) by extension 'python'
[2.086s] Level 1:colcon.colcon_core.package_identification:_identify(archives/f1tenth_system/teleop_tools/teleop_tools_msgs) by extensions ['python_setup_py']
[2.086s] Level 1:colcon.colcon_core.package_identification:_identify(archives/f1tenth_system/teleop_tools/teleop_tools_msgs) by extension 'python_setup_py'
[2.086s] Level 1:colcon.colcon_core.package_identification:_identify(archives/f1tenth_system/teleop_tools/teleop_tools_msgs/action) by extensions ['ignore', 'ignore_ament_install']
[2.086s] Level 1:colcon.colcon_core.package_identification:_identify(archives/f1tenth_system/teleop_tools/teleop_tools_msgs/action) by extension 'ignore'
[2.086s] Level 1:colcon.colcon_core.package_identification:_identify(archives/f1tenth_system/teleop_tools/teleop_tools_msgs/action) by extension 'ignore_ament_install'
[2.086s] Level 1:colcon.colcon_core.package_identification:_identify(archives/f1tenth_system/teleop_tools/teleop_tools_msgs/action) by extensions ['colcon_pkg']
[2.086s] Level 1:colcon.colcon_core.package_identification:_identify(archives/f1tenth_system/teleop_tools/teleop_tools_msgs/action) by extension 'colcon_pkg'
[2.086s] Level 1:colcon.colcon_core.package_identification:_identify(archives/f1tenth_system/teleop_tools/teleop_tools_msgs/action) by extensions ['colcon_meta']
[2.086s] Level 1:colcon.colcon_core.package_identification:_identify(archives/f1tenth_system/teleop_tools/teleop_tools_msgs/action) by extension 'colcon_meta'
[2.086s] Level 1:colcon.colcon_core.package_identification:_identify(archives/f1tenth_system/teleop_tools/teleop_tools_msgs/action) by extensions ['ros']
[2.086s] Level 1:colcon.colcon_core.package_identification:_identify(archives/f1tenth_system/teleop_tools/teleop_tools_msgs/action) by extension 'ros'
[2.086s] Level 1:colcon.colcon_core.package_identification:_identify(archives/f1tenth_system/teleop_tools/teleop_tools_msgs/action) by extensions ['cmake', 'python']
[2.087s] Level 1:colcon.colcon_core.package_identification:_identify(archives/f1tenth_system/teleop_tools/teleop_tools_msgs/action) by extension 'cmake'
[2.087s] Level 1:colcon.colcon_core.package_identification:_identify(archives/f1tenth_system/teleop_tools/teleop_tools_msgs/action) by extension 'python'
[2.088s] Level 1:colcon.colcon_core.package_identification:_identify(archives/f1tenth_system/teleop_tools/teleop_tools_msgs/action) by extensions ['python_setup_py']
[2.088s] Level 1:colcon.colcon_core.package_identification:_identify(archives/f1tenth_system/teleop_tools/teleop_tools_msgs/action) by extension 'python_setup_py'
[2.088s] Level 1:colcon.colcon_core.package_identification:_identify(archives/f1tenth_system/vesc) by extensions ['ignore', 'ignore_ament_install']
[2.088s] Level 1:colcon.colcon_core.package_identification:_identify(archives/f1tenth_system/vesc) by extension 'ignore'
[2.088s] Level 1:colcon.colcon_core.package_identification:_identify(archives/f1tenth_system/vesc) by extension 'ignore_ament_install'
[2.088s] Level 1:colcon.colcon_core.package_identification:_identify(archives/f1tenth_system/vesc) by extensions ['colcon_pkg']
[2.088s] Level 1:colcon.colcon_core.package_identification:_identify(archives/f1tenth_system/vesc) by extension 'colcon_pkg'
[2.088s] Level 1:colcon.colcon_core.package_identification:_identify(archives/f1tenth_system/vesc) by extensions ['colcon_meta']
[2.088s] Level 1:colcon.colcon_core.package_identification:_identify(archives/f1tenth_system/vesc) by extension 'colcon_meta'
[2.089s] Level 1:colcon.colcon_core.package_identification:_identify(archives/f1tenth_system/vesc) by extensions ['ros']
[2.089s] Level 1:colcon.colcon_core.package_identification:_identify(archives/f1tenth_system/vesc) by extension 'ros'
[2.089s] Level 1:colcon.colcon_core.package_identification:_identify(archives/f1tenth_system/vesc) by extensions ['cmake', 'python']
[2.089s] Level 1:colcon.colcon_core.package_identification:_identify(archives/f1tenth_system/vesc) by extension 'cmake'
[2.090s] Level 1:colcon.colcon_core.package_identification:_identify(archives/f1tenth_system/vesc) by extension 'python'
[2.091s] Level 1:colcon.colcon_core.package_identification:_identify(archives/f1tenth_system/vesc) by extensions ['python_setup_py']
[2.091s] Level 1:colcon.colcon_core.package_identification:_identify(archives/f1tenth_system/vesc) by extension 'python_setup_py'
[2.091s] Level 1:colcon.colcon_core.package_identification:_identify(archives/f1tenth_system/vesc/vesc) by extensions ['ignore', 'ignore_ament_install']
[2.091s] Level 1:colcon.colcon_core.package_identification:_identify(archives/f1tenth_system/vesc/vesc) by extension 'ignore'
[2.092s] Level 1:colcon.colcon_core.package_identification:_identify(archives/f1tenth_system/vesc/vesc) by extension 'ignore_ament_install'
[2.092s] Level 1:colcon.colcon_core.package_identification:_identify(archives/f1tenth_system/vesc/vesc) by extensions ['colcon_pkg']
[2.092s] Level 1:colcon.colcon_core.package_identification:_identify(archives/f1tenth_system/vesc/vesc) by extension 'colcon_pkg'
[2.092s] Level 1:colcon.colcon_core.package_identification:_identify(archives/f1tenth_system/vesc/vesc) by extensions ['colcon_meta']
[2.092s] Level 1:colcon.colcon_core.package_identification:_identify(archives/f1tenth_system/vesc/vesc) by extension 'colcon_meta'
[2.093s] Level 1:colcon.colcon_core.package_identification:_identify(archives/f1tenth_system/vesc/vesc) by extensions ['ros']
[2.093s] Level 1:colcon.colcon_core.package_identification:_identify(archives/f1tenth_system/vesc/vesc) by extension 'ros'
[2.093s] Level 1:colcon.colcon_core.package_identification:_identify(archives/f1tenth_system/vesc/vesc) by extensions ['cmake', 'python']
[2.093s] Level 1:colcon.colcon_core.package_identification:_identify(archives/f1tenth_system/vesc/vesc) by extension 'cmake'
[2.093s] Level 1:colcon.colcon_core.package_identification:_identify(archives/f1tenth_system/vesc/vesc) by extension 'python'
[2.093s] Level 1:colcon.colcon_core.package_identification:_identify(archives/f1tenth_system/vesc/vesc) by extensions ['python_setup_py']
[2.093s] Level 1:colcon.colcon_core.package_identification:_identify(archives/f1tenth_system/vesc/vesc) by extension 'python_setup_py'
[2.093s] Level 1:colcon.colcon_core.package_identification:_identify(archives/f1tenth_system/vesc/vesc_ackermann) by extensions ['ignore', 'ignore_ament_install']
[2.094s] Level 1:colcon.colcon_core.package_identification:_identify(archives/f1tenth_system/vesc/vesc_ackermann) by extension 'ignore'
[2.094s] Level 1:colcon.colcon_core.package_identification:_identify(archives/f1tenth_system/vesc/vesc_ackermann) by extension 'ignore_ament_install'
[2.096s] Level 1:colcon.colcon_core.package_identification:_identify(archives/f1tenth_system/vesc/vesc_ackermann) by extensions ['colcon_pkg']
[2.096s] Level 1:colcon.colcon_core.package_identification:_identify(archives/f1tenth_system/vesc/vesc_ackermann) by extension 'colcon_pkg'
[2.096s] Level 1:colcon.colcon_core.package_identification:_identify(archives/f1tenth_system/vesc/vesc_ackermann) by extensions ['colcon_meta']
[2.096s] Level 1:colcon.colcon_core.package_identification:_identify(archives/f1tenth_system/vesc/vesc_ackermann) by extension 'colcon_meta'
[2.097s] Level 1:colcon.colcon_core.package_identification:_identify(archives/f1tenth_system/vesc/vesc_ackermann) by extensions ['ros']
[2.097s] Level 1:colcon.colcon_core.package_identification:_identify(archives/f1tenth_system/vesc/vesc_ackermann) by extension 'ros'
[2.097s] Level 1:colcon.colcon_core.package_identification:_identify(archives/f1tenth_system/vesc/vesc_ackermann) by extensions ['cmake', 'python']
[2.097s] Level 1:colcon.colcon_core.package_identification:_identify(archives/f1tenth_system/vesc/vesc_ackermann) by extension 'cmake'
[2.097s] Level 1:colcon.colcon_core.package_identification:_identify(archives/f1tenth_system/vesc/vesc_ackermann) by extension 'python'
[2.098s] Level 1:colcon.colcon_core.package_identification:_identify(archives/f1tenth_system/vesc/vesc_ackermann) by extensions ['python_setup_py']
[2.098s] Level 1:colcon.colcon_core.package_identification:_identify(archives/f1tenth_system/vesc/vesc_ackermann) by extension 'python_setup_py'
[2.098s] Level 1:colcon.colcon_core.package_identification:_identify(archives/f1tenth_system/vesc/vesc_ackermann/include) by extensions ['ignore', 'ignore_ament_install']
[2.098s] Level 1:colcon.colcon_core.package_identification:_identify(archives/f1tenth_system/vesc/vesc_ackermann/include) by extension 'ignore'
[2.099s] Level 1:colcon.colcon_core.package_identification:_identify(archives/f1tenth_system/vesc/vesc_ackermann/include) by extension 'ignore_ament_install'
[2.099s] Level 1:colcon.colcon_core.package_identification:_identify(archives/f1tenth_system/vesc/vesc_ackermann/include) by extensions ['colcon_pkg']
[2.099s] Level 1:colcon.colcon_core.package_identification:_identify(archives/f1tenth_system/vesc/vesc_ackermann/include) by extension 'colcon_pkg'
[2.099s] Level 1:colcon.colcon_core.package_identification:_identify(archives/f1tenth_system/vesc/vesc_ackermann/include) by extensions ['colcon_meta']
[2.099s] Level 1:colcon.colcon_core.package_identification:_identify(archives/f1tenth_system/vesc/vesc_ackermann/include) by extension 'colcon_meta'
[2.099s] Level 1:colcon.colcon_core.package_identification:_identify(archives/f1tenth_system/vesc/vesc_ackermann/include) by extensions ['ros']
[2.099s] Level 1:colcon.colcon_core.package_identification:_identify(archives/f1tenth_system/vesc/vesc_ackermann/include) by extension 'ros'
[2.099s] Level 1:colcon.colcon_core.package_identification:_identify(archives/f1tenth_system/vesc/vesc_ackermann/include) by extensions ['cmake', 'python']
[2.099s] Level 1:colcon.colcon_core.package_identification:_identify(archives/f1tenth_system/vesc/vesc_ackermann/include) by extension 'cmake'
[2.099s] Level 1:colcon.colcon_core.package_identification:_identify(archives/f1tenth_system/vesc/vesc_ackermann/include) by extension 'python'
[2.099s] Level 1:colcon.colcon_core.package_identification:_identify(archives/f1tenth_system/vesc/vesc_ackermann/include) by extensions ['python_setup_py']
[2.099s] Level 1:colcon.colcon_core.package_identification:_identify(archives/f1tenth_system/vesc/vesc_ackermann/include) by extension 'python_setup_py'
[2.100s] Level 1:colcon.colcon_core.package_identification:_identify(archives/f1tenth_system/vesc/vesc_ackermann/include/vesc_ackermann) by extensions ['ignore', 'ignore_ament_install']
[2.100s] Level 1:colcon.colcon_core.package_identification:_identify(archives/f1tenth_system/vesc/vesc_ackermann/include/vesc_ackermann) by extension 'ignore'
[2.100s] Level 1:colcon.colcon_core.package_identification:_identify(archives/f1tenth_system/vesc/vesc_ackermann/include/vesc_ackermann) by extension 'ignore_ament_install'
[2.100s] Level 1:colcon.colcon_core.package_identification:_identify(archives/f1tenth_system/vesc/vesc_ackermann/include/vesc_ackermann) by extensions ['colcon_pkg']
[2.100s] Level 1:colcon.colcon_core.package_identification:_identify(archives/f1tenth_system/vesc/vesc_ackermann/include/vesc_ackermann) by extension 'colcon_pkg'
[2.100s] Level 1:colcon.colcon_core.package_identification:_identify(archives/f1tenth_system/vesc/vesc_ackermann/include/vesc_ackermann) by extensions ['colcon_meta']
[2.100s] Level 1:colcon.colcon_core.package_identification:_identify(archives/f1tenth_system/vesc/vesc_ackermann/include/vesc_ackermann) by extension 'colcon_meta'
[2.100s] Level 1:colcon.colcon_core.package_identification:_identify(archives/f1tenth_system/vesc/vesc_ackermann/include/vesc_ackermann) by extensions ['ros']
[2.100s] Level 1:colcon.colcon_core.package_identification:_identify(archives/f1tenth_system/vesc/vesc_ackermann/include/vesc_ackermann) by extension 'ros'
[2.100s] Level 1:colcon.colcon_core.package_identification:_identify(archives/f1tenth_system/vesc/vesc_ackermann/include/vesc_ackermann) by extensions ['cmake', 'python']
[2.100s] Level 1:colcon.colcon_core.package_identification:_identify(archives/f1tenth_system/vesc/vesc_ackermann/include/vesc_ackermann) by extension 'cmake'
[2.100s] Level 1:colcon.colcon_core.package_identification:_identify(archives/f1tenth_system/vesc/vesc_ackermann/include/vesc_ackermann) by extension 'python'
[2.101s] Level 1:colcon.colcon_core.package_identification:_identify(archives/f1tenth_system/vesc/vesc_ackermann/include/vesc_ackermann) by extensions ['python_setup_py']
[2.101s] Level 1:colcon.colcon_core.package_identification:_identify(archives/f1tenth_system/vesc/vesc_ackermann/include/vesc_ackermann) by extension 'python_setup_py'
[2.101s] Level 1:colcon.colcon_core.package_identification:_identify(archives/f1tenth_system/vesc/vesc_ackermann/launch) by extensions ['ignore', 'ignore_ament_install']
[2.101s] Level 1:colcon.colcon_core.package_identification:_identify(archives/f1tenth_system/vesc/vesc_ackermann/launch) by extension 'ignore'
[2.101s] Level 1:colcon.colcon_core.package_identification:_identify(archives/f1tenth_system/vesc/vesc_ackermann/launch) by extension 'ignore_ament_install'
[2.102s] Level 1:colcon.colcon_core.package_identification:_identify(archives/f1tenth_system/vesc/vesc_ackermann/launch) by extensions ['colcon_pkg']
[2.102s] Level 1:colcon.colcon_core.package_identification:_identify(archives/f1tenth_system/vesc/vesc_ackermann/launch) by extension 'colcon_pkg'
[2.102s] Level 1:colcon.colcon_core.package_identification:_identify(archives/f1tenth_system/vesc/vesc_ackermann/launch) by extensions ['colcon_meta']
[2.102s] Level 1:colcon.colcon_core.package_identification:_identify(archives/f1tenth_system/vesc/vesc_ackermann/launch) by extension 'colcon_meta'
[2.102s] Level 1:colcon.colcon_core.package_identification:_identify(archives/f1tenth_system/vesc/vesc_ackermann/launch) by extensions ['ros']
[2.102s] Level 1:colcon.colcon_core.package_identification:_identify(archives/f1tenth_system/vesc/vesc_ackermann/launch) by extension 'ros'
[2.103s] Level 1:colcon.colcon_core.package_identification:_identify(archives/f1tenth_system/vesc/vesc_ackermann/launch) by extensions ['cmake', 'python']
[2.103s] Level 1:colcon.colcon_core.package_identification:_identify(archives/f1tenth_system/vesc/vesc_ackermann/launch) by extension 'cmake'
[2.103s] Level 1:colcon.colcon_core.package_identification:_identify(archives/f1tenth_system/vesc/vesc_ackermann/launch) by extension 'python'
[2.104s] Level 1:colcon.colcon_core.package_identification:_identify(archives/f1tenth_system/vesc/vesc_ackermann/launch) by extensions ['python_setup_py']
[2.104s] Level 1:colcon.colcon_core.package_identification:_identify(archives/f1tenth_system/vesc/vesc_ackermann/launch) by extension 'python_setup_py'
[2.104s] Level 1:colcon.colcon_core.package_identification:_identify(archives/f1tenth_system/vesc/vesc_ackermann/src) by extensions ['ignore', 'ignore_ament_install']
[2.104s] Level 1:colcon.colcon_core.package_identification:_identify(archives/f1tenth_system/vesc/vesc_ackermann/src) by extension 'ignore'
[2.104s] Level 1:colcon.colcon_core.package_identification:_identify(archives/f1tenth_system/vesc/vesc_ackermann/src) by extension 'ignore_ament_install'
[2.104s] Level 1:colcon.colcon_core.package_identification:_identify(archives/f1tenth_system/vesc/vesc_ackermann/src) by extensions ['colcon_pkg']
[2.104s] Level 1:colcon.colcon_core.package_identification:_identify(archives/f1tenth_system/vesc/vesc_ackermann/src) by extension 'colcon_pkg'
[2.104s] Level 1:colcon.colcon_core.package_identification:_identify(archives/f1tenth_system/vesc/vesc_ackermann/src) by extensions ['colcon_meta']
[2.104s] Level 1:colcon.colcon_core.package_identification:_identify(archives/f1tenth_system/vesc/vesc_ackermann/src) by extension 'colcon_meta'
[2.105s] Level 1:colcon.colcon_core.package_identification:_identify(archives/f1tenth_system/vesc/vesc_ackermann/src) by extensions ['ros']
[2.105s] Level 1:colcon.colcon_core.package_identification:_identify(archives/f1tenth_system/vesc/vesc_ackermann/src) by extension 'ros'
[2.105s] Level 1:colcon.colcon_core.package_identification:_identify(archives/f1tenth_system/vesc/vesc_ackermann/src) by extensions ['cmake', 'python']
[2.105s] Level 1:colcon.colcon_core.package_identification:_identify(archives/f1tenth_system/vesc/vesc_ackermann/src) by extension 'cmake'
[2.105s] Level 1:colcon.colcon_core.package_identification:_identify(archives/f1tenth_system/vesc/vesc_ackermann/src) by extension 'python'
[2.105s] Level 1:colcon.colcon_core.package_identification:_identify(archives/f1tenth_system/vesc/vesc_ackermann/src) by extensions ['python_setup_py']
[2.105s] Level 1:colcon.colcon_core.package_identification:_identify(archives/f1tenth_system/vesc/vesc_ackermann/src) by extension 'python_setup_py'
[2.106s] Level 1:colcon.colcon_core.package_identification:_identify(archives/f1tenth_system/vesc/vesc_driver) by extensions ['ignore', 'ignore_ament_install']
[2.106s] Level 1:colcon.colcon_core.package_identification:_identify(archives/f1tenth_system/vesc/vesc_driver) by extension 'ignore'
[2.106s] Level 1:colcon.colcon_core.package_identification:_identify(archives/f1tenth_system/vesc/vesc_driver) by extension 'ignore_ament_install'
[2.106s] Level 1:colcon.colcon_core.package_identification:_identify(archives/f1tenth_system/vesc/vesc_driver) by extensions ['colcon_pkg']
[2.106s] Level 1:colcon.colcon_core.package_identification:_identify(archives/f1tenth_system/vesc/vesc_driver) by extension 'colcon_pkg'
[2.107s] Level 1:colcon.colcon_core.package_identification:_identify(archives/f1tenth_system/vesc/vesc_driver) by extensions ['colcon_meta']
[2.107s] Level 1:colcon.colcon_core.package_identification:_identify(archives/f1tenth_system/vesc/vesc_driver) by extension 'colcon_meta'
[2.108s] Level 1:colcon.colcon_core.package_identification:_identify(archives/f1tenth_system/vesc/vesc_driver) by extensions ['ros']
[2.108s] Level 1:colcon.colcon_core.package_identification:_identify(archives/f1tenth_system/vesc/vesc_driver) by extension 'ros'
[2.108s] Level 1:colcon.colcon_core.package_identification:_identify(archives/f1tenth_system/vesc/vesc_driver) by extensions ['cmake', 'python']
[2.108s] Level 1:colcon.colcon_core.package_identification:_identify(archives/f1tenth_system/vesc/vesc_driver) by extension 'cmake'
[2.108s] Level 1:colcon.colcon_core.package_identification:_identify(archives/f1tenth_system/vesc/vesc_driver) by extension 'python'
[2.108s] Level 1:colcon.colcon_core.package_identification:_identify(archives/f1tenth_system/vesc/vesc_driver) by extensions ['python_setup_py']
[2.108s] Level 1:colcon.colcon_core.package_identification:_identify(archives/f1tenth_system/vesc/vesc_driver) by extension 'python_setup_py'
[2.109s] Level 1:colcon.colcon_core.package_identification:_identify(archives/f1tenth_system/vesc/vesc_driver/include) by extensions ['ignore', 'ignore_ament_install']
[2.109s] Level 1:colcon.colcon_core.package_identification:_identify(archives/f1tenth_system/vesc/vesc_driver/include) by extension 'ignore'
[2.109s] Level 1:colcon.colcon_core.package_identification:_identify(archives/f1tenth_system/vesc/vesc_driver/include) by extension 'ignore_ament_install'
[2.110s] Level 1:colcon.colcon_core.package_identification:_identify(archives/f1tenth_system/vesc/vesc_driver/include) by extensions ['colcon_pkg']
[2.110s] Level 1:colcon.colcon_core.package_identification:_identify(archives/f1tenth_system/vesc/vesc_driver/include) by extension 'colcon_pkg'
[2.110s] Level 1:colcon.colcon_core.package_identification:_identify(archives/f1tenth_system/vesc/vesc_driver/include) by extensions ['colcon_meta']
[2.111s] Level 1:colcon.colcon_core.package_identification:_identify(archives/f1tenth_system/vesc/vesc_driver/include) by extension 'colcon_meta'
[2.112s] Level 1:colcon.colcon_core.package_identification:_identify(archives/f1tenth_system/vesc/vesc_driver/include) by extensions ['ros']
[2.112s] Level 1:colcon.colcon_core.package_identification:_identify(archives/f1tenth_system/vesc/vesc_driver/include) by extension 'ros'
[2.113s] Level 1:colcon.colcon_core.package_identification:_identify(archives/f1tenth_system/vesc/vesc_driver/include) by extensions ['cmake', 'python']
[2.113s] Level 1:colcon.colcon_core.package_identification:_identify(archives/f1tenth_system/vesc/vesc_driver/include) by extension 'cmake'
[2.115s] Level 1:colcon.colcon_core.package_identification:_identify(archives/f1tenth_system/vesc/vesc_driver/include) by extension 'python'
[2.117s] Level 1:colcon.colcon_core.package_identification:_identify(archives/f1tenth_system/vesc/vesc_driver/include) by extensions ['python_setup_py']
[2.117s] Level 1:colcon.colcon_core.package_identification:_identify(archives/f1tenth_system/vesc/vesc_driver/include) by extension 'python_setup_py'
[2.117s] Level 1:colcon.colcon_core.package_identification:_identify(archives/f1tenth_system/vesc/vesc_driver/include/vesc_driver) by extensions ['ignore', 'ignore_ament_install']
[2.117s] Level 1:colcon.colcon_core.package_identification:_identify(archives/f1tenth_system/vesc/vesc_driver/include/vesc_driver) by extension 'ignore'
[2.117s] Level 1:colcon.colcon_core.package_identification:_identify(archives/f1tenth_system/vesc/vesc_driver/include/vesc_driver) by extension 'ignore_ament_install'
[2.117s] Level 1:colcon.colcon_core.package_identification:_identify(archives/f1tenth_system/vesc/vesc_driver/include/vesc_driver) by extensions ['colcon_pkg']
[2.118s] Level 1:colcon.colcon_core.package_identification:_identify(archives/f1tenth_system/vesc/vesc_driver/include/vesc_driver) by extension 'colcon_pkg'
[2.118s] Level 1:colcon.colcon_core.package_identification:_identify(archives/f1tenth_system/vesc/vesc_driver/include/vesc_driver) by extensions ['colcon_meta']
[2.118s] Level 1:colcon.colcon_core.package_identification:_identify(archives/f1tenth_system/vesc/vesc_driver/include/vesc_driver) by extension 'colcon_meta'
[2.118s] Level 1:colcon.colcon_core.package_identification:_identify(archives/f1tenth_system/vesc/vesc_driver/include/vesc_driver) by extensions ['ros']
[2.118s] Level 1:colcon.colcon_core.package_identification:_identify(archives/f1tenth_system/vesc/vesc_driver/include/vesc_driver) by extension 'ros'
[2.120s] Level 1:colcon.colcon_core.package_identification:_identify(archives/f1tenth_system/vesc/vesc_driver/include/vesc_driver) by extensions ['cmake', 'python']
[2.120s] Level 1:colcon.colcon_core.package_identification:_identify(archives/f1tenth_system/vesc/vesc_driver/include/vesc_driver) by extension 'cmake'
[2.120s] Level 1:colcon.colcon_core.package_identification:_identify(archives/f1tenth_system/vesc/vesc_driver/include/vesc_driver) by extension 'python'
[2.120s] Level 1:colcon.colcon_core.package_identification:_identify(archives/f1tenth_system/vesc/vesc_driver/include/vesc_driver) by extensions ['python_setup_py']
[2.120s] Level 1:colcon.colcon_core.package_identification:_identify(archives/f1tenth_system/vesc/vesc_driver/include/vesc_driver) by extension 'python_setup_py'
[2.120s] Level 1:colcon.colcon_core.package_identification:_identify(archives/f1tenth_system/vesc/vesc_driver/launch) by extensions ['ignore', 'ignore_ament_install']
[2.121s] Level 1:colcon.colcon_core.package_identification:_identify(archives/f1tenth_system/vesc/vesc_driver/launch) by extension 'ignore'
[2.122s] Level 1:colcon.colcon_core.package_identification:_identify(archives/f1tenth_system/vesc/vesc_driver/launch) by extension 'ignore_ament_install'
[2.124s] Level 1:colcon.colcon_core.package_identification:_identify(archives/f1tenth_system/vesc/vesc_driver/launch) by extensions ['colcon_pkg']
[2.124s] Level 1:colcon.colcon_core.package_identification:_identify(archives/f1tenth_system/vesc/vesc_driver/launch) by extension 'colcon_pkg'
[2.124s] Level 1:colcon.colcon_core.package_identification:_identify(archives/f1tenth_system/vesc/vesc_driver/launch) by extensions ['colcon_meta']
[2.124s] Level 1:colcon.colcon_core.package_identification:_identify(archives/f1tenth_system/vesc/vesc_driver/launch) by extension 'colcon_meta'
[2.124s] Level 1:colcon.colcon_core.package_identification:_identify(archives/f1tenth_system/vesc/vesc_driver/launch) by extensions ['ros']
[2.124s] Level 1:colcon.colcon_core.package_identification:_identify(archives/f1tenth_system/vesc/vesc_driver/launch) by extension 'ros'
[2.124s] Level 1:colcon.colcon_core.package_identification:_identify(archives/f1tenth_system/vesc/vesc_driver/launch) by extensions ['cmake', 'python']
[2.124s] Level 1:colcon.colcon_core.package_identification:_identify(archives/f1tenth_system/vesc/vesc_driver/launch) by extension 'cmake'
[2.124s] Level 1:colcon.colcon_core.package_identification:_identify(archives/f1tenth_system/vesc/vesc_driver/launch) by extension 'python'
[2.125s] Level 1:colcon.colcon_core.package_identification:_identify(archives/f1tenth_system/vesc/vesc_driver/launch) by extensions ['python_setup_py']
[2.125s] Level 1:colcon.colcon_core.package_identification:_identify(archives/f1tenth_system/vesc/vesc_driver/launch) by extension 'python_setup_py'
[2.125s] Level 1:colcon.colcon_core.package_identification:_identify(archives/f1tenth_system/vesc/vesc_driver/params) by extensions ['ignore', 'ignore_ament_install']
[2.125s] Level 1:colcon.colcon_core.package_identification:_identify(archives/f1tenth_system/vesc/vesc_driver/params) by extension 'ignore'
[2.125s] Level 1:colcon.colcon_core.package_identification:_identify(archives/f1tenth_system/vesc/vesc_driver/params) by extension 'ignore_ament_install'
[2.125s] Level 1:colcon.colcon_core.package_identification:_identify(archives/f1tenth_system/vesc/vesc_driver/params) by extensions ['colcon_pkg']
[2.125s] Level 1:colcon.colcon_core.package_identification:_identify(archives/f1tenth_system/vesc/vesc_driver/params) by extension 'colcon_pkg'
[2.125s] Level 1:colcon.colcon_core.package_identification:_identify(archives/f1tenth_system/vesc/vesc_driver/params) by extensions ['colcon_meta']
[2.125s] Level 1:colcon.colcon_core.package_identification:_identify(archives/f1tenth_system/vesc/vesc_driver/params) by extension 'colcon_meta'
[2.126s] Level 1:colcon.colcon_core.package_identification:_identify(archives/f1tenth_system/vesc/vesc_driver/params) by extensions ['ros']
[2.126s] Level 1:colcon.colcon_core.package_identification:_identify(archives/f1tenth_system/vesc/vesc_driver/params) by extension 'ros'
[2.126s] Level 1:colcon.colcon_core.package_identification:_identify(archives/f1tenth_system/vesc/vesc_driver/params) by extensions ['cmake', 'python']
[2.126s] Level 1:colcon.colcon_core.package_identification:_identify(archives/f1tenth_system/vesc/vesc_driver/params) by extension 'cmake'
[2.126s] Level 1:colcon.colcon_core.package_identification:_identify(archives/f1tenth_system/vesc/vesc_driver/params) by extension 'python'
[2.127s] Level 1:colcon.colcon_core.package_identification:_identify(archives/f1tenth_system/vesc/vesc_driver/params) by extensions ['python_setup_py']
[2.128s] Level 1:colcon.colcon_core.package_identification:_identify(archives/f1tenth_system/vesc/vesc_driver/params) by extension 'python_setup_py'
[2.129s] Level 1:colcon.colcon_core.package_identification:_identify(archives/f1tenth_system/vesc/vesc_driver/scripts) by extensions ['ignore', 'ignore_ament_install']
[2.129s] Level 1:colcon.colcon_core.package_identification:_identify(archives/f1tenth_system/vesc/vesc_driver/scripts) by extension 'ignore'
[2.129s] Level 1:colcon.colcon_core.package_identification:_identify(archives/f1tenth_system/vesc/vesc_driver/scripts) by extension 'ignore_ament_install'
[2.130s] Level 1:colcon.colcon_core.package_identification:_identify(archives/f1tenth_system/vesc/vesc_driver/scripts) by extensions ['colcon_pkg']
[2.130s] Level 1:colcon.colcon_core.package_identification:_identify(archives/f1tenth_system/vesc/vesc_driver/scripts) by extension 'colcon_pkg'
[2.130s] Level 1:colcon.colcon_core.package_identification:_identify(archives/f1tenth_system/vesc/vesc_driver/scripts) by extensions ['colcon_meta']
[2.130s] Level 1:colcon.colcon_core.package_identification:_identify(archives/f1tenth_system/vesc/vesc_driver/scripts) by extension 'colcon_meta'
[2.130s] Level 1:colcon.colcon_core.package_identification:_identify(archives/f1tenth_system/vesc/vesc_driver/scripts) by extensions ['ros']
[2.131s] Level 1:colcon.colcon_core.package_identification:_identify(archives/f1tenth_system/vesc/vesc_driver/scripts) by extension 'ros'
[2.132s] Level 1:colcon.colcon_core.package_identification:_identify(archives/f1tenth_system/vesc/vesc_driver/scripts) by extensions ['cmake', 'python']
[2.132s] Level 1:colcon.colcon_core.package_identification:_identify(archives/f1tenth_system/vesc/vesc_driver/scripts) by extension 'cmake'
[2.132s] Level 1:colcon.colcon_core.package_identification:_identify(archives/f1tenth_system/vesc/vesc_driver/scripts) by extension 'python'
[2.132s] Level 1:colcon.colcon_core.package_identification:_identify(archives/f1tenth_system/vesc/vesc_driver/scripts) by extensions ['python_setup_py']
[2.132s] Level 1:colcon.colcon_core.package_identification:_identify(archives/f1tenth_system/vesc/vesc_driver/scripts) by extension 'python_setup_py'
[2.133s] Level 1:colcon.colcon_core.package_identification:_identify(archives/f1tenth_system/vesc/vesc_driver/src) by extensions ['ignore', 'ignore_ament_install']
[2.133s] Level 1:colcon.colcon_core.package_identification:_identify(archives/f1tenth_system/vesc/vesc_driver/src) by extension 'ignore'
[2.133s] Level 1:colcon.colcon_core.package_identification:_identify(archives/f1tenth_system/vesc/vesc_driver/src) by extension 'ignore_ament_install'
[2.133s] Level 1:colcon.colcon_core.package_identification:_identify(archives/f1tenth_system/vesc/vesc_driver/src) by extensions ['colcon_pkg']
[2.133s] Level 1:colcon.colcon_core.package_identification:_identify(archives/f1tenth_system/vesc/vesc_driver/src) by extension 'colcon_pkg'
[2.133s] Level 1:colcon.colcon_core.package_identification:_identify(archives/f1tenth_system/vesc/vesc_driver/src) by extensions ['colcon_meta']
[2.133s] Level 1:colcon.colcon_core.package_identification:_identify(archives/f1tenth_system/vesc/vesc_driver/src) by extension 'colcon_meta'
[2.134s] Level 1:colcon.colcon_core.package_identification:_identify(archives/f1tenth_system/vesc/vesc_driver/src) by extensions ['ros']
[2.134s] Level 1:colcon.colcon_core.package_identification:_identify(archives/f1tenth_system/vesc/vesc_driver/src) by extension 'ros'
[2.134s] Level 1:colcon.colcon_core.package_identification:_identify(archives/f1tenth_system/vesc/vesc_driver/src) by extensions ['cmake', 'python']
[2.134s] Level 1:colcon.colcon_core.package_identification:_identify(archives/f1tenth_system/vesc/vesc_driver/src) by extension 'cmake'
[2.135s] Level 1:colcon.colcon_core.package_identification:_identify(archives/f1tenth_system/vesc/vesc_driver/src) by extension 'python'
[2.135s] Level 1:colcon.colcon_core.package_identification:_identify(archives/f1tenth_system/vesc/vesc_driver/src) by extensions ['python_setup_py']
[2.135s] Level 1:colcon.colcon_core.package_identification:_identify(archives/f1tenth_system/vesc/vesc_driver/src) by extension 'python_setup_py'
[2.135s] Level 1:colcon.colcon_core.package_identification:_identify(archives/f1tenth_system/vesc/vesc_msgs) by extensions ['ignore', 'ignore_ament_install']
[2.135s] Level 1:colcon.colcon_core.package_identification:_identify(archives/f1tenth_system/vesc/vesc_msgs) by extension 'ignore'
[2.135s] Level 1:colcon.colcon_core.package_identification:_identify(archives/f1tenth_system/vesc/vesc_msgs) by extension 'ignore_ament_install'
[2.135s] Level 1:colcon.colcon_core.package_identification:_identify(archives/f1tenth_system/vesc/vesc_msgs) by extensions ['colcon_pkg']
[2.135s] Level 1:colcon.colcon_core.package_identification:_identify(archives/f1tenth_system/vesc/vesc_msgs) by extension 'colcon_pkg'
[2.136s] Level 1:colcon.colcon_core.package_identification:_identify(archives/f1tenth_system/vesc/vesc_msgs) by extensions ['colcon_meta']
[2.137s] Level 1:colcon.colcon_core.package_identification:_identify(archives/f1tenth_system/vesc/vesc_msgs) by extension 'colcon_meta'
[2.137s] Level 1:colcon.colcon_core.package_identification:_identify(archives/f1tenth_system/vesc/vesc_msgs) by extensions ['ros']
[2.137s] Level 1:colcon.colcon_core.package_identification:_identify(archives/f1tenth_system/vesc/vesc_msgs) by extension 'ros'
[2.137s] Level 1:colcon.colcon_core.package_identification:_identify(archives/f1tenth_system/vesc/vesc_msgs) by extensions ['cmake', 'python']
[2.137s] Level 1:colcon.colcon_core.package_identification:_identify(archives/f1tenth_system/vesc/vesc_msgs) by extension 'cmake'
[2.137s] Level 1:colcon.colcon_core.package_identification:_identify(archives/f1tenth_system/vesc/vesc_msgs) by extension 'python'
[2.137s] Level 1:colcon.colcon_core.package_identification:_identify(archives/f1tenth_system/vesc/vesc_msgs) by extensions ['python_setup_py']
[2.137s] Level 1:colcon.colcon_core.package_identification:_identify(archives/f1tenth_system/vesc/vesc_msgs) by extension 'python_setup_py'
[2.138s] Level 1:colcon.colcon_core.package_identification:_identify(archives/f1tenth_system/vesc/vesc_msgs/msg) by extensions ['ignore', 'ignore_ament_install']
[2.138s] Level 1:colcon.colcon_core.package_identification:_identify(archives/f1tenth_system/vesc/vesc_msgs/msg) by extension 'ignore'
[2.138s] Level 1:colcon.colcon_core.package_identification:_identify(archives/f1tenth_system/vesc/vesc_msgs/msg) by extension 'ignore_ament_install'
[2.138s] Level 1:colcon.colcon_core.package_identification:_identify(archives/f1tenth_system/vesc/vesc_msgs/msg) by extensions ['colcon_pkg']
[2.138s] Level 1:colcon.colcon_core.package_identification:_identify(archives/f1tenth_system/vesc/vesc_msgs/msg) by extension 'colcon_pkg'
[2.138s] Level 1:colcon.colcon_core.package_identification:_identify(archives/f1tenth_system/vesc/vesc_msgs/msg) by extensions ['colcon_meta']
[2.139s] Level 1:colcon.colcon_core.package_identification:_identify(archives/f1tenth_system/vesc/vesc_msgs/msg) by extension 'colcon_meta'
[2.139s] Level 1:colcon.colcon_core.package_identification:_identify(archives/f1tenth_system/vesc/vesc_msgs/msg) by extensions ['ros']
[2.139s] Level 1:colcon.colcon_core.package_identification:_identify(archives/f1tenth_system/vesc/vesc_msgs/msg) by extension 'ros'
[2.140s] Level 1:colcon.colcon_core.package_identification:_identify(archives/f1tenth_system/vesc/vesc_msgs/msg) by extensions ['cmake', 'python']
[2.140s] Level 1:colcon.colcon_core.package_identification:_identify(archives/f1tenth_system/vesc/vesc_msgs/msg) by extension 'cmake'
[2.140s] Level 1:colcon.colcon_core.package_identification:_identify(archives/f1tenth_system/vesc/vesc_msgs/msg) by extension 'python'
[2.140s] Level 1:colcon.colcon_core.package_identification:_identify(archives/f1tenth_system/vesc/vesc_msgs/msg) by extensions ['python_setup_py']
[2.140s] Level 1:colcon.colcon_core.package_identification:_identify(archives/f1tenth_system/vesc/vesc_msgs/msg) by extension 'python_setup_py'
[2.141s] Level 1:colcon.colcon_core.package_identification:_identify(archives/localisation) by extensions ['ignore', 'ignore_ament_install']
[2.141s] Level 1:colcon.colcon_core.package_identification:_identify(archives/localisation) by extension 'ignore'
[2.142s] Level 1:colcon.colcon_core.package_identification:_identify(archives/localisation) by extension 'ignore_ament_install'
[2.143s] Level 1:colcon.colcon_core.package_identification:_identify(archives/localisation) by extensions ['colcon_pkg']
[2.143s] Level 1:colcon.colcon_core.package_identification:_identify(archives/localisation) by extension 'colcon_pkg'
[2.146s] Level 1:colcon.colcon_core.package_identification:_identify(archives/localisation) by extensions ['colcon_meta']
[2.147s] Level 1:colcon.colcon_core.package_identification:_identify(archives/localisation) by extension 'colcon_meta'
[2.148s] Level 1:colcon.colcon_core.package_identification:_identify(archives/localisation) by extensions ['ros']
[2.148s] Level 1:colcon.colcon_core.package_identification:_identify(archives/localisation) by extension 'ros'
[2.149s] Level 1:colcon.colcon_core.package_identification:_identify(archives/localisation) by extensions ['cmake', 'python']
[2.150s] Level 1:colcon.colcon_core.package_identification:_identify(archives/localisation) by extension 'cmake'
[2.151s] Level 1:colcon.colcon_core.package_identification:_identify(archives/localisation) by extension 'python'
[2.151s] Level 1:colcon.colcon_core.package_identification:_identify(archives/localisation) by extensions ['python_setup_py']
[2.151s] Level 1:colcon.colcon_core.package_identification:_identify(archives/localisation) by extension 'python_setup_py'
[2.151s] Level 1:colcon.colcon_core.package_identification:_identify(archives/localisation/localisation) by extensions ['ignore', 'ignore_ament_install']
[2.152s] Level 1:colcon.colcon_core.package_identification:_identify(archives/localisation/localisation) by extension 'ignore'
[2.153s] Level 1:colcon.colcon_core.package_identification:_identify(archives/localisation/localisation) by extension 'ignore_ament_install'
[2.153s] Level 1:colcon.colcon_core.package_identification:_identify(archives/localisation/localisation) by extensions ['colcon_pkg']
[2.153s] Level 1:colcon.colcon_core.package_identification:_identify(archives/localisation/localisation) by extension 'colcon_pkg'
[2.153s] Level 1:colcon.colcon_core.package_identification:_identify(archives/localisation/localisation) by extensions ['colcon_meta']
[2.153s] Level 1:colcon.colcon_core.package_identification:_identify(archives/localisation/localisation) by extension 'colcon_meta'
[2.153s] Level 1:colcon.colcon_core.package_identification:_identify(archives/localisation/localisation) by extensions ['ros']
[2.154s] Level 1:colcon.colcon_core.package_identification:_identify(archives/localisation/localisation) by extension 'ros'
[2.155s] Level 1:colcon.colcon_core.package_identification:_identify(archives/localisation/localisation) by extensions ['cmake', 'python']
[2.155s] Level 1:colcon.colcon_core.package_identification:_identify(archives/localisation/localisation) by extension 'cmake'
[2.155s] Level 1:colcon.colcon_core.package_identification:_identify(archives/localisation/localisation) by extension 'python'
[2.155s] Level 1:colcon.colcon_core.package_identification:_identify(archives/localisation/localisation) by extensions ['python_setup_py']
[2.155s] Level 1:colcon.colcon_core.package_identification:_identify(archives/localisation/localisation) by extension 'python_setup_py'
[2.155s] Level 1:colcon.colcon_core.package_identification:_identify(archives/localisation/resource) by extensions ['ignore', 'ignore_ament_install']
[2.155s] Level 1:colcon.colcon_core.package_identification:_identify(archives/localisation/resource) by extension 'ignore'
[2.156s] Level 1:colcon.colcon_core.package_identification:_identify(archives/localisation/resource) by extension 'ignore_ament_install'
[2.156s] Level 1:colcon.colcon_core.package_identification:_identify(archives/localisation/resource) by extensions ['colcon_pkg']
[2.156s] Level 1:colcon.colcon_core.package_identification:_identify(archives/localisation/resource) by extension 'colcon_pkg'
[2.156s] Level 1:colcon.colcon_core.package_identification:_identify(archives/localisation/resource) by extensions ['colcon_meta']
[2.156s] Level 1:colcon.colcon_core.package_identification:_identify(archives/localisation/resource) by extension 'colcon_meta'
[2.156s] Level 1:colcon.colcon_core.package_identification:_identify(archives/localisation/resource) by extensions ['ros']
[2.156s] Level 1:colcon.colcon_core.package_identification:_identify(archives/localisation/resource) by extension 'ros'
[2.156s] Level 1:colcon.colcon_core.package_identification:_identify(archives/localisation/resource) by extensions ['cmake', 'python']
[2.156s] Level 1:colcon.colcon_core.package_identification:_identify(archives/localisation/resource) by extension 'cmake'
[2.156s] Level 1:colcon.colcon_core.package_identification:_identify(archives/localisation/resource) by extension 'python'
[2.156s] Level 1:colcon.colcon_core.package_identification:_identify(archives/localisation/resource) by extensions ['python_setup_py']
[2.156s] Level 1:colcon.colcon_core.package_identification:_identify(archives/localisation/resource) by extension 'python_setup_py'
[2.157s] Level 1:colcon.colcon_core.package_identification:_identify(archives/localisation/test) by extensions ['ignore', 'ignore_ament_install']
[2.157s] Level 1:colcon.colcon_core.package_identification:_identify(archives/localisation/test) by extension 'ignore'
[2.157s] Level 1:colcon.colcon_core.package_identification:_identify(archives/localisation/test) by extension 'ignore_ament_install'
[2.157s] Level 1:colcon.colcon_core.package_identification:_identify(archives/localisation/test) by extensions ['colcon_pkg']
[2.157s] Level 1:colcon.colcon_core.package_identification:_identify(archives/localisation/test) by extension 'colcon_pkg'
[2.157s] Level 1:colcon.colcon_core.package_identification:_identify(archives/localisation/test) by extensions ['colcon_meta']
[2.157s] Level 1:colcon.colcon_core.package_identification:_identify(archives/localisation/test) by extension 'colcon_meta'
[2.157s] Level 1:colcon.colcon_core.package_identification:_identify(archives/localisation/test) by extensions ['ros']
[2.157s] Level 1:colcon.colcon_core.package_identification:_identify(archives/localisation/test) by extension 'ros'
[2.157s] Level 1:colcon.colcon_core.package_identification:_identify(archives/localisation/test) by extensions ['cmake', 'python']
[2.157s] Level 1:colcon.colcon_core.package_identification:_identify(archives/localisation/test) by extension 'cmake'
[2.157s] Level 1:colcon.colcon_core.package_identification:_identify(archives/localisation/test) by extension 'python'
[2.157s] Level 1:colcon.colcon_core.package_identification:_identify(archives/localisation/test) by extensions ['python_setup_py']
[2.157s] Level 1:colcon.colcon_core.package_identification:_identify(archives/localisation/test) by extension 'python_setup_py'
[2.157s] Level 1:colcon.colcon_core.package_identification:_identify(archives/strategy) by extensions ['ignore', 'ignore_ament_install']
[2.158s] Level 1:colcon.colcon_core.package_identification:_identify(archives/strategy) by extension 'ignore'
[2.160s] Level 1:colcon.colcon_core.package_identification:_identify(archives/strategy) by extension 'ignore_ament_install'
[2.161s] Level 1:colcon.colcon_core.package_identification:_identify(archives/strategy) by extensions ['colcon_pkg']
[2.161s] Level 1:colcon.colcon_core.package_identification:_identify(archives/strategy) by extension 'colcon_pkg'
[2.161s] Level 1:colcon.colcon_core.package_identification:_identify(archives/strategy) by extensions ['colcon_meta']
[2.161s] Level 1:colcon.colcon_core.package_identification:_identify(archives/strategy) by extension 'colcon_meta'
[2.161s] Level 1:colcon.colcon_core.package_identification:_identify(archives/strategy) by extensions ['ros']
[2.161s] Level 1:colcon.colcon_core.package_identification:_identify(archives/strategy) by extension 'ros'
[2.161s] Level 1:colcon.colcon_core.package_identification:_identify(archives/strategy) by extensions ['cmake', 'python']
[2.161s] Level 1:colcon.colcon_core.package_identification:_identify(archives/strategy) by extension 'cmake'
[2.161s] Level 1:colcon.colcon_core.package_identification:_identify(archives/strategy) by extension 'python'
[2.161s] Level 1:colcon.colcon_core.package_identification:_identify(archives/strategy) by extensions ['python_setup_py']
[2.161s] Level 1:colcon.colcon_core.package_identification:_identify(archives/strategy) by extension 'python_setup_py'
[2.162s] Level 1:colcon.colcon_core.package_identification:_identify(archives/strategy/config) by extensions ['ignore', 'ignore_ament_install']
[2.162s] Level 1:colcon.colcon_core.package_identification:_identify(archives/strategy/config) by extension 'ignore'
[2.162s] Level 1:colcon.colcon_core.package_identification:_identify(archives/strategy/config) by extension 'ignore_ament_install'
[2.162s] Level 1:colcon.colcon_core.package_identification:_identify(archives/strategy/config) by extensions ['colcon_pkg']
[2.162s] Level 1:colcon.colcon_core.package_identification:_identify(archives/strategy/config) by extension 'colcon_pkg'
[2.162s] Level 1:colcon.colcon_core.package_identification:_identify(archives/strategy/config) by extensions ['colcon_meta']
[2.162s] Level 1:colcon.colcon_core.package_identification:_identify(archives/strategy/config) by extension 'colcon_meta'
[2.162s] Level 1:colcon.colcon_core.package_identification:_identify(archives/strategy/config) by extensions ['ros']
[2.162s] Level 1:colcon.colcon_core.package_identification:_identify(archives/strategy/config) by extension 'ros'
[2.163s] Level 1:colcon.colcon_core.package_identification:_identify(archives/strategy/config) by extensions ['cmake', 'python']
[2.164s] Level 1:colcon.colcon_core.package_identification:_identify(archives/strategy/config) by extension 'cmake'
[2.164s] Level 1:colcon.colcon_core.package_identification:_identify(archives/strategy/config) by extension 'python'
[2.165s] Level 1:colcon.colcon_core.package_identification:_identify(archives/strategy/config) by extensions ['python_setup_py']
[2.165s] Level 1:colcon.colcon_core.package_identification:_identify(archives/strategy/config) by extension 'python_setup_py'
[2.165s] Level 1:colcon.colcon_core.package_identification:_identify(archives/strategy/launch) by extensions ['ignore', 'ignore_ament_install']
[2.165s] Level 1:colcon.colcon_core.package_identification:_identify(archives/strategy/launch) by extension 'ignore'
[2.165s] Level 1:colcon.colcon_core.package_identification:_identify(archives/strategy/launch) by extension 'ignore_ament_install'
[2.165s] Level 1:colcon.colcon_core.package_identification:_identify(archives/strategy/launch) by extensions ['colcon_pkg']
[2.165s] Level 1:colcon.colcon_core.package_identification:_identify(archives/strategy/launch) by extension 'colcon_pkg'
[2.166s] Level 1:colcon.colcon_core.package_identification:_identify(archives/strategy/launch) by extensions ['colcon_meta']
[2.166s] Level 1:colcon.colcon_core.package_identification:_identify(archives/strategy/launch) by extension 'colcon_meta'
[2.166s] Level 1:colcon.colcon_core.package_identification:_identify(archives/strategy/launch) by extensions ['ros']
[2.166s] Level 1:colcon.colcon_core.package_identification:_identify(archives/strategy/launch) by extension 'ros'
[2.166s] Level 1:colcon.colcon_core.package_identification:_identify(archives/strategy/launch) by extensions ['cmake', 'python']
[2.166s] Level 1:colcon.colcon_core.package_identification:_identify(archives/strategy/launch) by extension 'cmake'
[2.166s] Level 1:colcon.colcon_core.package_identification:_identify(archives/strategy/launch) by extension 'python'
[2.166s] Level 1:colcon.colcon_core.package_identification:_identify(archives/strategy/launch) by extensions ['python_setup_py']
[2.166s] Level 1:colcon.colcon_core.package_identification:_identify(archives/strategy/launch) by extension 'python_setup_py'
[2.166s] Level 1:colcon.colcon_core.package_identification:_identify(archives/strategy/resource) by extensions ['ignore', 'ignore_ament_install']
[2.167s] Level 1:colcon.colcon_core.package_identification:_identify(archives/strategy/resource) by extension 'ignore'
[2.168s] Level 1:colcon.colcon_core.package_identification:_identify(archives/strategy/resource) by extension 'ignore_ament_install'
[2.168s] Level 1:colcon.colcon_core.package_identification:_identify(archives/strategy/resource) by extensions ['colcon_pkg']
[2.168s] Level 1:colcon.colcon_core.package_identification:_identify(archives/strategy/resource) by extension 'colcon_pkg'
[2.168s] Level 1:colcon.colcon_core.package_identification:_identify(archives/strategy/resource) by extensions ['colcon_meta']
[2.168s] Level 1:colcon.colcon_core.package_identification:_identify(archives/strategy/resource) by extension 'colcon_meta'
[2.168s] Level 1:colcon.colcon_core.package_identification:_identify(archives/strategy/resource) by extensions ['ros']
[2.168s] Level 1:colcon.colcon_core.package_identification:_identify(archives/strategy/resource) by extension 'ros'
[2.169s] Level 1:colcon.colcon_core.package_identification:_identify(archives/strategy/resource) by extensions ['cmake', 'python']
[2.169s] Level 1:colcon.colcon_core.package_identification:_identify(archives/strategy/resource) by extension 'cmake'
[2.169s] Level 1:colcon.colcon_core.package_identification:_identify(archives/strategy/resource) by extension 'python'
[2.169s] Level 1:colcon.colcon_core.package_identification:_identify(archives/strategy/resource) by extensions ['python_setup_py']
[2.169s] Level 1:colcon.colcon_core.package_identification:_identify(archives/strategy/resource) by extension 'python_setup_py'
[2.169s] Level 1:colcon.colcon_core.package_identification:_identify(archives/strategy/strategy) by extensions ['ignore', 'ignore_ament_install']
[2.169s] Level 1:colcon.colcon_core.package_identification:_identify(archives/strategy/strategy) by extension 'ignore'
[2.169s] Level 1:colcon.colcon_core.package_identification:_identify(archives/strategy/strategy) by extension 'ignore_ament_install'
[2.169s] Level 1:colcon.colcon_core.package_identification:_identify(archives/strategy/strategy) by extensions ['colcon_pkg']
[2.169s] Level 1:colcon.colcon_core.package_identification:_identify(archives/strategy/strategy) by extension 'colcon_pkg'
[2.169s] Level 1:colcon.colcon_core.package_identification:_identify(archives/strategy/strategy) by extensions ['colcon_meta']
[2.169s] Level 1:colcon.colcon_core.package_identification:_identify(archives/strategy/strategy) by extension 'colcon_meta'
[2.169s] Level 1:colcon.colcon_core.package_identification:_identify(archives/strategy/strategy) by extensions ['ros']
[2.170s] Level 1:colcon.colcon_core.package_identification:_identify(archives/strategy/strategy) by extension 'ros'
[2.170s] Level 1:colcon.colcon_core.package_identification:_identify(archives/strategy/strategy) by extensions ['cmake', 'python']
[2.170s] Level 1:colcon.colcon_core.package_identification:_identify(archives/strategy/strategy) by extension 'cmake'
[2.170s] Level 1:colcon.colcon_core.package_identification:_identify(archives/strategy/strategy) by extension 'python'
[2.170s] Level 1:colcon.colcon_core.package_identification:_identify(archives/strategy/strategy) by extensions ['python_setup_py']
[2.170s] Level 1:colcon.colcon_core.package_identification:_identify(archives/strategy/strategy) by extension 'python_setup_py'
[2.170s] Level 1:colcon.colcon_core.package_identification:_identify(archives/strategy/test) by extensions ['ignore', 'ignore_ament_install']
[2.171s] Level 1:colcon.colcon_core.package_identification:_identify(archives/strategy/test) by extension 'ignore'
[2.171s] Level 1:colcon.colcon_core.package_identification:_identify(archives/strategy/test) by extension 'ignore_ament_install'
[2.171s] Level 1:colcon.colcon_core.package_identification:_identify(archives/strategy/test) by extensions ['colcon_pkg']
[2.171s] Level 1:colcon.colcon_core.package_identification:_identify(archives/strategy/test) by extension 'colcon_pkg'
[2.171s] Level 1:colcon.colcon_core.package_identification:_identify(archives/strategy/test) by extensions ['colcon_meta']
[2.171s] Level 1:colcon.colcon_core.package_identification:_identify(archives/strategy/test) by extension 'colcon_meta'
[2.171s] Level 1:colcon.colcon_core.package_identification:_identify(archives/strategy/test) by extensions ['ros']
[2.171s] Level 1:colcon.colcon_core.package_identification:_identify(archives/strategy/test) by extension 'ros'
[2.172s] Level 1:colcon.colcon_core.package_identification:_identify(archives/strategy/test) by extensions ['cmake', 'python']
[2.172s] Level 1:colcon.colcon_core.package_identification:_identify(archives/strategy/test) by extension 'cmake'
[2.172s] Level 1:colcon.colcon_core.package_identification:_identify(archives/strategy/test) by extension 'python'
[2.172s] Level 1:colcon.colcon_core.package_identification:_identify(archives/strategy/test) by extensions ['python_setup_py']
[2.172s] Level 1:colcon.colcon_core.package_identification:_identify(archives/strategy/test) by extension 'python_setup_py'
[2.172s] Level 1:colcon.colcon_core.package_identification:_identify(archives/timer) by extensions ['ignore', 'ignore_ament_install']
[2.172s] Level 1:colcon.colcon_core.package_identification:_identify(archives/timer) by extension 'ignore'
[2.173s] Level 1:colcon.colcon_core.package_identification:_identify(archives/timer) by extension 'ignore_ament_install'
[2.173s] Level 1:colcon.colcon_core.package_identification:_identify(archives/timer) by extensions ['colcon_pkg']
[2.173s] Level 1:colcon.colcon_core.package_identification:_identify(archives/timer) by extension 'colcon_pkg'
[2.173s] Level 1:colcon.colcon_core.package_identification:_identify(archives/timer) by extensions ['colcon_meta']
[2.173s] Level 1:colcon.colcon_core.package_identification:_identify(archives/timer) by extension 'colcon_meta'
[2.173s] Level 1:colcon.colcon_core.package_identification:_identify(archives/timer) by extensions ['ros']
[2.173s] Level 1:colcon.colcon_core.package_identification:_identify(archives/timer) by extension 'ros'
[2.173s] Level 1:colcon.colcon_core.package_identification:_identify(archives/timer) by extensions ['cmake', 'python']
[2.173s] Level 1:colcon.colcon_core.package_identification:_identify(archives/timer) by extension 'cmake'
[2.174s] Level 1:colcon.colcon_core.package_identification:_identify(archives/timer) by extension 'python'
[2.174s] Level 1:colcon.colcon_core.package_identification:_identify(archives/timer) by extensions ['python_setup_py']
[2.174s] Level 1:colcon.colcon_core.package_identification:_identify(archives/timer) by extension 'python_setup_py'
[2.174s] Level 1:colcon.colcon_core.package_identification:_identify(archives/timer/config) by extensions ['ignore', 'ignore_ament_install']
[2.174s] Level 1:colcon.colcon_core.package_identification:_identify(archives/timer/config) by extension 'ignore'
[2.174s] Level 1:colcon.colcon_core.package_identification:_identify(archives/timer/config) by extension 'ignore_ament_install'
[2.174s] Level 1:colcon.colcon_core.package_identification:_identify(archives/timer/config) by extensions ['colcon_pkg']
[2.174s] Level 1:colcon.colcon_core.package_identification:_identify(archives/timer/config) by extension 'colcon_pkg'
[2.174s] Level 1:colcon.colcon_core.package_identification:_identify(archives/timer/config) by extensions ['colcon_meta']
[2.174s] Level 1:colcon.colcon_core.package_identification:_identify(archives/timer/config) by extension 'colcon_meta'
[2.174s] Level 1:colcon.colcon_core.package_identification:_identify(archives/timer/config) by extensions ['ros']
[2.174s] Level 1:colcon.colcon_core.package_identification:_identify(archives/timer/config) by extension 'ros'
[2.174s] Level 1:colcon.colcon_core.package_identification:_identify(archives/timer/config) by extensions ['cmake', 'python']
[2.175s] Level 1:colcon.colcon_core.package_identification:_identify(archives/timer/config) by extension 'cmake'
[2.175s] Level 1:colcon.colcon_core.package_identification:_identify(archives/timer/config) by extension 'python'
[2.175s] Level 1:colcon.colcon_core.package_identification:_identify(archives/timer/config) by extensions ['python_setup_py']
[2.175s] Level 1:colcon.colcon_core.package_identification:_identify(archives/timer/config) by extension 'python_setup_py'
[2.175s] Level 1:colcon.colcon_core.package_identification:_identify(archives/timer/resource) by extensions ['ignore', 'ignore_ament_install']
[2.175s] Level 1:colcon.colcon_core.package_identification:_identify(archives/timer/resource) by extension 'ignore'
[2.175s] Level 1:colcon.colcon_core.package_identification:_identify(archives/timer/resource) by extension 'ignore_ament_install'
[2.175s] Level 1:colcon.colcon_core.package_identification:_identify(archives/timer/resource) by extensions ['colcon_pkg']
[2.175s] Level 1:colcon.colcon_core.package_identification:_identify(archives/timer/resource) by extension 'colcon_pkg'
[2.176s] Level 1:colcon.colcon_core.package_identification:_identify(archives/timer/resource) by extensions ['colcon_meta']
[2.176s] Level 1:colcon.colcon_core.package_identification:_identify(archives/timer/resource) by extension 'colcon_meta'
[2.176s] Level 1:colcon.colcon_core.package_identification:_identify(archives/timer/resource) by extensions ['ros']
[2.176s] Level 1:colcon.colcon_core.package_identification:_identify(archives/timer/resource) by extension 'ros'
[2.176s] Level 1:colcon.colcon_core.package_identification:_identify(archives/timer/resource) by extensions ['cmake', 'python']
[2.176s] Level 1:colcon.colcon_core.package_identification:_identify(archives/timer/resource) by extension 'cmake'
[2.176s] Level 1:colcon.colcon_core.package_identification:_identify(archives/timer/resource) by extension 'python'
[2.176s] Level 1:colcon.colcon_core.package_identification:_identify(archives/timer/resource) by extensions ['python_setup_py']
[2.176s] Level 1:colcon.colcon_core.package_identification:_identify(archives/timer/resource) by extension 'python_setup_py'
[2.176s] Level 1:colcon.colcon_core.package_identification:_identify(archives/timer/test) by extensions ['ignore', 'ignore_ament_install']
[2.176s] Level 1:colcon.colcon_core.package_identification:_identify(archives/timer/test) by extension 'ignore'
[2.177s] Level 1:colcon.colcon_core.package_identification:_identify(archives/timer/test) by extension 'ignore_ament_install'
[2.177s] Level 1:colcon.colcon_core.package_identification:_identify(archives/timer/test) by extensions ['colcon_pkg']
[2.177s] Level 1:colcon.colcon_core.package_identification:_identify(archives/timer/test) by extension 'colcon_pkg'
[2.177s] Level 1:colcon.colcon_core.package_identification:_identify(archives/timer/test) by extensions ['colcon_meta']
[2.177s] Level 1:colcon.colcon_core.package_identification:_identify(archives/timer/test) by extension 'colcon_meta'
[2.177s] Level 1:colcon.colcon_core.package_identification:_identify(archives/timer/test) by extensions ['ros']
[2.177s] Level 1:colcon.colcon_core.package_identification:_identify(archives/timer/test) by extension 'ros'
[2.177s] Level 1:colcon.colcon_core.package_identification:_identify(archives/timer/test) by extensions ['cmake', 'python']
[2.177s] Level 1:colcon.colcon_core.package_identification:_identify(archives/timer/test) by extension 'cmake'
[2.177s] Level 1:colcon.colcon_core.package_identification:_identify(archives/timer/test) by extension 'python'
[2.177s] Level 1:colcon.colcon_core.package_identification:_identify(archives/timer/test) by extensions ['python_setup_py']
[2.177s] Level 1:colcon.colcon_core.package_identification:_identify(archives/timer/test) by extension 'python_setup_py'
[2.177s] Level 1:colcon.colcon_core.package_identification:_identify(archives/timer/timer) by extensions ['ignore', 'ignore_ament_install']
[2.178s] Level 1:colcon.colcon_core.package_identification:_identify(archives/timer/timer) by extension 'ignore'
[2.178s] Level 1:colcon.colcon_core.package_identification:_identify(archives/timer/timer) by extension 'ignore_ament_install'
[2.178s] Level 1:colcon.colcon_core.package_identification:_identify(archives/timer/timer) by extensions ['colcon_pkg']
[2.178s] Level 1:colcon.colcon_core.package_identification:_identify(archives/timer/timer) by extension 'colcon_pkg'
[2.178s] Level 1:colcon.colcon_core.package_identification:_identify(archives/timer/timer) by extensions ['colcon_meta']
[2.178s] Level 1:colcon.colcon_core.package_identification:_identify(archives/timer/timer) by extension 'colcon_meta'
[2.178s] Level 1:colcon.colcon_core.package_identification:_identify(archives/timer/timer) by extensions ['ros']
[2.178s] Level 1:colcon.colcon_core.package_identification:_identify(archives/timer/timer) by extension 'ros'
[2.178s] Level 1:colcon.colcon_core.package_identification:_identify(archives/timer/timer) by extensions ['cmake', 'python']
[2.178s] Level 1:colcon.colcon_core.package_identification:_identify(archives/timer/timer) by extension 'cmake'
[2.178s] Level 1:colcon.colcon_core.package_identification:_identify(archives/timer/timer) by extension 'python'
[2.178s] Level 1:colcon.colcon_core.package_identification:_identify(archives/timer/timer) by extensions ['python_setup_py']
[2.178s] Level 1:colcon.colcon_core.package_identification:_identify(archives/timer/timer) by extension 'python_setup_py'
[2.179s] Level 1:colcon.colcon_core.package_identification:_identify(build) by extensions ['ignore', 'ignore_ament_install']
[2.179s] Level 1:colcon.colcon_core.package_identification:_identify(build) by extension 'ignore'
[2.179s] Level 1:colcon.colcon_core.package_identification:_identify(build) ignored
[2.179s] Level 1:colcon.colcon_core.package_identification:_identify(install) by extensions ['ignore', 'ignore_ament_install']
[2.179s] Level 1:colcon.colcon_core.package_identification:_identify(install) by extension 'ignore'
[2.179s] Level 1:colcon.colcon_core.package_identification:_identify(install) ignored
[2.179s] Level 1:colcon.colcon_core.package_identification:_identify(log) by extensions ['ignore', 'ignore_ament_install']
[2.180s] Level 1:colcon.colcon_core.package_identification:_identify(log) by extension 'ignore'
[2.180s] Level 1:colcon.colcon_core.package_identification:_identify(log) ignored
[2.180s] Level 1:colcon.colcon_core.package_identification:_identify(src) by extensions ['ignore', 'ignore_ament_install']
[2.180s] Level 1:colcon.colcon_core.package_identification:_identify(src) by extension 'ignore'
[2.180s] Level 1:colcon.colcon_core.package_identification:_identify(src) by extension 'ignore_ament_install'
[2.180s] Level 1:colcon.colcon_core.package_identification:_identify(src) by extensions ['colcon_pkg']
[2.180s] Level 1:colcon.colcon_core.package_identification:_identify(src) by extension 'colcon_pkg'
[2.180s] Level 1:colcon.colcon_core.package_identification:_identify(src) by extensions ['colcon_meta']
[2.180s] Level 1:colcon.colcon_core.package_identification:_identify(src) by extension 'colcon_meta'
[2.180s] Level 1:colcon.colcon_core.package_identification:_identify(src) by extensions ['ros']
[2.180s] Level 1:colcon.colcon_core.package_identification:_identify(src) by extension 'ros'
[2.180s] Level 1:colcon.colcon_core.package_identification:_identify(src) by extensions ['cmake', 'python']
[2.181s] Level 1:colcon.colcon_core.package_identification:_identify(src) by extension 'cmake'
[2.181s] Level 1:colcon.colcon_core.package_identification:_identify(src) by extension 'python'
[2.181s] Level 1:colcon.colcon_core.package_identification:_identify(src) by extensions ['python_setup_py']
[2.181s] Level 1:colcon.colcon_core.package_identification:_identify(src) by extension 'python_setup_py'
[2.181s] Level 1:colcon.colcon_core.package_identification:_identify(src/AEB) by extensions ['ignore', 'ignore_ament_install']
[2.181s] Level 1:colcon.colcon_core.package_identification:_identify(src/AEB) by extension 'ignore'
[2.181s] Level 1:colcon.colcon_core.package_identification:_identify(src/AEB) by extension 'ignore_ament_install'
[2.181s] Level 1:colcon.colcon_core.package_identification:_identify(src/AEB) by extensions ['colcon_pkg']
[2.181s] Level 1:colcon.colcon_core.package_identification:_identify(src/AEB) by extension 'colcon_pkg'
[2.183s] Level 1:colcon.colcon_core.package_identification:_identify(src/AEB) by extensions ['colcon_meta']
[2.183s] Level 1:colcon.colcon_core.package_identification:_identify(src/AEB) by extension 'colcon_meta'
[2.183s] Level 1:colcon.colcon_core.package_identification:_identify(src/AEB) by extensions ['ros']
[2.183s] Level 1:colcon.colcon_core.package_identification:_identify(src/AEB) by extension 'ros'
[2.200s] DEBUG:colcon.colcon_core.package_identification:Package 'src/AEB' with type 'ros.ament_python' and name 'AEB'
[2.201s] Level 1:colcon.colcon_core.package_identification:_identify(src/Mapping) by extensions ['ignore', 'ignore_ament_install']
[2.201s] Level 1:colcon.colcon_core.package_identification:_identify(src/Mapping) by extension 'ignore'
[2.202s] Level 1:colcon.colcon_core.package_identification:_identify(src/Mapping) by extension 'ignore_ament_install'
[2.202s] Level 1:colcon.colcon_core.package_identification:_identify(src/Mapping) by extensions ['colcon_pkg']
[2.202s] Level 1:colcon.colcon_core.package_identification:_identify(src/Mapping) by extension 'colcon_pkg'
[2.203s] Level 1:colcon.colcon_core.package_identification:_identify(src/Mapping) by extensions ['colcon_meta']
[2.203s] Level 1:colcon.colcon_core.package_identification:_identify(src/Mapping) by extension 'colcon_meta'
[2.204s] Level 1:colcon.colcon_core.package_identification:_identify(src/Mapping) by extensions ['ros']
[2.204s] Level 1:colcon.colcon_core.package_identification:_identify(src/Mapping) by extension 'ros'
[2.207s] DEBUG:colcon.colcon_core.package_identification:Package 'src/Mapping' with type 'ros.ament_python' and name 'Mapping'
[2.207s] Level 1:colcon.colcon_core.package_identification:_identify(src/Planif) by extensions ['ignore', 'ignore_ament_install']
[2.207s] Level 1:colcon.colcon_core.package_identification:_identify(src/Planif) by extension 'ignore'
[2.207s] Level 1:colcon.colcon_core.package_identification:_identify(src/Planif) by extension 'ignore_ament_install'
[2.207s] Level 1:colcon.colcon_core.package_identification:_identify(src/Planif) by extensions ['colcon_pkg']
[2.208s] Level 1:colcon.colcon_core.package_identification:_identify(src/Planif) by extension 'colcon_pkg'
[2.209s] Level 1:colcon.colcon_core.package_identification:_identify(src/Planif) by extensions ['colcon_meta']
[2.209s] Level 1:colcon.colcon_core.package_identification:_identify(src/Planif) by extension 'colcon_meta'
[2.209s] Level 1:colcon.colcon_core.package_identification:_identify(src/Planif) by extensions ['ros']
[2.209s] Level 1:colcon.colcon_core.package_identification:_identify(src/Planif) by extension 'ros'
[2.211s] DEBUG:colcon.colcon_core.package_identification:Package 'src/Planif' with type 'ros.ament_python' and name 'Planif'
[2.212s] Level 1:colcon.colcon_core.package_identification:_identify(src/Simple_algo) by extensions ['ignore', 'ignore_ament_install']
[2.212s] Level 1:colcon.colcon_core.package_identification:_identify(src/Simple_algo) by extension 'ignore'
[2.212s] Level 1:colcon.colcon_core.package_identification:_identify(src/Simple_algo) by extension 'ignore_ament_install'
[2.212s] Level 1:colcon.colcon_core.package_identification:_identify(src/Simple_algo) by extensions ['colcon_pkg']
[2.212s] Level 1:colcon.colcon_core.package_identification:_identify(src/Simple_algo) by extension 'colcon_pkg'
[2.213s] Level 1:colcon.colcon_core.package_identification:_identify(src/Simple_algo) by extensions ['colcon_meta']
[2.213s] Level 1:colcon.colcon_core.package_identification:_identify(src/Simple_algo) by extension 'colcon_meta'
[2.213s] Level 1:colcon.colcon_core.package_identification:_identify(src/Simple_algo) by extensions ['ros']
[2.213s] Level 1:colcon.colcon_core.package_identification:_identify(src/Simple_algo) by extension 'ros'
[2.215s] DEBUG:colcon.colcon_core.package_identification:Package 'src/Simple_algo' with type 'ros.ament_python' and name 'Simple_algo'
[2.216s] Level 1:colcon.colcon_core.package_identification:_identify(src/Waypoints) by extensions ['ignore', 'ignore_ament_install']
[2.216s] Level 1:colcon.colcon_core.package_identification:_identify(src/Waypoints) by extension 'ignore'
[2.216s] Level 1:colcon.colcon_core.package_identification:_identify(src/Waypoints) by extension 'ignore_ament_install'
[2.216s] Level 1:colcon.colcon_core.package_identification:_identify(src/Waypoints) by extensions ['colcon_pkg']
[2.216s] Level 1:colcon.colcon_core.package_identification:_identify(src/Waypoints) by extension 'colcon_pkg'
[2.216s] Level 1:colcon.colcon_core.package_identification:_identify(src/Waypoints) by extensions ['colcon_meta']
[2.216s] Level 1:colcon.colcon_core.package_identification:_identify(src/Waypoints) by extension 'colcon_meta'
[2.217s] Level 1:colcon.colcon_core.package_identification:_identify(src/Waypoints) by extensions ['ros']
[2.217s] Level 1:colcon.colcon_core.package_identification:_identify(src/Waypoints) by extension 'ros'
[2.219s] DEBUG:colcon.colcon_core.package_identification:Package 'src/Waypoints' with type 'ros.ament_python' and name 'Waypoints'
[2.219s] Level 1:colcon.colcon_core.package_identification:_identify(src/custom_msgs) by extensions ['ignore', 'ignore_ament_install']
[2.220s] Level 1:colcon.colcon_core.package_identification:_identify(src/custom_msgs) by extension 'ignore'
[2.220s] Level 1:colcon.colcon_core.package_identification:_identify(src/custom_msgs) by extension 'ignore_ament_install'
[2.220s] Level 1:colcon.colcon_core.package_identification:_identify(src/custom_msgs) by extensions ['colcon_pkg']
[2.220s] Level 1:colcon.colcon_core.package_identification:_identify(src/custom_msgs) by extension 'colcon_pkg'
[2.220s] Level 1:colcon.colcon_core.package_identification:_identify(src/custom_msgs) by extensions ['colcon_meta']
[2.220s] Level 1:colcon.colcon_core.package_identification:_identify(src/custom_msgs) by extension 'colcon_meta'
[2.220s] Level 1:colcon.colcon_core.package_identification:_identify(src/custom_msgs) by extensions ['ros']
[2.221s] Level 1:colcon.colcon_core.package_identification:_identify(src/custom_msgs) by extension 'ros'
[2.223s] DEBUG:colcon.colcon_core.package_identification:Package 'src/custom_msgs' with type 'ros.ament_cmake' and name 'custom_msgs'
[2.224s] Level 1:colcon.colcon_core.package_identification:_identify(src/f1_localization) by extensions ['ignore', 'ignore_ament_install']
[2.224s] Level 1:colcon.colcon_core.package_identification:_identify(src/f1_localization) by extension 'ignore'
[2.224s] Level 1:colcon.colcon_core.package_identification:_identify(src/f1_localization) by extension 'ignore_ament_install'
[2.224s] Level 1:colcon.colcon_core.package_identification:_identify(src/f1_localization) by extensions ['colcon_pkg']
[2.224s] Level 1:colcon.colcon_core.package_identification:_identify(src/f1_localization) by extension 'colcon_pkg'
[2.225s] Level 1:colcon.colcon_core.package_identification:_identify(src/f1_localization) by extensions ['colcon_meta']
[2.225s] Level 1:colcon.colcon_core.package_identification:_identify(src/f1_localization) by extension 'colcon_meta'
[2.225s] Level 1:colcon.colcon_core.package_identification:_identify(src/f1_localization) by extensions ['ros']
[2.225s] Level 1:colcon.colcon_core.package_identification:_identify(src/f1_localization) by extension 'ros'
[2.229s] DEBUG:colcon.colcon_core.package_identification:Package 'src/f1_localization' with type 'ros.ament_cmake' and name 'f1_localization'
[2.229s] Level 1:colcon.colcon_core.package_identification:_identify(src/f1tenth_gym_ros) by extensions ['ignore', 'ignore_ament_install']
[2.229s] Level 1:colcon.colcon_core.package_identification:_identify(src/f1tenth_gym_ros) by extension 'ignore'
[2.230s] Level 1:colcon.colcon_core.package_identification:_identify(src/f1tenth_gym_ros) by extension 'ignore_ament_install'
[2.230s] Level 1:colcon.colcon_core.package_identification:_identify(src/f1tenth_gym_ros) by extensions ['colcon_pkg']
[2.230s] Level 1:colcon.colcon_core.package_identification:_identify(src/f1tenth_gym_ros) by extension 'colcon_pkg'
[2.231s] Level 1:colcon.colcon_core.package_identification:_identify(src/f1tenth_gym_ros) by extensions ['colcon_meta']
[2.231s] Level 1:colcon.colcon_core.package_identification:_identify(src/f1tenth_gym_ros) by extension 'colcon_meta'
[2.231s] Level 1:colcon.colcon_core.package_identification:_identify(src/f1tenth_gym_ros) by extensions ['ros']
[2.231s] Level 1:colcon.colcon_core.package_identification:_identify(src/f1tenth_gym_ros) by extension 'ros'
[2.234s] DEBUG:colcon.colcon_core.package_identification:Package 'src/f1tenth_gym_ros' with type 'ros.ament_python' and name 'f1tenth_gym_ros'
[2.235s] Level 1:colcon.colcon_core.package_identification:_identify(src/f1tenth_system) by extensions ['ignore', 'ignore_ament_install']
[2.235s] Level 1:colcon.colcon_core.package_identification:_identify(src/f1tenth_system) by extension 'ignore'
[2.235s] Level 1:colcon.colcon_core.package_identification:_identify(src/f1tenth_system) ignored
[2.236s] Level 1:colcon.colcon_core.package_identification:_identify(src/localisation) by extensions ['ignore', 'ignore_ament_install']
[2.236s] Level 1:colcon.colcon_core.package_identification:_identify(src/localisation) by extension 'ignore'
[2.236s] Level 1:colcon.colcon_core.package_identification:_identify(src/localisation) by extension 'ignore_ament_install'
[2.237s] Level 1:colcon.colcon_core.package_identification:_identify(src/localisation) by extensions ['colcon_pkg']
[2.237s] Level 1:colcon.colcon_core.package_identification:_identify(src/localisation) by extension 'colcon_pkg'
[2.237s] Level 1:colcon.colcon_core.package_identification:_identify(src/localisation) by extensions ['colcon_meta']
[2.237s] Level 1:colcon.colcon_core.package_identification:_identify(src/localisation) by extension 'colcon_meta'
[2.237s] Level 1:colcon.colcon_core.package_identification:_identify(src/localisation) by extensions ['ros']
[2.237s] Level 1:colcon.colcon_core.package_identification:_identify(src/localisation) by extension 'ros'
[2.240s] DEBUG:colcon.colcon_core.package_identification:Package 'src/localisation' with type 'ros.ament_python' and name 'localisation'
[2.240s] Level 1:colcon.colcon_core.package_identification:_identify(src/strategy) by extensions ['ignore', 'ignore_ament_install']
[2.240s] Level 1:colcon.colcon_core.package_identification:_identify(src/strategy) by extension 'ignore'
[2.241s] Level 1:colcon.colcon_core.package_identification:_identify(src/strategy) by extension 'ignore_ament_install'
[2.243s] Level 1:colcon.colcon_core.package_identification:_identify(src/strategy) by extensions ['colcon_pkg']
[2.244s] Level 1:colcon.colcon_core.package_identification:_identify(src/strategy) by extension 'colcon_pkg'
[2.244s] Level 1:colcon.colcon_core.package_identification:_identify(src/strategy) by extensions ['colcon_meta']
[2.244s] Level 1:colcon.colcon_core.package_identification:_identify(src/strategy) by extension 'colcon_meta'
[2.244s] Level 1:colcon.colcon_core.package_identification:_identify(src/strategy) by extensions ['ros']
[2.244s] Level 1:colcon.colcon_core.package_identification:_identify(src/strategy) by extension 'ros'
[2.246s] DEBUG:colcon.colcon_core.package_identification:Package 'src/strategy' with type 'ros.ament_python' and name 'strategy'
[2.246s] Level 1:colcon.colcon_core.package_identification:_identify(src/timer) by extensions ['ignore', 'ignore_ament_install']
[2.246s] Level 1:colcon.colcon_core.package_identification:_identify(src/timer) by extension 'ignore'
[2.247s] Level 1:colcon.colcon_core.package_identification:_identify(src/timer) by extension 'ignore_ament_install'
[2.247s] Level 1:colcon.colcon_core.package_identification:_identify(src/timer) by extensions ['colcon_pkg']
[2.247s] Level 1:colcon.colcon_core.package_identification:_identify(src/timer) by extension 'colcon_pkg'
[2.247s] Level 1:colcon.colcon_core.package_identification:_identify(src/timer) by extensions ['colcon_meta']
[2.247s] Level 1:colcon.colcon_core.package_identification:_identify(src/timer) by extension 'colcon_meta'
[2.247s] Level 1:colcon.colcon_core.package_identification:_identify(src/timer) by extensions ['ros']
[2.247s] Level 1:colcon.colcon_core.package_identification:_identify(src/timer) by extension 'ros'
[2.249s] DEBUG:colcon.colcon_core.package_identification:Package 'src/timer' with type 'ros.ament_python' and name 'timer'
[2.249s] Level 1:colcon.colcon_core.package_discovery:discover_packages(recursive) using defaults
[2.249s] Level 1:colcon.colcon_core.package_discovery:discover_packages(ignore) discover
[2.249s] Level 1:colcon.colcon_core.package_discovery:discover_packages(ignore) using defaults
[2.249s] Level 1:colcon.colcon_core.package_discovery:discover_packages(path) discover
[2.249s] Level 1:colcon.colcon_core.package_discovery:discover_packages(path) using defaults
[2.346s] INFO:colcon.colcon_core.package_selection:Skipping not selected package 'AEB' in 'src/AEB'
[2.346s] INFO:colcon.colcon_core.package_selection:Skipping not selected package 'Mapping' in 'src/Mapping'
[2.346s] INFO:colcon.colcon_core.package_selection:Skipping not selected package 'Planif' in 'src/Planif'
[2.346s] INFO:colcon.colcon_core.package_selection:Skipping not selected package 'Simple_algo' in 'src/Simple_algo'
[2.346s] INFO:colcon.colcon_core.package_selection:Skipping not selected package 'Waypoints' in 'src/Waypoints'
[2.346s] INFO:colcon.colcon_core.package_selection:Skipping not selected package 'custom_msgs' in 'src/custom_msgs'
[2.346s] INFO:colcon.colcon_core.package_selection:Skipping not selected package 'f1tenth_gym_ros' in 'src/f1tenth_gym_ros'
[2.346s] INFO:colcon.colcon_core.package_selection:Skipping not selected package 'localisation' in 'src/localisation'
[2.346s] INFO:colcon.colcon_core.package_selection:Skipping not selected package 'strategy' in 'src/strategy'
[2.347s] INFO:colcon.colcon_core.package_selection:Skipping not selected package 'timer' in 'src/timer'
[2.348s] Level 1:colcon.colcon_core.package_discovery:discover_packages(prefix_path) check parameters
[2.349s] Level 1:colcon.colcon_core.package_discovery:discover_packages(prefix_path) discover
[2.380s] DEBUG:colcon.colcon_installed_package_information.package_discovery:Found 10 installed packages in /home/etdisc/depots/f1tenth/sim_ws/install
[2.381s] DEBUG:colcon.colcon_installed_package_information.package_discovery:Found 10 installed packages in /home/etdisc/Desktop/sim_ws/install
[2.389s] DEBUG:colcon.colcon_installed_package_information.package_discovery:Found 300 installed packages in /opt/ros/galactic
[2.397s] Level 1:colcon.colcon_core.package_discovery:discover_packages(prefix_path) using defaults
[2.929s] Level 5:colcon.colcon_core.verb:set package 'f1_localization' build argument 'cmake_args' from command line to 'None'
[2.929s] Level 5:colcon.colcon_core.verb:set package 'f1_localization' build argument 'cmake_target' from command line to 'None'
[2.929s] Level 5:colcon.colcon_core.verb:set package 'f1_localization' build argument 'cmake_target_skip_unavailable' from command line to 'False'
[2.929s] Level 5:colcon.colcon_core.verb:set package 'f1_localization' build argument 'cmake_clean_cache' from command line to 'False'
[2.929s] Level 5:colcon.colcon_core.verb:set package 'f1_localization' build argument 'cmake_clean_first' from command line to 'False'
[2.929s] Level 5:colcon.colcon_core.verb:set package 'f1_localization' build argument 'cmake_force_configure' from command line to 'False'
[2.929s] Level 5:colcon.colcon_core.verb:set package 'f1_localization' build argument 'ament_cmake_args' from command line to 'None'
[2.929s] Level 5:colcon.colcon_core.verb:set package 'f1_localization' build argument 'catkin_cmake_args' from command line to 'None'
[2.929s] Level 5:colcon.colcon_core.verb:set package 'f1_localization' build argument 'catkin_skip_building_tests' from command line to 'False'
[2.929s] DEBUG:colcon.colcon_core.verb:Building package 'f1_localization' with the following arguments: {'ament_cmake_args': None, 'build_base': '/home/etdisc/Bureau/codef1tenth/build/f1_localization', 'catkin_cmake_args': None, 'catkin_skip_building_tests': False, 'cmake_args': None, 'cmake_clean_cache': False, 'cmake_clean_first': False, 'cmake_force_configure': False, 'cmake_target': None, 'cmake_target_skip_unavailable': False, 'install_base': '/home/etdisc/Bureau/codef1tenth/install/f1_localization', 'merge_install': False, 'path': '/home/etdisc/Bureau/codef1tenth/src/f1_localization', 'symlink_install': True, 'test_result_base': None}
[2.929s] INFO:colcon.colcon_core.executor:Executing jobs using 'parallel' executor
[2.932s] DEBUG:colcon.colcon_parallel_executor.executor.parallel:run_until_complete
[2.935s] INFO:colcon.colcon_ros.task.ament_cmake.build:Building ROS package in '/home/etdisc/Bureau/codef1tenth/src/f1_localization' with build type 'ament_cmake'
[2.935s] INFO:colcon.colcon_cmake.task.cmake.build:Building CMake package in '/home/etdisc/Bureau/codef1tenth/src/f1_localization'
[2.968s] INFO:colcon.colcon_core.plugin_system:Skipping extension 'colcon_core.shell.bat': Not used on non-Windows systems
[2.968s] INFO:colcon.colcon_core.shell:Skip shell extension 'powershell' for command environment: Not usable outside of PowerShell
[2.968s] DEBUG:colcon.colcon_core.shell:Skip shell extension 'dsv' for command environment
[3.019s] DEBUG:colcon.colcon_core.event_handler.log_command:Invoking command in '/home/etdisc/Bureau/codef1tenth/build/f1_localization': CMAKE_PREFIX_PATH=${CMAKE_PREFIX_PATH}:/home/etdisc/depots/f1tenth/sim_ws/install/timer:/home/etdisc/depots/f1tenth/sim_ws/install/strategy:/home/etdisc/depots/f1tenth/sim_ws/install/localisation:/home/etdisc/depots/f1tenth/sim_ws/install/f1tenth_gym_ros:/home/etdisc/depots/f1tenth/sim_ws/install/Waypoints:/home/etdisc/depots/f1tenth/sim_ws/install/Simple_algo:/home/etdisc/depots/f1tenth/sim_ws/install/Planif:/home/etdisc/depots/f1tenth/sim_ws/install/Mapping:/home/etdisc/depots/f1tenth/sim_ws/install/AEB:/home/etdisc/Desktop/sim_ws/install/timer:/home/etdisc/Desktop/sim_ws/install/strategy:/home/etdisc/Desktop/sim_ws/install/localisation:/home/etdisc/Desktop/sim_ws/install/f1tenth_gym_ros:/home/etdisc/Desktop/sim_ws/install/Waypoints:/home/etdisc/Desktop/sim_ws/install/Simple_algo:/home/etdisc/Desktop/sim_ws/install/Planif:/home/etdisc/Desktop/sim_ws/install/Mapping:/home/etdisc/Desktop/sim_ws/install/AEB:/opt/ros/galactic /usr/bin/cmake /home/etdisc/Bureau/codef1tenth/src/f1_localization -DAMENT_CMAKE_SYMLINK_INSTALL=1 -DCMAKE_INSTALL_PREFIX=/home/etdisc/Bureau/codef1tenth/install/f1_localization
[10.929s] DEBUG:colcon.colcon_core.event_handler.log_command:Invoked command in '/home/etdisc/Bureau/codef1tenth/build/f1_localization' returned '0': CMAKE_PREFIX_PATH=${CMAKE_PREFIX_PATH}:/home/etdisc/depots/f1tenth/sim_ws/install/timer:/home/etdisc/depots/f1tenth/sim_ws/install/strategy:/home/etdisc/depots/f1tenth/sim_ws/install/localisation:/home/etdisc/depots/f1tenth/sim_ws/install/f1tenth_gym_ros:/home/etdisc/depots/f1tenth/sim_ws/install/Waypoints:/home/etdisc/depots/f1tenth/sim_ws/install/Simple_algo:/home/etdisc/depots/f1tenth/sim_ws/install/Planif:/home/etdisc/depots/f1tenth/sim_ws/install/Mapping:/home/etdisc/depots/f1tenth/sim_ws/install/AEB:/home/etdisc/Desktop/sim_ws/install/timer:/home/etdisc/Desktop/sim_ws/install/strategy:/home/etdisc/Desktop/sim_ws/install/localisation:/home/etdisc/Desktop/sim_ws/install/f1tenth_gym_ros:/home/etdisc/Desktop/sim_ws/install/Waypoints:/home/etdisc/Desktop/sim_ws/install/Simple_algo:/home/etdisc/Desktop/sim_ws/install/Planif:/home/etdisc/Desktop/sim_ws/install/Mapping:/home/etdisc/Desktop/sim_ws/install/AEB:/opt/ros/galactic /usr/bin/cmake /home/etdisc/Bureau/codef1tenth/src/f1_localization -DAMENT_CMAKE_SYMLINK_INSTALL=1 -DCMAKE_INSTALL_PREFIX=/home/etdisc/Bureau/codef1tenth/install/f1_localization
[10.932s] DEBUG:colcon.colcon_core.event_handler.log_command:Invoking command in '/home/etdisc/Bureau/codef1tenth/build/f1_localization': CMAKE_PREFIX_PATH=${CMAKE_PREFIX_PATH}:/home/etdisc/depots/f1tenth/sim_ws/install/timer:/home/etdisc/depots/f1tenth/sim_ws/install/strategy:/home/etdisc/depots/f1tenth/sim_ws/install/localisation:/home/etdisc/depots/f1tenth/sim_ws/install/f1tenth_gym_ros:/home/etdisc/depots/f1tenth/sim_ws/install/Waypoints:/home/etdisc/depots/f1tenth/sim_ws/install/Simple_algo:/home/etdisc/depots/f1tenth/sim_ws/install/Planif:/home/etdisc/depots/f1tenth/sim_ws/install/Mapping:/home/etdisc/depots/f1tenth/sim_ws/install/AEB:/home/etdisc/Desktop/sim_ws/install/timer:/home/etdisc/Desktop/sim_ws/install/strategy:/home/etdisc/Desktop/sim_ws/install/localisation:/home/etdisc/Desktop/sim_ws/install/f1tenth_gym_ros:/home/etdisc/Desktop/sim_ws/install/Waypoints:/home/etdisc/Desktop/sim_ws/install/Simple_algo:/home/etdisc/Desktop/sim_ws/install/Planif:/home/etdisc/Desktop/sim_ws/install/Mapping:/home/etdisc/Desktop/sim_ws/install/AEB:/opt/ros/galactic /usr/bin/cmake --build /home/etdisc/Bureau/codef1tenth/build/f1_localization -- -j8 -l8
[11.012s] DEBUG:colcon.colcon_core.event_handler.log_command:Invoked command in '/home/etdisc/Bureau/codef1tenth/build/f1_localization' returned '0': CMAKE_PREFIX_PATH=${CMAKE_PREFIX_PATH}:/home/etdisc/depots/f1tenth/sim_ws/install/timer:/home/etdisc/depots/f1tenth/sim_ws/install/strategy:/home/etdisc/depots/f1tenth/sim_ws/install/localisation:/home/etdisc/depots/f1tenth/sim_ws/install/f1tenth_gym_ros:/home/etdisc/depots/f1tenth/sim_ws/install/Waypoints:/home/etdisc/depots/f1tenth/sim_ws/install/Simple_algo:/home/etdisc/depots/f1tenth/sim_ws/install/Planif:/home/etdisc/depots/f1tenth/sim_ws/install/Mapping:/home/etdisc/depots/f1tenth/sim_ws/install/AEB:/home/etdisc/Desktop/sim_ws/install/timer:/home/etdisc/Desktop/sim_ws/install/strategy:/home/etdisc/Desktop/sim_ws/install/localisation:/home/etdisc/Desktop/sim_ws/install/f1tenth_gym_ros:/home/etdisc/Desktop/sim_ws/install/Waypoints:/home/etdisc/Desktop/sim_ws/install/Simple_algo:/home/etdisc/Desktop/sim_ws/install/Planif:/home/etdisc/Desktop/sim_ws/install/Mapping:/home/etdisc/Desktop/sim_ws/install/AEB:/opt/ros/galactic /usr/bin/cmake --build /home/etdisc/Bureau/codef1tenth/build/f1_localization -- -j8 -l8
[11.043s] DEBUG:colcon.colcon_core.event_handler.log_command:Invoking command in '/home/etdisc/Bureau/codef1tenth/build/f1_localization': CMAKE_PREFIX_PATH=${CMAKE_PREFIX_PATH}:/home/etdisc/depots/f1tenth/sim_ws/install/timer:/home/etdisc/depots/f1tenth/sim_ws/install/strategy:/home/etdisc/depots/f1tenth/sim_ws/install/localisation:/home/etdisc/depots/f1tenth/sim_ws/install/f1tenth_gym_ros:/home/etdisc/depots/f1tenth/sim_ws/install/Waypoints:/home/etdisc/depots/f1tenth/sim_ws/install/Simple_algo:/home/etdisc/depots/f1tenth/sim_ws/install/Planif:/home/etdisc/depots/f1tenth/sim_ws/install/Mapping:/home/etdisc/depots/f1tenth/sim_ws/install/AEB:/home/etdisc/Desktop/sim_ws/install/timer:/home/etdisc/Desktop/sim_ws/install/strategy:/home/etdisc/Desktop/sim_ws/install/localisation:/home/etdisc/Desktop/sim_ws/install/f1tenth_gym_ros:/home/etdisc/Desktop/sim_ws/install/Waypoints:/home/etdisc/Desktop/sim_ws/install/Simple_algo:/home/etdisc/Desktop/sim_ws/install/Planif:/home/etdisc/Desktop/sim_ws/install/Mapping:/home/etdisc/Desktop/sim_ws/install/AEB:/opt/ros/galactic /usr/bin/cmake --install /home/etdisc/Bureau/codef1tenth/build/f1_localization
[11.326s] Level 1:colcon.colcon_core.environment:create_environment_scripts_only(f1_localization)
[11.327s] DEBUG:colcon.colcon_core.event_handler.log_command:Invoked command in '/home/etdisc/Bureau/codef1tenth/build/f1_localization' returned '0': CMAKE_PREFIX_PATH=${CMAKE_PREFIX_PATH}:/home/etdisc/depots/f1tenth/sim_ws/install/timer:/home/etdisc/depots/f1tenth/sim_ws/install/strategy:/home/etdisc/depots/f1tenth/sim_ws/install/localisation:/home/etdisc/depots/f1tenth/sim_ws/install/f1tenth_gym_ros:/home/etdisc/depots/f1tenth/sim_ws/install/Waypoints:/home/etdisc/depots/f1tenth/sim_ws/install/Simple_algo:/home/etdisc/depots/f1tenth/sim_ws/install/Planif:/home/etdisc/depots/f1tenth/sim_ws/install/Mapping:/home/etdisc/depots/f1tenth/sim_ws/install/AEB:/home/etdisc/Desktop/sim_ws/install/timer:/home/etdisc/Desktop/sim_ws/install/strategy:/home/etdisc/Desktop/sim_ws/install/localisation:/home/etdisc/Desktop/sim_ws/install/f1tenth_gym_ros:/home/etdisc/Desktop/sim_ws/install/Waypoints:/home/etdisc/Desktop/sim_ws/install/Simple_algo:/home/etdisc/Desktop/sim_ws/install/Planif:/home/etdisc/Desktop/sim_ws/install/Mapping:/home/etdisc/Desktop/sim_ws/install/AEB:/opt/ros/galactic /usr/bin/cmake --install /home/etdisc/Bureau/codef1tenth/build/f1_localization
[11.352s] Level 1:colcon.colcon_core.environment:checking '/home/etdisc/Bureau/codef1tenth/install/f1_localization' for CMake module files
[11.353s] Level 1:colcon.colcon_core.environment:checking '/home/etdisc/Bureau/codef1tenth/install/f1_localization' for CMake config files
[11.353s] Level 1:colcon.colcon_core.shell:create_environment_hook('f1_localization', 'cmake_prefix_path')
[11.354s] INFO:colcon.colcon_core.shell:Creating environment hook '/home/etdisc/Bureau/codef1tenth/install/f1_localization/share/f1_localization/hook/cmake_prefix_path.ps1'
[11.359s] INFO:colcon.colcon_core.shell:Creating environment descriptor '/home/etdisc/Bureau/codef1tenth/install/f1_localization/share/f1_localization/hook/cmake_prefix_path.dsv'
[11.362s] INFO:colcon.colcon_core.shell:Creating environment hook '/home/etdisc/Bureau/codef1tenth/install/f1_localization/share/f1_localization/hook/cmake_prefix_path.sh'
[11.365s] Level 1:colcon.colcon_core.environment:checking '/home/etdisc/Bureau/codef1tenth/install/f1_localization/bin'
[11.365s] Level 1:colcon.colcon_core.environment:checking '/home/etdisc/Bureau/codef1tenth/install/f1_localization/lib/pkgconfig/f1_localization.pc'
[11.365s] Level 1:colcon.colcon_core.environment:checking '/home/etdisc/Bureau/codef1tenth/install/f1_localization/lib/python3.8/site-packages'
[11.366s] Level 1:colcon.colcon_core.environment:checking '/home/etdisc/Bureau/codef1tenth/install/f1_localization/bin'
[11.366s] INFO:colcon.colcon_core.shell:Creating package script '/home/etdisc/Bureau/codef1tenth/install/f1_localization/share/f1_localization/package.ps1'
[11.368s] INFO:colcon.colcon_core.shell:Creating package descriptor '/home/etdisc/Bureau/codef1tenth/install/f1_localization/share/f1_localization/package.dsv'
[11.371s] INFO:colcon.colcon_core.shell:Creating package script '/home/etdisc/Bureau/codef1tenth/install/f1_localization/share/f1_localization/package.sh'
[11.378s] INFO:colcon.colcon_core.shell:Creating package script '/home/etdisc/Bureau/codef1tenth/install/f1_localization/share/f1_localization/package.bash'
[11.383s] INFO:colcon.colcon_core.shell:Creating package script '/home/etdisc/Bureau/codef1tenth/install/f1_localization/share/f1_localization/package.zsh'
[11.385s] Level 1:colcon.colcon_core.environment:create_file_with_runtime_dependencies(/home/etdisc/Bureau/codef1tenth/install/f1_localization/share/colcon-core/packages/f1_localization)
[11.389s] Level 1:colcon.colcon_core.environment:create_environment_scripts_only(f1_localization)
[11.389s] Level 1:colcon.colcon_core.environment:checking '/home/etdisc/Bureau/codef1tenth/install/f1_localization' for CMake module files
[11.390s] Level 1:colcon.colcon_core.environment:checking '/home/etdisc/Bureau/codef1tenth/install/f1_localization' for CMake config files
[11.391s] Level 1:colcon.colcon_core.shell:create_environment_hook('f1_localization', 'cmake_prefix_path')
[11.392s] INFO:colcon.colcon_core.shell:Creating environment hook '/home/etdisc/Bureau/codef1tenth/install/f1_localization/share/f1_localization/hook/cmake_prefix_path.ps1'
[11.393s] INFO:colcon.colcon_core.shell:Creating environment descriptor '/home/etdisc/Bureau/codef1tenth/install/f1_localization/share/f1_localization/hook/cmake_prefix_path.dsv'
[11.394s] INFO:colcon.colcon_core.shell:Creating environment hook '/home/etdisc/Bureau/codef1tenth/install/f1_localization/share/f1_localization/hook/cmake_prefix_path.sh'
[11.395s] Level 1:colcon.colcon_core.environment:checking '/home/etdisc/Bureau/codef1tenth/install/f1_localization/bin'
[11.396s] Level 1:colcon.colcon_core.environment:checking '/home/etdisc/Bureau/codef1tenth/install/f1_localization/lib/pkgconfig/f1_localization.pc'
[11.397s] Level 1:colcon.colcon_core.environment:checking '/home/etdisc/Bureau/codef1tenth/install/f1_localization/lib/python3.8/site-packages'
[11.399s] Level 1:colcon.colcon_core.environment:checking '/home/etdisc/Bureau/codef1tenth/install/f1_localization/bin'
[11.399s] INFO:colcon.colcon_core.shell:Creating package script '/home/etdisc/Bureau/codef1tenth/install/f1_localization/share/f1_localization/package.ps1'
[11.401s] INFO:colcon.colcon_core.shell:Creating package descriptor '/home/etdisc/Bureau/codef1tenth/install/f1_localization/share/f1_localization/package.dsv'
[11.403s] INFO:colcon.colcon_core.shell:Creating package script '/home/etdisc/Bureau/codef1tenth/install/f1_localization/share/f1_localization/package.sh'
[11.404s] INFO:colcon.colcon_core.shell:Creating package script '/home/etdisc/Bureau/codef1tenth/install/f1_localization/share/f1_localization/package.bash'
[11.405s] INFO:colcon.colcon_core.shell:Creating package script '/home/etdisc/Bureau/codef1tenth/install/f1_localization/share/f1_localization/package.zsh'
[11.405s] Level 1:colcon.colcon_core.environment:create_file_with_runtime_dependencies(/home/etdisc/Bureau/codef1tenth/install/f1_localization/share/colcon-core/packages/f1_localization)
[11.406s] DEBUG:colcon.colcon_parallel_executor.executor.parallel:closing loop
[11.406s] DEBUG:colcon.colcon_parallel_executor.executor.parallel:loop closed
[11.406s] DEBUG:colcon.colcon_parallel_executor.executor.parallel:run_until_complete finished with '0'
[11.406s] DEBUG:colcon.colcon_core.event_reactor:joining thread
[11.444s] INFO:colcon.colcon_core.plugin_system:Skipping extension 'colcon_notification.desktop_notification.terminal_notifier': Not used on non-Darwin systems
[11.444s] INFO:colcon.colcon_core.plugin_system:Skipping extension 'colcon_notification.desktop_notification.win32': Not used on non-Windows systems
[11.444s] INFO:colcon.colcon_notification.desktop_notification:Sending desktop notification using 'notify2'
[11.726s] DEBUG:colcon.colcon_core.event_reactor:joined thread
[11.726s] INFO:colcon.colcon_core.shell:Creating prefix script '/home/etdisc/Bureau/codef1tenth/install/local_setup.ps1'
[11.730s] INFO:colcon.colcon_core.shell:Creating prefix util module '/home/etdisc/Bureau/codef1tenth/install/_local_setup_util_ps1.py'
[11.736s] INFO:colcon.colcon_core.shell:Creating prefix chain script '/home/etdisc/Bureau/codef1tenth/install/setup.ps1'
[11.741s] INFO:colcon.colcon_core.shell:Creating prefix script '/home/etdisc/Bureau/codef1tenth/install/local_setup.sh'
[11.745s] INFO:colcon.colcon_core.shell:Creating prefix util module '/home/etdisc/Bureau/codef1tenth/install/_local_setup_util_sh.py'
[11.747s] INFO:colcon.colcon_core.shell:Creating prefix chain script '/home/etdisc/Bureau/codef1tenth/install/setup.sh'
[11.753s] INFO:colcon.colcon_core.shell:Creating prefix script '/home/etdisc/Bureau/codef1tenth/install/local_setup.bash'
[11.755s] INFO:colcon.colcon_core.shell:Creating prefix chain script '/home/etdisc/Bureau/codef1tenth/install/setup.bash'
[11.764s] INFO:colcon.colcon_core.shell:Creating prefix script '/home/etdisc/Bureau/codef1tenth/install/local_setup.zsh'
[11.776s] INFO:colcon.colcon_core.shell:Creating prefix chain script '/home/etdisc/Bureau/codef1tenth/install/setup.zsh'
