[0.000000] (-) TimerEvent: {}
[0.000327] (AEB) JobQueued: {'identifier': 'AEB', 'dependencies': OrderedDict()}
[0.001197] (Mapping) JobQueued: {'identifier': 'Mapping', 'dependencies': OrderedDict()}
[0.001288] (Planif) JobQueued: {'identifier': 'Planif', 'dependencies': OrderedDict()}
[0.001311] (Simple_algo) JobQueued: {'identifier': 'Simple_algo', 'dependencies': OrderedDict()}
[0.001326] (Waypoints) JobQueued: {'identifier': 'Waypoints', 'dependencies': OrderedDict()}
[0.001344] (custom_msgs) JobQueued: {'identifier': 'custom_msgs', 'dependencies': OrderedDict()}
[0.001534] (f1tenth_gym_ros) JobQueued: {'identifier': 'f1tenth_gym_ros', 'dependencies': OrderedDict()}
[0.001608] (localisation) JobQueued: {'identifier': 'localisation', 'dependencies': OrderedDict()}
[0.001634] (strategy) JobQueued: {'identifier': 'strategy', 'dependencies': OrderedDict()}
[0.001683] (timer) JobQueued: {'identifier': 'timer', 'dependencies': OrderedDict()}
[0.001727] (AEB) JobStarted: {'identifier': 'AEB'}
[0.017221] (Mapping) JobStarted: {'identifier': 'Mapping'}
[0.040850] (Planif) JobStarted: {'identifier': 'Planif'}
[0.051950] (Simple_algo) JobStarted: {'identifier': 'Simple_algo'}
[0.082336] (Waypoints) JobStarted: {'identifier': 'Waypoints'}
[0.099080] (-) TimerEvent: {}
[0.102106] (custom_msgs) JobStarted: {'identifier': 'custom_msgs'}
[0.120940] (f1tenth_gym_ros) JobStarted: {'identifier': 'f1tenth_gym_ros'}
[0.144939] (localisation) JobStarted: {'identifier': 'localisation'}
[0.199467] (-) TimerEvent: {}
[0.300599] (-) TimerEvent: {}
[0.401430] (-) TimerEvent: {}
[0.502075] (-) TimerEvent: {}
[0.602704] (-) TimerEvent: {}
[0.703190] (-) TimerEvent: {}
[0.803669] (-) TimerEvent: {}
[0.904205] (-) TimerEvent: {}
[1.005164] (-) TimerEvent: {}
[1.105905] (-) TimerEvent: {}
[1.206878] (-) TimerEvent: {}
[1.307680] (-) TimerEvent: {}
[1.408253] (-) TimerEvent: {}
[1.509022] (-) TimerEvent: {}
[1.609809] (-) TimerEvent: {}
[1.711908] (-) TimerEvent: {}
[1.714799] (custom_msgs) JobProgress: {'identifier': 'custom_msgs', 'progress': 'cmake'}
[1.716862] (custom_msgs) JobProgress: {'identifier': 'custom_msgs', 'progress': 'build'}
[1.719211] (custom_msgs) Command: {'cmd': ['/usr/bin/cmake', '--build', '/home/etdisc/Bureau/codef1tenth/build/custom_msgs', '--', '-j8', '-l8'], 'cwd': '/home/etdisc/Bureau/codef1tenth/build/custom_msgs', 'env': OrderedDict([('LESSOPEN', '| /usr/bin/lesspipe %s'), ('HTTPS_PROXY', 'http://proxy:3128'), ('USER', 'etdisc'), ('SSH_AGENT_PID', '1666'), ('XDG_SESSION_TYPE', 'x11'), ('SHLVL', '1'), ('LD_LIBRARY_PATH', '/home/etdisc/Bureau/codef1tenth/install/custom_msgs/lib:/home/etdisc/depots/f1tenth/sim_ws/install/custom_msgs/lib:/usr/lib/x86_64-linux-gnu/gazebo-11/plugins:/opt/ros/galactic/opt/yaml_cpp_vendor/lib:/opt/ros/galactic/opt/rviz_ogre_vendor/lib:/opt/ros/galactic/lib/x86_64-linux-gnu:/opt/ros/galactic/lib'), ('HOME', '/home/etdisc'), ('DESKTOP_SESSION', 'ubuntu'), ('ROS_PYTHON_VERSION', '3'), ('GNOME_SHELL_SESSION_MODE', 'ubuntu'), ('GTK_MODULES', 'gail:atk-bridge'), ('MANAGERPID', '1571'), ('DBUS_STARTER_BUS_TYPE', 'session'), ('DBUS_SESSION_BUS_ADDRESS', 'unix:path=/run/user/1000/bus,guid=712999510530655913b37c6169709380'), ('COLORTERM', 'truecolor'), ('IM_CONFIG_PHASE', '1'), ('https_proxy', 'http://proxy:3128'), ('COLCON_PREFIX_PATH', '/home/etdisc/Bureau/codef1tenth/install:/home/etdisc/depots/f1tenth/sim_ws/install'), ('ROS_DISTRO', 'galactic'), ('LOGNAME', 'etdisc'), ('http_proxy', 'http://proxy:3128'), ('JOURNAL_STREAM', '8:65626'), ('_', '/usr/bin/colcon'), ('ROS_VERSION', '2'), ('XDG_SESSION_CLASS', 'user'), ('USERNAME', 'etdisc'), ('TERM', 'xterm-256color'), ('GNOME_DESKTOP_SESSION_ID', 'this-is-deprecated'), ('ROS_LOCALHOST_ONLY', '1'), ('WINDOWPATH', '2'), ('PATH', '/opt/ros/galactic/bin:/snap/bin:/home/etdisc/.local/bin:/usr/local/sbin:/usr/local/bin:/usr/sbin:/usr/bin:/sbin:/bin:/usr/games:/usr/local/games:/snap/bin'), ('SESSION_MANAGER', 'local/etdisc-virtual-machine:@/tmp/.ICE-unix/1701,unix/etdisc-virtual-machine:/tmp/.ICE-unix/1701'), ('INVOCATION_ID', '81bd2218a54643fdb444052878adae1a'), ('XDG_MENU_PREFIX', 'gnome-'), ('GNOME_TERMINAL_SCREEN', '/org/gnome/Terminal/screen/f65c3d91_b098_4021_930d_b5c8320fde15'), ('XDG_RUNTIME_DIR', '/run/user/1000'), ('DISPLAY', ':0'), ('LANG', 'fr_FR.UTF-8'), ('XDG_CURRENT_DESKTOP', 'ubuntu:GNOME'), ('XMODIFIERS', '@im=ibus'), ('XDG_SESSION_DESKTOP', 'ubuntu'), ('XAUTHORITY', '/run/user/1000/gdm/Xauthority'), ('LS_COLORS', 'rs=0:di=01;34:ln=01;36:mh=00:pi=40;33:so=01;35:do=01;35:bd=40;33;01:cd=40;33;01:or=40;31;01:mi=00:su=37;41:sg=30;43:ca=30;41:tw=30;42:ow=34;42:st=37;44:ex=01;32:*.tar=01;31:*.tgz=01;31:*.arc=01;31:*.arj=01;31:*.taz=01;31:*.lha=01;31:*.lz4=01;31:*.lzh=01;31:*.lzma=01;31:*.tlz=01;31:*.txz=01;31:*.tzo=01;31:*.t7z=01;31:*.zip=01;31:*.z=01;31:*.dz=01;31:*.gz=01;31:*.lrz=01;31:*.lz=01;31:*.lzo=01;31:*.xz=01;31:*.zst=01;31:*.tzst=01;31:*.bz2=01;31:*.bz=01;31:*.tbz=01;31:*.tbz2=01;31:*.tz=01;31:*.deb=01;31:*.rpm=01;31:*.jar=01;31:*.war=01;31:*.ear=01;31:*.sar=01;31:*.rar=01;31:*.alz=01;31:*.ace=01;31:*.zoo=01;31:*.cpio=01;31:*.7z=01;31:*.rz=01;31:*.cab=01;31:*.wim=01;31:*.swm=01;31:*.dwm=01;31:*.esd=01;31:*.jpg=01;35:*.jpeg=01;35:*.mjpg=01;35:*.mjpeg=01;35:*.gif=01;35:*.bmp=01;35:*.pbm=01;35:*.pgm=01;35:*.ppm=01;35:*.tga=01;35:*.xbm=01;35:*.xpm=01;35:*.tif=01;35:*.tiff=01;35:*.png=01;35:*.svg=01;35:*.svgz=01;35:*.mng=01;35:*.pcx=01;35:*.mov=01;35:*.mpg=01;35:*.mpeg=01;35:*.m2v=01;35:*.mkv=01;35:*.webm=01;35:*.ogm=01;35:*.mp4=01;35:*.m4v=01;35:*.mp4v=01;35:*.vob=01;35:*.qt=01;35:*.nuv=01;35:*.wmv=01;35:*.asf=01;35:*.rm=01;35:*.rmvb=01;35:*.flc=01;35:*.avi=01;35:*.fli=01;35:*.flv=01;35:*.gl=01;35:*.dl=01;35:*.xcf=01;35:*.xwd=01;35:*.yuv=01;35:*.cgm=01;35:*.emf=01;35:*.ogv=01;35:*.ogx=01;35:*.aac=00;36:*.au=00;36:*.flac=00;36:*.m4a=00;36:*.mid=00;36:*.midi=00;36:*.mka=00;36:*.mp3=00;36:*.mpc=00;36:*.ogg=00;36:*.ra=00;36:*.wav=00;36:*.oga=00;36:*.opus=00;36:*.spx=00;36:*.xspf=00;36:'), ('GNOME_TERMINAL_SERVICE', ':1.228'), ('SSH_AUTH_SOCK', '/run/user/1000/keyring/ssh'), ('AMENT_PREFIX_PATH', '/home/etdisc/Bureau/codef1tenth/install/timer:/home/etdisc/Bureau/codef1tenth/install/strategy:/home/etdisc/Bureau/codef1tenth/install/localisation:/home/etdisc/Bureau/codef1tenth/install/f1tenth_gym_ros:/home/etdisc/Bureau/codef1tenth/install/custom_msgs:/home/etdisc/Bureau/codef1tenth/install/Waypoints:/home/etdisc/Bureau/codef1tenth/install/Simple_algo:/home/etdisc/Bureau/codef1tenth/install/Planif:/home/etdisc/Bureau/codef1tenth/install/Mapping:/home/etdisc/Bureau/codef1tenth/install/AEB:/home/etdisc/depots/f1tenth/sim_ws/install/timer:/home/etdisc/depots/f1tenth/sim_ws/install/strategy:/home/etdisc/depots/f1tenth/sim_ws/install/localisation:/home/etdisc/depots/f1tenth/sim_ws/install/f1tenth_gym_ros:/home/etdisc/depots/f1tenth/sim_ws/install/custom_msgs:/home/etdisc/depots/f1tenth/sim_ws/install/Waypoints:/home/etdisc/depots/f1tenth/sim_ws/install/Simple_algo:/home/etdisc/depots/f1tenth/sim_ws/install/Planif:/home/etdisc/depots/f1tenth/sim_ws/install/Mapping:/home/etdisc/depots/f1tenth/sim_ws/install/AEB:/opt/ros/galactic'), ('SHELL', '/bin/bash'), ('QT_ACCESSIBILITY', '1'), ('GDMSESSION', 'ubuntu'), ('LESSCLOSE', '/usr/bin/lesspipe %s %s'), ('GPG_AGENT_INFO', '/run/user/1000/gnupg/S.gpg-agent:0:1'), ('QT_IM_MODULE', 'ibus'), ('PWD', '/home/etdisc/Bureau/codef1tenth/build/custom_msgs'), ('LC_ALL', 'fr_FR.UTF-8'), ('XDG_CONFIG_DIRS', '/etc/xdg/xdg-ubuntu:/etc/xdg'), ('DBUS_STARTER_ADDRESS', 'unix:path=/run/user/1000/bus,guid=712999510530655913b37c6169709380'), ('XDG_DATA_DIRS', '/usr/share/ubuntu:/usr/local/share/:/usr/share/:/var/lib/snapd/desktop'), ('PYTHONPATH', '/home/etdisc/Bureau/codef1tenth/install/timer/lib/python3.8/site-packages:/home/etdisc/Bureau/codef1tenth/install/strategy/lib/python3.8/site-packages:/home/etdisc/Bureau/codef1tenth/install/localisation/lib/python3.8/site-packages:/home/etdisc/Bureau/codef1tenth/install/f1tenth_gym_ros/lib/python3.8/site-packages:/home/etdisc/Bureau/codef1tenth/install/custom_msgs/lib/python3.8/site-packages:/home/etdisc/Bureau/codef1tenth/install/Waypoints/lib/python3.8/site-packages:/home/etdisc/Bureau/codef1tenth/install/Simple_algo/lib/python3.8/site-packages:/home/etdisc/Bureau/codef1tenth/install/Planif/lib/python3.8/site-packages:/home/etdisc/Bureau/codef1tenth/install/Mapping/lib/python3.8/site-packages:/home/etdisc/Bureau/codef1tenth/install/AEB/lib/python3.8/site-packages:/home/etdisc/depots/f1tenth/sim_ws/install/timer/lib/python3.8/site-packages:/home/etdisc/depots/f1tenth/sim_ws/install/strategy/lib/python3.8/site-packages:/home/etdisc/depots/f1tenth/sim_ws/install/localisation/lib/python3.8/site-packages:/home/etdisc/depots/f1tenth/sim_ws/install/f1tenth_gym_ros/lib/python3.8/site-packages:/home/etdisc/depots/f1tenth/sim_ws/install/custom_msgs/lib/python3.8/site-packages:/home/etdisc/depots/f1tenth/sim_ws/install/Waypoints/lib/python3.8/site-packages:/home/etdisc/depots/f1tenth/sim_ws/install/Simple_algo/lib/python3.8/site-packages:/home/etdisc/depots/f1tenth/sim_ws/install/Planif/lib/python3.8/site-packages:/home/etdisc/depots/f1tenth/sim_ws/install/Mapping/lib/python3.8/site-packages:/home/etdisc/depots/f1tenth/sim_ws/install/AEB/lib/python3.8/site-packages:/opt/ros/galactic/lib/python3.8/site-packages'), ('HTTP_PROXY', 'http://proxy:3128'), ('COLCON', '1'), ('VTE_VERSION', '6003'), ('CMAKE_PREFIX_PATH', '/home/etdisc/Bureau/codef1tenth/install/custom_msgs:/home/etdisc/depots/f1tenth/sim_ws/install/custom_msgs:/home/etdisc/Bureau/codef1tenth/install/timer:/home/etdisc/Bureau/codef1tenth/install/strategy:/home/etdisc/Bureau/codef1tenth/install/localisation:/home/etdisc/Bureau/codef1tenth/install/f1tenth_gym_ros:/home/etdisc/Bureau/codef1tenth/install/Waypoints:/home/etdisc/Bureau/codef1tenth/install/Simple_algo:/home/etdisc/Bureau/codef1tenth/install/Planif:/home/etdisc/Bureau/codef1tenth/install/Mapping:/home/etdisc/Bureau/codef1tenth/install/AEB:/home/etdisc/depots/f1tenth/sim_ws/install/timer:/home/etdisc/depots/f1tenth/sim_ws/install/strategy:/home/etdisc/depots/f1tenth/sim_ws/install/localisation:/home/etdisc/depots/f1tenth/sim_ws/install/f1tenth_gym_ros:/home/etdisc/depots/f1tenth/sim_ws/install/Waypoints:/home/etdisc/depots/f1tenth/sim_ws/install/Simple_algo:/home/etdisc/depots/f1tenth/sim_ws/install/Planif:/home/etdisc/depots/f1tenth/sim_ws/install/Mapping:/home/etdisc/depots/f1tenth/sim_ws/install/AEB:/opt/ros/galactic')]), 'shell': False}
[1.812179] (-) TimerEvent: {}
[1.913032] (-) TimerEvent: {}
[2.013496] (-) TimerEvent: {}
[2.114193] (-) TimerEvent: {}
[2.155773] (custom_msgs) StdoutLine: {'line': b'[  2%] Built target custom_msgs__cpp\n'}
[2.156895] (custom_msgs) StdoutLine: {'line': b'[ 12%] Built target custom_msgs__rosidl_generator_c\n'}
[2.158292] (custom_msgs) StdoutLine: {'line': b'[ 23%] Built target custom_msgs__rosidl_typesupport_cpp\n'}
[2.158955] (custom_msgs) StdoutLine: {'line': b'[ 33%] Built target custom_msgs__rosidl_typesupport_introspection_cpp\n'}
[2.159478] (custom_msgs) StdoutLine: {'line': b'[ 53%] Built target custom_msgs__rosidl_typesupport_c\n'}
[2.160370] (custom_msgs) StdoutLine: {'line': b'[ 53%] Built target custom_msgs__rosidl_typesupport_introspection_c\n'}
[2.162809] (custom_msgs) StdoutLine: {'line': b'[ 64%] Built target custom_msgs__rosidl_typesupport_fastrtps_cpp\n'}
[2.163343] (custom_msgs) StdoutLine: {'line': b'[ 74%] Built target custom_msgs__rosidl_typesupport_fastrtps_c\n'}
[2.163551] (custom_msgs) StdoutLine: {'line': b'[ 74%] Built target custom_msgs\n'}
[2.163731] (custom_msgs) StdoutLine: {'line': b'[ 76%] Built target custom_msgs__py\n'}
[2.163898] (custom_msgs) StdoutLine: {'line': b'[ 84%] Built target custom_msgs__python\n'}
[2.164136] (custom_msgs) StdoutLine: {'line': b'[ 89%] Built target custom_msgs__rosidl_typesupport_introspection_c__pyext\n'}
[2.164335] (custom_msgs) StdoutLine: {'line': b'[ 94%] Built target custom_msgs__rosidl_typesupport_fastrtps_c__pyext\n'}
[2.164554] (custom_msgs) StdoutLine: {'line': b'[100%] Built target custom_msgs__rosidl_typesupport_c__pyext\n'}
[2.214384] (-) TimerEvent: {}
[2.315037] (-) TimerEvent: {}
[2.415562] (-) TimerEvent: {}
[2.503476] (custom_msgs) CommandEnded: {'returncode': 0}
[2.509096] (custom_msgs) JobProgress: {'identifier': 'custom_msgs', 'progress': 'install'}
[2.515919] (-) TimerEvent: {}
[2.527309] (custom_msgs) Command: {'cmd': ['/usr/bin/cmake', '--install', '/home/etdisc/Bureau/codef1tenth/build/custom_msgs'], 'cwd': '/home/etdisc/Bureau/codef1tenth/build/custom_msgs', 'env': OrderedDict([('LESSOPEN', '| /usr/bin/lesspipe %s'), ('HTTPS_PROXY', 'http://proxy:3128'), ('USER', 'etdisc'), ('SSH_AGENT_PID', '1666'), ('XDG_SESSION_TYPE', 'x11'), ('SHLVL', '1'), ('LD_LIBRARY_PATH', '/home/etdisc/Bureau/codef1tenth/install/custom_msgs/lib:/home/etdisc/depots/f1tenth/sim_ws/install/custom_msgs/lib:/usr/lib/x86_64-linux-gnu/gazebo-11/plugins:/opt/ros/galactic/opt/yaml_cpp_vendor/lib:/opt/ros/galactic/opt/rviz_ogre_vendor/lib:/opt/ros/galactic/lib/x86_64-linux-gnu:/opt/ros/galactic/lib'), ('HOME', '/home/etdisc'), ('DESKTOP_SESSION', 'ubuntu'), ('ROS_PYTHON_VERSION', '3'), ('GNOME_SHELL_SESSION_MODE', 'ubuntu'), ('GTK_MODULES', 'gail:atk-bridge'), ('MANAGERPID', '1571'), ('DBUS_STARTER_BUS_TYPE', 'session'), ('DBUS_SESSION_BUS_ADDRESS', 'unix:path=/run/user/1000/bus,guid=712999510530655913b37c6169709380'), ('COLORTERM', 'truecolor'), ('IM_CONFIG_PHASE', '1'), ('https_proxy', 'http://proxy:3128'), ('COLCON_PREFIX_PATH', '/home/etdisc/Bureau/codef1tenth/install:/home/etdisc/depots/f1tenth/sim_ws/install'), ('ROS_DISTRO', 'galactic'), ('LOGNAME', 'etdisc'), ('http_proxy', 'http://proxy:3128'), ('JOURNAL_STREAM', '8:65626'), ('_', '/usr/bin/colcon'), ('ROS_VERSION', '2'), ('XDG_SESSION_CLASS', 'user'), ('USERNAME', 'etdisc'), ('TERM', 'xterm-256color'), ('GNOME_DESKTOP_SESSION_ID', 'this-is-deprecated'), ('ROS_LOCALHOST_ONLY', '1'), ('WINDOWPATH', '2'), ('PATH', '/opt/ros/galactic/bin:/snap/bin:/home/etdisc/.local/bin:/usr/local/sbin:/usr/local/bin:/usr/sbin:/usr/bin:/sbin:/bin:/usr/games:/usr/local/games:/snap/bin'), ('SESSION_MANAGER', 'local/etdisc-virtual-machine:@/tmp/.ICE-unix/1701,unix/etdisc-virtual-machine:/tmp/.ICE-unix/1701'), ('INVOCATION_ID', '81bd2218a54643fdb444052878adae1a'), ('XDG_MENU_PREFIX', 'gnome-'), ('GNOME_TERMINAL_SCREEN', '/org/gnome/Terminal/screen/f65c3d91_b098_4021_930d_b5c8320fde15'), ('XDG_RUNTIME_DIR', '/run/user/1000'), ('DISPLAY', ':0'), ('LANG', 'fr_FR.UTF-8'), ('XDG_CURRENT_DESKTOP', 'ubuntu:GNOME'), ('XMODIFIERS', '@im=ibus'), ('XDG_SESSION_DESKTOP', 'ubuntu'), ('XAUTHORITY', '/run/user/1000/gdm/Xauthority'), ('LS_COLORS', 'rs=0:di=01;34:ln=01;36:mh=00:pi=40;33:so=01;35:do=01;35:bd=40;33;01:cd=40;33;01:or=40;31;01:mi=00:su=37;41:sg=30;43:ca=30;41:tw=30;42:ow=34;42:st=37;44:ex=01;32:*.tar=01;31:*.tgz=01;31:*.arc=01;31:*.arj=01;31:*.taz=01;31:*.lha=01;31:*.lz4=01;31:*.lzh=01;31:*.lzma=01;31:*.tlz=01;31:*.txz=01;31:*.tzo=01;31:*.t7z=01;31:*.zip=01;31:*.z=01;31:*.dz=01;31:*.gz=01;31:*.lrz=01;31:*.lz=01;31:*.lzo=01;31:*.xz=01;31:*.zst=01;31:*.tzst=01;31:*.bz2=01;31:*.bz=01;31:*.tbz=01;31:*.tbz2=01;31:*.tz=01;31:*.deb=01;31:*.rpm=01;31:*.jar=01;31:*.war=01;31:*.ear=01;31:*.sar=01;31:*.rar=01;31:*.alz=01;31:*.ace=01;31:*.zoo=01;31:*.cpio=01;31:*.7z=01;31:*.rz=01;31:*.cab=01;31:*.wim=01;31:*.swm=01;31:*.dwm=01;31:*.esd=01;31:*.jpg=01;35:*.jpeg=01;35:*.mjpg=01;35:*.mjpeg=01;35:*.gif=01;35:*.bmp=01;35:*.pbm=01;35:*.pgm=01;35:*.ppm=01;35:*.tga=01;35:*.xbm=01;35:*.xpm=01;35:*.tif=01;35:*.tiff=01;35:*.png=01;35:*.svg=01;35:*.svgz=01;35:*.mng=01;35:*.pcx=01;35:*.mov=01;35:*.mpg=01;35:*.mpeg=01;35:*.m2v=01;35:*.mkv=01;35:*.webm=01;35:*.ogm=01;35:*.mp4=01;35:*.m4v=01;35:*.mp4v=01;35:*.vob=01;35:*.qt=01;35:*.nuv=01;35:*.wmv=01;35:*.asf=01;35:*.rm=01;35:*.rmvb=01;35:*.flc=01;35:*.avi=01;35:*.fli=01;35:*.flv=01;35:*.gl=01;35:*.dl=01;35:*.xcf=01;35:*.xwd=01;35:*.yuv=01;35:*.cgm=01;35:*.emf=01;35:*.ogv=01;35:*.ogx=01;35:*.aac=00;36:*.au=00;36:*.flac=00;36:*.m4a=00;36:*.mid=00;36:*.midi=00;36:*.mka=00;36:*.mp3=00;36:*.mpc=00;36:*.ogg=00;36:*.ra=00;36:*.wav=00;36:*.oga=00;36:*.opus=00;36:*.spx=00;36:*.xspf=00;36:'), ('GNOME_TERMINAL_SERVICE', ':1.228'), ('SSH_AUTH_SOCK', '/run/user/1000/keyring/ssh'), ('AMENT_PREFIX_PATH', '/home/etdisc/Bureau/codef1tenth/install/timer:/home/etdisc/Bureau/codef1tenth/install/strategy:/home/etdisc/Bureau/codef1tenth/install/localisation:/home/etdisc/Bureau/codef1tenth/install/f1tenth_gym_ros:/home/etdisc/Bureau/codef1tenth/install/custom_msgs:/home/etdisc/Bureau/codef1tenth/install/Waypoints:/home/etdisc/Bureau/codef1tenth/install/Simple_algo:/home/etdisc/Bureau/codef1tenth/install/Planif:/home/etdisc/Bureau/codef1tenth/install/Mapping:/home/etdisc/Bureau/codef1tenth/install/AEB:/home/etdisc/depots/f1tenth/sim_ws/install/timer:/home/etdisc/depots/f1tenth/sim_ws/install/strategy:/home/etdisc/depots/f1tenth/sim_ws/install/localisation:/home/etdisc/depots/f1tenth/sim_ws/install/f1tenth_gym_ros:/home/etdisc/depots/f1tenth/sim_ws/install/custom_msgs:/home/etdisc/depots/f1tenth/sim_ws/install/Waypoints:/home/etdisc/depots/f1tenth/sim_ws/install/Simple_algo:/home/etdisc/depots/f1tenth/sim_ws/install/Planif:/home/etdisc/depots/f1tenth/sim_ws/install/Mapping:/home/etdisc/depots/f1tenth/sim_ws/install/AEB:/opt/ros/galactic'), ('SHELL', '/bin/bash'), ('QT_ACCESSIBILITY', '1'), ('GDMSESSION', 'ubuntu'), ('LESSCLOSE', '/usr/bin/lesspipe %s %s'), ('GPG_AGENT_INFO', '/run/user/1000/gnupg/S.gpg-agent:0:1'), ('QT_IM_MODULE', 'ibus'), ('PWD', '/home/etdisc/Bureau/codef1tenth/build/custom_msgs'), ('LC_ALL', 'fr_FR.UTF-8'), ('XDG_CONFIG_DIRS', '/etc/xdg/xdg-ubuntu:/etc/xdg'), ('DBUS_STARTER_ADDRESS', 'unix:path=/run/user/1000/bus,guid=712999510530655913b37c6169709380'), ('XDG_DATA_DIRS', '/usr/share/ubuntu:/usr/local/share/:/usr/share/:/var/lib/snapd/desktop'), ('PYTHONPATH', '/home/etdisc/Bureau/codef1tenth/install/timer/lib/python3.8/site-packages:/home/etdisc/Bureau/codef1tenth/install/strategy/lib/python3.8/site-packages:/home/etdisc/Bureau/codef1tenth/install/localisation/lib/python3.8/site-packages:/home/etdisc/Bureau/codef1tenth/install/f1tenth_gym_ros/lib/python3.8/site-packages:/home/etdisc/Bureau/codef1tenth/install/custom_msgs/lib/python3.8/site-packages:/home/etdisc/Bureau/codef1tenth/install/Waypoints/lib/python3.8/site-packages:/home/etdisc/Bureau/codef1tenth/install/Simple_algo/lib/python3.8/site-packages:/home/etdisc/Bureau/codef1tenth/install/Planif/lib/python3.8/site-packages:/home/etdisc/Bureau/codef1tenth/install/Mapping/lib/python3.8/site-packages:/home/etdisc/Bureau/codef1tenth/install/AEB/lib/python3.8/site-packages:/home/etdisc/depots/f1tenth/sim_ws/install/timer/lib/python3.8/site-packages:/home/etdisc/depots/f1tenth/sim_ws/install/strategy/lib/python3.8/site-packages:/home/etdisc/depots/f1tenth/sim_ws/install/localisation/lib/python3.8/site-packages:/home/etdisc/depots/f1tenth/sim_ws/install/f1tenth_gym_ros/lib/python3.8/site-packages:/home/etdisc/depots/f1tenth/sim_ws/install/custom_msgs/lib/python3.8/site-packages:/home/etdisc/depots/f1tenth/sim_ws/install/Waypoints/lib/python3.8/site-packages:/home/etdisc/depots/f1tenth/sim_ws/install/Simple_algo/lib/python3.8/site-packages:/home/etdisc/depots/f1tenth/sim_ws/install/Planif/lib/python3.8/site-packages:/home/etdisc/depots/f1tenth/sim_ws/install/Mapping/lib/python3.8/site-packages:/home/etdisc/depots/f1tenth/sim_ws/install/AEB/lib/python3.8/site-packages:/opt/ros/galactic/lib/python3.8/site-packages'), ('HTTP_PROXY', 'http://proxy:3128'), ('COLCON', '1'), ('VTE_VERSION', '6003'), ('CMAKE_PREFIX_PATH', '/home/etdisc/Bureau/codef1tenth/install/custom_msgs:/home/etdisc/depots/f1tenth/sim_ws/install/custom_msgs:/home/etdisc/Bureau/codef1tenth/install/timer:/home/etdisc/Bureau/codef1tenth/install/strategy:/home/etdisc/Bureau/codef1tenth/install/localisation:/home/etdisc/Bureau/codef1tenth/install/f1tenth_gym_ros:/home/etdisc/Bureau/codef1tenth/install/Waypoints:/home/etdisc/Bureau/codef1tenth/install/Simple_algo:/home/etdisc/Bureau/codef1tenth/install/Planif:/home/etdisc/Bureau/codef1tenth/install/Mapping:/home/etdisc/Bureau/codef1tenth/install/AEB:/home/etdisc/depots/f1tenth/sim_ws/install/timer:/home/etdisc/depots/f1tenth/sim_ws/install/strategy:/home/etdisc/depots/f1tenth/sim_ws/install/localisation:/home/etdisc/depots/f1tenth/sim_ws/install/f1tenth_gym_ros:/home/etdisc/depots/f1tenth/sim_ws/install/Waypoints:/home/etdisc/depots/f1tenth/sim_ws/install/Simple_algo:/home/etdisc/depots/f1tenth/sim_ws/install/Planif:/home/etdisc/depots/f1tenth/sim_ws/install/Mapping:/home/etdisc/depots/f1tenth/sim_ws/install/AEB:/opt/ros/galactic')]), 'shell': False}
[2.550221] (custom_msgs) StdoutLine: {'line': b'-- Install configuration: ""\n'}
[2.551074] (custom_msgs) StdoutLine: {'line': b'-- Up-to-date: /home/etdisc/Bureau/codef1tenth/install/custom_msgs/share/ament_index/resource_index/rosidl_interfaces/custom_msgs\n'}
[2.551427] (custom_msgs) StdoutLine: {'line': b'-- Up-to-date: /home/etdisc/Bureau/codef1tenth/install/custom_msgs/include/custom_msgs\n'}
[2.551636] (custom_msgs) StdoutLine: {'line': b'-- Up-to-date: /home/etdisc/Bureau/codef1tenth/install/custom_msgs/include/custom_msgs/msg\n'}
[2.551829] (custom_msgs) StdoutLine: {'line': b'-- Up-to-date: /home/etdisc/Bureau/codef1tenth/install/custom_msgs/include/custom_msgs/msg/track_description.h\n'}
[2.551995] (custom_msgs) StdoutLine: {'line': b'-- Up-to-date: /home/etdisc/Bureau/codef1tenth/install/custom_msgs/include/custom_msgs/msg/detail\n'}
[2.552153] (custom_msgs) StdoutLine: {'line': b'-- Up-to-date: /home/etdisc/Bureau/codef1tenth/install/custom_msgs/include/custom_msgs/msg/detail/track_description__functions.h\n'}
[2.552291] (custom_msgs) StdoutLine: {'line': b'-- Up-to-date: /home/etdisc/Bureau/codef1tenth/install/custom_msgs/include/custom_msgs/msg/detail/lap_progress__functions.h\n'}
[2.552415] (custom_msgs) StdoutLine: {'line': b'-- Up-to-date: /home/etdisc/Bureau/codef1tenth/install/custom_msgs/include/custom_msgs/msg/detail/lap_progress__functions.c\n'}
[2.552510] (custom_msgs) StdoutLine: {'line': b'-- Up-to-date: /home/etdisc/Bureau/codef1tenth/install/custom_msgs/include/custom_msgs/msg/detail/track_description__type_support.h\n'}
[2.552668] (custom_msgs) StdoutLine: {'line': b'-- Up-to-date: /home/etdisc/Bureau/codef1tenth/install/custom_msgs/include/custom_msgs/msg/detail/lap_progress__type_support.h\n'}
[2.552782] (custom_msgs) StdoutLine: {'line': b'-- Up-to-date: /home/etdisc/Bureau/codef1tenth/install/custom_msgs/include/custom_msgs/msg/detail/track_description__struct.h\n'}
[2.552884] (custom_msgs) StdoutLine: {'line': b'-- Up-to-date: /home/etdisc/Bureau/codef1tenth/install/custom_msgs/include/custom_msgs/msg/detail/track_description__functions.c\n'}
[2.552990] (custom_msgs) StdoutLine: {'line': b'-- Up-to-date: /home/etdisc/Bureau/codef1tenth/install/custom_msgs/include/custom_msgs/msg/detail/lap_progress__struct.h\n'}
[2.553079] (custom_msgs) StdoutLine: {'line': b'-- Up-to-date: /home/etdisc/Bureau/codef1tenth/install/custom_msgs/include/custom_msgs/msg/lap_progress.h\n'}
[2.553179] (custom_msgs) StdoutLine: {'line': b'-- Up-to-date: /home/etdisc/Bureau/codef1tenth/install/custom_msgs/include/custom_msgs/msg/rosidl_generator_c__visibility_control.h\n'}
[2.553286] (custom_msgs) StdoutLine: {'line': b'-- Up-to-date: /home/etdisc/Bureau/codef1tenth/install/custom_msgs/share/custom_msgs/environment/library_path.sh\n'}
[2.553606] (custom_msgs) StdoutLine: {'line': b'-- Up-to-date: /home/etdisc/Bureau/codef1tenth/install/custom_msgs/share/custom_msgs/environment/library_path.dsv\n'}
[2.553725] (custom_msgs) StdoutLine: {'line': b'-- Up-to-date: /home/etdisc/Bureau/codef1tenth/install/custom_msgs/lib/libcustom_msgs__rosidl_generator_c.so\n'}
[2.553833] (custom_msgs) StdoutLine: {'line': b'-- Up-to-date: /home/etdisc/Bureau/codef1tenth/install/custom_msgs/include/custom_msgs\n'}
[2.554100] (custom_msgs) StdoutLine: {'line': b'-- Up-to-date: /home/etdisc/Bureau/codef1tenth/install/custom_msgs/include/custom_msgs/msg\n'}
[2.554255] (custom_msgs) StdoutLine: {'line': b'-- Up-to-date: /home/etdisc/Bureau/codef1tenth/install/custom_msgs/include/custom_msgs/msg/rosidl_typesupport_fastrtps_c__visibility_control.h\n'}
[2.554350] (custom_msgs) StdoutLine: {'line': b'-- Up-to-date: /home/etdisc/Bureau/codef1tenth/install/custom_msgs/include/custom_msgs/msg/detail\n'}
[2.554450] (custom_msgs) StdoutLine: {'line': b'-- Up-to-date: /home/etdisc/Bureau/codef1tenth/install/custom_msgs/include/custom_msgs/msg/detail/track_description__rosidl_typesupport_fastrtps_c.h\n'}
[2.554707] (custom_msgs) StdoutLine: {'line': b'-- Up-to-date: /home/etdisc/Bureau/codef1tenth/install/custom_msgs/include/custom_msgs/msg/detail/lap_progress__rosidl_typesupport_fastrtps_c.h\n'}
[2.554823] (custom_msgs) StdoutLine: {'line': b'-- Up-to-date: /home/etdisc/Bureau/codef1tenth/install/custom_msgs/lib/libcustom_msgs__rosidl_typesupport_fastrtps_c.so\n'}
[2.555458] (custom_msgs) StdoutLine: {'line': b'-- Up-to-date: /home/etdisc/Bureau/codef1tenth/install/custom_msgs/include/custom_msgs\n'}
[2.555834] (custom_msgs) StdoutLine: {'line': b'-- Up-to-date: /home/etdisc/Bureau/codef1tenth/install/custom_msgs/include/custom_msgs/msg\n'}
[2.556155] (custom_msgs) StdoutLine: {'line': b'-- Up-to-date: /home/etdisc/Bureau/codef1tenth/install/custom_msgs/include/custom_msgs/msg/detail\n'}
[2.556930] (custom_msgs) StdoutLine: {'line': b'-- Up-to-date: /home/etdisc/Bureau/codef1tenth/install/custom_msgs/include/custom_msgs/msg/detail/lap_progress__rosidl_typesupport_fastrtps_cpp.hpp\n'}
[2.557266] (custom_msgs) StdoutLine: {'line': b'-- Up-to-date: /home/etdisc/Bureau/codef1tenth/install/custom_msgs/include/custom_msgs/msg/detail/track_description__rosidl_typesupport_fastrtps_cpp.hpp\n'}
[2.557411] (custom_msgs) StdoutLine: {'line': b'-- Up-to-date: /home/etdisc/Bureau/codef1tenth/install/custom_msgs/include/custom_msgs/msg/detail/dds_fastrtps\n'}
[2.557528] (custom_msgs) StdoutLine: {'line': b'-- Up-to-date: /home/etdisc/Bureau/codef1tenth/install/custom_msgs/include/custom_msgs/msg/rosidl_typesupport_fastrtps_cpp__visibility_control.h\n'}
[2.557741] (custom_msgs) StdoutLine: {'line': b'-- Up-to-date: /home/etdisc/Bureau/codef1tenth/install/custom_msgs/lib/libcustom_msgs__rosidl_typesupport_fastrtps_cpp.so\n'}
[2.559625] (custom_msgs) StdoutLine: {'line': b'-- Up-to-date: /home/etdisc/Bureau/codef1tenth/install/custom_msgs/include/custom_msgs\n'}
[2.560019] (custom_msgs) StdoutLine: {'line': b'-- Up-to-date: /home/etdisc/Bureau/codef1tenth/install/custom_msgs/include/custom_msgs/msg\n'}
[2.560322] (custom_msgs) StdoutLine: {'line': b'-- Up-to-date: /home/etdisc/Bureau/codef1tenth/install/custom_msgs/include/custom_msgs/msg/detail\n'}
[2.560523] (custom_msgs) StdoutLine: {'line': b'-- Up-to-date: /home/etdisc/Bureau/codef1tenth/install/custom_msgs/include/custom_msgs/msg/detail/lap_progress__type_support.c\n'}
[2.560703] (custom_msgs) StdoutLine: {'line': b'-- Up-to-date: /home/etdisc/Bureau/codef1tenth/install/custom_msgs/include/custom_msgs/msg/detail/lap_progress__rosidl_typesupport_introspection_c.h\n'}
[2.560970] (custom_msgs) StdoutLine: {'line': b'-- Up-to-date: /home/etdisc/Bureau/codef1tenth/install/custom_msgs/include/custom_msgs/msg/detail/track_description__type_support.c\n'}
[2.561093] (custom_msgs) StdoutLine: {'line': b'-- Up-to-date: /home/etdisc/Bureau/codef1tenth/install/custom_msgs/include/custom_msgs/msg/detail/track_description__rosidl_typesupport_introspection_c.h\n'}
[2.561212] (custom_msgs) StdoutLine: {'line': b'-- Up-to-date: /home/etdisc/Bureau/codef1tenth/install/custom_msgs/include/custom_msgs/msg/rosidl_typesupport_introspection_c__visibility_control.h\n'}
[2.562552] (custom_msgs) StdoutLine: {'line': b'-- Up-to-date: /home/etdisc/Bureau/codef1tenth/install/custom_msgs/lib/libcustom_msgs__rosidl_typesupport_introspection_c.so\n'}
[2.562760] (custom_msgs) StdoutLine: {'line': b'-- Up-to-date: /home/etdisc/Bureau/codef1tenth/install/custom_msgs/lib/libcustom_msgs__rosidl_typesupport_c.so\n'}
[2.562948] (custom_msgs) StdoutLine: {'line': b'-- Up-to-date: /home/etdisc/Bureau/codef1tenth/install/custom_msgs/include/custom_msgs\n'}
[2.563154] (custom_msgs) StdoutLine: {'line': b'-- Up-to-date: /home/etdisc/Bureau/codef1tenth/install/custom_msgs/include/custom_msgs/msg\n'}
[2.563367] (custom_msgs) StdoutLine: {'line': b'-- Up-to-date: /home/etdisc/Bureau/codef1tenth/install/custom_msgs/include/custom_msgs/msg/track_description.hpp\n'}
[2.563569] (custom_msgs) StdoutLine: {'line': b'-- Up-to-date: /home/etdisc/Bureau/codef1tenth/install/custom_msgs/include/custom_msgs/msg/detail\n'}
[2.563883] (custom_msgs) StdoutLine: {'line': b'-- Up-to-date: /home/etdisc/Bureau/codef1tenth/install/custom_msgs/include/custom_msgs/msg/detail/lap_progress__traits.hpp\n'}
[2.563995] (custom_msgs) StdoutLine: {'line': b'-- Up-to-date: /home/etdisc/Bureau/codef1tenth/install/custom_msgs/include/custom_msgs/msg/detail/lap_progress__struct.hpp\n'}
[2.564218] (custom_msgs) StdoutLine: {'line': b'-- Up-to-date: /home/etdisc/Bureau/codef1tenth/install/custom_msgs/include/custom_msgs/msg/detail/track_description__builder.hpp\n'}
[2.564397] (custom_msgs) StdoutLine: {'line': b'-- Up-to-date: /home/etdisc/Bureau/codef1tenth/install/custom_msgs/include/custom_msgs/msg/detail/lap_progress__builder.hpp\n'}
[2.564536] (custom_msgs) StdoutLine: {'line': b'-- Up-to-date: /home/etdisc/Bureau/codef1tenth/install/custom_msgs/include/custom_msgs/msg/detail/track_description__struct.hpp\n'}
[2.564662] (custom_msgs) StdoutLine: {'line': b'-- Up-to-date: /home/etdisc/Bureau/codef1tenth/install/custom_msgs/include/custom_msgs/msg/detail/track_description__traits.hpp\n'}
[2.564888] (custom_msgs) StdoutLine: {'line': b'-- Up-to-date: /home/etdisc/Bureau/codef1tenth/install/custom_msgs/include/custom_msgs/msg/lap_progress.hpp\n'}
[2.565001] (custom_msgs) StdoutLine: {'line': b'-- Up-to-date: /home/etdisc/Bureau/codef1tenth/install/custom_msgs/include/custom_msgs\n'}
[2.565108] (custom_msgs) StdoutLine: {'line': b'-- Up-to-date: /home/etdisc/Bureau/codef1tenth/install/custom_msgs/include/custom_msgs/msg\n'}
[2.565215] (custom_msgs) StdoutLine: {'line': b'-- Up-to-date: /home/etdisc/Bureau/codef1tenth/install/custom_msgs/include/custom_msgs/msg/detail\n'}
[2.565405] (custom_msgs) StdoutLine: {'line': b'-- Up-to-date: /home/etdisc/Bureau/codef1tenth/install/custom_msgs/include/custom_msgs/msg/detail/track_description__type_support.cpp\n'}
[2.565537] (custom_msgs) StdoutLine: {'line': b'-- Up-to-date: /home/etdisc/Bureau/codef1tenth/install/custom_msgs/include/custom_msgs/msg/detail/lap_progress__type_support.cpp\n'}
[2.565654] (custom_msgs) StdoutLine: {'line': b'-- Up-to-date: /home/etdisc/Bureau/codef1tenth/install/custom_msgs/include/custom_msgs/msg/detail/track_description__rosidl_typesupport_introspection_cpp.hpp\n'}
[2.565770] (custom_msgs) StdoutLine: {'line': b'-- Up-to-date: /home/etdisc/Bureau/codef1tenth/install/custom_msgs/include/custom_msgs/msg/detail/lap_progress__rosidl_typesupport_introspection_cpp.hpp\n'}
[2.565879] (custom_msgs) StdoutLine: {'line': b'-- Up-to-date: /home/etdisc/Bureau/codef1tenth/install/custom_msgs/lib/libcustom_msgs__rosidl_typesupport_introspection_cpp.so\n'}
[2.566426] (custom_msgs) StdoutLine: {'line': b'-- Up-to-date: /home/etdisc/Bureau/codef1tenth/install/custom_msgs/lib/libcustom_msgs__rosidl_typesupport_cpp.so\n'}
[2.567020] (custom_msgs) StdoutLine: {'line': b'-- Up-to-date: /home/etdisc/Bureau/codef1tenth/install/custom_msgs/share/custom_msgs/environment/pythonpath.sh\n'}
[2.568148] (custom_msgs) StdoutLine: {'line': b'-- Up-to-date: /home/etdisc/Bureau/codef1tenth/install/custom_msgs/share/custom_msgs/environment/pythonpath.dsv\n'}
[2.568651] (custom_msgs) StdoutLine: {'line': b'-- Up-to-date: /home/etdisc/Bureau/codef1tenth/install/custom_msgs/lib/python3.8/site-packages/custom_msgs/__init__.py\n'}
[2.615998] (-) TimerEvent: {}
[2.684953] (custom_msgs) StdoutLine: {'line': b'-- Up-to-date: /home/etdisc/Bureau/codef1tenth/install/custom_msgs/lib/python3.8/site-packages/custom_msgs/msg\n'}
[2.685233] (custom_msgs) StdoutLine: {'line': b'-- Up-to-date: /home/etdisc/Bureau/codef1tenth/install/custom_msgs/lib/python3.8/site-packages/custom_msgs/msg/_track_description.py\n'}
[2.685389] (custom_msgs) StdoutLine: {'line': b'-- Up-to-date: /home/etdisc/Bureau/codef1tenth/install/custom_msgs/lib/python3.8/site-packages/custom_msgs/msg/_lap_progress.py\n'}
[2.685519] (custom_msgs) StdoutLine: {'line': b'-- Up-to-date: /home/etdisc/Bureau/codef1tenth/install/custom_msgs/lib/python3.8/site-packages/custom_msgs/msg/_lap_progress_s.c\n'}
[2.685716] (custom_msgs) StdoutLine: {'line': b'-- Up-to-date: /home/etdisc/Bureau/codef1tenth/install/custom_msgs/lib/python3.8/site-packages/custom_msgs/msg/__init__.py\n'}
[2.685847] (custom_msgs) StdoutLine: {'line': b'-- Up-to-date: /home/etdisc/Bureau/codef1tenth/install/custom_msgs/lib/python3.8/site-packages/custom_msgs/msg/_track_description_s.c\n'}
[2.685961] (custom_msgs) StdoutLine: {'line': b'-- Up-to-date: /home/etdisc/Bureau/codef1tenth/install/custom_msgs/lib/python3.8/site-packages/custom_msgs/custom_msgs_s__rosidl_typesupport_fastrtps_c.cpython-38-x86_64-linux-gnu.so\n'}
[2.686067] (custom_msgs) StdoutLine: {'line': b'-- Up-to-date: /home/etdisc/Bureau/codef1tenth/install/custom_msgs/lib/python3.8/site-packages/custom_msgs/custom_msgs_s__rosidl_typesupport_introspection_c.cpython-38-x86_64-linux-gnu.so\n'}
[2.686233] (custom_msgs) StdoutLine: {'line': b'-- Up-to-date: /home/etdisc/Bureau/codef1tenth/install/custom_msgs/lib/python3.8/site-packages/custom_msgs/custom_msgs_s__rosidl_typesupport_c.cpython-38-x86_64-linux-gnu.so\n'}
[2.686369] (custom_msgs) StdoutLine: {'line': b'-- Up-to-date: /home/etdisc/Bureau/codef1tenth/install/custom_msgs/lib/libcustom_msgs__python.so\n'}
[2.686595] (custom_msgs) StdoutLine: {'line': b'-- Up-to-date: /home/etdisc/Bureau/codef1tenth/install/custom_msgs/share/custom_msgs/msg/LapProgress.idl\n'}
[2.686820] (custom_msgs) StdoutLine: {'line': b'-- Up-to-date: /home/etdisc/Bureau/codef1tenth/install/custom_msgs/share/custom_msgs/msg/TrackDescription.idl\n'}
[2.687011] (custom_msgs) StdoutLine: {'line': b'-- Up-to-date: /home/etdisc/Bureau/codef1tenth/install/custom_msgs/share/custom_msgs/msg/LapProgress.msg\n'}
[2.687154] (custom_msgs) StdoutLine: {'line': b'-- Up-to-date: /home/etdisc/Bureau/codef1tenth/install/custom_msgs/share/custom_msgs/msg/TrackDescription.msg\n'}
[2.687292] (custom_msgs) StdoutLine: {'line': b'-- Up-to-date: /home/etdisc/Bureau/codef1tenth/install/custom_msgs/share/ament_index/resource_index/package_run_dependencies/custom_msgs\n'}
[2.687387] (custom_msgs) StdoutLine: {'line': b'-- Up-to-date: /home/etdisc/Bureau/codef1tenth/install/custom_msgs/share/ament_index/resource_index/parent_prefix_path/custom_msgs\n'}
[2.687559] (custom_msgs) StdoutLine: {'line': b'-- Up-to-date: /home/etdisc/Bureau/codef1tenth/install/custom_msgs/share/custom_msgs/environment/ament_prefix_path.sh\n'}
[2.687707] (custom_msgs) StdoutLine: {'line': b'-- Up-to-date: /home/etdisc/Bureau/codef1tenth/install/custom_msgs/share/custom_msgs/environment/ament_prefix_path.dsv\n'}
[2.687905] (custom_msgs) StdoutLine: {'line': b'-- Up-to-date: /home/etdisc/Bureau/codef1tenth/install/custom_msgs/share/custom_msgs/environment/path.sh\n'}
[2.688191] (custom_msgs) StdoutLine: {'line': b'-- Up-to-date: /home/etdisc/Bureau/codef1tenth/install/custom_msgs/share/custom_msgs/environment/path.dsv\n'}
[2.688372] (custom_msgs) StdoutLine: {'line': b'-- Up-to-date: /home/etdisc/Bureau/codef1tenth/install/custom_msgs/share/custom_msgs/local_setup.bash\n'}
[2.688584] (custom_msgs) StdoutLine: {'line': b'-- Up-to-date: /home/etdisc/Bureau/codef1tenth/install/custom_msgs/share/custom_msgs/local_setup.sh\n'}
[2.688779] (custom_msgs) StdoutLine: {'line': b'-- Up-to-date: /home/etdisc/Bureau/codef1tenth/install/custom_msgs/share/custom_msgs/local_setup.zsh\n'}
[2.688998] (custom_msgs) StdoutLine: {'line': b'-- Up-to-date: /home/etdisc/Bureau/codef1tenth/install/custom_msgs/share/custom_msgs/local_setup.dsv\n'}
[2.689161] (custom_msgs) StdoutLine: {'line': b'-- Installing: /home/etdisc/Bureau/codef1tenth/install/custom_msgs/share/custom_msgs/package.dsv\n'}
[2.689533] (custom_msgs) StdoutLine: {'line': b'-- Up-to-date: /home/etdisc/Bureau/codef1tenth/install/custom_msgs/share/ament_index/resource_index/packages/custom_msgs\n'}
[2.689898] (custom_msgs) StdoutLine: {'line': b'-- Up-to-date: /home/etdisc/Bureau/codef1tenth/install/custom_msgs/share/custom_msgs/cmake/custom_msgs__rosidl_generator_cExport.cmake\n'}
[2.690114] (custom_msgs) StdoutLine: {'line': b'-- Up-to-date: /home/etdisc/Bureau/codef1tenth/install/custom_msgs/share/custom_msgs/cmake/custom_msgs__rosidl_generator_cExport-noconfig.cmake\n'}
[2.691684] (custom_msgs) StdoutLine: {'line': b'-- Up-to-date: /home/etdisc/Bureau/codef1tenth/install/custom_msgs/share/custom_msgs/cmake/custom_msgs__rosidl_typesupport_introspection_cExport.cmake\n'}
[2.691962] (custom_msgs) StdoutLine: {'line': b'-- Up-to-date: /home/etdisc/Bureau/codef1tenth/install/custom_msgs/share/custom_msgs/cmake/custom_msgs__rosidl_typesupport_introspection_cExport-noconfig.cmake\n'}
[2.692101] (custom_msgs) StdoutLine: {'line': b'-- Up-to-date: /home/etdisc/Bureau/codef1tenth/install/custom_msgs/share/custom_msgs/cmake/custom_msgs__rosidl_typesupport_cExport.cmake\n'}
[2.692276] (custom_msgs) StdoutLine: {'line': b'-- Up-to-date: /home/etdisc/Bureau/codef1tenth/install/custom_msgs/share/custom_msgs/cmake/custom_msgs__rosidl_typesupport_cExport-noconfig.cmake\n'}
[2.692474] (custom_msgs) StdoutLine: {'line': b'-- Up-to-date: /home/etdisc/Bureau/codef1tenth/install/custom_msgs/share/custom_msgs/cmake/custom_msgs__rosidl_generator_cppExport.cmake\n'}
[2.692796] (custom_msgs) StdoutLine: {'line': b'-- Up-to-date: /home/etdisc/Bureau/codef1tenth/install/custom_msgs/share/custom_msgs/cmake/custom_msgs__rosidl_typesupport_introspection_cppExport.cmake\n'}
[2.692988] (custom_msgs) StdoutLine: {'line': b'-- Up-to-date: /home/etdisc/Bureau/codef1tenth/install/custom_msgs/share/custom_msgs/cmake/custom_msgs__rosidl_typesupport_introspection_cppExport-noconfig.cmake\n'}
[2.693171] (custom_msgs) StdoutLine: {'line': b'-- Up-to-date: /home/etdisc/Bureau/codef1tenth/install/custom_msgs/share/custom_msgs/cmake/custom_msgs__rosidl_typesupport_cppExport.cmake\n'}
[2.693340] (custom_msgs) StdoutLine: {'line': b'-- Up-to-date: /home/etdisc/Bureau/codef1tenth/install/custom_msgs/share/custom_msgs/cmake/custom_msgs__rosidl_typesupport_cppExport-noconfig.cmake\n'}
[2.693477] (custom_msgs) StdoutLine: {'line': b'-- Up-to-date: /home/etdisc/Bureau/codef1tenth/install/custom_msgs/share/custom_msgs/cmake/rosidl_cmake-extras.cmake\n'}
[2.693675] (custom_msgs) StdoutLine: {'line': b'-- Up-to-date: /home/etdisc/Bureau/codef1tenth/install/custom_msgs/share/custom_msgs/cmake/ament_cmake_export_dependencies-extras.cmake\n'}
[2.693863] (custom_msgs) StdoutLine: {'line': b'-- Up-to-date: /home/etdisc/Bureau/codef1tenth/install/custom_msgs/share/custom_msgs/cmake/ament_cmake_export_libraries-extras.cmake\n'}
[2.694088] (custom_msgs) StdoutLine: {'line': b'-- Up-to-date: /home/etdisc/Bureau/codef1tenth/install/custom_msgs/share/custom_msgs/cmake/ament_cmake_export_targets-extras.cmake\n'}
[2.694269] (custom_msgs) StdoutLine: {'line': b'-- Up-to-date: /home/etdisc/Bureau/codef1tenth/install/custom_msgs/share/custom_msgs/cmake/ament_cmake_export_include_directories-extras.cmake\n'}
[2.694446] (custom_msgs) StdoutLine: {'line': b'-- Up-to-date: /home/etdisc/Bureau/codef1tenth/install/custom_msgs/share/custom_msgs/cmake/rosidl_cmake_export_typesupport_libraries-extras.cmake\n'}
[2.694607] (custom_msgs) StdoutLine: {'line': b'-- Up-to-date: /home/etdisc/Bureau/codef1tenth/install/custom_msgs/share/custom_msgs/cmake/rosidl_cmake_export_typesupport_targets-extras.cmake\n'}
[2.694716] (custom_msgs) StdoutLine: {'line': b'-- Up-to-date: /home/etdisc/Bureau/codef1tenth/install/custom_msgs/share/custom_msgs/cmake/custom_msgsConfig.cmake\n'}
[2.694822] (custom_msgs) StdoutLine: {'line': b'-- Up-to-date: /home/etdisc/Bureau/codef1tenth/install/custom_msgs/share/custom_msgs/cmake/custom_msgsConfig-version.cmake\n'}
[2.694949] (custom_msgs) StdoutLine: {'line': b'-- Up-to-date: /home/etdisc/Bureau/codef1tenth/install/custom_msgs/share/custom_msgs/package.xml\n'}
[2.709706] (custom_msgs) CommandEnded: {'returncode': 0}
[2.721346] (-) TimerEvent: {}
[2.814220] (custom_msgs) JobEnded: {'identifier': 'custom_msgs', 'rc': 0}
[2.815179] (strategy) JobStarted: {'identifier': 'strategy'}
[2.821500] (-) TimerEvent: {}
[2.922430] (-) TimerEvent: {}
[3.023725] (-) TimerEvent: {}
[3.124181] (-) TimerEvent: {}
[3.224626] (-) TimerEvent: {}
[3.325391] (-) TimerEvent: {}
[3.425851] (-) TimerEvent: {}
[3.526382] (-) TimerEvent: {}
[3.589842] (AEB) Command: {'cmd': ['/usr/bin/python3', '-W', 'ignore:setup.py install is deprecated', '-W', 'ignore:easy_install command is deprecated', 'setup.py', 'egg_info', '--egg-base', '../../build/AEB', 'build', '--build-base', '/home/etdisc/Bureau/codef1tenth/build/AEB/build', 'install', '--record', '/home/etdisc/Bureau/codef1tenth/build/AEB/install.log', '--single-version-externally-managed', 'install_data'], 'cwd': '/home/etdisc/Bureau/codef1tenth/src/AEB', 'env': {'LESSOPEN': '| /usr/bin/lesspipe %s', 'HTTPS_PROXY': 'http://proxy:3128', 'USER': 'etdisc', 'SSH_AGENT_PID': '1666', 'XDG_SESSION_TYPE': 'x11', 'SHLVL': '1', 'LD_LIBRARY_PATH': '/home/etdisc/Bureau/codef1tenth/install/custom_msgs/lib:/home/etdisc/depots/f1tenth/sim_ws/install/custom_msgs/lib:/usr/lib/x86_64-linux-gnu/gazebo-11/plugins:/opt/ros/galactic/opt/yaml_cpp_vendor/lib:/opt/ros/galactic/opt/rviz_ogre_vendor/lib:/opt/ros/galactic/lib/x86_64-linux-gnu:/opt/ros/galactic/lib', 'HOME': '/home/etdisc', 'DESKTOP_SESSION': 'ubuntu', 'ROS_PYTHON_VERSION': '3', 'GNOME_SHELL_SESSION_MODE': 'ubuntu', 'GTK_MODULES': 'gail:atk-bridge', 'MANAGERPID': '1571', 'DBUS_STARTER_BUS_TYPE': 'session', 'DBUS_SESSION_BUS_ADDRESS': 'unix:path=/run/user/1000/bus,guid=712999510530655913b37c6169709380', 'COLORTERM': 'truecolor', 'IM_CONFIG_PHASE': '1', 'https_proxy': 'http://proxy:3128', 'COLCON_PREFIX_PATH': '/home/etdisc/Bureau/codef1tenth/install:/home/etdisc/depots/f1tenth/sim_ws/install', 'ROS_DISTRO': 'galactic', 'LOGNAME': 'etdisc', 'http_proxy': 'http://proxy:3128', 'JOURNAL_STREAM': '8:65626', '_': '/usr/bin/colcon', 'ROS_VERSION': '2', 'XDG_SESSION_CLASS': 'user', 'USERNAME': 'etdisc', 'TERM': 'xterm-256color', 'GNOME_DESKTOP_SESSION_ID': 'this-is-deprecated', 'ROS_LOCALHOST_ONLY': '1', 'WINDOWPATH': '2', 'PATH': '/opt/ros/galactic/bin:/snap/bin:/home/etdisc/.local/bin:/usr/local/sbin:/usr/local/bin:/usr/sbin:/usr/bin:/sbin:/bin:/usr/games:/usr/local/games:/snap/bin', 'SESSION_MANAGER': 'local/etdisc-virtual-machine:@/tmp/.ICE-unix/1701,unix/etdisc-virtual-machine:/tmp/.ICE-unix/1701', 'INVOCATION_ID': '81bd2218a54643fdb444052878adae1a', 'XDG_MENU_PREFIX': 'gnome-', 'GNOME_TERMINAL_SCREEN': '/org/gnome/Terminal/screen/f65c3d91_b098_4021_930d_b5c8320fde15', 'XDG_RUNTIME_DIR': '/run/user/1000', 'DISPLAY': ':0', 'LANG': 'fr_FR.UTF-8', 'XDG_CURRENT_DESKTOP': 'ubuntu:GNOME', 'XMODIFIERS': '@im=ibus', 'XDG_SESSION_DESKTOP': 'ubuntu', 'XAUTHORITY': '/run/user/1000/gdm/Xauthority', 'LS_COLORS': 'rs=0:di=01;34:ln=01;36:mh=00:pi=40;33:so=01;35:do=01;35:bd=40;33;01:cd=40;33;01:or=40;31;01:mi=00:su=37;41:sg=30;43:ca=30;41:tw=30;42:ow=34;42:st=37;44:ex=01;32:*.tar=01;31:*.tgz=01;31:*.arc=01;31:*.arj=01;31:*.taz=01;31:*.lha=01;31:*.lz4=01;31:*.lzh=01;31:*.lzma=01;31:*.tlz=01;31:*.txz=01;31:*.tzo=01;31:*.t7z=01;31:*.zip=01;31:*.z=01;31:*.dz=01;31:*.gz=01;31:*.lrz=01;31:*.lz=01;31:*.lzo=01;31:*.xz=01;31:*.zst=01;31:*.tzst=01;31:*.bz2=01;31:*.bz=01;31:*.tbz=01;31:*.tbz2=01;31:*.tz=01;31:*.deb=01;31:*.rpm=01;31:*.jar=01;31:*.war=01;31:*.ear=01;31:*.sar=01;31:*.rar=01;31:*.alz=01;31:*.ace=01;31:*.zoo=01;31:*.cpio=01;31:*.7z=01;31:*.rz=01;31:*.cab=01;31:*.wim=01;31:*.swm=01;31:*.dwm=01;31:*.esd=01;31:*.jpg=01;35:*.jpeg=01;35:*.mjpg=01;35:*.mjpeg=01;35:*.gif=01;35:*.bmp=01;35:*.pbm=01;35:*.pgm=01;35:*.ppm=01;35:*.tga=01;35:*.xbm=01;35:*.xpm=01;35:*.tif=01;35:*.tiff=01;35:*.png=01;35:*.svg=01;35:*.svgz=01;35:*.mng=01;35:*.pcx=01;35:*.mov=01;35:*.mpg=01;35:*.mpeg=01;35:*.m2v=01;35:*.mkv=01;35:*.webm=01;35:*.ogm=01;35:*.mp4=01;35:*.m4v=01;35:*.mp4v=01;35:*.vob=01;35:*.qt=01;35:*.nuv=01;35:*.wmv=01;35:*.asf=01;35:*.rm=01;35:*.rmvb=01;35:*.flc=01;35:*.avi=01;35:*.fli=01;35:*.flv=01;35:*.gl=01;35:*.dl=01;35:*.xcf=01;35:*.xwd=01;35:*.yuv=01;35:*.cgm=01;35:*.emf=01;35:*.ogv=01;35:*.ogx=01;35:*.aac=00;36:*.au=00;36:*.flac=00;36:*.m4a=00;36:*.mid=00;36:*.midi=00;36:*.mka=00;36:*.mp3=00;36:*.mpc=00;36:*.ogg=00;36:*.ra=00;36:*.wav=00;36:*.oga=00;36:*.opus=00;36:*.spx=00;36:*.xspf=00;36:', 'GNOME_TERMINAL_SERVICE': ':1.228', 'SSH_AUTH_SOCK': '/run/user/1000/keyring/ssh', 'AMENT_PREFIX_PATH': '/home/etdisc/Bureau/codef1tenth/install/timer:/home/etdisc/Bureau/codef1tenth/install/strategy:/home/etdisc/Bureau/codef1tenth/install/localisation:/home/etdisc/Bureau/codef1tenth/install/f1tenth_gym_ros:/home/etdisc/Bureau/codef1tenth/install/custom_msgs:/home/etdisc/Bureau/codef1tenth/install/Waypoints:/home/etdisc/Bureau/codef1tenth/install/Simple_algo:/home/etdisc/Bureau/codef1tenth/install/Planif:/home/etdisc/Bureau/codef1tenth/install/Mapping:/home/etdisc/Bureau/codef1tenth/install/AEB:/home/etdisc/depots/f1tenth/sim_ws/install/timer:/home/etdisc/depots/f1tenth/sim_ws/install/strategy:/home/etdisc/depots/f1tenth/sim_ws/install/localisation:/home/etdisc/depots/f1tenth/sim_ws/install/f1tenth_gym_ros:/home/etdisc/depots/f1tenth/sim_ws/install/custom_msgs:/home/etdisc/depots/f1tenth/sim_ws/install/Waypoints:/home/etdisc/depots/f1tenth/sim_ws/install/Simple_algo:/home/etdisc/depots/f1tenth/sim_ws/install/Planif:/home/etdisc/depots/f1tenth/sim_ws/install/Mapping:/home/etdisc/depots/f1tenth/sim_ws/install/AEB:/opt/ros/galactic', 'SHELL': '/bin/bash', 'QT_ACCESSIBILITY': '1', 'GDMSESSION': 'ubuntu', 'LESSCLOSE': '/usr/bin/lesspipe %s %s', 'GPG_AGENT_INFO': '/run/user/1000/gnupg/S.gpg-agent:0:1', 'QT_IM_MODULE': 'ibus', 'PWD': '/home/etdisc/Bureau/codef1tenth/build/AEB', 'LC_ALL': 'fr_FR.UTF-8', 'XDG_CONFIG_DIRS': '/etc/xdg/xdg-ubuntu:/etc/xdg', 'DBUS_STARTER_ADDRESS': 'unix:path=/run/user/1000/bus,guid=712999510530655913b37c6169709380', 'XDG_DATA_DIRS': '/usr/share/ubuntu:/usr/local/share/:/usr/share/:/var/lib/snapd/desktop', 'PYTHONPATH': '/home/etdisc/Bureau/codef1tenth/build/AEB/prefix_override:/usr/lib/python3/dist-packages/colcon_core/task/python/colcon_distutils_commands:/home/etdisc/Bureau/codef1tenth/install/AEB/lib/python3.8/site-packages:/home/etdisc/Bureau/codef1tenth/install/timer/lib/python3.8/site-packages:/home/etdisc/Bureau/codef1tenth/install/strategy/lib/python3.8/site-packages:/home/etdisc/Bureau/codef1tenth/install/localisation/lib/python3.8/site-packages:/home/etdisc/Bureau/codef1tenth/install/f1tenth_gym_ros/lib/python3.8/site-packages:/home/etdisc/Bureau/codef1tenth/install/custom_msgs/lib/python3.8/site-packages:/home/etdisc/Bureau/codef1tenth/install/Waypoints/lib/python3.8/site-packages:/home/etdisc/Bureau/codef1tenth/install/Simple_algo/lib/python3.8/site-packages:/home/etdisc/Bureau/codef1tenth/install/Planif/lib/python3.8/site-packages:/home/etdisc/Bureau/codef1tenth/install/Mapping/lib/python3.8/site-packages:/home/etdisc/Bureau/codef1tenth/install/AEB/lib/python3.8/site-packages:/home/etdisc/depots/f1tenth/sim_ws/install/timer/lib/python3.8/site-packages:/home/etdisc/depots/f1tenth/sim_ws/install/strategy/lib/python3.8/site-packages:/home/etdisc/depots/f1tenth/sim_ws/install/localisation/lib/python3.8/site-packages:/home/etdisc/depots/f1tenth/sim_ws/install/f1tenth_gym_ros/lib/python3.8/site-packages:/home/etdisc/depots/f1tenth/sim_ws/install/custom_msgs/lib/python3.8/site-packages:/home/etdisc/depots/f1tenth/sim_ws/install/Waypoints/lib/python3.8/site-packages:/home/etdisc/depots/f1tenth/sim_ws/install/Simple_algo/lib/python3.8/site-packages:/home/etdisc/depots/f1tenth/sim_ws/install/Planif/lib/python3.8/site-packages:/home/etdisc/depots/f1tenth/sim_ws/install/Mapping/lib/python3.8/site-packages:/home/etdisc/depots/f1tenth/sim_ws/install/AEB/lib/python3.8/site-packages:/opt/ros/galactic/lib/python3.8/site-packages', 'HTTP_PROXY': 'http://proxy:3128', 'COLCON': '1', 'VTE_VERSION': '6003', 'CMAKE_PREFIX_PATH': '/home/etdisc/Bureau/codef1tenth/install/custom_msgs:/home/etdisc/depots/f1tenth/sim_ws/install/custom_msgs'}, 'shell': False}
[3.645093] (-) TimerEvent: {}
[3.717351] (Planif) Command: {'cmd': ['/usr/bin/python3', '-W', 'ignore:setup.py install is deprecated', '-W', 'ignore:easy_install command is deprecated', 'setup.py', 'egg_info', '--egg-base', '../../build/Planif', 'build', '--build-base', '/home/etdisc/Bureau/codef1tenth/build/Planif/build', 'install', '--record', '/home/etdisc/Bureau/codef1tenth/build/Planif/install.log', '--single-version-externally-managed', 'install_data'], 'cwd': '/home/etdisc/Bureau/codef1tenth/src/Planif', 'env': {'LESSOPEN': '| /usr/bin/lesspipe %s', 'HTTPS_PROXY': 'http://proxy:3128', 'USER': 'etdisc', 'SSH_AGENT_PID': '1666', 'XDG_SESSION_TYPE': 'x11', 'SHLVL': '1', 'LD_LIBRARY_PATH': '/home/etdisc/Bureau/codef1tenth/install/custom_msgs/lib:/home/etdisc/depots/f1tenth/sim_ws/install/custom_msgs/lib:/usr/lib/x86_64-linux-gnu/gazebo-11/plugins:/opt/ros/galactic/opt/yaml_cpp_vendor/lib:/opt/ros/galactic/opt/rviz_ogre_vendor/lib:/opt/ros/galactic/lib/x86_64-linux-gnu:/opt/ros/galactic/lib', 'HOME': '/home/etdisc', 'DESKTOP_SESSION': 'ubuntu', 'ROS_PYTHON_VERSION': '3', 'GNOME_SHELL_SESSION_MODE': 'ubuntu', 'GTK_MODULES': 'gail:atk-bridge', 'MANAGERPID': '1571', 'DBUS_STARTER_BUS_TYPE': 'session', 'DBUS_SESSION_BUS_ADDRESS': 'unix:path=/run/user/1000/bus,guid=712999510530655913b37c6169709380', 'COLORTERM': 'truecolor', 'IM_CONFIG_PHASE': '1', 'https_proxy': 'http://proxy:3128', 'COLCON_PREFIX_PATH': '/home/etdisc/Bureau/codef1tenth/install:/home/etdisc/depots/f1tenth/sim_ws/install', 'ROS_DISTRO': 'galactic', 'LOGNAME': 'etdisc', 'http_proxy': 'http://proxy:3128', 'JOURNAL_STREAM': '8:65626', '_': '/usr/bin/colcon', 'ROS_VERSION': '2', 'XDG_SESSION_CLASS': 'user', 'USERNAME': 'etdisc', 'TERM': 'xterm-256color', 'GNOME_DESKTOP_SESSION_ID': 'this-is-deprecated', 'ROS_LOCALHOST_ONLY': '1', 'WINDOWPATH': '2', 'PATH': '/opt/ros/galactic/bin:/snap/bin:/home/etdisc/.local/bin:/usr/local/sbin:/usr/local/bin:/usr/sbin:/usr/bin:/sbin:/bin:/usr/games:/usr/local/games:/snap/bin', 'SESSION_MANAGER': 'local/etdisc-virtual-machine:@/tmp/.ICE-unix/1701,unix/etdisc-virtual-machine:/tmp/.ICE-unix/1701', 'INVOCATION_ID': '81bd2218a54643fdb444052878adae1a', 'XDG_MENU_PREFIX': 'gnome-', 'GNOME_TERMINAL_SCREEN': '/org/gnome/Terminal/screen/f65c3d91_b098_4021_930d_b5c8320fde15', 'XDG_RUNTIME_DIR': '/run/user/1000', 'DISPLAY': ':0', 'LANG': 'fr_FR.UTF-8', 'XDG_CURRENT_DESKTOP': 'ubuntu:GNOME', 'XMODIFIERS': '@im=ibus', 'XDG_SESSION_DESKTOP': 'ubuntu', 'XAUTHORITY': '/run/user/1000/gdm/Xauthority', 'LS_COLORS': 'rs=0:di=01;34:ln=01;36:mh=00:pi=40;33:so=01;35:do=01;35:bd=40;33;01:cd=40;33;01:or=40;31;01:mi=00:su=37;41:sg=30;43:ca=30;41:tw=30;42:ow=34;42:st=37;44:ex=01;32:*.tar=01;31:*.tgz=01;31:*.arc=01;31:*.arj=01;31:*.taz=01;31:*.lha=01;31:*.lz4=01;31:*.lzh=01;31:*.lzma=01;31:*.tlz=01;31:*.txz=01;31:*.tzo=01;31:*.t7z=01;31:*.zip=01;31:*.z=01;31:*.dz=01;31:*.gz=01;31:*.lrz=01;31:*.lz=01;31:*.lzo=01;31:*.xz=01;31:*.zst=01;31:*.tzst=01;31:*.bz2=01;31:*.bz=01;31:*.tbz=01;31:*.tbz2=01;31:*.tz=01;31:*.deb=01;31:*.rpm=01;31:*.jar=01;31:*.war=01;31:*.ear=01;31:*.sar=01;31:*.rar=01;31:*.alz=01;31:*.ace=01;31:*.zoo=01;31:*.cpio=01;31:*.7z=01;31:*.rz=01;31:*.cab=01;31:*.wim=01;31:*.swm=01;31:*.dwm=01;31:*.esd=01;31:*.jpg=01;35:*.jpeg=01;35:*.mjpg=01;35:*.mjpeg=01;35:*.gif=01;35:*.bmp=01;35:*.pbm=01;35:*.pgm=01;35:*.ppm=01;35:*.tga=01;35:*.xbm=01;35:*.xpm=01;35:*.tif=01;35:*.tiff=01;35:*.png=01;35:*.svg=01;35:*.svgz=01;35:*.mng=01;35:*.pcx=01;35:*.mov=01;35:*.mpg=01;35:*.mpeg=01;35:*.m2v=01;35:*.mkv=01;35:*.webm=01;35:*.ogm=01;35:*.mp4=01;35:*.m4v=01;35:*.mp4v=01;35:*.vob=01;35:*.qt=01;35:*.nuv=01;35:*.wmv=01;35:*.asf=01;35:*.rm=01;35:*.rmvb=01;35:*.flc=01;35:*.avi=01;35:*.fli=01;35:*.flv=01;35:*.gl=01;35:*.dl=01;35:*.xcf=01;35:*.xwd=01;35:*.yuv=01;35:*.cgm=01;35:*.emf=01;35:*.ogv=01;35:*.ogx=01;35:*.aac=00;36:*.au=00;36:*.flac=00;36:*.m4a=00;36:*.mid=00;36:*.midi=00;36:*.mka=00;36:*.mp3=00;36:*.mpc=00;36:*.ogg=00;36:*.ra=00;36:*.wav=00;36:*.oga=00;36:*.opus=00;36:*.spx=00;36:*.xspf=00;36:', 'GNOME_TERMINAL_SERVICE': ':1.228', 'SSH_AUTH_SOCK': '/run/user/1000/keyring/ssh', 'AMENT_PREFIX_PATH': '/home/etdisc/Bureau/codef1tenth/install/timer:/home/etdisc/Bureau/codef1tenth/install/strategy:/home/etdisc/Bureau/codef1tenth/install/localisation:/home/etdisc/Bureau/codef1tenth/install/f1tenth_gym_ros:/home/etdisc/Bureau/codef1tenth/install/custom_msgs:/home/etdisc/Bureau/codef1tenth/install/Waypoints:/home/etdisc/Bureau/codef1tenth/install/Simple_algo:/home/etdisc/Bureau/codef1tenth/install/Planif:/home/etdisc/Bureau/codef1tenth/install/Mapping:/home/etdisc/Bureau/codef1tenth/install/AEB:/home/etdisc/depots/f1tenth/sim_ws/install/timer:/home/etdisc/depots/f1tenth/sim_ws/install/strategy:/home/etdisc/depots/f1tenth/sim_ws/install/localisation:/home/etdisc/depots/f1tenth/sim_ws/install/f1tenth_gym_ros:/home/etdisc/depots/f1tenth/sim_ws/install/custom_msgs:/home/etdisc/depots/f1tenth/sim_ws/install/Waypoints:/home/etdisc/depots/f1tenth/sim_ws/install/Simple_algo:/home/etdisc/depots/f1tenth/sim_ws/install/Planif:/home/etdisc/depots/f1tenth/sim_ws/install/Mapping:/home/etdisc/depots/f1tenth/sim_ws/install/AEB:/opt/ros/galactic', 'SHELL': '/bin/bash', 'QT_ACCESSIBILITY': '1', 'GDMSESSION': 'ubuntu', 'LESSCLOSE': '/usr/bin/lesspipe %s %s', 'GPG_AGENT_INFO': '/run/user/1000/gnupg/S.gpg-agent:0:1', 'QT_IM_MODULE': 'ibus', 'PWD': '/home/etdisc/Bureau/codef1tenth/build/Planif', 'LC_ALL': 'fr_FR.UTF-8', 'XDG_CONFIG_DIRS': '/etc/xdg/xdg-ubuntu:/etc/xdg', 'DBUS_STARTER_ADDRESS': 'unix:path=/run/user/1000/bus,guid=712999510530655913b37c6169709380', 'XDG_DATA_DIRS': '/usr/share/ubuntu:/usr/local/share/:/usr/share/:/var/lib/snapd/desktop', 'PYTHONPATH': '/home/etdisc/Bureau/codef1tenth/build/Planif/prefix_override:/usr/lib/python3/dist-packages/colcon_core/task/python/colcon_distutils_commands:/home/etdisc/Bureau/codef1tenth/install/Planif/lib/python3.8/site-packages:/home/etdisc/Bureau/codef1tenth/install/timer/lib/python3.8/site-packages:/home/etdisc/Bureau/codef1tenth/install/strategy/lib/python3.8/site-packages:/home/etdisc/Bureau/codef1tenth/install/localisation/lib/python3.8/site-packages:/home/etdisc/Bureau/codef1tenth/install/f1tenth_gym_ros/lib/python3.8/site-packages:/home/etdisc/Bureau/codef1tenth/install/custom_msgs/lib/python3.8/site-packages:/home/etdisc/Bureau/codef1tenth/install/Waypoints/lib/python3.8/site-packages:/home/etdisc/Bureau/codef1tenth/install/Simple_algo/lib/python3.8/site-packages:/home/etdisc/Bureau/codef1tenth/install/Planif/lib/python3.8/site-packages:/home/etdisc/Bureau/codef1tenth/install/Mapping/lib/python3.8/site-packages:/home/etdisc/Bureau/codef1tenth/install/AEB/lib/python3.8/site-packages:/home/etdisc/depots/f1tenth/sim_ws/install/timer/lib/python3.8/site-packages:/home/etdisc/depots/f1tenth/sim_ws/install/strategy/lib/python3.8/site-packages:/home/etdisc/depots/f1tenth/sim_ws/install/localisation/lib/python3.8/site-packages:/home/etdisc/depots/f1tenth/sim_ws/install/f1tenth_gym_ros/lib/python3.8/site-packages:/home/etdisc/depots/f1tenth/sim_ws/install/custom_msgs/lib/python3.8/site-packages:/home/etdisc/depots/f1tenth/sim_ws/install/Waypoints/lib/python3.8/site-packages:/home/etdisc/depots/f1tenth/sim_ws/install/Simple_algo/lib/python3.8/site-packages:/home/etdisc/depots/f1tenth/sim_ws/install/Planif/lib/python3.8/site-packages:/home/etdisc/depots/f1tenth/sim_ws/install/Mapping/lib/python3.8/site-packages:/home/etdisc/depots/f1tenth/sim_ws/install/AEB/lib/python3.8/site-packages:/opt/ros/galactic/lib/python3.8/site-packages', 'HTTP_PROXY': 'http://proxy:3128', 'COLCON': '1', 'VTE_VERSION': '6003', 'CMAKE_PREFIX_PATH': '/home/etdisc/Bureau/codef1tenth/install/custom_msgs:/home/etdisc/depots/f1tenth/sim_ws/install/custom_msgs'}, 'shell': False}
[3.745279] (Waypoints) Command: {'cmd': ['/usr/bin/python3', '-W', 'ignore:setup.py install is deprecated', '-W', 'ignore:easy_install command is deprecated', 'setup.py', 'egg_info', '--egg-base', '../../build/Waypoints', 'build', '--build-base', '/home/etdisc/Bureau/codef1tenth/build/Waypoints/build', 'install', '--record', '/home/etdisc/Bureau/codef1tenth/build/Waypoints/install.log', '--single-version-externally-managed', 'install_data'], 'cwd': '/home/etdisc/Bureau/codef1tenth/src/Waypoints', 'env': {'LESSOPEN': '| /usr/bin/lesspipe %s', 'HTTPS_PROXY': 'http://proxy:3128', 'USER': 'etdisc', 'SSH_AGENT_PID': '1666', 'XDG_SESSION_TYPE': 'x11', 'SHLVL': '1', 'LD_LIBRARY_PATH': '/home/etdisc/Bureau/codef1tenth/install/custom_msgs/lib:/home/etdisc/depots/f1tenth/sim_ws/install/custom_msgs/lib:/usr/lib/x86_64-linux-gnu/gazebo-11/plugins:/opt/ros/galactic/opt/yaml_cpp_vendor/lib:/opt/ros/galactic/opt/rviz_ogre_vendor/lib:/opt/ros/galactic/lib/x86_64-linux-gnu:/opt/ros/galactic/lib', 'HOME': '/home/etdisc', 'DESKTOP_SESSION': 'ubuntu', 'ROS_PYTHON_VERSION': '3', 'GNOME_SHELL_SESSION_MODE': 'ubuntu', 'GTK_MODULES': 'gail:atk-bridge', 'MANAGERPID': '1571', 'DBUS_STARTER_BUS_TYPE': 'session', 'DBUS_SESSION_BUS_ADDRESS': 'unix:path=/run/user/1000/bus,guid=712999510530655913b37c6169709380', 'COLORTERM': 'truecolor', 'IM_CONFIG_PHASE': '1', 'https_proxy': 'http://proxy:3128', 'COLCON_PREFIX_PATH': '/home/etdisc/Bureau/codef1tenth/install:/home/etdisc/depots/f1tenth/sim_ws/install', 'ROS_DISTRO': 'galactic', 'LOGNAME': 'etdisc', 'http_proxy': 'http://proxy:3128', 'JOURNAL_STREAM': '8:65626', '_': '/usr/bin/colcon', 'ROS_VERSION': '2', 'XDG_SESSION_CLASS': 'user', 'USERNAME': 'etdisc', 'TERM': 'xterm-256color', 'GNOME_DESKTOP_SESSION_ID': 'this-is-deprecated', 'ROS_LOCALHOST_ONLY': '1', 'WINDOWPATH': '2', 'PATH': '/opt/ros/galactic/bin:/snap/bin:/home/etdisc/.local/bin:/usr/local/sbin:/usr/local/bin:/usr/sbin:/usr/bin:/sbin:/bin:/usr/games:/usr/local/games:/snap/bin', 'SESSION_MANAGER': 'local/etdisc-virtual-machine:@/tmp/.ICE-unix/1701,unix/etdisc-virtual-machine:/tmp/.ICE-unix/1701', 'INVOCATION_ID': '81bd2218a54643fdb444052878adae1a', 'XDG_MENU_PREFIX': 'gnome-', 'GNOME_TERMINAL_SCREEN': '/org/gnome/Terminal/screen/f65c3d91_b098_4021_930d_b5c8320fde15', 'XDG_RUNTIME_DIR': '/run/user/1000', 'DISPLAY': ':0', 'LANG': 'fr_FR.UTF-8', 'XDG_CURRENT_DESKTOP': 'ubuntu:GNOME', 'XMODIFIERS': '@im=ibus', 'XDG_SESSION_DESKTOP': 'ubuntu', 'XAUTHORITY': '/run/user/1000/gdm/Xauthority', 'LS_COLORS': 'rs=0:di=01;34:ln=01;36:mh=00:pi=40;33:so=01;35:do=01;35:bd=40;33;01:cd=40;33;01:or=40;31;01:mi=00:su=37;41:sg=30;43:ca=30;41:tw=30;42:ow=34;42:st=37;44:ex=01;32:*.tar=01;31:*.tgz=01;31:*.arc=01;31:*.arj=01;31:*.taz=01;31:*.lha=01;31:*.lz4=01;31:*.lzh=01;31:*.lzma=01;31:*.tlz=01;31:*.txz=01;31:*.tzo=01;31:*.t7z=01;31:*.zip=01;31:*.z=01;31:*.dz=01;31:*.gz=01;31:*.lrz=01;31:*.lz=01;31:*.lzo=01;31:*.xz=01;31:*.zst=01;31:*.tzst=01;31:*.bz2=01;31:*.bz=01;31:*.tbz=01;31:*.tbz2=01;31:*.tz=01;31:*.deb=01;31:*.rpm=01;31:*.jar=01;31:*.war=01;31:*.ear=01;31:*.sar=01;31:*.rar=01;31:*.alz=01;31:*.ace=01;31:*.zoo=01;31:*.cpio=01;31:*.7z=01;31:*.rz=01;31:*.cab=01;31:*.wim=01;31:*.swm=01;31:*.dwm=01;31:*.esd=01;31:*.jpg=01;35:*.jpeg=01;35:*.mjpg=01;35:*.mjpeg=01;35:*.gif=01;35:*.bmp=01;35:*.pbm=01;35:*.pgm=01;35:*.ppm=01;35:*.tga=01;35:*.xbm=01;35:*.xpm=01;35:*.tif=01;35:*.tiff=01;35:*.png=01;35:*.svg=01;35:*.svgz=01;35:*.mng=01;35:*.pcx=01;35:*.mov=01;35:*.mpg=01;35:*.mpeg=01;35:*.m2v=01;35:*.mkv=01;35:*.webm=01;35:*.ogm=01;35:*.mp4=01;35:*.m4v=01;35:*.mp4v=01;35:*.vob=01;35:*.qt=01;35:*.nuv=01;35:*.wmv=01;35:*.asf=01;35:*.rm=01;35:*.rmvb=01;35:*.flc=01;35:*.avi=01;35:*.fli=01;35:*.flv=01;35:*.gl=01;35:*.dl=01;35:*.xcf=01;35:*.xwd=01;35:*.yuv=01;35:*.cgm=01;35:*.emf=01;35:*.ogv=01;35:*.ogx=01;35:*.aac=00;36:*.au=00;36:*.flac=00;36:*.m4a=00;36:*.mid=00;36:*.midi=00;36:*.mka=00;36:*.mp3=00;36:*.mpc=00;36:*.ogg=00;36:*.ra=00;36:*.wav=00;36:*.oga=00;36:*.opus=00;36:*.spx=00;36:*.xspf=00;36:', 'GNOME_TERMINAL_SERVICE': ':1.228', 'SSH_AUTH_SOCK': '/run/user/1000/keyring/ssh', 'AMENT_PREFIX_PATH': '/home/etdisc/Bureau/codef1tenth/install/timer:/home/etdisc/Bureau/codef1tenth/install/strategy:/home/etdisc/Bureau/codef1tenth/install/localisation:/home/etdisc/Bureau/codef1tenth/install/f1tenth_gym_ros:/home/etdisc/Bureau/codef1tenth/install/custom_msgs:/home/etdisc/Bureau/codef1tenth/install/Waypoints:/home/etdisc/Bureau/codef1tenth/install/Simple_algo:/home/etdisc/Bureau/codef1tenth/install/Planif:/home/etdisc/Bureau/codef1tenth/install/Mapping:/home/etdisc/Bureau/codef1tenth/install/AEB:/home/etdisc/depots/f1tenth/sim_ws/install/timer:/home/etdisc/depots/f1tenth/sim_ws/install/strategy:/home/etdisc/depots/f1tenth/sim_ws/install/localisation:/home/etdisc/depots/f1tenth/sim_ws/install/f1tenth_gym_ros:/home/etdisc/depots/f1tenth/sim_ws/install/custom_msgs:/home/etdisc/depots/f1tenth/sim_ws/install/Waypoints:/home/etdisc/depots/f1tenth/sim_ws/install/Simple_algo:/home/etdisc/depots/f1tenth/sim_ws/install/Planif:/home/etdisc/depots/f1tenth/sim_ws/install/Mapping:/home/etdisc/depots/f1tenth/sim_ws/install/AEB:/opt/ros/galactic', 'SHELL': '/bin/bash', 'QT_ACCESSIBILITY': '1', 'GDMSESSION': 'ubuntu', 'LESSCLOSE': '/usr/bin/lesspipe %s %s', 'GPG_AGENT_INFO': '/run/user/1000/gnupg/S.gpg-agent:0:1', 'QT_IM_MODULE': 'ibus', 'PWD': '/home/etdisc/Bureau/codef1tenth/build/Waypoints', 'LC_ALL': 'fr_FR.UTF-8', 'XDG_CONFIG_DIRS': '/etc/xdg/xdg-ubuntu:/etc/xdg', 'DBUS_STARTER_ADDRESS': 'unix:path=/run/user/1000/bus,guid=712999510530655913b37c6169709380', 'XDG_DATA_DIRS': '/usr/share/ubuntu:/usr/local/share/:/usr/share/:/var/lib/snapd/desktop', 'PYTHONPATH': '/home/etdisc/Bureau/codef1tenth/build/Waypoints/prefix_override:/usr/lib/python3/dist-packages/colcon_core/task/python/colcon_distutils_commands:/home/etdisc/Bureau/codef1tenth/install/Waypoints/lib/python3.8/site-packages:/home/etdisc/Bureau/codef1tenth/install/timer/lib/python3.8/site-packages:/home/etdisc/Bureau/codef1tenth/install/strategy/lib/python3.8/site-packages:/home/etdisc/Bureau/codef1tenth/install/localisation/lib/python3.8/site-packages:/home/etdisc/Bureau/codef1tenth/install/f1tenth_gym_ros/lib/python3.8/site-packages:/home/etdisc/Bureau/codef1tenth/install/custom_msgs/lib/python3.8/site-packages:/home/etdisc/Bureau/codef1tenth/install/Waypoints/lib/python3.8/site-packages:/home/etdisc/Bureau/codef1tenth/install/Simple_algo/lib/python3.8/site-packages:/home/etdisc/Bureau/codef1tenth/install/Planif/lib/python3.8/site-packages:/home/etdisc/Bureau/codef1tenth/install/Mapping/lib/python3.8/site-packages:/home/etdisc/Bureau/codef1tenth/install/AEB/lib/python3.8/site-packages:/home/etdisc/depots/f1tenth/sim_ws/install/timer/lib/python3.8/site-packages:/home/etdisc/depots/f1tenth/sim_ws/install/strategy/lib/python3.8/site-packages:/home/etdisc/depots/f1tenth/sim_ws/install/localisation/lib/python3.8/site-packages:/home/etdisc/depots/f1tenth/sim_ws/install/f1tenth_gym_ros/lib/python3.8/site-packages:/home/etdisc/depots/f1tenth/sim_ws/install/custom_msgs/lib/python3.8/site-packages:/home/etdisc/depots/f1tenth/sim_ws/install/Waypoints/lib/python3.8/site-packages:/home/etdisc/depots/f1tenth/sim_ws/install/Simple_algo/lib/python3.8/site-packages:/home/etdisc/depots/f1tenth/sim_ws/install/Planif/lib/python3.8/site-packages:/home/etdisc/depots/f1tenth/sim_ws/install/Mapping/lib/python3.8/site-packages:/home/etdisc/depots/f1tenth/sim_ws/install/AEB/lib/python3.8/site-packages:/opt/ros/galactic/lib/python3.8/site-packages', 'HTTP_PROXY': 'http://proxy:3128', 'COLCON': '1', 'VTE_VERSION': '6003', 'CMAKE_PREFIX_PATH': '/home/etdisc/Bureau/codef1tenth/install/custom_msgs:/home/etdisc/depots/f1tenth/sim_ws/install/custom_msgs'}, 'shell': False}
[3.763699] (-) TimerEvent: {}
[3.780471] (f1tenth_gym_ros) Command: {'cmd': ['/usr/bin/python3', '-W', 'ignore:setup.py install is deprecated', '-W', 'ignore:easy_install command is deprecated', 'setup.py', 'egg_info', '--egg-base', '../../build/f1tenth_gym_ros', 'build', '--build-base', '/home/etdisc/Bureau/codef1tenth/build/f1tenth_gym_ros/build', 'install', '--record', '/home/etdisc/Bureau/codef1tenth/build/f1tenth_gym_ros/install.log', '--install-scripts', '$base/lib/f1tenth_gym_ros', '--single-version-externally-managed', 'install_data'], 'cwd': '/home/etdisc/Bureau/codef1tenth/src/f1tenth_gym_ros', 'env': {'LESSOPEN': '| /usr/bin/lesspipe %s', 'HTTPS_PROXY': 'http://proxy:3128', 'USER': 'etdisc', 'SSH_AGENT_PID': '1666', 'XDG_SESSION_TYPE': 'x11', 'SHLVL': '1', 'LD_LIBRARY_PATH': '/home/etdisc/Bureau/codef1tenth/install/custom_msgs/lib:/home/etdisc/depots/f1tenth/sim_ws/install/custom_msgs/lib:/usr/lib/x86_64-linux-gnu/gazebo-11/plugins:/opt/ros/galactic/opt/yaml_cpp_vendor/lib:/opt/ros/galactic/opt/rviz_ogre_vendor/lib:/opt/ros/galactic/lib/x86_64-linux-gnu:/opt/ros/galactic/lib', 'HOME': '/home/etdisc', 'DESKTOP_SESSION': 'ubuntu', 'ROS_PYTHON_VERSION': '3', 'GNOME_SHELL_SESSION_MODE': 'ubuntu', 'GTK_MODULES': 'gail:atk-bridge', 'MANAGERPID': '1571', 'DBUS_STARTER_BUS_TYPE': 'session', 'DBUS_SESSION_BUS_ADDRESS': 'unix:path=/run/user/1000/bus,guid=712999510530655913b37c6169709380', 'COLORTERM': 'truecolor', 'IM_CONFIG_PHASE': '1', 'https_proxy': 'http://proxy:3128', 'COLCON_PREFIX_PATH': '/home/etdisc/Bureau/codef1tenth/install:/home/etdisc/depots/f1tenth/sim_ws/install', 'ROS_DISTRO': 'galactic', 'LOGNAME': 'etdisc', 'http_proxy': 'http://proxy:3128', 'JOURNAL_STREAM': '8:65626', '_': '/usr/bin/colcon', 'ROS_VERSION': '2', 'XDG_SESSION_CLASS': 'user', 'USERNAME': 'etdisc', 'TERM': 'xterm-256color', 'GNOME_DESKTOP_SESSION_ID': 'this-is-deprecated', 'ROS_LOCALHOST_ONLY': '1', 'WINDOWPATH': '2', 'PATH': '/opt/ros/galactic/bin:/snap/bin:/home/etdisc/.local/bin:/usr/local/sbin:/usr/local/bin:/usr/sbin:/usr/bin:/sbin:/bin:/usr/games:/usr/local/games:/snap/bin', 'SESSION_MANAGER': 'local/etdisc-virtual-machine:@/tmp/.ICE-unix/1701,unix/etdisc-virtual-machine:/tmp/.ICE-unix/1701', 'INVOCATION_ID': '81bd2218a54643fdb444052878adae1a', 'XDG_MENU_PREFIX': 'gnome-', 'GNOME_TERMINAL_SCREEN': '/org/gnome/Terminal/screen/f65c3d91_b098_4021_930d_b5c8320fde15', 'XDG_RUNTIME_DIR': '/run/user/1000', 'DISPLAY': ':0', 'LANG': 'fr_FR.UTF-8', 'XDG_CURRENT_DESKTOP': 'ubuntu:GNOME', 'XMODIFIERS': '@im=ibus', 'XDG_SESSION_DESKTOP': 'ubuntu', 'XAUTHORITY': '/run/user/1000/gdm/Xauthority', 'LS_COLORS': 'rs=0:di=01;34:ln=01;36:mh=00:pi=40;33:so=01;35:do=01;35:bd=40;33;01:cd=40;33;01:or=40;31;01:mi=00:su=37;41:sg=30;43:ca=30;41:tw=30;42:ow=34;42:st=37;44:ex=01;32:*.tar=01;31:*.tgz=01;31:*.arc=01;31:*.arj=01;31:*.taz=01;31:*.lha=01;31:*.lz4=01;31:*.lzh=01;31:*.lzma=01;31:*.tlz=01;31:*.txz=01;31:*.tzo=01;31:*.t7z=01;31:*.zip=01;31:*.z=01;31:*.dz=01;31:*.gz=01;31:*.lrz=01;31:*.lz=01;31:*.lzo=01;31:*.xz=01;31:*.zst=01;31:*.tzst=01;31:*.bz2=01;31:*.bz=01;31:*.tbz=01;31:*.tbz2=01;31:*.tz=01;31:*.deb=01;31:*.rpm=01;31:*.jar=01;31:*.war=01;31:*.ear=01;31:*.sar=01;31:*.rar=01;31:*.alz=01;31:*.ace=01;31:*.zoo=01;31:*.cpio=01;31:*.7z=01;31:*.rz=01;31:*.cab=01;31:*.wim=01;31:*.swm=01;31:*.dwm=01;31:*.esd=01;31:*.jpg=01;35:*.jpeg=01;35:*.mjpg=01;35:*.mjpeg=01;35:*.gif=01;35:*.bmp=01;35:*.pbm=01;35:*.pgm=01;35:*.ppm=01;35:*.tga=01;35:*.xbm=01;35:*.xpm=01;35:*.tif=01;35:*.tiff=01;35:*.png=01;35:*.svg=01;35:*.svgz=01;35:*.mng=01;35:*.pcx=01;35:*.mov=01;35:*.mpg=01;35:*.mpeg=01;35:*.m2v=01;35:*.mkv=01;35:*.webm=01;35:*.ogm=01;35:*.mp4=01;35:*.m4v=01;35:*.mp4v=01;35:*.vob=01;35:*.qt=01;35:*.nuv=01;35:*.wmv=01;35:*.asf=01;35:*.rm=01;35:*.rmvb=01;35:*.flc=01;35:*.avi=01;35:*.fli=01;35:*.flv=01;35:*.gl=01;35:*.dl=01;35:*.xcf=01;35:*.xwd=01;35:*.yuv=01;35:*.cgm=01;35:*.emf=01;35:*.ogv=01;35:*.ogx=01;35:*.aac=00;36:*.au=00;36:*.flac=00;36:*.m4a=00;36:*.mid=00;36:*.midi=00;36:*.mka=00;36:*.mp3=00;36:*.mpc=00;36:*.ogg=00;36:*.ra=00;36:*.wav=00;36:*.oga=00;36:*.opus=00;36:*.spx=00;36:*.xspf=00;36:', 'GNOME_TERMINAL_SERVICE': ':1.228', 'SSH_AUTH_SOCK': '/run/user/1000/keyring/ssh', 'AMENT_PREFIX_PATH': '/home/etdisc/Bureau/codef1tenth/install/timer:/home/etdisc/Bureau/codef1tenth/install/strategy:/home/etdisc/Bureau/codef1tenth/install/localisation:/home/etdisc/Bureau/codef1tenth/install/f1tenth_gym_ros:/home/etdisc/Bureau/codef1tenth/install/custom_msgs:/home/etdisc/Bureau/codef1tenth/install/Waypoints:/home/etdisc/Bureau/codef1tenth/install/Simple_algo:/home/etdisc/Bureau/codef1tenth/install/Planif:/home/etdisc/Bureau/codef1tenth/install/Mapping:/home/etdisc/Bureau/codef1tenth/install/AEB:/home/etdisc/depots/f1tenth/sim_ws/install/timer:/home/etdisc/depots/f1tenth/sim_ws/install/strategy:/home/etdisc/depots/f1tenth/sim_ws/install/localisation:/home/etdisc/depots/f1tenth/sim_ws/install/f1tenth_gym_ros:/home/etdisc/depots/f1tenth/sim_ws/install/custom_msgs:/home/etdisc/depots/f1tenth/sim_ws/install/Waypoints:/home/etdisc/depots/f1tenth/sim_ws/install/Simple_algo:/home/etdisc/depots/f1tenth/sim_ws/install/Planif:/home/etdisc/depots/f1tenth/sim_ws/install/Mapping:/home/etdisc/depots/f1tenth/sim_ws/install/AEB:/opt/ros/galactic', 'SHELL': '/bin/bash', 'QT_ACCESSIBILITY': '1', 'GDMSESSION': 'ubuntu', 'LESSCLOSE': '/usr/bin/lesspipe %s %s', 'GPG_AGENT_INFO': '/run/user/1000/gnupg/S.gpg-agent:0:1', 'QT_IM_MODULE': 'ibus', 'PWD': '/home/etdisc/Bureau/codef1tenth/build/f1tenth_gym_ros', 'LC_ALL': 'fr_FR.UTF-8', 'XDG_CONFIG_DIRS': '/etc/xdg/xdg-ubuntu:/etc/xdg', 'DBUS_STARTER_ADDRESS': 'unix:path=/run/user/1000/bus,guid=712999510530655913b37c6169709380', 'XDG_DATA_DIRS': '/usr/share/ubuntu:/usr/local/share/:/usr/share/:/var/lib/snapd/desktop', 'PYTHONPATH': '/home/etdisc/Bureau/codef1tenth/build/f1tenth_gym_ros/prefix_override:/usr/lib/python3/dist-packages/colcon_core/task/python/colcon_distutils_commands:/home/etdisc/Bureau/codef1tenth/install/f1tenth_gym_ros/lib/python3.8/site-packages:/home/etdisc/Bureau/codef1tenth/install/timer/lib/python3.8/site-packages:/home/etdisc/Bureau/codef1tenth/install/strategy/lib/python3.8/site-packages:/home/etdisc/Bureau/codef1tenth/install/localisation/lib/python3.8/site-packages:/home/etdisc/Bureau/codef1tenth/install/f1tenth_gym_ros/lib/python3.8/site-packages:/home/etdisc/Bureau/codef1tenth/install/custom_msgs/lib/python3.8/site-packages:/home/etdisc/Bureau/codef1tenth/install/Waypoints/lib/python3.8/site-packages:/home/etdisc/Bureau/codef1tenth/install/Simple_algo/lib/python3.8/site-packages:/home/etdisc/Bureau/codef1tenth/install/Planif/lib/python3.8/site-packages:/home/etdisc/Bureau/codef1tenth/install/Mapping/lib/python3.8/site-packages:/home/etdisc/Bureau/codef1tenth/install/AEB/lib/python3.8/site-packages:/home/etdisc/depots/f1tenth/sim_ws/install/timer/lib/python3.8/site-packages:/home/etdisc/depots/f1tenth/sim_ws/install/strategy/lib/python3.8/site-packages:/home/etdisc/depots/f1tenth/sim_ws/install/localisation/lib/python3.8/site-packages:/home/etdisc/depots/f1tenth/sim_ws/install/f1tenth_gym_ros/lib/python3.8/site-packages:/home/etdisc/depots/f1tenth/sim_ws/install/custom_msgs/lib/python3.8/site-packages:/home/etdisc/depots/f1tenth/sim_ws/install/Waypoints/lib/python3.8/site-packages:/home/etdisc/depots/f1tenth/sim_ws/install/Simple_algo/lib/python3.8/site-packages:/home/etdisc/depots/f1tenth/sim_ws/install/Planif/lib/python3.8/site-packages:/home/etdisc/depots/f1tenth/sim_ws/install/Mapping/lib/python3.8/site-packages:/home/etdisc/depots/f1tenth/sim_ws/install/AEB/lib/python3.8/site-packages:/opt/ros/galactic/lib/python3.8/site-packages', 'HTTP_PROXY': 'http://proxy:3128', 'COLCON': '1', 'VTE_VERSION': '6003', 'CMAKE_PREFIX_PATH': '/home/etdisc/Bureau/codef1tenth/install/custom_msgs:/home/etdisc/depots/f1tenth/sim_ws/install/custom_msgs'}, 'shell': False}
[3.789423] (Simple_algo) Command: {'cmd': ['/usr/bin/python3', '-W', 'ignore:setup.py install is deprecated', '-W', 'ignore:easy_install command is deprecated', 'setup.py', 'egg_info', '--egg-base', '../../build/Simple_algo', 'build', '--build-base', '/home/etdisc/Bureau/codef1tenth/build/Simple_algo/build', 'install', '--record', '/home/etdisc/Bureau/codef1tenth/build/Simple_algo/install.log', '--single-version-externally-managed', 'install_data'], 'cwd': '/home/etdisc/Bureau/codef1tenth/src/Simple_algo', 'env': {'LESSOPEN': '| /usr/bin/lesspipe %s', 'HTTPS_PROXY': 'http://proxy:3128', 'USER': 'etdisc', 'SSH_AGENT_PID': '1666', 'XDG_SESSION_TYPE': 'x11', 'SHLVL': '1', 'LD_LIBRARY_PATH': '/home/etdisc/Bureau/codef1tenth/install/custom_msgs/lib:/home/etdisc/depots/f1tenth/sim_ws/install/custom_msgs/lib:/usr/lib/x86_64-linux-gnu/gazebo-11/plugins:/opt/ros/galactic/opt/yaml_cpp_vendor/lib:/opt/ros/galactic/opt/rviz_ogre_vendor/lib:/opt/ros/galactic/lib/x86_64-linux-gnu:/opt/ros/galactic/lib', 'HOME': '/home/etdisc', 'DESKTOP_SESSION': 'ubuntu', 'ROS_PYTHON_VERSION': '3', 'GNOME_SHELL_SESSION_MODE': 'ubuntu', 'GTK_MODULES': 'gail:atk-bridge', 'MANAGERPID': '1571', 'DBUS_STARTER_BUS_TYPE': 'session', 'DBUS_SESSION_BUS_ADDRESS': 'unix:path=/run/user/1000/bus,guid=712999510530655913b37c6169709380', 'COLORTERM': 'truecolor', 'IM_CONFIG_PHASE': '1', 'https_proxy': 'http://proxy:3128', 'COLCON_PREFIX_PATH': '/home/etdisc/Bureau/codef1tenth/install:/home/etdisc/depots/f1tenth/sim_ws/install', 'ROS_DISTRO': 'galactic', 'LOGNAME': 'etdisc', 'http_proxy': 'http://proxy:3128', 'JOURNAL_STREAM': '8:65626', '_': '/usr/bin/colcon', 'ROS_VERSION': '2', 'XDG_SESSION_CLASS': 'user', 'USERNAME': 'etdisc', 'TERM': 'xterm-256color', 'GNOME_DESKTOP_SESSION_ID': 'this-is-deprecated', 'ROS_LOCALHOST_ONLY': '1', 'WINDOWPATH': '2', 'PATH': '/opt/ros/galactic/bin:/snap/bin:/home/etdisc/.local/bin:/usr/local/sbin:/usr/local/bin:/usr/sbin:/usr/bin:/sbin:/bin:/usr/games:/usr/local/games:/snap/bin', 'SESSION_MANAGER': 'local/etdisc-virtual-machine:@/tmp/.ICE-unix/1701,unix/etdisc-virtual-machine:/tmp/.ICE-unix/1701', 'INVOCATION_ID': '81bd2218a54643fdb444052878adae1a', 'XDG_MENU_PREFIX': 'gnome-', 'GNOME_TERMINAL_SCREEN': '/org/gnome/Terminal/screen/f65c3d91_b098_4021_930d_b5c8320fde15', 'XDG_RUNTIME_DIR': '/run/user/1000', 'DISPLAY': ':0', 'LANG': 'fr_FR.UTF-8', 'XDG_CURRENT_DESKTOP': 'ubuntu:GNOME', 'XMODIFIERS': '@im=ibus', 'XDG_SESSION_DESKTOP': 'ubuntu', 'XAUTHORITY': '/run/user/1000/gdm/Xauthority', 'LS_COLORS': 'rs=0:di=01;34:ln=01;36:mh=00:pi=40;33:so=01;35:do=01;35:bd=40;33;01:cd=40;33;01:or=40;31;01:mi=00:su=37;41:sg=30;43:ca=30;41:tw=30;42:ow=34;42:st=37;44:ex=01;32:*.tar=01;31:*.tgz=01;31:*.arc=01;31:*.arj=01;31:*.taz=01;31:*.lha=01;31:*.lz4=01;31:*.lzh=01;31:*.lzma=01;31:*.tlz=01;31:*.txz=01;31:*.tzo=01;31:*.t7z=01;31:*.zip=01;31:*.z=01;31:*.dz=01;31:*.gz=01;31:*.lrz=01;31:*.lz=01;31:*.lzo=01;31:*.xz=01;31:*.zst=01;31:*.tzst=01;31:*.bz2=01;31:*.bz=01;31:*.tbz=01;31:*.tbz2=01;31:*.tz=01;31:*.deb=01;31:*.rpm=01;31:*.jar=01;31:*.war=01;31:*.ear=01;31:*.sar=01;31:*.rar=01;31:*.alz=01;31:*.ace=01;31:*.zoo=01;31:*.cpio=01;31:*.7z=01;31:*.rz=01;31:*.cab=01;31:*.wim=01;31:*.swm=01;31:*.dwm=01;31:*.esd=01;31:*.jpg=01;35:*.jpeg=01;35:*.mjpg=01;35:*.mjpeg=01;35:*.gif=01;35:*.bmp=01;35:*.pbm=01;35:*.pgm=01;35:*.ppm=01;35:*.tga=01;35:*.xbm=01;35:*.xpm=01;35:*.tif=01;35:*.tiff=01;35:*.png=01;35:*.svg=01;35:*.svgz=01;35:*.mng=01;35:*.pcx=01;35:*.mov=01;35:*.mpg=01;35:*.mpeg=01;35:*.m2v=01;35:*.mkv=01;35:*.webm=01;35:*.ogm=01;35:*.mp4=01;35:*.m4v=01;35:*.mp4v=01;35:*.vob=01;35:*.qt=01;35:*.nuv=01;35:*.wmv=01;35:*.asf=01;35:*.rm=01;35:*.rmvb=01;35:*.flc=01;35:*.avi=01;35:*.fli=01;35:*.flv=01;35:*.gl=01;35:*.dl=01;35:*.xcf=01;35:*.xwd=01;35:*.yuv=01;35:*.cgm=01;35:*.emf=01;35:*.ogv=01;35:*.ogx=01;35:*.aac=00;36:*.au=00;36:*.flac=00;36:*.m4a=00;36:*.mid=00;36:*.midi=00;36:*.mka=00;36:*.mp3=00;36:*.mpc=00;36:*.ogg=00;36:*.ra=00;36:*.wav=00;36:*.oga=00;36:*.opus=00;36:*.spx=00;36:*.xspf=00;36:', 'GNOME_TERMINAL_SERVICE': ':1.228', 'SSH_AUTH_SOCK': '/run/user/1000/keyring/ssh', 'AMENT_PREFIX_PATH': '/home/etdisc/Bureau/codef1tenth/install/timer:/home/etdisc/Bureau/codef1tenth/install/strategy:/home/etdisc/Bureau/codef1tenth/install/localisation:/home/etdisc/Bureau/codef1tenth/install/f1tenth_gym_ros:/home/etdisc/Bureau/codef1tenth/install/custom_msgs:/home/etdisc/Bureau/codef1tenth/install/Waypoints:/home/etdisc/Bureau/codef1tenth/install/Simple_algo:/home/etdisc/Bureau/codef1tenth/install/Planif:/home/etdisc/Bureau/codef1tenth/install/Mapping:/home/etdisc/Bureau/codef1tenth/install/AEB:/home/etdisc/depots/f1tenth/sim_ws/install/timer:/home/etdisc/depots/f1tenth/sim_ws/install/strategy:/home/etdisc/depots/f1tenth/sim_ws/install/localisation:/home/etdisc/depots/f1tenth/sim_ws/install/f1tenth_gym_ros:/home/etdisc/depots/f1tenth/sim_ws/install/custom_msgs:/home/etdisc/depots/f1tenth/sim_ws/install/Waypoints:/home/etdisc/depots/f1tenth/sim_ws/install/Simple_algo:/home/etdisc/depots/f1tenth/sim_ws/install/Planif:/home/etdisc/depots/f1tenth/sim_ws/install/Mapping:/home/etdisc/depots/f1tenth/sim_ws/install/AEB:/opt/ros/galactic', 'SHELL': '/bin/bash', 'QT_ACCESSIBILITY': '1', 'GDMSESSION': 'ubuntu', 'LESSCLOSE': '/usr/bin/lesspipe %s %s', 'GPG_AGENT_INFO': '/run/user/1000/gnupg/S.gpg-agent:0:1', 'QT_IM_MODULE': 'ibus', 'PWD': '/home/etdisc/Bureau/codef1tenth/build/Simple_algo', 'LC_ALL': 'fr_FR.UTF-8', 'XDG_CONFIG_DIRS': '/etc/xdg/xdg-ubuntu:/etc/xdg', 'DBUS_STARTER_ADDRESS': 'unix:path=/run/user/1000/bus,guid=712999510530655913b37c6169709380', 'XDG_DATA_DIRS': '/usr/share/ubuntu:/usr/local/share/:/usr/share/:/var/lib/snapd/desktop', 'PYTHONPATH': '/home/etdisc/Bureau/codef1tenth/build/Simple_algo/prefix_override:/usr/lib/python3/dist-packages/colcon_core/task/python/colcon_distutils_commands:/home/etdisc/Bureau/codef1tenth/install/Simple_algo/lib/python3.8/site-packages:/home/etdisc/Bureau/codef1tenth/install/timer/lib/python3.8/site-packages:/home/etdisc/Bureau/codef1tenth/install/strategy/lib/python3.8/site-packages:/home/etdisc/Bureau/codef1tenth/install/localisation/lib/python3.8/site-packages:/home/etdisc/Bureau/codef1tenth/install/f1tenth_gym_ros/lib/python3.8/site-packages:/home/etdisc/Bureau/codef1tenth/install/custom_msgs/lib/python3.8/site-packages:/home/etdisc/Bureau/codef1tenth/install/Waypoints/lib/python3.8/site-packages:/home/etdisc/Bureau/codef1tenth/install/Simple_algo/lib/python3.8/site-packages:/home/etdisc/Bureau/codef1tenth/install/Planif/lib/python3.8/site-packages:/home/etdisc/Bureau/codef1tenth/install/Mapping/lib/python3.8/site-packages:/home/etdisc/Bureau/codef1tenth/install/AEB/lib/python3.8/site-packages:/home/etdisc/depots/f1tenth/sim_ws/install/timer/lib/python3.8/site-packages:/home/etdisc/depots/f1tenth/sim_ws/install/strategy/lib/python3.8/site-packages:/home/etdisc/depots/f1tenth/sim_ws/install/localisation/lib/python3.8/site-packages:/home/etdisc/depots/f1tenth/sim_ws/install/f1tenth_gym_ros/lib/python3.8/site-packages:/home/etdisc/depots/f1tenth/sim_ws/install/custom_msgs/lib/python3.8/site-packages:/home/etdisc/depots/f1tenth/sim_ws/install/Waypoints/lib/python3.8/site-packages:/home/etdisc/depots/f1tenth/sim_ws/install/Simple_algo/lib/python3.8/site-packages:/home/etdisc/depots/f1tenth/sim_ws/install/Planif/lib/python3.8/site-packages:/home/etdisc/depots/f1tenth/sim_ws/install/Mapping/lib/python3.8/site-packages:/home/etdisc/depots/f1tenth/sim_ws/install/AEB/lib/python3.8/site-packages:/opt/ros/galactic/lib/python3.8/site-packages', 'HTTP_PROXY': 'http://proxy:3128', 'COLCON': '1', 'VTE_VERSION': '6003', 'CMAKE_PREFIX_PATH': '/home/etdisc/Bureau/codef1tenth/install/custom_msgs:/home/etdisc/depots/f1tenth/sim_ws/install/custom_msgs'}, 'shell': False}
[3.800608] (Mapping) Command: {'cmd': ['/usr/bin/python3', '-W', 'ignore:setup.py install is deprecated', '-W', 'ignore:easy_install command is deprecated', 'setup.py', 'egg_info', '--egg-base', '../../build/Mapping', 'build', '--build-base', '/home/etdisc/Bureau/codef1tenth/build/Mapping/build', 'install', '--record', '/home/etdisc/Bureau/codef1tenth/build/Mapping/install.log', '--single-version-externally-managed', 'install_data'], 'cwd': '/home/etdisc/Bureau/codef1tenth/src/Mapping', 'env': {'LESSOPEN': '| /usr/bin/lesspipe %s', 'HTTPS_PROXY': 'http://proxy:3128', 'USER': 'etdisc', 'SSH_AGENT_PID': '1666', 'XDG_SESSION_TYPE': 'x11', 'SHLVL': '1', 'LD_LIBRARY_PATH': '/home/etdisc/Bureau/codef1tenth/install/custom_msgs/lib:/home/etdisc/depots/f1tenth/sim_ws/install/custom_msgs/lib:/usr/lib/x86_64-linux-gnu/gazebo-11/plugins:/opt/ros/galactic/opt/yaml_cpp_vendor/lib:/opt/ros/galactic/opt/rviz_ogre_vendor/lib:/opt/ros/galactic/lib/x86_64-linux-gnu:/opt/ros/galactic/lib', 'HOME': '/home/etdisc', 'DESKTOP_SESSION': 'ubuntu', 'ROS_PYTHON_VERSION': '3', 'GNOME_SHELL_SESSION_MODE': 'ubuntu', 'GTK_MODULES': 'gail:atk-bridge', 'MANAGERPID': '1571', 'DBUS_STARTER_BUS_TYPE': 'session', 'DBUS_SESSION_BUS_ADDRESS': 'unix:path=/run/user/1000/bus,guid=712999510530655913b37c6169709380', 'COLORTERM': 'truecolor', 'IM_CONFIG_PHASE': '1', 'https_proxy': 'http://proxy:3128', 'COLCON_PREFIX_PATH': '/home/etdisc/Bureau/codef1tenth/install:/home/etdisc/depots/f1tenth/sim_ws/install', 'ROS_DISTRO': 'galactic', 'LOGNAME': 'etdisc', 'http_proxy': 'http://proxy:3128', 'JOURNAL_STREAM': '8:65626', '_': '/usr/bin/colcon', 'ROS_VERSION': '2', 'XDG_SESSION_CLASS': 'user', 'USERNAME': 'etdisc', 'TERM': 'xterm-256color', 'GNOME_DESKTOP_SESSION_ID': 'this-is-deprecated', 'ROS_LOCALHOST_ONLY': '1', 'WINDOWPATH': '2', 'PATH': '/opt/ros/galactic/bin:/snap/bin:/home/etdisc/.local/bin:/usr/local/sbin:/usr/local/bin:/usr/sbin:/usr/bin:/sbin:/bin:/usr/games:/usr/local/games:/snap/bin', 'SESSION_MANAGER': 'local/etdisc-virtual-machine:@/tmp/.ICE-unix/1701,unix/etdisc-virtual-machine:/tmp/.ICE-unix/1701', 'INVOCATION_ID': '81bd2218a54643fdb444052878adae1a', 'XDG_MENU_PREFIX': 'gnome-', 'GNOME_TERMINAL_SCREEN': '/org/gnome/Terminal/screen/f65c3d91_b098_4021_930d_b5c8320fde15', 'XDG_RUNTIME_DIR': '/run/user/1000', 'DISPLAY': ':0', 'LANG': 'fr_FR.UTF-8', 'XDG_CURRENT_DESKTOP': 'ubuntu:GNOME', 'XMODIFIERS': '@im=ibus', 'XDG_SESSION_DESKTOP': 'ubuntu', 'XAUTHORITY': '/run/user/1000/gdm/Xauthority', 'LS_COLORS': 'rs=0:di=01;34:ln=01;36:mh=00:pi=40;33:so=01;35:do=01;35:bd=40;33;01:cd=40;33;01:or=40;31;01:mi=00:su=37;41:sg=30;43:ca=30;41:tw=30;42:ow=34;42:st=37;44:ex=01;32:*.tar=01;31:*.tgz=01;31:*.arc=01;31:*.arj=01;31:*.taz=01;31:*.lha=01;31:*.lz4=01;31:*.lzh=01;31:*.lzma=01;31:*.tlz=01;31:*.txz=01;31:*.tzo=01;31:*.t7z=01;31:*.zip=01;31:*.z=01;31:*.dz=01;31:*.gz=01;31:*.lrz=01;31:*.lz=01;31:*.lzo=01;31:*.xz=01;31:*.zst=01;31:*.tzst=01;31:*.bz2=01;31:*.bz=01;31:*.tbz=01;31:*.tbz2=01;31:*.tz=01;31:*.deb=01;31:*.rpm=01;31:*.jar=01;31:*.war=01;31:*.ear=01;31:*.sar=01;31:*.rar=01;31:*.alz=01;31:*.ace=01;31:*.zoo=01;31:*.cpio=01;31:*.7z=01;31:*.rz=01;31:*.cab=01;31:*.wim=01;31:*.swm=01;31:*.dwm=01;31:*.esd=01;31:*.jpg=01;35:*.jpeg=01;35:*.mjpg=01;35:*.mjpeg=01;35:*.gif=01;35:*.bmp=01;35:*.pbm=01;35:*.pgm=01;35:*.ppm=01;35:*.tga=01;35:*.xbm=01;35:*.xpm=01;35:*.tif=01;35:*.tiff=01;35:*.png=01;35:*.svg=01;35:*.svgz=01;35:*.mng=01;35:*.pcx=01;35:*.mov=01;35:*.mpg=01;35:*.mpeg=01;35:*.m2v=01;35:*.mkv=01;35:*.webm=01;35:*.ogm=01;35:*.mp4=01;35:*.m4v=01;35:*.mp4v=01;35:*.vob=01;35:*.qt=01;35:*.nuv=01;35:*.wmv=01;35:*.asf=01;35:*.rm=01;35:*.rmvb=01;35:*.flc=01;35:*.avi=01;35:*.fli=01;35:*.flv=01;35:*.gl=01;35:*.dl=01;35:*.xcf=01;35:*.xwd=01;35:*.yuv=01;35:*.cgm=01;35:*.emf=01;35:*.ogv=01;35:*.ogx=01;35:*.aac=00;36:*.au=00;36:*.flac=00;36:*.m4a=00;36:*.mid=00;36:*.midi=00;36:*.mka=00;36:*.mp3=00;36:*.mpc=00;36:*.ogg=00;36:*.ra=00;36:*.wav=00;36:*.oga=00;36:*.opus=00;36:*.spx=00;36:*.xspf=00;36:', 'GNOME_TERMINAL_SERVICE': ':1.228', 'SSH_AUTH_SOCK': '/run/user/1000/keyring/ssh', 'AMENT_PREFIX_PATH': '/home/etdisc/Bureau/codef1tenth/install/timer:/home/etdisc/Bureau/codef1tenth/install/strategy:/home/etdisc/Bureau/codef1tenth/install/localisation:/home/etdisc/Bureau/codef1tenth/install/f1tenth_gym_ros:/home/etdisc/Bureau/codef1tenth/install/custom_msgs:/home/etdisc/Bureau/codef1tenth/install/Waypoints:/home/etdisc/Bureau/codef1tenth/install/Simple_algo:/home/etdisc/Bureau/codef1tenth/install/Planif:/home/etdisc/Bureau/codef1tenth/install/Mapping:/home/etdisc/Bureau/codef1tenth/install/AEB:/home/etdisc/depots/f1tenth/sim_ws/install/timer:/home/etdisc/depots/f1tenth/sim_ws/install/strategy:/home/etdisc/depots/f1tenth/sim_ws/install/localisation:/home/etdisc/depots/f1tenth/sim_ws/install/f1tenth_gym_ros:/home/etdisc/depots/f1tenth/sim_ws/install/custom_msgs:/home/etdisc/depots/f1tenth/sim_ws/install/Waypoints:/home/etdisc/depots/f1tenth/sim_ws/install/Simple_algo:/home/etdisc/depots/f1tenth/sim_ws/install/Planif:/home/etdisc/depots/f1tenth/sim_ws/install/Mapping:/home/etdisc/depots/f1tenth/sim_ws/install/AEB:/opt/ros/galactic', 'SHELL': '/bin/bash', 'QT_ACCESSIBILITY': '1', 'GDMSESSION': 'ubuntu', 'LESSCLOSE': '/usr/bin/lesspipe %s %s', 'GPG_AGENT_INFO': '/run/user/1000/gnupg/S.gpg-agent:0:1', 'QT_IM_MODULE': 'ibus', 'PWD': '/home/etdisc/Bureau/codef1tenth/build/Mapping', 'LC_ALL': 'fr_FR.UTF-8', 'XDG_CONFIG_DIRS': '/etc/xdg/xdg-ubuntu:/etc/xdg', 'DBUS_STARTER_ADDRESS': 'unix:path=/run/user/1000/bus,guid=712999510530655913b37c6169709380', 'XDG_DATA_DIRS': '/usr/share/ubuntu:/usr/local/share/:/usr/share/:/var/lib/snapd/desktop', 'PYTHONPATH': '/home/etdisc/Bureau/codef1tenth/build/Mapping/prefix_override:/usr/lib/python3/dist-packages/colcon_core/task/python/colcon_distutils_commands:/home/etdisc/Bureau/codef1tenth/install/Mapping/lib/python3.8/site-packages:/home/etdisc/Bureau/codef1tenth/install/timer/lib/python3.8/site-packages:/home/etdisc/Bureau/codef1tenth/install/strategy/lib/python3.8/site-packages:/home/etdisc/Bureau/codef1tenth/install/localisation/lib/python3.8/site-packages:/home/etdisc/Bureau/codef1tenth/install/f1tenth_gym_ros/lib/python3.8/site-packages:/home/etdisc/Bureau/codef1tenth/install/custom_msgs/lib/python3.8/site-packages:/home/etdisc/Bureau/codef1tenth/install/Waypoints/lib/python3.8/site-packages:/home/etdisc/Bureau/codef1tenth/install/Simple_algo/lib/python3.8/site-packages:/home/etdisc/Bureau/codef1tenth/install/Planif/lib/python3.8/site-packages:/home/etdisc/Bureau/codef1tenth/install/Mapping/lib/python3.8/site-packages:/home/etdisc/Bureau/codef1tenth/install/AEB/lib/python3.8/site-packages:/home/etdisc/depots/f1tenth/sim_ws/install/timer/lib/python3.8/site-packages:/home/etdisc/depots/f1tenth/sim_ws/install/strategy/lib/python3.8/site-packages:/home/etdisc/depots/f1tenth/sim_ws/install/localisation/lib/python3.8/site-packages:/home/etdisc/depots/f1tenth/sim_ws/install/f1tenth_gym_ros/lib/python3.8/site-packages:/home/etdisc/depots/f1tenth/sim_ws/install/custom_msgs/lib/python3.8/site-packages:/home/etdisc/depots/f1tenth/sim_ws/install/Waypoints/lib/python3.8/site-packages:/home/etdisc/depots/f1tenth/sim_ws/install/Simple_algo/lib/python3.8/site-packages:/home/etdisc/depots/f1tenth/sim_ws/install/Planif/lib/python3.8/site-packages:/home/etdisc/depots/f1tenth/sim_ws/install/Mapping/lib/python3.8/site-packages:/home/etdisc/depots/f1tenth/sim_ws/install/AEB/lib/python3.8/site-packages:/opt/ros/galactic/lib/python3.8/site-packages', 'HTTP_PROXY': 'http://proxy:3128', 'COLCON': '1', 'VTE_VERSION': '6003', 'CMAKE_PREFIX_PATH': '/home/etdisc/Bureau/codef1tenth/install/custom_msgs:/home/etdisc/depots/f1tenth/sim_ws/install/custom_msgs'}, 'shell': False}
[3.863876] (-) TimerEvent: {}
[3.930518] (localisation) Command: {'cmd': ['/usr/bin/python3', '-W', 'ignore:setup.py install is deprecated', '-W', 'ignore:easy_install command is deprecated', 'setup.py', 'egg_info', '--egg-base', '../../build/localisation', 'build', '--build-base', '/home/etdisc/Bureau/codef1tenth/build/localisation/build', 'install', '--record', '/home/etdisc/Bureau/codef1tenth/build/localisation/install.log', '--single-version-externally-managed', 'install_data'], 'cwd': '/home/etdisc/Bureau/codef1tenth/src/localisation', 'env': {'LESSOPEN': '| /usr/bin/lesspipe %s', 'HTTPS_PROXY': 'http://proxy:3128', 'USER': 'etdisc', 'SSH_AGENT_PID': '1666', 'XDG_SESSION_TYPE': 'x11', 'SHLVL': '1', 'LD_LIBRARY_PATH': '/home/etdisc/Bureau/codef1tenth/install/custom_msgs/lib:/home/etdisc/depots/f1tenth/sim_ws/install/custom_msgs/lib:/usr/lib/x86_64-linux-gnu/gazebo-11/plugins:/opt/ros/galactic/opt/yaml_cpp_vendor/lib:/opt/ros/galactic/opt/rviz_ogre_vendor/lib:/opt/ros/galactic/lib/x86_64-linux-gnu:/opt/ros/galactic/lib', 'HOME': '/home/etdisc', 'DESKTOP_SESSION': 'ubuntu', 'ROS_PYTHON_VERSION': '3', 'GNOME_SHELL_SESSION_MODE': 'ubuntu', 'GTK_MODULES': 'gail:atk-bridge', 'MANAGERPID': '1571', 'DBUS_STARTER_BUS_TYPE': 'session', 'DBUS_SESSION_BUS_ADDRESS': 'unix:path=/run/user/1000/bus,guid=712999510530655913b37c6169709380', 'COLORTERM': 'truecolor', 'IM_CONFIG_PHASE': '1', 'https_proxy': 'http://proxy:3128', 'COLCON_PREFIX_PATH': '/home/etdisc/Bureau/codef1tenth/install:/home/etdisc/depots/f1tenth/sim_ws/install', 'ROS_DISTRO': 'galactic', 'LOGNAME': 'etdisc', 'http_proxy': 'http://proxy:3128', 'JOURNAL_STREAM': '8:65626', '_': '/usr/bin/colcon', 'ROS_VERSION': '2', 'XDG_SESSION_CLASS': 'user', 'USERNAME': 'etdisc', 'TERM': 'xterm-256color', 'GNOME_DESKTOP_SESSION_ID': 'this-is-deprecated', 'ROS_LOCALHOST_ONLY': '1', 'WINDOWPATH': '2', 'PATH': '/opt/ros/galactic/bin:/snap/bin:/home/etdisc/.local/bin:/usr/local/sbin:/usr/local/bin:/usr/sbin:/usr/bin:/sbin:/bin:/usr/games:/usr/local/games:/snap/bin', 'SESSION_MANAGER': 'local/etdisc-virtual-machine:@/tmp/.ICE-unix/1701,unix/etdisc-virtual-machine:/tmp/.ICE-unix/1701', 'INVOCATION_ID': '81bd2218a54643fdb444052878adae1a', 'XDG_MENU_PREFIX': 'gnome-', 'GNOME_TERMINAL_SCREEN': '/org/gnome/Terminal/screen/f65c3d91_b098_4021_930d_b5c8320fde15', 'XDG_RUNTIME_DIR': '/run/user/1000', 'DISPLAY': ':0', 'LANG': 'fr_FR.UTF-8', 'XDG_CURRENT_DESKTOP': 'ubuntu:GNOME', 'XMODIFIERS': '@im=ibus', 'XDG_SESSION_DESKTOP': 'ubuntu', 'XAUTHORITY': '/run/user/1000/gdm/Xauthority', 'LS_COLORS': 'rs=0:di=01;34:ln=01;36:mh=00:pi=40;33:so=01;35:do=01;35:bd=40;33;01:cd=40;33;01:or=40;31;01:mi=00:su=37;41:sg=30;43:ca=30;41:tw=30;42:ow=34;42:st=37;44:ex=01;32:*.tar=01;31:*.tgz=01;31:*.arc=01;31:*.arj=01;31:*.taz=01;31:*.lha=01;31:*.lz4=01;31:*.lzh=01;31:*.lzma=01;31:*.tlz=01;31:*.txz=01;31:*.tzo=01;31:*.t7z=01;31:*.zip=01;31:*.z=01;31:*.dz=01;31:*.gz=01;31:*.lrz=01;31:*.lz=01;31:*.lzo=01;31:*.xz=01;31:*.zst=01;31:*.tzst=01;31:*.bz2=01;31:*.bz=01;31:*.tbz=01;31:*.tbz2=01;31:*.tz=01;31:*.deb=01;31:*.rpm=01;31:*.jar=01;31:*.war=01;31:*.ear=01;31:*.sar=01;31:*.rar=01;31:*.alz=01;31:*.ace=01;31:*.zoo=01;31:*.cpio=01;31:*.7z=01;31:*.rz=01;31:*.cab=01;31:*.wim=01;31:*.swm=01;31:*.dwm=01;31:*.esd=01;31:*.jpg=01;35:*.jpeg=01;35:*.mjpg=01;35:*.mjpeg=01;35:*.gif=01;35:*.bmp=01;35:*.pbm=01;35:*.pgm=01;35:*.ppm=01;35:*.tga=01;35:*.xbm=01;35:*.xpm=01;35:*.tif=01;35:*.tiff=01;35:*.png=01;35:*.svg=01;35:*.svgz=01;35:*.mng=01;35:*.pcx=01;35:*.mov=01;35:*.mpg=01;35:*.mpeg=01;35:*.m2v=01;35:*.mkv=01;35:*.webm=01;35:*.ogm=01;35:*.mp4=01;35:*.m4v=01;35:*.mp4v=01;35:*.vob=01;35:*.qt=01;35:*.nuv=01;35:*.wmv=01;35:*.asf=01;35:*.rm=01;35:*.rmvb=01;35:*.flc=01;35:*.avi=01;35:*.fli=01;35:*.flv=01;35:*.gl=01;35:*.dl=01;35:*.xcf=01;35:*.xwd=01;35:*.yuv=01;35:*.cgm=01;35:*.emf=01;35:*.ogv=01;35:*.ogx=01;35:*.aac=00;36:*.au=00;36:*.flac=00;36:*.m4a=00;36:*.mid=00;36:*.midi=00;36:*.mka=00;36:*.mp3=00;36:*.mpc=00;36:*.ogg=00;36:*.ra=00;36:*.wav=00;36:*.oga=00;36:*.opus=00;36:*.spx=00;36:*.xspf=00;36:', 'GNOME_TERMINAL_SERVICE': ':1.228', 'SSH_AUTH_SOCK': '/run/user/1000/keyring/ssh', 'AMENT_PREFIX_PATH': '/home/etdisc/Bureau/codef1tenth/install/timer:/home/etdisc/Bureau/codef1tenth/install/strategy:/home/etdisc/Bureau/codef1tenth/install/localisation:/home/etdisc/Bureau/codef1tenth/install/f1tenth_gym_ros:/home/etdisc/Bureau/codef1tenth/install/custom_msgs:/home/etdisc/Bureau/codef1tenth/install/Waypoints:/home/etdisc/Bureau/codef1tenth/install/Simple_algo:/home/etdisc/Bureau/codef1tenth/install/Planif:/home/etdisc/Bureau/codef1tenth/install/Mapping:/home/etdisc/Bureau/codef1tenth/install/AEB:/home/etdisc/depots/f1tenth/sim_ws/install/timer:/home/etdisc/depots/f1tenth/sim_ws/install/strategy:/home/etdisc/depots/f1tenth/sim_ws/install/localisation:/home/etdisc/depots/f1tenth/sim_ws/install/f1tenth_gym_ros:/home/etdisc/depots/f1tenth/sim_ws/install/custom_msgs:/home/etdisc/depots/f1tenth/sim_ws/install/Waypoints:/home/etdisc/depots/f1tenth/sim_ws/install/Simple_algo:/home/etdisc/depots/f1tenth/sim_ws/install/Planif:/home/etdisc/depots/f1tenth/sim_ws/install/Mapping:/home/etdisc/depots/f1tenth/sim_ws/install/AEB:/opt/ros/galactic', 'SHELL': '/bin/bash', 'QT_ACCESSIBILITY': '1', 'GDMSESSION': 'ubuntu', 'LESSCLOSE': '/usr/bin/lesspipe %s %s', 'GPG_AGENT_INFO': '/run/user/1000/gnupg/S.gpg-agent:0:1', 'QT_IM_MODULE': 'ibus', 'PWD': '/home/etdisc/Bureau/codef1tenth/build/localisation', 'LC_ALL': 'fr_FR.UTF-8', 'XDG_CONFIG_DIRS': '/etc/xdg/xdg-ubuntu:/etc/xdg', 'DBUS_STARTER_ADDRESS': 'unix:path=/run/user/1000/bus,guid=712999510530655913b37c6169709380', 'XDG_DATA_DIRS': '/usr/share/ubuntu:/usr/local/share/:/usr/share/:/var/lib/snapd/desktop', 'PYTHONPATH': '/home/etdisc/Bureau/codef1tenth/build/localisation/prefix_override:/usr/lib/python3/dist-packages/colcon_core/task/python/colcon_distutils_commands:/home/etdisc/Bureau/codef1tenth/install/localisation/lib/python3.8/site-packages:/home/etdisc/Bureau/codef1tenth/install/timer/lib/python3.8/site-packages:/home/etdisc/Bureau/codef1tenth/install/strategy/lib/python3.8/site-packages:/home/etdisc/Bureau/codef1tenth/install/localisation/lib/python3.8/site-packages:/home/etdisc/Bureau/codef1tenth/install/f1tenth_gym_ros/lib/python3.8/site-packages:/home/etdisc/Bureau/codef1tenth/install/custom_msgs/lib/python3.8/site-packages:/home/etdisc/Bureau/codef1tenth/install/Waypoints/lib/python3.8/site-packages:/home/etdisc/Bureau/codef1tenth/install/Simple_algo/lib/python3.8/site-packages:/home/etdisc/Bureau/codef1tenth/install/Planif/lib/python3.8/site-packages:/home/etdisc/Bureau/codef1tenth/install/Mapping/lib/python3.8/site-packages:/home/etdisc/Bureau/codef1tenth/install/AEB/lib/python3.8/site-packages:/home/etdisc/depots/f1tenth/sim_ws/install/timer/lib/python3.8/site-packages:/home/etdisc/depots/f1tenth/sim_ws/install/strategy/lib/python3.8/site-packages:/home/etdisc/depots/f1tenth/sim_ws/install/localisation/lib/python3.8/site-packages:/home/etdisc/depots/f1tenth/sim_ws/install/f1tenth_gym_ros/lib/python3.8/site-packages:/home/etdisc/depots/f1tenth/sim_ws/install/custom_msgs/lib/python3.8/site-packages:/home/etdisc/depots/f1tenth/sim_ws/install/Waypoints/lib/python3.8/site-packages:/home/etdisc/depots/f1tenth/sim_ws/install/Simple_algo/lib/python3.8/site-packages:/home/etdisc/depots/f1tenth/sim_ws/install/Planif/lib/python3.8/site-packages:/home/etdisc/depots/f1tenth/sim_ws/install/Mapping/lib/python3.8/site-packages:/home/etdisc/depots/f1tenth/sim_ws/install/AEB/lib/python3.8/site-packages:/opt/ros/galactic/lib/python3.8/site-packages', 'HTTP_PROXY': 'http://proxy:3128', 'COLCON': '1', 'VTE_VERSION': '6003', 'CMAKE_PREFIX_PATH': '/home/etdisc/Bureau/codef1tenth/install/custom_msgs:/home/etdisc/depots/f1tenth/sim_ws/install/custom_msgs'}, 'shell': False}
[3.964491] (-) TimerEvent: {}
[4.065152] (-) TimerEvent: {}
[4.165981] (-) TimerEvent: {}
[4.267578] (-) TimerEvent: {}
[4.348490] (Planif) StdoutLine: {'line': b'running egg_info\n'}
[4.352563] (Planif) StdoutLine: {'line': b'writing ../../build/Planif/Planif.egg-info/PKG-INFO\n'}
[4.352894] (Planif) StdoutLine: {'line': b'writing dependency_links to ../../build/Planif/Planif.egg-info/dependency_links.txt\n'}
[4.353082] (Planif) StdoutLine: {'line': b'writing entry points to ../../build/Planif/Planif.egg-info/entry_points.txt\n'}
[4.353220] (Planif) StdoutLine: {'line': b'writing requirements to ../../build/Planif/Planif.egg-info/requires.txt\n'}
[4.353383] (Planif) StdoutLine: {'line': b'writing top-level names to ../../build/Planif/Planif.egg-info/top_level.txt\n'}
[4.367121] (Waypoints) StdoutLine: {'line': b'running egg_info\n'}
[4.367661] (-) TimerEvent: {}
[4.368174] (Waypoints) StdoutLine: {'line': b'writing ../../build/Waypoints/Waypoints.egg-info/PKG-INFO\n'}
[4.369752] (Waypoints) StdoutLine: {'line': b'writing dependency_links to ../../build/Waypoints/Waypoints.egg-info/dependency_links.txt\n'}
[4.373457] (Waypoints) StdoutLine: {'line': b'writing entry points to ../../build/Waypoints/Waypoints.egg-info/entry_points.txt\n'}
[4.374199] (Waypoints) StdoutLine: {'line': b'writing requirements to ../../build/Waypoints/Waypoints.egg-info/requires.txt\n'}
[4.374725] (Waypoints) StdoutLine: {'line': b'writing top-level names to ../../build/Waypoints/Waypoints.egg-info/top_level.txt\n'}
[4.425324] (Planif) StdoutLine: {'line': b"reading manifest file '../../build/Planif/Planif.egg-info/SOURCES.txt'\n"}
[4.425961] (Simple_algo) StdoutLine: {'line': b'running egg_info\n'}
[4.428773] (Simple_algo) StdoutLine: {'line': b'writing ../../build/Simple_algo/Simple_algo.egg-info/PKG-INFO\n'}
[4.429262] (Simple_algo) StdoutLine: {'line': b'writing dependency_links to ../../build/Simple_algo/Simple_algo.egg-info/dependency_links.txt\n'}
[4.429443] (Simple_algo) StdoutLine: {'line': b'writing entry points to ../../build/Simple_algo/Simple_algo.egg-info/entry_points.txt\n'}
[4.429580] (Simple_algo) StdoutLine: {'line': b'writing requirements to ../../build/Simple_algo/Simple_algo.egg-info/requires.txt\n'}
[4.429712] (Simple_algo) StdoutLine: {'line': b'writing top-level names to ../../build/Simple_algo/Simple_algo.egg-info/top_level.txt\n'}
[4.430956] (Planif) StdoutLine: {'line': b"writing manifest file '../../build/Planif/Planif.egg-info/SOURCES.txt'\n"}
[4.431353] (Planif) StdoutLine: {'line': b'running build\n'}
[4.431620] (Planif) StdoutLine: {'line': b'running build_py\n'}
[4.432124] (Planif) StdoutLine: {'line': b'running install\n'}
[4.433967] (Planif) StdoutLine: {'line': b'running install_lib\n'}
[4.436750] (Planif) StdoutLine: {'line': b'running install_data\n'}
[4.437100] (Planif) StdoutLine: {'line': b'running install_egg_info\n'}
[4.440608] (Planif) StdoutLine: {'line': b"removing '/home/etdisc/Bureau/codef1tenth/install/Planif/lib/python3.8/site-packages/Planif-0.1.0-py3.8.egg-info' (and everything under it)\n"}
[4.445412] (Planif) StdoutLine: {'line': b'Copying ../../build/Planif/Planif.egg-info to /home/etdisc/Bureau/codef1tenth/install/Planif/lib/python3.8/site-packages/Planif-0.1.0-py3.8.egg-info\n'}
[4.446124] (Planif) StdoutLine: {'line': b'running install_scripts\n'}
[4.446624] (Waypoints) StdoutLine: {'line': b"reading manifest file '../../build/Waypoints/Waypoints.egg-info/SOURCES.txt'\n"}
[4.462809] (Waypoints) StdoutLine: {'line': b"writing manifest file '../../build/Waypoints/Waypoints.egg-info/SOURCES.txt'\n"}
[4.463389] (Waypoints) StdoutLine: {'line': b'running build\n'}
[4.463664] (Waypoints) StdoutLine: {'line': b'running build_py\n'}
[4.464525] (Waypoints) StdoutLine: {'line': b'running install\n'}
[4.467809] (-) TimerEvent: {}
[4.471808] (Waypoints) StdoutLine: {'line': b'running install_lib\n'}
[4.481009] (Waypoints) StdoutLine: {'line': b'running install_data\n'}
[4.481350] (Waypoints) StdoutLine: {'line': b'running install_egg_info\n'}
[4.486498] (Waypoints) StdoutLine: {'line': b"removing '/home/etdisc/Bureau/codef1tenth/install/Waypoints/lib/python3.8/site-packages/Waypoints-0.0.0-py3.8.egg-info' (and everything under it)\n"}
[4.497270] (Waypoints) StdoutLine: {'line': b'Copying ../../build/Waypoints/Waypoints.egg-info to /home/etdisc/Bureau/codef1tenth/install/Waypoints/lib/python3.8/site-packages/Waypoints-0.0.0-py3.8.egg-info\n'}
[4.508909] (Planif) StdoutLine: {'line': b'Installing A_star script to /home/etdisc/Bureau/codef1tenth/install/Planif/lib/Planif\n'}
[4.509357] (Planif) StdoutLine: {'line': b'Installing A_star_SLAM script to /home/etdisc/Bureau/codef1tenth/install/Planif/lib/Planif\n'}
[4.509576] (Planif) StdoutLine: {'line': b"writing list of installed files to '/home/etdisc/Bureau/codef1tenth/build/Planif/install.log'\n"}
[4.512069] (Simple_algo) StdoutLine: {'line': b"reading manifest file '../../build/Simple_algo/Simple_algo.egg-info/SOURCES.txt'\n"}
[4.514220] (Waypoints) StdoutLine: {'line': b'running install_scripts\n'}
[4.514840] (Simple_algo) StdoutLine: {'line': b"writing manifest file '../../build/Simple_algo/Simple_algo.egg-info/SOURCES.txt'\n"}
[4.515321] (Simple_algo) StdoutLine: {'line': b'running build\n'}
[4.515595] (Simple_algo) StdoutLine: {'line': b'running build_py\n'}
[4.516945] (Simple_algo) StdoutLine: {'line': b'running install\n'}
[4.521860] (Simple_algo) StdoutLine: {'line': b'running install_lib\n'}
[4.525809] (Simple_algo) StdoutLine: {'line': b'running install_data\n'}
[4.526206] (Simple_algo) StdoutLine: {'line': b'running install_egg_info\n'}
[4.530196] (Simple_algo) StdoutLine: {'line': b"removing '/home/etdisc/Bureau/codef1tenth/install/Simple_algo/lib/python3.8/site-packages/Simple_algo-1.0.0-py3.8.egg-info' (and everything under it)\n"}
[4.530779] (Simple_algo) StdoutLine: {'line': b'Copying ../../build/Simple_algo/Simple_algo.egg-info to /home/etdisc/Bureau/codef1tenth/install/Simple_algo/lib/python3.8/site-packages/Simple_algo-1.0.0-py3.8.egg-info\n'}
[4.532780] (Simple_algo) StdoutLine: {'line': b'running install_scripts\n'}
[4.533121] (Mapping) StdoutLine: {'line': b'running egg_info\n'}
[4.534911] (Mapping) StdoutLine: {'line': b'writing ../../build/Mapping/Mapping.egg-info/PKG-INFO\n'}
[4.536236] (Mapping) StdoutLine: {'line': b'writing dependency_links to ../../build/Mapping/Mapping.egg-info/dependency_links.txt\n'}
[4.537445] (Mapping) StdoutLine: {'line': b'writing entry points to ../../build/Mapping/Mapping.egg-info/entry_points.txt\n'}
[4.538595] (Mapping) StdoutLine: {'line': b'writing requirements to ../../build/Mapping/Mapping.egg-info/requires.txt\n'}
[4.539699] (Mapping) StdoutLine: {'line': b'writing top-level names to ../../build/Mapping/Mapping.egg-info/top_level.txt\n'}
[4.560852] (Waypoints) StdoutLine: {'line': b'Installing pure_pursuit script to /home/etdisc/Bureau/codef1tenth/install/Waypoints/lib/Waypoints\n'}
[4.563097] (AEB) StdoutLine: {'line': b'running egg_info\n'}
[4.564871] (AEB) StdoutLine: {'line': b'writing ../../build/AEB/AEB.egg-info/PKG-INFO\n'}
[4.565953] (AEB) StdoutLine: {'line': b'writing dependency_links to ../../build/AEB/AEB.egg-info/dependency_links.txt\n'}
[4.566865] (AEB) StdoutLine: {'line': b'writing entry points to ../../build/AEB/AEB.egg-info/entry_points.txt\n'}
[4.567604] (AEB) StdoutLine: {'line': b'writing requirements to ../../build/AEB/AEB.egg-info/requires.txt\n'}
[4.567890] (-) TimerEvent: {}
[4.568860] (AEB) StdoutLine: {'line': b'writing top-level names to ../../build/AEB/AEB.egg-info/top_level.txt\n'}
[4.572426] (Waypoints) StdoutLine: {'line': b'Installing pure_pursuit2 script to /home/etdisc/Bureau/codef1tenth/install/Waypoints/lib/Waypoints\n'}
[4.572954] (Waypoints) StdoutLine: {'line': b'Installing waypoints_logger script to /home/etdisc/Bureau/codef1tenth/install/Waypoints/lib/Waypoints\n'}
[4.573169] (Waypoints) StdoutLine: {'line': b"writing list of installed files to '/home/etdisc/Bureau/codef1tenth/build/Waypoints/install.log'\n"}
[4.577655] (Planif) CommandEnded: {'returncode': 0}
[4.590219] (Simple_algo) StdoutLine: {'line': b'Installing disparity_extender script to /home/etdisc/Bureau/codef1tenth/install/Simple_algo/lib/Simple_algo\n'}
[4.590523] (Simple_algo) StdoutLine: {'line': b'Installing fast_disparity_extender script to /home/etdisc/Bureau/codef1tenth/install/Simple_algo/lib/Simple_algo\n'}
[4.593753] (Simple_algo) StdoutLine: {'line': b'Installing gap_follow script to /home/etdisc/Bureau/codef1tenth/install/Simple_algo/lib/Simple_algo\n'}
[4.593955] (Simple_algo) StdoutLine: {'line': b'Installing wall_follow script to /home/etdisc/Bureau/codef1tenth/install/Simple_algo/lib/Simple_algo\n'}
[4.594092] (Simple_algo) StdoutLine: {'line': b'Installing wall_follow_penn script to /home/etdisc/Bureau/codef1tenth/install/Simple_algo/lib/Simple_algo\n'}
[4.594233] (Simple_algo) StdoutLine: {'line': b"writing list of installed files to '/home/etdisc/Bureau/codef1tenth/build/Simple_algo/install.log'\n"}
[4.617459] (Planif) JobEnded: {'identifier': 'Planif', 'rc': 0}
[4.620875] (timer) JobStarted: {'identifier': 'timer'}
[4.626315] (localisation) StdoutLine: {'line': b'running egg_info\n'}
[4.627818] (localisation) StdoutLine: {'line': b'writing ../../build/localisation/localisation.egg-info/PKG-INFO\n'}
[4.628752] (localisation) StdoutLine: {'line': b'writing dependency_links to ../../build/localisation/localisation.egg-info/dependency_links.txt\n'}
[4.629480] (localisation) StdoutLine: {'line': b'writing entry points to ../../build/localisation/localisation.egg-info/entry_points.txt\n'}
[4.629848] (localisation) StdoutLine: {'line': b'writing requirements to ../../build/localisation/localisation.egg-info/requires.txt\n'}
[4.630140] (localisation) StdoutLine: {'line': b'writing top-level names to ../../build/localisation/localisation.egg-info/top_level.txt\n'}
[4.632360] (Mapping) StdoutLine: {'line': b"reading manifest file '../../build/Mapping/Mapping.egg-info/SOURCES.txt'\n"}
[4.634803] (Mapping) StdoutLine: {'line': b"writing manifest file '../../build/Mapping/Mapping.egg-info/SOURCES.txt'\n"}
[4.636255] (Mapping) StdoutLine: {'line': b'running build\n'}
[4.636490] (Mapping) StdoutLine: {'line': b'running build_py\n'}
[4.637888] (Mapping) StdoutLine: {'line': b'running install\n'}
[4.640837] (Mapping) StdoutLine: {'line': b'running install_lib\n'}
[4.646360] (Mapping) StdoutLine: {'line': b'running install_data\n'}
[4.648343] (Mapping) StdoutLine: {'line': b'running install_egg_info\n'}
[4.652857] (Mapping) StdoutLine: {'line': b"removing '/home/etdisc/Bureau/codef1tenth/install/Mapping/lib/python3.8/site-packages/Mapping-0.0.0-py3.8.egg-info' (and everything under it)\n"}
[4.654191] (Mapping) StdoutLine: {'line': b'Copying ../../build/Mapping/Mapping.egg-info to /home/etdisc/Bureau/codef1tenth/install/Mapping/lib/python3.8/site-packages/Mapping-0.0.0-py3.8.egg-info\n'}
[4.657017] (Mapping) StdoutLine: {'line': b'running install_scripts\n'}
[4.669691] (-) TimerEvent: {}
[4.689023] (f1tenth_gym_ros) StdoutLine: {'line': b'running egg_info\n'}
[4.690467] (f1tenth_gym_ros) StdoutLine: {'line': b'writing ../../build/f1tenth_gym_ros/f1tenth_gym_ros.egg-info/PKG-INFO\n'}
[4.690894] (f1tenth_gym_ros) StdoutLine: {'line': b'writing dependency_links to ../../build/f1tenth_gym_ros/f1tenth_gym_ros.egg-info/dependency_links.txt\n'}
[4.691084] (f1tenth_gym_ros) StdoutLine: {'line': b'writing entry points to ../../build/f1tenth_gym_ros/f1tenth_gym_ros.egg-info/entry_points.txt\n'}
[4.691406] (f1tenth_gym_ros) StdoutLine: {'line': b'writing requirements to ../../build/f1tenth_gym_ros/f1tenth_gym_ros.egg-info/requires.txt\n'}
[4.691546] (f1tenth_gym_ros) StdoutLine: {'line': b'writing top-level names to ../../build/f1tenth_gym_ros/f1tenth_gym_ros.egg-info/top_level.txt\n'}
[4.701023] (AEB) StdoutLine: {'line': b"reading manifest file '../../build/AEB/AEB.egg-info/SOURCES.txt'\n"}
[4.720205] (localisation) StdoutLine: {'line': b"reading manifest file '../../build/localisation/localisation.egg-info/SOURCES.txt'\n"}
[4.741291] (Mapping) StdoutLine: {'line': b'Installing centerline_extraction script to /home/etdisc/Bureau/codef1tenth/install/Mapping/lib/Mapping\n'}
[4.741551] (AEB) StdoutLine: {'line': b"writing manifest file '../../build/AEB/AEB.egg-info/SOURCES.txt'\n"}
[4.741721] (AEB) StdoutLine: {'line': b'running build\n'}
[4.741866] (AEB) StdoutLine: {'line': b'running build_py\n'}
[4.745282] (Waypoints) CommandEnded: {'returncode': 0}
[4.786124] (-) TimerEvent: {}
[4.793409] (AEB) StdoutLine: {'line': b'running install\n'}
[4.793923] (AEB) StdoutLine: {'line': b'running install_lib\n'}
[4.794149] (AEB) StdoutLine: {'line': b'running install_data\n'}
[4.794322] (AEB) StdoutLine: {'line': b'running install_egg_info\n'}
[4.794478] (Mapping) StdoutLine: {'line': b'Installing custom_slam script to /home/etdisc/Bureau/codef1tenth/install/Mapping/lib/Mapping\n'}
[4.794623] (Mapping) StdoutLine: {'line': b'Installing occupancy_grid script to /home/etdisc/Bureau/codef1tenth/install/Mapping/lib/Mapping\n'}
[4.794749] (Mapping) StdoutLine: {'line': b'Installing pose_listener script to /home/etdisc/Bureau/codef1tenth/install/Mapping/lib/Mapping\n'}
[4.794918] (Mapping) StdoutLine: {'line': b'Installing scan_filter script to /home/etdisc/Bureau/codef1tenth/install/Mapping/lib/Mapping\n'}
[4.795064] (Mapping) StdoutLine: {'line': b'Installing virtual_imu script to /home/etdisc/Bureau/codef1tenth/install/Mapping/lib/Mapping\n'}
[4.795206] (Mapping) StdoutLine: {'line': b"writing list of installed files to '/home/etdisc/Bureau/codef1tenth/build/Mapping/install.log'\n"}
[4.861821] (localisation) StdoutLine: {'line': b"writing manifest file '../../build/localisation/localisation.egg-info/SOURCES.txt'\n"}
[4.862107] (localisation) StdoutLine: {'line': b'running build\n'}
[4.862256] (localisation) StdoutLine: {'line': b'running build_py\n'}
[4.862362] (localisation) StdoutLine: {'line': b'running install\n'}
[4.862468] (localisation) StdoutLine: {'line': b'running install_lib\n'}
[4.862583] (localisation) StdoutLine: {'line': b'running install_data\n'}
[4.862689] (localisation) StdoutLine: {'line': b'running install_egg_info\n'}
[4.862810] (localisation) StdoutLine: {'line': b"removing '/home/etdisc/Bureau/codef1tenth/install/localisation/lib/python3.8/site-packages/localisation-0.0.0-py3.8.egg-info' (and everything under it)\n"}
[4.862916] (localisation) StdoutLine: {'line': b'Copying ../../build/localisation/localisation.egg-info to /home/etdisc/Bureau/codef1tenth/install/localisation/lib/python3.8/site-packages/localisation-0.0.0-py3.8.egg-info\n'}
[4.863011] (localisation) StdoutLine: {'line': b'running install_scripts\n'}
[4.863111] (AEB) StdoutLine: {'line': b"removing '/home/etdisc/Bureau/codef1tenth/install/AEB/lib/python3.8/site-packages/AEB-0.0.0-py3.8.egg-info' (and everything under it)\n"}
[4.863234] (AEB) StdoutLine: {'line': b'Copying ../../build/AEB/AEB.egg-info to /home/etdisc/Bureau/codef1tenth/install/AEB/lib/python3.8/site-packages/AEB-0.0.0-py3.8.egg-info\n'}
[4.863367] (AEB) StdoutLine: {'line': b'running install_scripts\n'}
[4.863473] (f1tenth_gym_ros) StdoutLine: {'line': b"reading manifest file '../../build/f1tenth_gym_ros/f1tenth_gym_ros.egg-info/SOURCES.txt'\n"}
[4.863622] (f1tenth_gym_ros) StdoutLine: {'line': b"writing manifest file '../../build/f1tenth_gym_ros/f1tenth_gym_ros.egg-info/SOURCES.txt'\n"}
[4.863733] (f1tenth_gym_ros) StdoutLine: {'line': b'running build\n'}
[4.863845] (f1tenth_gym_ros) StdoutLine: {'line': b'running build_py\n'}
[4.864023] (f1tenth_gym_ros) StdoutLine: {'line': b'running install\n'}
[4.864145] (f1tenth_gym_ros) StdoutLine: {'line': b'running install_lib\n'}
[4.864251] (f1tenth_gym_ros) StdoutLine: {'line': b'running install_data\n'}
[4.864357] (f1tenth_gym_ros) StdoutLine: {'line': b'copying launch/gym_bridge_launch.py -> /home/etdisc/Bureau/codef1tenth/install/f1tenth_gym_ros/share/f1tenth_gym_ros/launch\n'}
[4.864494] (f1tenth_gym_ros) StdoutLine: {'line': b'running install_egg_info\n'}
[4.864608] (f1tenth_gym_ros) StdoutLine: {'line': b"removing '/home/etdisc/Bureau/codef1tenth/install/f1tenth_gym_ros/lib/python3.8/site-packages/f1tenth_gym_ros-0.0.0-py3.8.egg-info' (and everything under it)\n"}
[4.864769] (f1tenth_gym_ros) StdoutLine: {'line': b'Copying ../../build/f1tenth_gym_ros/f1tenth_gym_ros.egg-info to /home/etdisc/Bureau/codef1tenth/install/f1tenth_gym_ros/lib/python3.8/site-packages/f1tenth_gym_ros-0.0.0-py3.8.egg-info\n'}
[4.864885] (f1tenth_gym_ros) StdoutLine: {'line': b'running install_scripts\n'}
[4.864990] (Waypoints) JobEnded: {'identifier': 'Waypoints', 'rc': 0}
[4.866144] (Simple_algo) CommandEnded: {'returncode': 0}
[4.866968] (AEB) StdoutLine: {'line': b'Installing AEB script to /home/etdisc/Bureau/codef1tenth/install/AEB/lib/AEB\n'}
[4.867203] (AEB) StdoutLine: {'line': b'Installing aeb2 script to /home/etdisc/Bureau/codef1tenth/install/AEB/lib/AEB\n'}
[4.867330] (AEB) StdoutLine: {'line': b'Installing multiplexer script to /home/etdisc/Bureau/codef1tenth/install/AEB/lib/AEB\n'}
[4.867460] (AEB) StdoutLine: {'line': b"writing list of installed files to '/home/etdisc/Bureau/codef1tenth/build/AEB/install.log'\n"}
[4.867565] (localisation) StdoutLine: {'line': b'Installing lap_tracker script to /home/etdisc/Bureau/codef1tenth/install/localisation/lib/localisation\n'}
[4.867681] (localisation) StdoutLine: {'line': b"writing list of installed files to '/home/etdisc/Bureau/codef1tenth/build/localisation/install.log'\n"}
[4.894648] (f1tenth_gym_ros) StdoutLine: {'line': b'Installing gym_bridge script to /home/etdisc/Bureau/codef1tenth/install/f1tenth_gym_ros/lib/f1tenth_gym_ros\n'}
[4.895089] (-) TimerEvent: {}
[4.895423] (f1tenth_gym_ros) StdoutLine: {'line': b"writing list of installed files to '/home/etdisc/Bureau/codef1tenth/build/f1tenth_gym_ros/install.log'\n"}
[4.916138] (Simple_algo) JobEnded: {'identifier': 'Simple_algo', 'rc': 0}
[4.995436] (-) TimerEvent: {}
[5.096263] (-) TimerEvent: {}
[5.196771] (-) TimerEvent: {}
[5.297271] (-) TimerEvent: {}
[5.396762] (Mapping) CommandEnded: {'returncode': 0}
[5.399045] (-) TimerEvent: {}
[5.412197] (Mapping) JobEnded: {'identifier': 'Mapping', 'rc': 0}
[5.413819] (localisation) CommandEnded: {'returncode': 0}
[5.432544] (localisation) JobEnded: {'identifier': 'localisation', 'rc': 0}
[5.439988] (AEB) CommandEnded: {'returncode': 0}
[5.464378] (AEB) JobEnded: {'identifier': 'AEB', 'rc': 0}
[5.466661] (f1tenth_gym_ros) CommandEnded: {'returncode': 0}
[5.494759] (f1tenth_gym_ros) JobEnded: {'identifier': 'f1tenth_gym_ros', 'rc': 0}
[5.499774] (-) TimerEvent: {}
[5.501079] (strategy) Command: {'cmd': ['/usr/bin/python3', '-W', 'ignore:setup.py install is deprecated', '-W', 'ignore:easy_install command is deprecated', 'setup.py', 'egg_info', '--egg-base', '../../build/strategy', 'build', '--build-base', '/home/etdisc/Bureau/codef1tenth/build/strategy/build', 'install', '--record', '/home/etdisc/Bureau/codef1tenth/build/strategy/install.log', '--single-version-externally-managed', 'install_data'], 'cwd': '/home/etdisc/Bureau/codef1tenth/src/strategy', 'env': {'LESSOPEN': '| /usr/bin/lesspipe %s', 'HTTPS_PROXY': 'http://proxy:3128', 'USER': 'etdisc', 'SSH_AGENT_PID': '1666', 'XDG_SESSION_TYPE': 'x11', 'SHLVL': '1', 'LD_LIBRARY_PATH': '/home/etdisc/Bureau/codef1tenth/install/custom_msgs/lib:/home/etdisc/depots/f1tenth/sim_ws/install/custom_msgs/lib:/usr/lib/x86_64-linux-gnu/gazebo-11/plugins:/opt/ros/galactic/opt/yaml_cpp_vendor/lib:/opt/ros/galactic/opt/rviz_ogre_vendor/lib:/opt/ros/galactic/lib/x86_64-linux-gnu:/opt/ros/galactic/lib', 'HOME': '/home/etdisc', 'DESKTOP_SESSION': 'ubuntu', 'ROS_PYTHON_VERSION': '3', 'GNOME_SHELL_SESSION_MODE': 'ubuntu', 'GTK_MODULES': 'gail:atk-bridge', 'MANAGERPID': '1571', 'DBUS_STARTER_BUS_TYPE': 'session', 'DBUS_SESSION_BUS_ADDRESS': 'unix:path=/run/user/1000/bus,guid=712999510530655913b37c6169709380', 'COLORTERM': 'truecolor', 'IM_CONFIG_PHASE': '1', 'https_proxy': 'http://proxy:3128', 'COLCON_PREFIX_PATH': '/home/etdisc/Bureau/codef1tenth/install:/home/etdisc/depots/f1tenth/sim_ws/install', 'ROS_DISTRO': 'galactic', 'LOGNAME': 'etdisc', 'http_proxy': 'http://proxy:3128', 'JOURNAL_STREAM': '8:65626', '_': '/usr/bin/colcon', 'ROS_VERSION': '2', 'XDG_SESSION_CLASS': 'user', 'USERNAME': 'etdisc', 'TERM': 'xterm-256color', 'GNOME_DESKTOP_SESSION_ID': 'this-is-deprecated', 'ROS_LOCALHOST_ONLY': '1', 'WINDOWPATH': '2', 'PATH': '/opt/ros/galactic/bin:/snap/bin:/home/etdisc/.local/bin:/usr/local/sbin:/usr/local/bin:/usr/sbin:/usr/bin:/sbin:/bin:/usr/games:/usr/local/games:/snap/bin', 'SESSION_MANAGER': 'local/etdisc-virtual-machine:@/tmp/.ICE-unix/1701,unix/etdisc-virtual-machine:/tmp/.ICE-unix/1701', 'INVOCATION_ID': '81bd2218a54643fdb444052878adae1a', 'XDG_MENU_PREFIX': 'gnome-', 'GNOME_TERMINAL_SCREEN': '/org/gnome/Terminal/screen/f65c3d91_b098_4021_930d_b5c8320fde15', 'XDG_RUNTIME_DIR': '/run/user/1000', 'DISPLAY': ':0', 'LANG': 'fr_FR.UTF-8', 'XDG_CURRENT_DESKTOP': 'ubuntu:GNOME', 'XMODIFIERS': '@im=ibus', 'XDG_SESSION_DESKTOP': 'ubuntu', 'XAUTHORITY': '/run/user/1000/gdm/Xauthority', 'LS_COLORS': 'rs=0:di=01;34:ln=01;36:mh=00:pi=40;33:so=01;35:do=01;35:bd=40;33;01:cd=40;33;01:or=40;31;01:mi=00:su=37;41:sg=30;43:ca=30;41:tw=30;42:ow=34;42:st=37;44:ex=01;32:*.tar=01;31:*.tgz=01;31:*.arc=01;31:*.arj=01;31:*.taz=01;31:*.lha=01;31:*.lz4=01;31:*.lzh=01;31:*.lzma=01;31:*.tlz=01;31:*.txz=01;31:*.tzo=01;31:*.t7z=01;31:*.zip=01;31:*.z=01;31:*.dz=01;31:*.gz=01;31:*.lrz=01;31:*.lz=01;31:*.lzo=01;31:*.xz=01;31:*.zst=01;31:*.tzst=01;31:*.bz2=01;31:*.bz=01;31:*.tbz=01;31:*.tbz2=01;31:*.tz=01;31:*.deb=01;31:*.rpm=01;31:*.jar=01;31:*.war=01;31:*.ear=01;31:*.sar=01;31:*.rar=01;31:*.alz=01;31:*.ace=01;31:*.zoo=01;31:*.cpio=01;31:*.7z=01;31:*.rz=01;31:*.cab=01;31:*.wim=01;31:*.swm=01;31:*.dwm=01;31:*.esd=01;31:*.jpg=01;35:*.jpeg=01;35:*.mjpg=01;35:*.mjpeg=01;35:*.gif=01;35:*.bmp=01;35:*.pbm=01;35:*.pgm=01;35:*.ppm=01;35:*.tga=01;35:*.xbm=01;35:*.xpm=01;35:*.tif=01;35:*.tiff=01;35:*.png=01;35:*.svg=01;35:*.svgz=01;35:*.mng=01;35:*.pcx=01;35:*.mov=01;35:*.mpg=01;35:*.mpeg=01;35:*.m2v=01;35:*.mkv=01;35:*.webm=01;35:*.ogm=01;35:*.mp4=01;35:*.m4v=01;35:*.mp4v=01;35:*.vob=01;35:*.qt=01;35:*.nuv=01;35:*.wmv=01;35:*.asf=01;35:*.rm=01;35:*.rmvb=01;35:*.flc=01;35:*.avi=01;35:*.fli=01;35:*.flv=01;35:*.gl=01;35:*.dl=01;35:*.xcf=01;35:*.xwd=01;35:*.yuv=01;35:*.cgm=01;35:*.emf=01;35:*.ogv=01;35:*.ogx=01;35:*.aac=00;36:*.au=00;36:*.flac=00;36:*.m4a=00;36:*.mid=00;36:*.midi=00;36:*.mka=00;36:*.mp3=00;36:*.mpc=00;36:*.ogg=00;36:*.ra=00;36:*.wav=00;36:*.oga=00;36:*.opus=00;36:*.spx=00;36:*.xspf=00;36:', 'GNOME_TERMINAL_SERVICE': ':1.228', 'SSH_AUTH_SOCK': '/run/user/1000/keyring/ssh', 'AMENT_PREFIX_PATH': '/home/etdisc/Bureau/codef1tenth/install/timer:/home/etdisc/Bureau/codef1tenth/install/strategy:/home/etdisc/Bureau/codef1tenth/install/localisation:/home/etdisc/Bureau/codef1tenth/install/f1tenth_gym_ros:/home/etdisc/Bureau/codef1tenth/install/custom_msgs:/home/etdisc/Bureau/codef1tenth/install/Waypoints:/home/etdisc/Bureau/codef1tenth/install/Simple_algo:/home/etdisc/Bureau/codef1tenth/install/Planif:/home/etdisc/Bureau/codef1tenth/install/Mapping:/home/etdisc/Bureau/codef1tenth/install/AEB:/home/etdisc/depots/f1tenth/sim_ws/install/timer:/home/etdisc/depots/f1tenth/sim_ws/install/strategy:/home/etdisc/depots/f1tenth/sim_ws/install/localisation:/home/etdisc/depots/f1tenth/sim_ws/install/f1tenth_gym_ros:/home/etdisc/depots/f1tenth/sim_ws/install/custom_msgs:/home/etdisc/depots/f1tenth/sim_ws/install/Waypoints:/home/etdisc/depots/f1tenth/sim_ws/install/Simple_algo:/home/etdisc/depots/f1tenth/sim_ws/install/Planif:/home/etdisc/depots/f1tenth/sim_ws/install/Mapping:/home/etdisc/depots/f1tenth/sim_ws/install/AEB:/opt/ros/galactic', 'SHELL': '/bin/bash', 'QT_ACCESSIBILITY': '1', 'GDMSESSION': 'ubuntu', 'LESSCLOSE': '/usr/bin/lesspipe %s %s', 'GPG_AGENT_INFO': '/run/user/1000/gnupg/S.gpg-agent:0:1', 'QT_IM_MODULE': 'ibus', 'PWD': '/home/etdisc/Bureau/codef1tenth/build/strategy', 'LC_ALL': 'fr_FR.UTF-8', 'XDG_CONFIG_DIRS': '/etc/xdg/xdg-ubuntu:/etc/xdg', 'DBUS_STARTER_ADDRESS': 'unix:path=/run/user/1000/bus,guid=712999510530655913b37c6169709380', 'XDG_DATA_DIRS': '/usr/share/ubuntu:/usr/local/share/:/usr/share/:/var/lib/snapd/desktop', 'PYTHONPATH': '/home/etdisc/Bureau/codef1tenth/build/strategy/prefix_override:/usr/lib/python3/dist-packages/colcon_core/task/python/colcon_distutils_commands:/home/etdisc/Bureau/codef1tenth/install/strategy/lib/python3.8/site-packages:/home/etdisc/Bureau/codef1tenth/install/timer/lib/python3.8/site-packages:/home/etdisc/Bureau/codef1tenth/install/strategy/lib/python3.8/site-packages:/home/etdisc/Bureau/codef1tenth/install/localisation/lib/python3.8/site-packages:/home/etdisc/Bureau/codef1tenth/install/f1tenth_gym_ros/lib/python3.8/site-packages:/home/etdisc/Bureau/codef1tenth/install/custom_msgs/lib/python3.8/site-packages:/home/etdisc/Bureau/codef1tenth/install/Waypoints/lib/python3.8/site-packages:/home/etdisc/Bureau/codef1tenth/install/Simple_algo/lib/python3.8/site-packages:/home/etdisc/Bureau/codef1tenth/install/Planif/lib/python3.8/site-packages:/home/etdisc/Bureau/codef1tenth/install/Mapping/lib/python3.8/site-packages:/home/etdisc/Bureau/codef1tenth/install/AEB/lib/python3.8/site-packages:/home/etdisc/depots/f1tenth/sim_ws/install/timer/lib/python3.8/site-packages:/home/etdisc/depots/f1tenth/sim_ws/install/strategy/lib/python3.8/site-packages:/home/etdisc/depots/f1tenth/sim_ws/install/localisation/lib/python3.8/site-packages:/home/etdisc/depots/f1tenth/sim_ws/install/f1tenth_gym_ros/lib/python3.8/site-packages:/home/etdisc/depots/f1tenth/sim_ws/install/custom_msgs/lib/python3.8/site-packages:/home/etdisc/depots/f1tenth/sim_ws/install/Waypoints/lib/python3.8/site-packages:/home/etdisc/depots/f1tenth/sim_ws/install/Simple_algo/lib/python3.8/site-packages:/home/etdisc/depots/f1tenth/sim_ws/install/Planif/lib/python3.8/site-packages:/home/etdisc/depots/f1tenth/sim_ws/install/Mapping/lib/python3.8/site-packages:/home/etdisc/depots/f1tenth/sim_ws/install/AEB/lib/python3.8/site-packages:/opt/ros/galactic/lib/python3.8/site-packages', 'HTTP_PROXY': 'http://proxy:3128', 'COLCON': '1', 'VTE_VERSION': '6003', 'CMAKE_PREFIX_PATH': '/home/etdisc/Bureau/codef1tenth/install/custom_msgs:/home/etdisc/depots/f1tenth/sim_ws/install/custom_msgs'}, 'shell': False}
[5.600901] (-) TimerEvent: {}
[5.704784] (-) TimerEvent: {}
[5.808778] (-) TimerEvent: {}
[5.902323] (strategy) StdoutLine: {'line': b'running egg_info\n'}
[5.903454] (strategy) StdoutLine: {'line': b'writing ../../build/strategy/strategy.egg-info/PKG-INFO\n'}
[5.904276] (strategy) StdoutLine: {'line': b'writing dependency_links to ../../build/strategy/strategy.egg-info/dependency_links.txt\n'}
[5.904808] (strategy) StdoutLine: {'line': b'writing entry points to ../../build/strategy/strategy.egg-info/entry_points.txt\n'}
[5.905162] (strategy) StdoutLine: {'line': b'writing requirements to ../../build/strategy/strategy.egg-info/requires.txt\n'}
[5.905920] (strategy) StdoutLine: {'line': b'writing top-level names to ../../build/strategy/strategy.egg-info/top_level.txt\n'}
[5.908916] (-) TimerEvent: {}
[5.964384] (strategy) StdoutLine: {'line': b"reading manifest file '../../build/strategy/strategy.egg-info/SOURCES.txt'\n"}
[5.965916] (strategy) StdoutLine: {'line': b"writing manifest file '../../build/strategy/strategy.egg-info/SOURCES.txt'\n"}
[5.966553] (strategy) StdoutLine: {'line': b'running build\n'}
[5.966892] (strategy) StdoutLine: {'line': b'running build_py\n'}
[5.967256] (strategy) StdoutLine: {'line': b'running install\n'}
[5.969866] (strategy) StdoutLine: {'line': b'running install_lib\n'}
[5.972774] (strategy) StdoutLine: {'line': b'running install_data\n'}
[5.973290] (strategy) StdoutLine: {'line': b'running install_egg_info\n'}
[5.975561] (strategy) StdoutLine: {'line': b"removing '/home/etdisc/Bureau/codef1tenth/install/strategy/lib/python3.8/site-packages/strategy-0.0.0-py3.8.egg-info' (and everything under it)\n"}
[5.976250] (strategy) StdoutLine: {'line': b'Copying ../../build/strategy/strategy.egg-info to /home/etdisc/Bureau/codef1tenth/install/strategy/lib/python3.8/site-packages/strategy-0.0.0-py3.8.egg-info\n'}
[5.977438] (strategy) StdoutLine: {'line': b'running install_scripts\n'}
[6.003134] (strategy) StdoutLine: {'line': b'Installing basic_strategy_manager script to /home/etdisc/Bureau/codef1tenth/install/strategy/lib/strategy\n'}
[6.003992] (strategy) StdoutLine: {'line': b"writing list of installed files to '/home/etdisc/Bureau/codef1tenth/build/strategy/install.log'\n"}
[6.009136] (-) TimerEvent: {}
[6.038204] (strategy) CommandEnded: {'returncode': 0}
[6.051529] (strategy) JobEnded: {'identifier': 'strategy', 'rc': 0}
[6.109517] (-) TimerEvent: {}
[6.210100] (-) TimerEvent: {}
[6.220053] (timer) Command: {'cmd': ['/usr/bin/python3', '-W', 'ignore:setup.py install is deprecated', '-W', 'ignore:easy_install command is deprecated', 'setup.py', 'egg_info', '--egg-base', '../../build/timer', 'build', '--build-base', '/home/etdisc/Bureau/codef1tenth/build/timer/build', 'install', '--record', '/home/etdisc/Bureau/codef1tenth/build/timer/install.log', '--single-version-externally-managed', 'install_data'], 'cwd': '/home/etdisc/Bureau/codef1tenth/src/timer', 'env': {'LESSOPEN': '| /usr/bin/lesspipe %s', 'HTTPS_PROXY': 'http://proxy:3128', 'USER': 'etdisc', 'SSH_AGENT_PID': '1666', 'XDG_SESSION_TYPE': 'x11', 'SHLVL': '1', 'LD_LIBRARY_PATH': '/home/etdisc/Bureau/codef1tenth/install/custom_msgs/lib:/home/etdisc/depots/f1tenth/sim_ws/install/custom_msgs/lib:/usr/lib/x86_64-linux-gnu/gazebo-11/plugins:/opt/ros/galactic/opt/yaml_cpp_vendor/lib:/opt/ros/galactic/opt/rviz_ogre_vendor/lib:/opt/ros/galactic/lib/x86_64-linux-gnu:/opt/ros/galactic/lib', 'HOME': '/home/etdisc', 'DESKTOP_SESSION': 'ubuntu', 'ROS_PYTHON_VERSION': '3', 'GNOME_SHELL_SESSION_MODE': 'ubuntu', 'GTK_MODULES': 'gail:atk-bridge', 'MANAGERPID': '1571', 'DBUS_STARTER_BUS_TYPE': 'session', 'DBUS_SESSION_BUS_ADDRESS': 'unix:path=/run/user/1000/bus,guid=712999510530655913b37c6169709380', 'COLORTERM': 'truecolor', 'IM_CONFIG_PHASE': '1', 'https_proxy': 'http://proxy:3128', 'COLCON_PREFIX_PATH': '/home/etdisc/Bureau/codef1tenth/install:/home/etdisc/depots/f1tenth/sim_ws/install', 'ROS_DISTRO': 'galactic', 'LOGNAME': 'etdisc', 'http_proxy': 'http://proxy:3128', 'JOURNAL_STREAM': '8:65626', '_': '/usr/bin/colcon', 'ROS_VERSION': '2', 'XDG_SESSION_CLASS': 'user', 'USERNAME': 'etdisc', 'TERM': 'xterm-256color', 'GNOME_DESKTOP_SESSION_ID': 'this-is-deprecated', 'ROS_LOCALHOST_ONLY': '1', 'WINDOWPATH': '2', 'PATH': '/opt/ros/galactic/bin:/snap/bin:/home/etdisc/.local/bin:/usr/local/sbin:/usr/local/bin:/usr/sbin:/usr/bin:/sbin:/bin:/usr/games:/usr/local/games:/snap/bin', 'SESSION_MANAGER': 'local/etdisc-virtual-machine:@/tmp/.ICE-unix/1701,unix/etdisc-virtual-machine:/tmp/.ICE-unix/1701', 'INVOCATION_ID': '81bd2218a54643fdb444052878adae1a', 'XDG_MENU_PREFIX': 'gnome-', 'GNOME_TERMINAL_SCREEN': '/org/gnome/Terminal/screen/f65c3d91_b098_4021_930d_b5c8320fde15', 'XDG_RUNTIME_DIR': '/run/user/1000', 'DISPLAY': ':0', 'LANG': 'fr_FR.UTF-8', 'XDG_CURRENT_DESKTOP': 'ubuntu:GNOME', 'XMODIFIERS': '@im=ibus', 'XDG_SESSION_DESKTOP': 'ubuntu', 'XAUTHORITY': '/run/user/1000/gdm/Xauthority', 'LS_COLORS': 'rs=0:di=01;34:ln=01;36:mh=00:pi=40;33:so=01;35:do=01;35:bd=40;33;01:cd=40;33;01:or=40;31;01:mi=00:su=37;41:sg=30;43:ca=30;41:tw=30;42:ow=34;42:st=37;44:ex=01;32:*.tar=01;31:*.tgz=01;31:*.arc=01;31:*.arj=01;31:*.taz=01;31:*.lha=01;31:*.lz4=01;31:*.lzh=01;31:*.lzma=01;31:*.tlz=01;31:*.txz=01;31:*.tzo=01;31:*.t7z=01;31:*.zip=01;31:*.z=01;31:*.dz=01;31:*.gz=01;31:*.lrz=01;31:*.lz=01;31:*.lzo=01;31:*.xz=01;31:*.zst=01;31:*.tzst=01;31:*.bz2=01;31:*.bz=01;31:*.tbz=01;31:*.tbz2=01;31:*.tz=01;31:*.deb=01;31:*.rpm=01;31:*.jar=01;31:*.war=01;31:*.ear=01;31:*.sar=01;31:*.rar=01;31:*.alz=01;31:*.ace=01;31:*.zoo=01;31:*.cpio=01;31:*.7z=01;31:*.rz=01;31:*.cab=01;31:*.wim=01;31:*.swm=01;31:*.dwm=01;31:*.esd=01;31:*.jpg=01;35:*.jpeg=01;35:*.mjpg=01;35:*.mjpeg=01;35:*.gif=01;35:*.bmp=01;35:*.pbm=01;35:*.pgm=01;35:*.ppm=01;35:*.tga=01;35:*.xbm=01;35:*.xpm=01;35:*.tif=01;35:*.tiff=01;35:*.png=01;35:*.svg=01;35:*.svgz=01;35:*.mng=01;35:*.pcx=01;35:*.mov=01;35:*.mpg=01;35:*.mpeg=01;35:*.m2v=01;35:*.mkv=01;35:*.webm=01;35:*.ogm=01;35:*.mp4=01;35:*.m4v=01;35:*.mp4v=01;35:*.vob=01;35:*.qt=01;35:*.nuv=01;35:*.wmv=01;35:*.asf=01;35:*.rm=01;35:*.rmvb=01;35:*.flc=01;35:*.avi=01;35:*.fli=01;35:*.flv=01;35:*.gl=01;35:*.dl=01;35:*.xcf=01;35:*.xwd=01;35:*.yuv=01;35:*.cgm=01;35:*.emf=01;35:*.ogv=01;35:*.ogx=01;35:*.aac=00;36:*.au=00;36:*.flac=00;36:*.m4a=00;36:*.mid=00;36:*.midi=00;36:*.mka=00;36:*.mp3=00;36:*.mpc=00;36:*.ogg=00;36:*.ra=00;36:*.wav=00;36:*.oga=00;36:*.opus=00;36:*.spx=00;36:*.xspf=00;36:', 'GNOME_TERMINAL_SERVICE': ':1.228', 'SSH_AUTH_SOCK': '/run/user/1000/keyring/ssh', 'AMENT_PREFIX_PATH': '/home/etdisc/Bureau/codef1tenth/install/timer:/home/etdisc/Bureau/codef1tenth/install/strategy:/home/etdisc/Bureau/codef1tenth/install/localisation:/home/etdisc/Bureau/codef1tenth/install/f1tenth_gym_ros:/home/etdisc/Bureau/codef1tenth/install/custom_msgs:/home/etdisc/Bureau/codef1tenth/install/Waypoints:/home/etdisc/Bureau/codef1tenth/install/Simple_algo:/home/etdisc/Bureau/codef1tenth/install/Planif:/home/etdisc/Bureau/codef1tenth/install/Mapping:/home/etdisc/Bureau/codef1tenth/install/AEB:/home/etdisc/depots/f1tenth/sim_ws/install/timer:/home/etdisc/depots/f1tenth/sim_ws/install/strategy:/home/etdisc/depots/f1tenth/sim_ws/install/localisation:/home/etdisc/depots/f1tenth/sim_ws/install/f1tenth_gym_ros:/home/etdisc/depots/f1tenth/sim_ws/install/custom_msgs:/home/etdisc/depots/f1tenth/sim_ws/install/Waypoints:/home/etdisc/depots/f1tenth/sim_ws/install/Simple_algo:/home/etdisc/depots/f1tenth/sim_ws/install/Planif:/home/etdisc/depots/f1tenth/sim_ws/install/Mapping:/home/etdisc/depots/f1tenth/sim_ws/install/AEB:/opt/ros/galactic', 'SHELL': '/bin/bash', 'QT_ACCESSIBILITY': '1', 'GDMSESSION': 'ubuntu', 'LESSCLOSE': '/usr/bin/lesspipe %s %s', 'GPG_AGENT_INFO': '/run/user/1000/gnupg/S.gpg-agent:0:1', 'QT_IM_MODULE': 'ibus', 'PWD': '/home/etdisc/Bureau/codef1tenth/build/timer', 'LC_ALL': 'fr_FR.UTF-8', 'XDG_CONFIG_DIRS': '/etc/xdg/xdg-ubuntu:/etc/xdg', 'DBUS_STARTER_ADDRESS': 'unix:path=/run/user/1000/bus,guid=712999510530655913b37c6169709380', 'XDG_DATA_DIRS': '/usr/share/ubuntu:/usr/local/share/:/usr/share/:/var/lib/snapd/desktop', 'PYTHONPATH': '/home/etdisc/Bureau/codef1tenth/build/timer/prefix_override:/usr/lib/python3/dist-packages/colcon_core/task/python/colcon_distutils_commands:/home/etdisc/Bureau/codef1tenth/install/timer/lib/python3.8/site-packages:/home/etdisc/Bureau/codef1tenth/install/timer/lib/python3.8/site-packages:/home/etdisc/Bureau/codef1tenth/install/strategy/lib/python3.8/site-packages:/home/etdisc/Bureau/codef1tenth/install/localisation/lib/python3.8/site-packages:/home/etdisc/Bureau/codef1tenth/install/f1tenth_gym_ros/lib/python3.8/site-packages:/home/etdisc/Bureau/codef1tenth/install/custom_msgs/lib/python3.8/site-packages:/home/etdisc/Bureau/codef1tenth/install/Waypoints/lib/python3.8/site-packages:/home/etdisc/Bureau/codef1tenth/install/Simple_algo/lib/python3.8/site-packages:/home/etdisc/Bureau/codef1tenth/install/Planif/lib/python3.8/site-packages:/home/etdisc/Bureau/codef1tenth/install/Mapping/lib/python3.8/site-packages:/home/etdisc/Bureau/codef1tenth/install/AEB/lib/python3.8/site-packages:/home/etdisc/depots/f1tenth/sim_ws/install/timer/lib/python3.8/site-packages:/home/etdisc/depots/f1tenth/sim_ws/install/strategy/lib/python3.8/site-packages:/home/etdisc/depots/f1tenth/sim_ws/install/localisation/lib/python3.8/site-packages:/home/etdisc/depots/f1tenth/sim_ws/install/f1tenth_gym_ros/lib/python3.8/site-packages:/home/etdisc/depots/f1tenth/sim_ws/install/custom_msgs/lib/python3.8/site-packages:/home/etdisc/depots/f1tenth/sim_ws/install/Waypoints/lib/python3.8/site-packages:/home/etdisc/depots/f1tenth/sim_ws/install/Simple_algo/lib/python3.8/site-packages:/home/etdisc/depots/f1tenth/sim_ws/install/Planif/lib/python3.8/site-packages:/home/etdisc/depots/f1tenth/sim_ws/install/Mapping/lib/python3.8/site-packages:/home/etdisc/depots/f1tenth/sim_ws/install/AEB/lib/python3.8/site-packages:/opt/ros/galactic/lib/python3.8/site-packages', 'HTTP_PROXY': 'http://proxy:3128', 'COLCON': '1', 'VTE_VERSION': '6003', 'CMAKE_PREFIX_PATH': '/home/etdisc/Bureau/codef1tenth/install/custom_msgs:/home/etdisc/depots/f1tenth/sim_ws/install/custom_msgs'}, 'shell': False}
[6.310398] (-) TimerEvent: {}
[6.413130] (-) TimerEvent: {}
[6.510120] (timer) StdoutLine: {'line': b'running egg_info\n'}
[6.510896] (timer) StdoutLine: {'line': b'writing ../../build/timer/timer.egg-info/PKG-INFO\n'}
[6.511350] (timer) StdoutLine: {'line': b'writing dependency_links to ../../build/timer/timer.egg-info/dependency_links.txt\n'}
[6.511492] (timer) StdoutLine: {'line': b'writing entry points to ../../build/timer/timer.egg-info/entry_points.txt\n'}
[6.511770] (timer) StdoutLine: {'line': b'writing requirements to ../../build/timer/timer.egg-info/requires.txt\n'}
[6.512359] (timer) StdoutLine: {'line': b'writing top-level names to ../../build/timer/timer.egg-info/top_level.txt\n'}
[6.513265] (-) TimerEvent: {}
[6.555479] (timer) StdoutLine: {'line': b"reading manifest file '../../build/timer/timer.egg-info/SOURCES.txt'\n"}
[6.557327] (timer) StdoutLine: {'line': b"writing manifest file '../../build/timer/timer.egg-info/SOURCES.txt'\n"}
[6.557776] (timer) StdoutLine: {'line': b'running build\n'}
[6.557965] (timer) StdoutLine: {'line': b'running build_py\n'}
[6.558406] (timer) StdoutLine: {'line': b'running install\n'}
[6.560065] (timer) StdoutLine: {'line': b'running install_lib\n'}
[6.562898] (timer) StdoutLine: {'line': b'running install_data\n'}
[6.563141] (timer) StdoutLine: {'line': b'running install_egg_info\n'}
[6.566647] (timer) StdoutLine: {'line': b"removing '/home/etdisc/Bureau/codef1tenth/install/timer/lib/python3.8/site-packages/timer-0.0.0-py3.8.egg-info' (and everything under it)\n"}
[6.567115] (timer) StdoutLine: {'line': b'Copying ../../build/timer/timer.egg-info to /home/etdisc/Bureau/codef1tenth/install/timer/lib/python3.8/site-packages/timer-0.0.0-py3.8.egg-info\n'}
[6.568891] (timer) StdoutLine: {'line': b'running install_scripts\n'}
[6.611205] (timer) StdoutLine: {'line': b'Installing timer script to /home/etdisc/Bureau/codef1tenth/install/timer/lib/timer\n'}
[6.612237] (timer) StdoutLine: {'line': b"writing list of installed files to '/home/etdisc/Bureau/codef1tenth/build/timer/install.log'\n"}
[6.613445] (-) TimerEvent: {}
[6.639818] (timer) CommandEnded: {'returncode': 0}
[6.653725] (timer) JobEnded: {'identifier': 'timer', 'rc': 0}
[6.656586] (-) EventReactorShutdown: {}
