[0.255s] DEBUG:colcon:Command line arguments: ['/usr/bin/colcon', 'build']
[0.255s] DEBUG:colcon:Parsed command line arguments: Namespace(allow_overriding=[], ament_cmake_args=None, base_paths=['.'], build_base='build', catkin_cmake_args=None, catkin_skip_building_tests=False, cmake_args=None, cmake_clean_cache=False, cmake_clean_first=False, cmake_force_configure=False, cmake_target=None, cmake_target_skip_unavailable=False, continue_on_error=False, event_handlers=None, executor='parallel', ignore_user_meta=False, install_base='install', log_base=None, log_level=None, main=<bound method BuildVerb.main of <colcon_core.verb.build.BuildVerb object at 0x7fc8a9e6ccd0>>, merge_install=False, metas=['./colcon.meta'], packages_above=None, packages_above_and_dependencies=None, packages_above_depth=None, packages_end=None, packages_ignore=None, packages_ignore_regex=None, packages_select=None, packages_select_build_failed=False, packages_select_by_dep=None, packages_select_regex=None, packages_select_test_failures=False, packages_skip=None, packages_skip_build_finished=False, packages_skip_by_dep=None, packages_skip_regex=None, packages_skip_test_passed=False, packages_skip_up_to=None, packages_start=None, packages_up_to=None, packages_up_to_regex=None, parallel_workers=8, paths=None, symlink_install=False, test_result_base=None, verb_extension=<colcon_core.verb.build.BuildVerb object at 0x7fc8a9e6ccd0>, verb_name='build', verb_parser=<colcon_defaults.argument_parser.defaults.DefaultArgumentsDecorator object at 0x7fc8a9e7b1f0>)
[0.422s] Level 1:colcon.colcon_core.package_discovery:discover_packages(colcon_meta) check parameters
[0.422s] Level 1:colcon.colcon_core.package_discovery:discover_packages(recursive) check parameters
[0.422s] Level 1:colcon.colcon_core.package_discovery:discover_packages(ignore) check parameters
[0.422s] Level 1:colcon.colcon_core.package_discovery:discover_packages(path) check parameters
[0.422s] Level 1:colcon.colcon_core.package_discovery:discover_packages(colcon_meta) discover
[0.422s] Level 1:colcon.colcon_core.package_discovery:discover_packages(recursive) discover
[0.422s] INFO:colcon.colcon_core.package_discovery:Crawling recursively for packages in '/home/etdisc/Bureau/codef1tenth'
[0.423s] Level 1:colcon.colcon_core.package_identification:_identify(.) by extensions ['ignore', 'ignore_ament_install']
[0.423s] Level 1:colcon.colcon_core.package_identification:_identify(.) by extension 'ignore'
[0.423s] Level 1:colcon.colcon_core.package_identification:_identify(.) by extension 'ignore_ament_install'
[0.423s] Level 1:colcon.colcon_core.package_identification:_identify(.) by extensions ['colcon_pkg']
[0.423s] Level 1:colcon.colcon_core.package_identification:_identify(.) by extension 'colcon_pkg'
[0.423s] Level 1:colcon.colcon_core.package_identification:_identify(.) by extensions ['colcon_meta']
[0.423s] Level 1:colcon.colcon_core.package_identification:_identify(.) by extension 'colcon_meta'
[0.423s] Level 1:colcon.colcon_core.package_identification:_identify(.) by extensions ['ros']
[0.423s] Level 1:colcon.colcon_core.package_identification:_identify(.) by extension 'ros'
[0.434s] Level 1:colcon.colcon_core.package_identification:_identify(.) by extensions ['cmake', 'python']
[0.435s] Level 1:colcon.colcon_core.package_identification:_identify(.) by extension 'cmake'
[0.435s] Level 1:colcon.colcon_core.package_identification:_identify(.) by extension 'python'
[0.435s] Level 1:colcon.colcon_core.package_identification:_identify(.) by extensions ['python_setup_py']
[0.435s] Level 1:colcon.colcon_core.package_identification:_identify(.) by extension 'python_setup_py'
[0.435s] Level 1:colcon.colcon_core.package_identification:_identify(archives) by extensions ['ignore', 'ignore_ament_install']
[0.435s] Level 1:colcon.colcon_core.package_identification:_identify(archives) by extension 'ignore'
[0.435s] Level 1:colcon.colcon_core.package_identification:_identify(archives) by extension 'ignore_ament_install'
[0.435s] Level 1:colcon.colcon_core.package_identification:_identify(archives) by extensions ['colcon_pkg']
[0.435s] Level 1:colcon.colcon_core.package_identification:_identify(archives) by extension 'colcon_pkg'
[0.435s] Level 1:colcon.colcon_core.package_identification:_identify(archives) by extensions ['colcon_meta']
[0.436s] Level 1:colcon.colcon_core.package_identification:_identify(archives) by extension 'colcon_meta'
[0.436s] Level 1:colcon.colcon_core.package_identification:_identify(archives) by extensions ['ros']
[0.436s] Level 1:colcon.colcon_core.package_identification:_identify(archives) by extension 'ros'
[0.436s] Level 1:colcon.colcon_core.package_identification:_identify(archives) by extensions ['cmake', 'python']
[0.436s] Level 1:colcon.colcon_core.package_identification:_identify(archives) by extension 'cmake'
[0.436s] Level 1:colcon.colcon_core.package_identification:_identify(archives) by extension 'python'
[0.436s] Level 1:colcon.colcon_core.package_identification:_identify(archives) by extensions ['python_setup_py']
[0.436s] Level 1:colcon.colcon_core.package_identification:_identify(archives) by extension 'python_setup_py'
[0.436s] Level 1:colcon.colcon_core.package_identification:_identify(archives/AEB) by extensions ['ignore', 'ignore_ament_install']
[0.436s] Level 1:colcon.colcon_core.package_identification:_identify(archives/AEB) by extension 'ignore'
[0.436s] Level 1:colcon.colcon_core.package_identification:_identify(archives/AEB) by extension 'ignore_ament_install'
[0.436s] Level 1:colcon.colcon_core.package_identification:_identify(archives/AEB) by extensions ['colcon_pkg']
[0.436s] Level 1:colcon.colcon_core.package_identification:_identify(archives/AEB) by extension 'colcon_pkg'
[0.436s] Level 1:colcon.colcon_core.package_identification:_identify(archives/AEB) by extensions ['colcon_meta']
[0.436s] Level 1:colcon.colcon_core.package_identification:_identify(archives/AEB) by extension 'colcon_meta'
[0.436s] Level 1:colcon.colcon_core.package_identification:_identify(archives/AEB) by extensions ['ros']
[0.436s] Level 1:colcon.colcon_core.package_identification:_identify(archives/AEB) by extension 'ros'
[0.436s] Level 1:colcon.colcon_core.package_identification:_identify(archives/AEB) by extensions ['cmake', 'python']
[0.436s] Level 1:colcon.colcon_core.package_identification:_identify(archives/AEB) by extension 'cmake'
[0.436s] Level 1:colcon.colcon_core.package_identification:_identify(archives/AEB) by extension 'python'
[0.437s] Level 1:colcon.colcon_core.package_identification:_identify(archives/AEB) by extensions ['python_setup_py']
[0.437s] Level 1:colcon.colcon_core.package_identification:_identify(archives/AEB) by extension 'python_setup_py'
[0.437s] Level 1:colcon.colcon_core.package_identification:_identify(archives/AEB/AEB) by extensions ['ignore', 'ignore_ament_install']
[0.437s] Level 1:colcon.colcon_core.package_identification:_identify(archives/AEB/AEB) by extension 'ignore'
[0.437s] Level 1:colcon.colcon_core.package_identification:_identify(archives/AEB/AEB) by extension 'ignore_ament_install'
[0.437s] Level 1:colcon.colcon_core.package_identification:_identify(archives/AEB/AEB) by extensions ['colcon_pkg']
[0.437s] Level 1:colcon.colcon_core.package_identification:_identify(archives/AEB/AEB) by extension 'colcon_pkg'
[0.437s] Level 1:colcon.colcon_core.package_identification:_identify(archives/AEB/AEB) by extensions ['colcon_meta']
[0.437s] Level 1:colcon.colcon_core.package_identification:_identify(archives/AEB/AEB) by extension 'colcon_meta'
[0.437s] Level 1:colcon.colcon_core.package_identification:_identify(archives/AEB/AEB) by extensions ['ros']
[0.437s] Level 1:colcon.colcon_core.package_identification:_identify(archives/AEB/AEB) by extension 'ros'
[0.437s] Level 1:colcon.colcon_core.package_identification:_identify(archives/AEB/AEB) by extensions ['cmake', 'python']
[0.437s] Level 1:colcon.colcon_core.package_identification:_identify(archives/AEB/AEB) by extension 'cmake'
[0.437s] Level 1:colcon.colcon_core.package_identification:_identify(archives/AEB/AEB) by extension 'python'
[0.437s] Level 1:colcon.colcon_core.package_identification:_identify(archives/AEB/AEB) by extensions ['python_setup_py']
[0.437s] Level 1:colcon.colcon_core.package_identification:_identify(archives/AEB/AEB) by extension 'python_setup_py'
[0.437s] Level 1:colcon.colcon_core.package_identification:_identify(archives/AEB/config) by extensions ['ignore', 'ignore_ament_install']
[0.438s] Level 1:colcon.colcon_core.package_identification:_identify(archives/AEB/config) by extension 'ignore'
[0.438s] Level 1:colcon.colcon_core.package_identification:_identify(archives/AEB/config) by extension 'ignore_ament_install'
[0.438s] Level 1:colcon.colcon_core.package_identification:_identify(archives/AEB/config) by extensions ['colcon_pkg']
[0.438s] Level 1:colcon.colcon_core.package_identification:_identify(archives/AEB/config) by extension 'colcon_pkg'
[0.438s] Level 1:colcon.colcon_core.package_identification:_identify(archives/AEB/config) by extensions ['colcon_meta']
[0.438s] Level 1:colcon.colcon_core.package_identification:_identify(archives/AEB/config) by extension 'colcon_meta'
[0.438s] Level 1:colcon.colcon_core.package_identification:_identify(archives/AEB/config) by extensions ['ros']
[0.438s] Level 1:colcon.colcon_core.package_identification:_identify(archives/AEB/config) by extension 'ros'
[0.438s] Level 1:colcon.colcon_core.package_identification:_identify(archives/AEB/config) by extensions ['cmake', 'python']
[0.438s] Level 1:colcon.colcon_core.package_identification:_identify(archives/AEB/config) by extension 'cmake'
[0.438s] Level 1:colcon.colcon_core.package_identification:_identify(archives/AEB/config) by extension 'python'
[0.438s] Level 1:colcon.colcon_core.package_identification:_identify(archives/AEB/config) by extensions ['python_setup_py']
[0.438s] Level 1:colcon.colcon_core.package_identification:_identify(archives/AEB/config) by extension 'python_setup_py'
[0.438s] Level 1:colcon.colcon_core.package_identification:_identify(archives/AEB/launch) by extensions ['ignore', 'ignore_ament_install']
[0.438s] Level 1:colcon.colcon_core.package_identification:_identify(archives/AEB/launch) by extension 'ignore'
[0.438s] Level 1:colcon.colcon_core.package_identification:_identify(archives/AEB/launch) by extension 'ignore_ament_install'
[0.438s] Level 1:colcon.colcon_core.package_identification:_identify(archives/AEB/launch) by extensions ['colcon_pkg']
[0.438s] Level 1:colcon.colcon_core.package_identification:_identify(archives/AEB/launch) by extension 'colcon_pkg'
[0.438s] Level 1:colcon.colcon_core.package_identification:_identify(archives/AEB/launch) by extensions ['colcon_meta']
[0.438s] Level 1:colcon.colcon_core.package_identification:_identify(archives/AEB/launch) by extension 'colcon_meta'
[0.438s] Level 1:colcon.colcon_core.package_identification:_identify(archives/AEB/launch) by extensions ['ros']
[0.439s] Level 1:colcon.colcon_core.package_identification:_identify(archives/AEB/launch) by extension 'ros'
[0.439s] Level 1:colcon.colcon_core.package_identification:_identify(archives/AEB/launch) by extensions ['cmake', 'python']
[0.439s] Level 1:colcon.colcon_core.package_identification:_identify(archives/AEB/launch) by extension 'cmake'
[0.439s] Level 1:colcon.colcon_core.package_identification:_identify(archives/AEB/launch) by extension 'python'
[0.439s] Level 1:colcon.colcon_core.package_identification:_identify(archives/AEB/launch) by extensions ['python_setup_py']
[0.439s] Level 1:colcon.colcon_core.package_identification:_identify(archives/AEB/launch) by extension 'python_setup_py'
[0.439s] Level 1:colcon.colcon_core.package_identification:_identify(archives/AEB/resource) by extensions ['ignore', 'ignore_ament_install']
[0.439s] Level 1:colcon.colcon_core.package_identification:_identify(archives/AEB/resource) by extension 'ignore'
[0.439s] Level 1:colcon.colcon_core.package_identification:_identify(archives/AEB/resource) by extension 'ignore_ament_install'
[0.439s] Level 1:colcon.colcon_core.package_identification:_identify(archives/AEB/resource) by extensions ['colcon_pkg']
[0.439s] Level 1:colcon.colcon_core.package_identification:_identify(archives/AEB/resource) by extension 'colcon_pkg'
[0.439s] Level 1:colcon.colcon_core.package_identification:_identify(archives/AEB/resource) by extensions ['colcon_meta']
[0.439s] Level 1:colcon.colcon_core.package_identification:_identify(archives/AEB/resource) by extension 'colcon_meta'
[0.439s] Level 1:colcon.colcon_core.package_identification:_identify(archives/AEB/resource) by extensions ['ros']
[0.439s] Level 1:colcon.colcon_core.package_identification:_identify(archives/AEB/resource) by extension 'ros'
[0.439s] Level 1:colcon.colcon_core.package_identification:_identify(archives/AEB/resource) by extensions ['cmake', 'python']
[0.439s] Level 1:colcon.colcon_core.package_identification:_identify(archives/AEB/resource) by extension 'cmake'
[0.439s] Level 1:colcon.colcon_core.package_identification:_identify(archives/AEB/resource) by extension 'python'
[0.439s] Level 1:colcon.colcon_core.package_identification:_identify(archives/AEB/resource) by extensions ['python_setup_py']
[0.439s] Level 1:colcon.colcon_core.package_identification:_identify(archives/AEB/resource) by extension 'python_setup_py'
[0.439s] Level 1:colcon.colcon_core.package_identification:_identify(archives/AEB/test) by extensions ['ignore', 'ignore_ament_install']
[0.439s] Level 1:colcon.colcon_core.package_identification:_identify(archives/AEB/test) by extension 'ignore'
[0.440s] Level 1:colcon.colcon_core.package_identification:_identify(archives/AEB/test) by extension 'ignore_ament_install'
[0.440s] Level 1:colcon.colcon_core.package_identification:_identify(archives/AEB/test) by extensions ['colcon_pkg']
[0.440s] Level 1:colcon.colcon_core.package_identification:_identify(archives/AEB/test) by extension 'colcon_pkg'
[0.440s] Level 1:colcon.colcon_core.package_identification:_identify(archives/AEB/test) by extensions ['colcon_meta']
[0.440s] Level 1:colcon.colcon_core.package_identification:_identify(archives/AEB/test) by extension 'colcon_meta'
[0.440s] Level 1:colcon.colcon_core.package_identification:_identify(archives/AEB/test) by extensions ['ros']
[0.440s] Level 1:colcon.colcon_core.package_identification:_identify(archives/AEB/test) by extension 'ros'
[0.440s] Level 1:colcon.colcon_core.package_identification:_identify(archives/AEB/test) by extensions ['cmake', 'python']
[0.440s] Level 1:colcon.colcon_core.package_identification:_identify(archives/AEB/test) by extension 'cmake'
[0.440s] Level 1:colcon.colcon_core.package_identification:_identify(archives/AEB/test) by extension 'python'
[0.440s] Level 1:colcon.colcon_core.package_identification:_identify(archives/AEB/test) by extensions ['python_setup_py']
[0.440s] Level 1:colcon.colcon_core.package_identification:_identify(archives/AEB/test) by extension 'python_setup_py'
[0.440s] Level 1:colcon.colcon_core.package_identification:_identify(archives/Mapping) by extensions ['ignore', 'ignore_ament_install']
[0.440s] Level 1:colcon.colcon_core.package_identification:_identify(archives/Mapping) by extension 'ignore'
[0.440s] Level 1:colcon.colcon_core.package_identification:_identify(archives/Mapping) by extension 'ignore_ament_install'
[0.440s] Level 1:colcon.colcon_core.package_identification:_identify(archives/Mapping) by extensions ['colcon_pkg']
[0.440s] Level 1:colcon.colcon_core.package_identification:_identify(archives/Mapping) by extension 'colcon_pkg'
[0.440s] Level 1:colcon.colcon_core.package_identification:_identify(archives/Mapping) by extensions ['colcon_meta']
[0.440s] Level 1:colcon.colcon_core.package_identification:_identify(archives/Mapping) by extension 'colcon_meta'
[0.440s] Level 1:colcon.colcon_core.package_identification:_identify(archives/Mapping) by extensions ['ros']
[0.440s] Level 1:colcon.colcon_core.package_identification:_identify(archives/Mapping) by extension 'ros'
[0.440s] Level 1:colcon.colcon_core.package_identification:_identify(archives/Mapping) by extensions ['cmake', 'python']
[0.441s] Level 1:colcon.colcon_core.package_identification:_identify(archives/Mapping) by extension 'cmake'
[0.441s] Level 1:colcon.colcon_core.package_identification:_identify(archives/Mapping) by extension 'python'
[0.441s] Level 1:colcon.colcon_core.package_identification:_identify(archives/Mapping) by extensions ['python_setup_py']
[0.441s] Level 1:colcon.colcon_core.package_identification:_identify(archives/Mapping) by extension 'python_setup_py'
[0.441s] Level 1:colcon.colcon_core.package_identification:_identify(archives/Mapping/Mapping) by extensions ['ignore', 'ignore_ament_install']
[0.441s] Level 1:colcon.colcon_core.package_identification:_identify(archives/Mapping/Mapping) by extension 'ignore'
[0.441s] Level 1:colcon.colcon_core.package_identification:_identify(archives/Mapping/Mapping) by extension 'ignore_ament_install'
[0.441s] Level 1:colcon.colcon_core.package_identification:_identify(archives/Mapping/Mapping) by extensions ['colcon_pkg']
[0.441s] Level 1:colcon.colcon_core.package_identification:_identify(archives/Mapping/Mapping) by extension 'colcon_pkg'
[0.441s] Level 1:colcon.colcon_core.package_identification:_identify(archives/Mapping/Mapping) by extensions ['colcon_meta']
[0.441s] Level 1:colcon.colcon_core.package_identification:_identify(archives/Mapping/Mapping) by extension 'colcon_meta'
[0.441s] Level 1:colcon.colcon_core.package_identification:_identify(archives/Mapping/Mapping) by extensions ['ros']
[0.441s] Level 1:colcon.colcon_core.package_identification:_identify(archives/Mapping/Mapping) by extension 'ros'
[0.441s] Level 1:colcon.colcon_core.package_identification:_identify(archives/Mapping/Mapping) by extensions ['cmake', 'python']
[0.441s] Level 1:colcon.colcon_core.package_identification:_identify(archives/Mapping/Mapping) by extension 'cmake'
[0.441s] Level 1:colcon.colcon_core.package_identification:_identify(archives/Mapping/Mapping) by extension 'python'
[0.441s] Level 1:colcon.colcon_core.package_identification:_identify(archives/Mapping/Mapping) by extensions ['python_setup_py']
[0.441s] Level 1:colcon.colcon_core.package_identification:_identify(archives/Mapping/Mapping) by extension 'python_setup_py'
[0.441s] Level 1:colcon.colcon_core.package_identification:_identify(archives/Mapping/cartographer_config) by extensions ['ignore', 'ignore_ament_install']
[0.441s] Level 1:colcon.colcon_core.package_identification:_identify(archives/Mapping/cartographer_config) by extension 'ignore'
[0.442s] Level 1:colcon.colcon_core.package_identification:_identify(archives/Mapping/cartographer_config) by extension 'ignore_ament_install'
[0.442s] Level 1:colcon.colcon_core.package_identification:_identify(archives/Mapping/cartographer_config) by extensions ['colcon_pkg']
[0.442s] Level 1:colcon.colcon_core.package_identification:_identify(archives/Mapping/cartographer_config) by extension 'colcon_pkg'
[0.442s] Level 1:colcon.colcon_core.package_identification:_identify(archives/Mapping/cartographer_config) by extensions ['colcon_meta']
[0.442s] Level 1:colcon.colcon_core.package_identification:_identify(archives/Mapping/cartographer_config) by extension 'colcon_meta'
[0.442s] Level 1:colcon.colcon_core.package_identification:_identify(archives/Mapping/cartographer_config) by extensions ['ros']
[0.442s] Level 1:colcon.colcon_core.package_identification:_identify(archives/Mapping/cartographer_config) by extension 'ros'
[0.442s] Level 1:colcon.colcon_core.package_identification:_identify(archives/Mapping/cartographer_config) by extensions ['cmake', 'python']
[0.442s] Level 1:colcon.colcon_core.package_identification:_identify(archives/Mapping/cartographer_config) by extension 'cmake'
[0.442s] Level 1:colcon.colcon_core.package_identification:_identify(archives/Mapping/cartographer_config) by extension 'python'
[0.442s] Level 1:colcon.colcon_core.package_identification:_identify(archives/Mapping/cartographer_config) by extensions ['python_setup_py']
[0.442s] Level 1:colcon.colcon_core.package_identification:_identify(archives/Mapping/cartographer_config) by extension 'python_setup_py'
[0.442s] Level 1:colcon.colcon_core.package_identification:_identify(archives/Mapping/config) by extensions ['ignore', 'ignore_ament_install']
[0.442s] Level 1:colcon.colcon_core.package_identification:_identify(archives/Mapping/config) by extension 'ignore'
[0.442s] Level 1:colcon.colcon_core.package_identification:_identify(archives/Mapping/config) by extension 'ignore_ament_install'
[0.442s] Level 1:colcon.colcon_core.package_identification:_identify(archives/Mapping/config) by extensions ['colcon_pkg']
[0.442s] Level 1:colcon.colcon_core.package_identification:_identify(archives/Mapping/config) by extension 'colcon_pkg'
[0.442s] Level 1:colcon.colcon_core.package_identification:_identify(archives/Mapping/config) by extensions ['colcon_meta']
[0.442s] Level 1:colcon.colcon_core.package_identification:_identify(archives/Mapping/config) by extension 'colcon_meta'
[0.442s] Level 1:colcon.colcon_core.package_identification:_identify(archives/Mapping/config) by extensions ['ros']
[0.442s] Level 1:colcon.colcon_core.package_identification:_identify(archives/Mapping/config) by extension 'ros'
[0.443s] Level 1:colcon.colcon_core.package_identification:_identify(archives/Mapping/config) by extensions ['cmake', 'python']
[0.443s] Level 1:colcon.colcon_core.package_identification:_identify(archives/Mapping/config) by extension 'cmake'
[0.443s] Level 1:colcon.colcon_core.package_identification:_identify(archives/Mapping/config) by extension 'python'
[0.443s] Level 1:colcon.colcon_core.package_identification:_identify(archives/Mapping/config) by extensions ['python_setup_py']
[0.443s] Level 1:colcon.colcon_core.package_identification:_identify(archives/Mapping/config) by extension 'python_setup_py'
[0.443s] Level 1:colcon.colcon_core.package_identification:_identify(archives/Mapping/launch) by extensions ['ignore', 'ignore_ament_install']
[0.443s] Level 1:colcon.colcon_core.package_identification:_identify(archives/Mapping/launch) by extension 'ignore'
[0.443s] Level 1:colcon.colcon_core.package_identification:_identify(archives/Mapping/launch) by extension 'ignore_ament_install'
[0.443s] Level 1:colcon.colcon_core.package_identification:_identify(archives/Mapping/launch) by extensions ['colcon_pkg']
[0.443s] Level 1:colcon.colcon_core.package_identification:_identify(archives/Mapping/launch) by extension 'colcon_pkg'
[0.443s] Level 1:colcon.colcon_core.package_identification:_identify(archives/Mapping/launch) by extensions ['colcon_meta']
[0.443s] Level 1:colcon.colcon_core.package_identification:_identify(archives/Mapping/launch) by extension 'colcon_meta'
[0.443s] Level 1:colcon.colcon_core.package_identification:_identify(archives/Mapping/launch) by extensions ['ros']
[0.443s] Level 1:colcon.colcon_core.package_identification:_identify(archives/Mapping/launch) by extension 'ros'
[0.443s] Level 1:colcon.colcon_core.package_identification:_identify(archives/Mapping/launch) by extensions ['cmake', 'python']
[0.443s] Level 1:colcon.colcon_core.package_identification:_identify(archives/Mapping/launch) by extension 'cmake'
[0.443s] Level 1:colcon.colcon_core.package_identification:_identify(archives/Mapping/launch) by extension 'python'
[0.443s] Level 1:colcon.colcon_core.package_identification:_identify(archives/Mapping/launch) by extensions ['python_setup_py']
[0.443s] Level 1:colcon.colcon_core.package_identification:_identify(archives/Mapping/launch) by extension 'python_setup_py'
[0.443s] Level 1:colcon.colcon_core.package_identification:_identify(archives/Mapping/resource) by extensions ['ignore', 'ignore_ament_install']
[0.443s] Level 1:colcon.colcon_core.package_identification:_identify(archives/Mapping/resource) by extension 'ignore'
[0.444s] Level 1:colcon.colcon_core.package_identification:_identify(archives/Mapping/resource) by extension 'ignore_ament_install'
[0.444s] Level 1:colcon.colcon_core.package_identification:_identify(archives/Mapping/resource) by extensions ['colcon_pkg']
[0.444s] Level 1:colcon.colcon_core.package_identification:_identify(archives/Mapping/resource) by extension 'colcon_pkg'
[0.444s] Level 1:colcon.colcon_core.package_identification:_identify(archives/Mapping/resource) by extensions ['colcon_meta']
[0.444s] Level 1:colcon.colcon_core.package_identification:_identify(archives/Mapping/resource) by extension 'colcon_meta'
[0.444s] Level 1:colcon.colcon_core.package_identification:_identify(archives/Mapping/resource) by extensions ['ros']
[0.444s] Level 1:colcon.colcon_core.package_identification:_identify(archives/Mapping/resource) by extension 'ros'
[0.444s] Level 1:colcon.colcon_core.package_identification:_identify(archives/Mapping/resource) by extensions ['cmake', 'python']
[0.444s] Level 1:colcon.colcon_core.package_identification:_identify(archives/Mapping/resource) by extension 'cmake'
[0.444s] Level 1:colcon.colcon_core.package_identification:_identify(archives/Mapping/resource) by extension 'python'
[0.444s] Level 1:colcon.colcon_core.package_identification:_identify(archives/Mapping/resource) by extensions ['python_setup_py']
[0.444s] Level 1:colcon.colcon_core.package_identification:_identify(archives/Mapping/resource) by extension 'python_setup_py'
[0.444s] Level 1:colcon.colcon_core.package_identification:_identify(archives/Mapping/test) by extensions ['ignore', 'ignore_ament_install']
[0.444s] Level 1:colcon.colcon_core.package_identification:_identify(archives/Mapping/test) by extension 'ignore'
[0.444s] Level 1:colcon.colcon_core.package_identification:_identify(archives/Mapping/test) by extension 'ignore_ament_install'
[0.444s] Level 1:colcon.colcon_core.package_identification:_identify(archives/Mapping/test) by extensions ['colcon_pkg']
[0.444s] Level 1:colcon.colcon_core.package_identification:_identify(archives/Mapping/test) by extension 'colcon_pkg'
[0.444s] Level 1:colcon.colcon_core.package_identification:_identify(archives/Mapping/test) by extensions ['colcon_meta']
[0.444s] Level 1:colcon.colcon_core.package_identification:_identify(archives/Mapping/test) by extension 'colcon_meta'
[0.445s] Level 1:colcon.colcon_core.package_identification:_identify(archives/Mapping/test) by extensions ['ros']
[0.445s] Level 1:colcon.colcon_core.package_identification:_identify(archives/Mapping/test) by extension 'ros'
[0.445s] Level 1:colcon.colcon_core.package_identification:_identify(archives/Mapping/test) by extensions ['cmake', 'python']
[0.445s] Level 1:colcon.colcon_core.package_identification:_identify(archives/Mapping/test) by extension 'cmake'
[0.445s] Level 1:colcon.colcon_core.package_identification:_identify(archives/Mapping/test) by extension 'python'
[0.445s] Level 1:colcon.colcon_core.package_identification:_identify(archives/Mapping/test) by extensions ['python_setup_py']
[0.445s] Level 1:colcon.colcon_core.package_identification:_identify(archives/Mapping/test) by extension 'python_setup_py'
[0.445s] Level 1:colcon.colcon_core.package_identification:_identify(archives/Planif) by extensions ['ignore', 'ignore_ament_install']
[0.445s] Level 1:colcon.colcon_core.package_identification:_identify(archives/Planif) by extension 'ignore'
[0.445s] Level 1:colcon.colcon_core.package_identification:_identify(archives/Planif) by extension 'ignore_ament_install'
[0.445s] Level 1:colcon.colcon_core.package_identification:_identify(archives/Planif) by extensions ['colcon_pkg']
[0.445s] Level 1:colcon.colcon_core.package_identification:_identify(archives/Planif) by extension 'colcon_pkg'
[0.445s] Level 1:colcon.colcon_core.package_identification:_identify(archives/Planif) by extensions ['colcon_meta']
[0.445s] Level 1:colcon.colcon_core.package_identification:_identify(archives/Planif) by extension 'colcon_meta'
[0.445s] Level 1:colcon.colcon_core.package_identification:_identify(archives/Planif) by extensions ['ros']
[0.445s] Level 1:colcon.colcon_core.package_identification:_identify(archives/Planif) by extension 'ros'
[0.445s] Level 1:colcon.colcon_core.package_identification:_identify(archives/Planif) by extensions ['cmake', 'python']
[0.445s] Level 1:colcon.colcon_core.package_identification:_identify(archives/Planif) by extension 'cmake'
[0.445s] Level 1:colcon.colcon_core.package_identification:_identify(archives/Planif) by extension 'python'
[0.445s] Level 1:colcon.colcon_core.package_identification:_identify(archives/Planif) by extensions ['python_setup_py']
[0.445s] Level 1:colcon.colcon_core.package_identification:_identify(archives/Planif) by extension 'python_setup_py'
[0.446s] Level 1:colcon.colcon_core.package_identification:_identify(archives/Planif/Planif) by extensions ['ignore', 'ignore_ament_install']
[0.446s] Level 1:colcon.colcon_core.package_identification:_identify(archives/Planif/Planif) by extension 'ignore'
[0.446s] Level 1:colcon.colcon_core.package_identification:_identify(archives/Planif/Planif) by extension 'ignore_ament_install'
[0.446s] Level 1:colcon.colcon_core.package_identification:_identify(archives/Planif/Planif) by extensions ['colcon_pkg']
[0.446s] Level 1:colcon.colcon_core.package_identification:_identify(archives/Planif/Planif) by extension 'colcon_pkg'
[0.446s] Level 1:colcon.colcon_core.package_identification:_identify(archives/Planif/Planif) by extensions ['colcon_meta']
[0.446s] Level 1:colcon.colcon_core.package_identification:_identify(archives/Planif/Planif) by extension 'colcon_meta'
[0.446s] Level 1:colcon.colcon_core.package_identification:_identify(archives/Planif/Planif) by extensions ['ros']
[0.446s] Level 1:colcon.colcon_core.package_identification:_identify(archives/Planif/Planif) by extension 'ros'
[0.446s] Level 1:colcon.colcon_core.package_identification:_identify(archives/Planif/Planif) by extensions ['cmake', 'python']
[0.446s] Level 1:colcon.colcon_core.package_identification:_identify(archives/Planif/Planif) by extension 'cmake'
[0.446s] Level 1:colcon.colcon_core.package_identification:_identify(archives/Planif/Planif) by extension 'python'
[0.446s] Level 1:colcon.colcon_core.package_identification:_identify(archives/Planif/Planif) by extensions ['python_setup_py']
[0.446s] Level 1:colcon.colcon_core.package_identification:_identify(archives/Planif/Planif) by extension 'python_setup_py'
[0.446s] Level 1:colcon.colcon_core.package_identification:_identify(archives/Planif/README_Notebook_explicatif) by extensions ['ignore', 'ignore_ament_install']
[0.447s] Level 1:colcon.colcon_core.package_identification:_identify(archives/Planif/README_Notebook_explicatif) by extension 'ignore'
[0.447s] Level 1:colcon.colcon_core.package_identification:_identify(archives/Planif/README_Notebook_explicatif) by extension 'ignore_ament_install'
[0.447s] Level 1:colcon.colcon_core.package_identification:_identify(archives/Planif/README_Notebook_explicatif) by extensions ['colcon_pkg']
[0.447s] Level 1:colcon.colcon_core.package_identification:_identify(archives/Planif/README_Notebook_explicatif) by extension 'colcon_pkg'
[0.447s] Level 1:colcon.colcon_core.package_identification:_identify(archives/Planif/README_Notebook_explicatif) by extensions ['colcon_meta']
[0.447s] Level 1:colcon.colcon_core.package_identification:_identify(archives/Planif/README_Notebook_explicatif) by extension 'colcon_meta'
[0.447s] Level 1:colcon.colcon_core.package_identification:_identify(archives/Planif/README_Notebook_explicatif) by extensions ['ros']
[0.447s] Level 1:colcon.colcon_core.package_identification:_identify(archives/Planif/README_Notebook_explicatif) by extension 'ros'
[0.447s] Level 1:colcon.colcon_core.package_identification:_identify(archives/Planif/README_Notebook_explicatif) by extensions ['cmake', 'python']
[0.447s] Level 1:colcon.colcon_core.package_identification:_identify(archives/Planif/README_Notebook_explicatif) by extension 'cmake'
[0.447s] Level 1:colcon.colcon_core.package_identification:_identify(archives/Planif/README_Notebook_explicatif) by extension 'python'
[0.447s] Level 1:colcon.colcon_core.package_identification:_identify(archives/Planif/README_Notebook_explicatif) by extensions ['python_setup_py']
[0.447s] Level 1:colcon.colcon_core.package_identification:_identify(archives/Planif/README_Notebook_explicatif) by extension 'python_setup_py'
[0.447s] Level 1:colcon.colcon_core.package_identification:_identify(archives/Planif/resource) by extensions ['ignore', 'ignore_ament_install']
[0.447s] Level 1:colcon.colcon_core.package_identification:_identify(archives/Planif/resource) by extension 'ignore'
[0.447s] Level 1:colcon.colcon_core.package_identification:_identify(archives/Planif/resource) by extension 'ignore_ament_install'
[0.447s] Level 1:colcon.colcon_core.package_identification:_identify(archives/Planif/resource) by extensions ['colcon_pkg']
[0.447s] Level 1:colcon.colcon_core.package_identification:_identify(archives/Planif/resource) by extension 'colcon_pkg'
[0.447s] Level 1:colcon.colcon_core.package_identification:_identify(archives/Planif/resource) by extensions ['colcon_meta']
[0.447s] Level 1:colcon.colcon_core.package_identification:_identify(archives/Planif/resource) by extension 'colcon_meta'
[0.448s] Level 1:colcon.colcon_core.package_identification:_identify(archives/Planif/resource) by extensions ['ros']
[0.448s] Level 1:colcon.colcon_core.package_identification:_identify(archives/Planif/resource) by extension 'ros'
[0.448s] Level 1:colcon.colcon_core.package_identification:_identify(archives/Planif/resource) by extensions ['cmake', 'python']
[0.448s] Level 1:colcon.colcon_core.package_identification:_identify(archives/Planif/resource) by extension 'cmake'
[0.448s] Level 1:colcon.colcon_core.package_identification:_identify(archives/Planif/resource) by extension 'python'
[0.448s] Level 1:colcon.colcon_core.package_identification:_identify(archives/Planif/resource) by extensions ['python_setup_py']
[0.448s] Level 1:colcon.colcon_core.package_identification:_identify(archives/Planif/resource) by extension 'python_setup_py'
[0.448s] Level 1:colcon.colcon_core.package_identification:_identify(archives/Planif/test) by extensions ['ignore', 'ignore_ament_install']
[0.448s] Level 1:colcon.colcon_core.package_identification:_identify(archives/Planif/test) by extension 'ignore'
[0.448s] Level 1:colcon.colcon_core.package_identification:_identify(archives/Planif/test) by extension 'ignore_ament_install'
[0.448s] Level 1:colcon.colcon_core.package_identification:_identify(archives/Planif/test) by extensions ['colcon_pkg']
[0.448s] Level 1:colcon.colcon_core.package_identification:_identify(archives/Planif/test) by extension 'colcon_pkg'
[0.448s] Level 1:colcon.colcon_core.package_identification:_identify(archives/Planif/test) by extensions ['colcon_meta']
[0.448s] Level 1:colcon.colcon_core.package_identification:_identify(archives/Planif/test) by extension 'colcon_meta'
[0.448s] Level 1:colcon.colcon_core.package_identification:_identify(archives/Planif/test) by extensions ['ros']
[0.448s] Level 1:colcon.colcon_core.package_identification:_identify(archives/Planif/test) by extension 'ros'
[0.448s] Level 1:colcon.colcon_core.package_identification:_identify(archives/Planif/test) by extensions ['cmake', 'python']
[0.448s] Level 1:colcon.colcon_core.package_identification:_identify(archives/Planif/test) by extension 'cmake'
[0.448s] Level 1:colcon.colcon_core.package_identification:_identify(archives/Planif/test) by extension 'python'
[0.448s] Level 1:colcon.colcon_core.package_identification:_identify(archives/Planif/test) by extensions ['python_setup_py']
[0.449s] Level 1:colcon.colcon_core.package_identification:_identify(archives/Planif/test) by extension 'python_setup_py'
[0.449s] Level 1:colcon.colcon_core.package_identification:_identify(archives/Waypoints) by extensions ['ignore', 'ignore_ament_install']
[0.449s] Level 1:colcon.colcon_core.package_identification:_identify(archives/Waypoints) by extension 'ignore'
[0.449s] Level 1:colcon.colcon_core.package_identification:_identify(archives/Waypoints) by extension 'ignore_ament_install'
[0.449s] Level 1:colcon.colcon_core.package_identification:_identify(archives/Waypoints) by extensions ['colcon_pkg']
[0.449s] Level 1:colcon.colcon_core.package_identification:_identify(archives/Waypoints) by extension 'colcon_pkg'
[0.449s] Level 1:colcon.colcon_core.package_identification:_identify(archives/Waypoints) by extensions ['colcon_meta']
[0.449s] Level 1:colcon.colcon_core.package_identification:_identify(archives/Waypoints) by extension 'colcon_meta'
[0.449s] Level 1:colcon.colcon_core.package_identification:_identify(archives/Waypoints) by extensions ['ros']
[0.449s] Level 1:colcon.colcon_core.package_identification:_identify(archives/Waypoints) by extension 'ros'
[0.449s] Level 1:colcon.colcon_core.package_identification:_identify(archives/Waypoints) by extensions ['cmake', 'python']
[0.449s] Level 1:colcon.colcon_core.package_identification:_identify(archives/Waypoints) by extension 'cmake'
[0.450s] Level 1:colcon.colcon_core.package_identification:_identify(archives/Waypoints) by extension 'python'
[0.450s] Level 1:colcon.colcon_core.package_identification:_identify(archives/Waypoints) by extensions ['python_setup_py']
[0.450s] Level 1:colcon.colcon_core.package_identification:_identify(archives/Waypoints) by extension 'python_setup_py'
[0.450s] Level 1:colcon.colcon_core.package_identification:_identify(archives/Waypoints/Waypoints) by extensions ['ignore', 'ignore_ament_install']
[0.450s] Level 1:colcon.colcon_core.package_identification:_identify(archives/Waypoints/Waypoints) by extension 'ignore'
[0.450s] Level 1:colcon.colcon_core.package_identification:_identify(archives/Waypoints/Waypoints) by extension 'ignore_ament_install'
[0.450s] Level 1:colcon.colcon_core.package_identification:_identify(archives/Waypoints/Waypoints) by extensions ['colcon_pkg']
[0.450s] Level 1:colcon.colcon_core.package_identification:_identify(archives/Waypoints/Waypoints) by extension 'colcon_pkg'
[0.450s] Level 1:colcon.colcon_core.package_identification:_identify(archives/Waypoints/Waypoints) by extensions ['colcon_meta']
[0.450s] Level 1:colcon.colcon_core.package_identification:_identify(archives/Waypoints/Waypoints) by extension 'colcon_meta'
[0.450s] Level 1:colcon.colcon_core.package_identification:_identify(archives/Waypoints/Waypoints) by extensions ['ros']
[0.451s] Level 1:colcon.colcon_core.package_identification:_identify(archives/Waypoints/Waypoints) by extension 'ros'
[0.451s] Level 1:colcon.colcon_core.package_identification:_identify(archives/Waypoints/Waypoints) by extensions ['cmake', 'python']
[0.451s] Level 1:colcon.colcon_core.package_identification:_identify(archives/Waypoints/Waypoints) by extension 'cmake'
[0.451s] Level 1:colcon.colcon_core.package_identification:_identify(archives/Waypoints/Waypoints) by extension 'python'
[0.451s] Level 1:colcon.colcon_core.package_identification:_identify(archives/Waypoints/Waypoints) by extensions ['python_setup_py']
[0.451s] Level 1:colcon.colcon_core.package_identification:_identify(archives/Waypoints/Waypoints) by extension 'python_setup_py'
[0.451s] Level 1:colcon.colcon_core.package_identification:_identify(archives/Waypoints/resource) by extensions ['ignore', 'ignore_ament_install']
[0.451s] Level 1:colcon.colcon_core.package_identification:_identify(archives/Waypoints/resource) by extension 'ignore'
[0.451s] Level 1:colcon.colcon_core.package_identification:_identify(archives/Waypoints/resource) by extension 'ignore_ament_install'
[0.451s] Level 1:colcon.colcon_core.package_identification:_identify(archives/Waypoints/resource) by extensions ['colcon_pkg']
[0.451s] Level 1:colcon.colcon_core.package_identification:_identify(archives/Waypoints/resource) by extension 'colcon_pkg'
[0.451s] Level 1:colcon.colcon_core.package_identification:_identify(archives/Waypoints/resource) by extensions ['colcon_meta']
[0.451s] Level 1:colcon.colcon_core.package_identification:_identify(archives/Waypoints/resource) by extension 'colcon_meta'
[0.451s] Level 1:colcon.colcon_core.package_identification:_identify(archives/Waypoints/resource) by extensions ['ros']
[0.451s] Level 1:colcon.colcon_core.package_identification:_identify(archives/Waypoints/resource) by extension 'ros'
[0.451s] Level 1:colcon.colcon_core.package_identification:_identify(archives/Waypoints/resource) by extensions ['cmake', 'python']
[0.451s] Level 1:colcon.colcon_core.package_identification:_identify(archives/Waypoints/resource) by extension 'cmake'
[0.451s] Level 1:colcon.colcon_core.package_identification:_identify(archives/Waypoints/resource) by extension 'python'
[0.451s] Level 1:colcon.colcon_core.package_identification:_identify(archives/Waypoints/resource) by extensions ['python_setup_py']
[0.451s] Level 1:colcon.colcon_core.package_identification:_identify(archives/Waypoints/resource) by extension 'python_setup_py'
[0.452s] Level 1:colcon.colcon_core.package_identification:_identify(archives/Waypoints/test) by extensions ['ignore', 'ignore_ament_install']
[0.452s] Level 1:colcon.colcon_core.package_identification:_identify(archives/Waypoints/test) by extension 'ignore'
[0.452s] Level 1:colcon.colcon_core.package_identification:_identify(archives/Waypoints/test) by extension 'ignore_ament_install'
[0.452s] Level 1:colcon.colcon_core.package_identification:_identify(archives/Waypoints/test) by extensions ['colcon_pkg']
[0.452s] Level 1:colcon.colcon_core.package_identification:_identify(archives/Waypoints/test) by extension 'colcon_pkg'
[0.452s] Level 1:colcon.colcon_core.package_identification:_identify(archives/Waypoints/test) by extensions ['colcon_meta']
[0.452s] Level 1:colcon.colcon_core.package_identification:_identify(archives/Waypoints/test) by extension 'colcon_meta'
[0.452s] Level 1:colcon.colcon_core.package_identification:_identify(archives/Waypoints/test) by extensions ['ros']
[0.452s] Level 1:colcon.colcon_core.package_identification:_identify(archives/Waypoints/test) by extension 'ros'
[0.452s] Level 1:colcon.colcon_core.package_identification:_identify(archives/Waypoints/test) by extensions ['cmake', 'python']
[0.452s] Level 1:colcon.colcon_core.package_identification:_identify(archives/Waypoints/test) by extension 'cmake'
[0.452s] Level 1:colcon.colcon_core.package_identification:_identify(archives/Waypoints/test) by extension 'python'
[0.452s] Level 1:colcon.colcon_core.package_identification:_identify(archives/Waypoints/test) by extensions ['python_setup_py']
[0.452s] Level 1:colcon.colcon_core.package_identification:_identify(archives/Waypoints/test) by extension 'python_setup_py'
[0.452s] Level 1:colcon.colcon_core.package_identification:_identify(archives/custom_msgs) by extensions ['ignore', 'ignore_ament_install']
[0.452s] Level 1:colcon.colcon_core.package_identification:_identify(archives/custom_msgs) by extension 'ignore'
[0.453s] Level 1:colcon.colcon_core.package_identification:_identify(archives/custom_msgs) by extension 'ignore_ament_install'
[0.453s] Level 1:colcon.colcon_core.package_identification:_identify(archives/custom_msgs) by extensions ['colcon_pkg']
[0.453s] Level 1:colcon.colcon_core.package_identification:_identify(archives/custom_msgs) by extension 'colcon_pkg'
[0.453s] Level 1:colcon.colcon_core.package_identification:_identify(archives/custom_msgs) by extensions ['colcon_meta']
[0.453s] Level 1:colcon.colcon_core.package_identification:_identify(archives/custom_msgs) by extension 'colcon_meta'
[0.453s] Level 1:colcon.colcon_core.package_identification:_identify(archives/custom_msgs) by extensions ['ros']
[0.453s] Level 1:colcon.colcon_core.package_identification:_identify(archives/custom_msgs) by extension 'ros'
[0.453s] Level 1:colcon.colcon_core.package_identification:_identify(archives/custom_msgs) by extensions ['cmake', 'python']
[0.453s] Level 1:colcon.colcon_core.package_identification:_identify(archives/custom_msgs) by extension 'cmake'
[0.453s] Level 1:colcon.colcon_core.package_identification:_identify(archives/custom_msgs) by extension 'python'
[0.453s] Level 1:colcon.colcon_core.package_identification:_identify(archives/custom_msgs) by extensions ['python_setup_py']
[0.453s] Level 1:colcon.colcon_core.package_identification:_identify(archives/custom_msgs) by extension 'python_setup_py'
[0.453s] Level 1:colcon.colcon_core.package_identification:_identify(archives/custom_msgs/msg) by extensions ['ignore', 'ignore_ament_install']
[0.453s] Level 1:colcon.colcon_core.package_identification:_identify(archives/custom_msgs/msg) by extension 'ignore'
[0.453s] Level 1:colcon.colcon_core.package_identification:_identify(archives/custom_msgs/msg) by extension 'ignore_ament_install'
[0.453s] Level 1:colcon.colcon_core.package_identification:_identify(archives/custom_msgs/msg) by extensions ['colcon_pkg']
[0.453s] Level 1:colcon.colcon_core.package_identification:_identify(archives/custom_msgs/msg) by extension 'colcon_pkg'
[0.453s] Level 1:colcon.colcon_core.package_identification:_identify(archives/custom_msgs/msg) by extensions ['colcon_meta']
[0.453s] Level 1:colcon.colcon_core.package_identification:_identify(archives/custom_msgs/msg) by extension 'colcon_meta'
[0.453s] Level 1:colcon.colcon_core.package_identification:_identify(archives/custom_msgs/msg) by extensions ['ros']
[0.453s] Level 1:colcon.colcon_core.package_identification:_identify(archives/custom_msgs/msg) by extension 'ros'
[0.454s] Level 1:colcon.colcon_core.package_identification:_identify(archives/custom_msgs/msg) by extensions ['cmake', 'python']
[0.454s] Level 1:colcon.colcon_core.package_identification:_identify(archives/custom_msgs/msg) by extension 'cmake'
[0.454s] Level 1:colcon.colcon_core.package_identification:_identify(archives/custom_msgs/msg) by extension 'python'
[0.454s] Level 1:colcon.colcon_core.package_identification:_identify(archives/custom_msgs/msg) by extensions ['python_setup_py']
[0.454s] Level 1:colcon.colcon_core.package_identification:_identify(archives/custom_msgs/msg) by extension 'python_setup_py'
[0.454s] Level 1:colcon.colcon_core.package_identification:_identify(archives/f1tenth_system) by extensions ['ignore', 'ignore_ament_install']
[0.454s] Level 1:colcon.colcon_core.package_identification:_identify(archives/f1tenth_system) by extension 'ignore'
[0.454s] Level 1:colcon.colcon_core.package_identification:_identify(archives/f1tenth_system) by extension 'ignore_ament_install'
[0.454s] Level 1:colcon.colcon_core.package_identification:_identify(archives/f1tenth_system) by extensions ['colcon_pkg']
[0.454s] Level 1:colcon.colcon_core.package_identification:_identify(archives/f1tenth_system) by extension 'colcon_pkg'
[0.454s] Level 1:colcon.colcon_core.package_identification:_identify(archives/f1tenth_system) by extensions ['colcon_meta']
[0.454s] Level 1:colcon.colcon_core.package_identification:_identify(archives/f1tenth_system) by extension 'colcon_meta'
[0.454s] Level 1:colcon.colcon_core.package_identification:_identify(archives/f1tenth_system) by extensions ['ros']
[0.454s] Level 1:colcon.colcon_core.package_identification:_identify(archives/f1tenth_system) by extension 'ros'
[0.454s] Level 1:colcon.colcon_core.package_identification:_identify(archives/f1tenth_system) by extensions ['cmake', 'python']
[0.454s] Level 1:colcon.colcon_core.package_identification:_identify(archives/f1tenth_system) by extension 'cmake'
[0.454s] Level 1:colcon.colcon_core.package_identification:_identify(archives/f1tenth_system) by extension 'python'
[0.454s] Level 1:colcon.colcon_core.package_identification:_identify(archives/f1tenth_system) by extensions ['python_setup_py']
[0.454s] Level 1:colcon.colcon_core.package_identification:_identify(archives/f1tenth_system) by extension 'python_setup_py'
[0.455s] Level 1:colcon.colcon_core.package_identification:_identify(archives/f1tenth_system/ackermann_mux) by extensions ['ignore', 'ignore_ament_install']
[0.455s] Level 1:colcon.colcon_core.package_identification:_identify(archives/f1tenth_system/ackermann_mux) by extension 'ignore'
[0.455s] Level 1:colcon.colcon_core.package_identification:_identify(archives/f1tenth_system/ackermann_mux) by extension 'ignore_ament_install'
[0.455s] Level 1:colcon.colcon_core.package_identification:_identify(archives/f1tenth_system/ackermann_mux) by extensions ['colcon_pkg']
[0.455s] Level 1:colcon.colcon_core.package_identification:_identify(archives/f1tenth_system/ackermann_mux) by extension 'colcon_pkg'
[0.455s] Level 1:colcon.colcon_core.package_identification:_identify(archives/f1tenth_system/ackermann_mux) by extensions ['colcon_meta']
[0.455s] Level 1:colcon.colcon_core.package_identification:_identify(archives/f1tenth_system/ackermann_mux) by extension 'colcon_meta'
[0.455s] Level 1:colcon.colcon_core.package_identification:_identify(archives/f1tenth_system/ackermann_mux) by extensions ['ros']
[0.455s] Level 1:colcon.colcon_core.package_identification:_identify(archives/f1tenth_system/ackermann_mux) by extension 'ros'
[0.455s] Level 1:colcon.colcon_core.package_identification:_identify(archives/f1tenth_system/ackermann_mux) by extensions ['cmake', 'python']
[0.455s] Level 1:colcon.colcon_core.package_identification:_identify(archives/f1tenth_system/ackermann_mux) by extension 'cmake'
[0.455s] Level 1:colcon.colcon_core.package_identification:_identify(archives/f1tenth_system/ackermann_mux) by extension 'python'
[0.455s] Level 1:colcon.colcon_core.package_identification:_identify(archives/f1tenth_system/ackermann_mux) by extensions ['python_setup_py']
[0.455s] Level 1:colcon.colcon_core.package_identification:_identify(archives/f1tenth_system/ackermann_mux) by extension 'python_setup_py'
[0.455s] Level 1:colcon.colcon_core.package_identification:_identify(archives/f1tenth_system/ackermann_mux/config) by extensions ['ignore', 'ignore_ament_install']
[0.455s] Level 1:colcon.colcon_core.package_identification:_identify(archives/f1tenth_system/ackermann_mux/config) by extension 'ignore'
[0.455s] Level 1:colcon.colcon_core.package_identification:_identify(archives/f1tenth_system/ackermann_mux/config) by extension 'ignore_ament_install'
[0.456s] Level 1:colcon.colcon_core.package_identification:_identify(archives/f1tenth_system/ackermann_mux/config) by extensions ['colcon_pkg']
[0.456s] Level 1:colcon.colcon_core.package_identification:_identify(archives/f1tenth_system/ackermann_mux/config) by extension 'colcon_pkg'
[0.456s] Level 1:colcon.colcon_core.package_identification:_identify(archives/f1tenth_system/ackermann_mux/config) by extensions ['colcon_meta']
[0.456s] Level 1:colcon.colcon_core.package_identification:_identify(archives/f1tenth_system/ackermann_mux/config) by extension 'colcon_meta'
[0.456s] Level 1:colcon.colcon_core.package_identification:_identify(archives/f1tenth_system/ackermann_mux/config) by extensions ['ros']
[0.456s] Level 1:colcon.colcon_core.package_identification:_identify(archives/f1tenth_system/ackermann_mux/config) by extension 'ros'
[0.456s] Level 1:colcon.colcon_core.package_identification:_identify(archives/f1tenth_system/ackermann_mux/config) by extensions ['cmake', 'python']
[0.456s] Level 1:colcon.colcon_core.package_identification:_identify(archives/f1tenth_system/ackermann_mux/config) by extension 'cmake'
[0.456s] Level 1:colcon.colcon_core.package_identification:_identify(archives/f1tenth_system/ackermann_mux/config) by extension 'python'
[0.456s] Level 1:colcon.colcon_core.package_identification:_identify(archives/f1tenth_system/ackermann_mux/config) by extensions ['python_setup_py']
[0.456s] Level 1:colcon.colcon_core.package_identification:_identify(archives/f1tenth_system/ackermann_mux/config) by extension 'python_setup_py'
[0.456s] Level 1:colcon.colcon_core.package_identification:_identify(archives/f1tenth_system/ackermann_mux/include) by extensions ['ignore', 'ignore_ament_install']
[0.456s] Level 1:colcon.colcon_core.package_identification:_identify(archives/f1tenth_system/ackermann_mux/include) by extension 'ignore'
[0.456s] Level 1:colcon.colcon_core.package_identification:_identify(archives/f1tenth_system/ackermann_mux/include) by extension 'ignore_ament_install'
[0.456s] Level 1:colcon.colcon_core.package_identification:_identify(archives/f1tenth_system/ackermann_mux/include) by extensions ['colcon_pkg']
[0.456s] Level 1:colcon.colcon_core.package_identification:_identify(archives/f1tenth_system/ackermann_mux/include) by extension 'colcon_pkg'
[0.456s] Level 1:colcon.colcon_core.package_identification:_identify(archives/f1tenth_system/ackermann_mux/include) by extensions ['colcon_meta']
[0.456s] Level 1:colcon.colcon_core.package_identification:_identify(archives/f1tenth_system/ackermann_mux/include) by extension 'colcon_meta'
[0.457s] Level 1:colcon.colcon_core.package_identification:_identify(archives/f1tenth_system/ackermann_mux/include) by extensions ['ros']
[0.457s] Level 1:colcon.colcon_core.package_identification:_identify(archives/f1tenth_system/ackermann_mux/include) by extension 'ros'
[0.457s] Level 1:colcon.colcon_core.package_identification:_identify(archives/f1tenth_system/ackermann_mux/include) by extensions ['cmake', 'python']
[0.457s] Level 1:colcon.colcon_core.package_identification:_identify(archives/f1tenth_system/ackermann_mux/include) by extension 'cmake'
[0.457s] Level 1:colcon.colcon_core.package_identification:_identify(archives/f1tenth_system/ackermann_mux/include) by extension 'python'
[0.457s] Level 1:colcon.colcon_core.package_identification:_identify(archives/f1tenth_system/ackermann_mux/include) by extensions ['python_setup_py']
[0.457s] Level 1:colcon.colcon_core.package_identification:_identify(archives/f1tenth_system/ackermann_mux/include) by extension 'python_setup_py'
[0.457s] Level 1:colcon.colcon_core.package_identification:_identify(archives/f1tenth_system/ackermann_mux/include/ackermann_mux) by extensions ['ignore', 'ignore_ament_install']
[0.457s] Level 1:colcon.colcon_core.package_identification:_identify(archives/f1tenth_system/ackermann_mux/include/ackermann_mux) by extension 'ignore'
[0.457s] Level 1:colcon.colcon_core.package_identification:_identify(archives/f1tenth_system/ackermann_mux/include/ackermann_mux) by extension 'ignore_ament_install'
[0.457s] Level 1:colcon.colcon_core.package_identification:_identify(archives/f1tenth_system/ackermann_mux/include/ackermann_mux) by extensions ['colcon_pkg']
[0.457s] Level 1:colcon.colcon_core.package_identification:_identify(archives/f1tenth_system/ackermann_mux/include/ackermann_mux) by extension 'colcon_pkg'
[0.457s] Level 1:colcon.colcon_core.package_identification:_identify(archives/f1tenth_system/ackermann_mux/include/ackermann_mux) by extensions ['colcon_meta']
[0.457s] Level 1:colcon.colcon_core.package_identification:_identify(archives/f1tenth_system/ackermann_mux/include/ackermann_mux) by extension 'colcon_meta'
[0.457s] Level 1:colcon.colcon_core.package_identification:_identify(archives/f1tenth_system/ackermann_mux/include/ackermann_mux) by extensions ['ros']
[0.457s] Level 1:colcon.colcon_core.package_identification:_identify(archives/f1tenth_system/ackermann_mux/include/ackermann_mux) by extension 'ros'
[0.457s] Level 1:colcon.colcon_core.package_identification:_identify(archives/f1tenth_system/ackermann_mux/include/ackermann_mux) by extensions ['cmake', 'python']
[0.457s] Level 1:colcon.colcon_core.package_identification:_identify(archives/f1tenth_system/ackermann_mux/include/ackermann_mux) by extension 'cmake'
[0.458s] Level 1:colcon.colcon_core.package_identification:_identify(archives/f1tenth_system/ackermann_mux/include/ackermann_mux) by extension 'python'
[0.458s] Level 1:colcon.colcon_core.package_identification:_identify(archives/f1tenth_system/ackermann_mux/include/ackermann_mux) by extensions ['python_setup_py']
[0.458s] Level 1:colcon.colcon_core.package_identification:_identify(archives/f1tenth_system/ackermann_mux/include/ackermann_mux) by extension 'python_setup_py'
[0.458s] Level 1:colcon.colcon_core.package_identification:_identify(archives/f1tenth_system/ackermann_mux/launch) by extensions ['ignore', 'ignore_ament_install']
[0.458s] Level 1:colcon.colcon_core.package_identification:_identify(archives/f1tenth_system/ackermann_mux/launch) by extension 'ignore'
[0.458s] Level 1:colcon.colcon_core.package_identification:_identify(archives/f1tenth_system/ackermann_mux/launch) by extension 'ignore_ament_install'
[0.458s] Level 1:colcon.colcon_core.package_identification:_identify(archives/f1tenth_system/ackermann_mux/launch) by extensions ['colcon_pkg']
[0.458s] Level 1:colcon.colcon_core.package_identification:_identify(archives/f1tenth_system/ackermann_mux/launch) by extension 'colcon_pkg'
[0.458s] Level 1:colcon.colcon_core.package_identification:_identify(archives/f1tenth_system/ackermann_mux/launch) by extensions ['colcon_meta']
[0.458s] Level 1:colcon.colcon_core.package_identification:_identify(archives/f1tenth_system/ackermann_mux/launch) by extension 'colcon_meta'
[0.458s] Level 1:colcon.colcon_core.package_identification:_identify(archives/f1tenth_system/ackermann_mux/launch) by extensions ['ros']
[0.458s] Level 1:colcon.colcon_core.package_identification:_identify(archives/f1tenth_system/ackermann_mux/launch) by extension 'ros'
[0.458s] Level 1:colcon.colcon_core.package_identification:_identify(archives/f1tenth_system/ackermann_mux/launch) by extensions ['cmake', 'python']
[0.458s] Level 1:colcon.colcon_core.package_identification:_identify(archives/f1tenth_system/ackermann_mux/launch) by extension 'cmake'
[0.458s] Level 1:colcon.colcon_core.package_identification:_identify(archives/f1tenth_system/ackermann_mux/launch) by extension 'python'
[0.458s] Level 1:colcon.colcon_core.package_identification:_identify(archives/f1tenth_system/ackermann_mux/launch) by extensions ['python_setup_py']
[0.458s] Level 1:colcon.colcon_core.package_identification:_identify(archives/f1tenth_system/ackermann_mux/launch) by extension 'python_setup_py'
[0.458s] Level 1:colcon.colcon_core.package_identification:_identify(archives/f1tenth_system/ackermann_mux/scripts) by extensions ['ignore', 'ignore_ament_install']
[0.458s] Level 1:colcon.colcon_core.package_identification:_identify(archives/f1tenth_system/ackermann_mux/scripts) by extension 'ignore'
[0.459s] Level 1:colcon.colcon_core.package_identification:_identify(archives/f1tenth_system/ackermann_mux/scripts) by extension 'ignore_ament_install'
[0.459s] Level 1:colcon.colcon_core.package_identification:_identify(archives/f1tenth_system/ackermann_mux/scripts) by extensions ['colcon_pkg']
[0.459s] Level 1:colcon.colcon_core.package_identification:_identify(archives/f1tenth_system/ackermann_mux/scripts) by extension 'colcon_pkg'
[0.459s] Level 1:colcon.colcon_core.package_identification:_identify(archives/f1tenth_system/ackermann_mux/scripts) by extensions ['colcon_meta']
[0.459s] Level 1:colcon.colcon_core.package_identification:_identify(archives/f1tenth_system/ackermann_mux/scripts) by extension 'colcon_meta'
[0.459s] Level 1:colcon.colcon_core.package_identification:_identify(archives/f1tenth_system/ackermann_mux/scripts) by extensions ['ros']
[0.459s] Level 1:colcon.colcon_core.package_identification:_identify(archives/f1tenth_system/ackermann_mux/scripts) by extension 'ros'
[0.459s] Level 1:colcon.colcon_core.package_identification:_identify(archives/f1tenth_system/ackermann_mux/scripts) by extensions ['cmake', 'python']
[0.459s] Level 1:colcon.colcon_core.package_identification:_identify(archives/f1tenth_system/ackermann_mux/scripts) by extension 'cmake'
[0.459s] Level 1:colcon.colcon_core.package_identification:_identify(archives/f1tenth_system/ackermann_mux/scripts) by extension 'python'
[0.459s] Level 1:colcon.colcon_core.package_identification:_identify(archives/f1tenth_system/ackermann_mux/scripts) by extensions ['python_setup_py']
[0.459s] Level 1:colcon.colcon_core.package_identification:_identify(archives/f1tenth_system/ackermann_mux/scripts) by extension 'python_setup_py'
[0.459s] Level 1:colcon.colcon_core.package_identification:_identify(archives/f1tenth_system/ackermann_mux/src) by extensions ['ignore', 'ignore_ament_install']
[0.459s] Level 1:colcon.colcon_core.package_identification:_identify(archives/f1tenth_system/ackermann_mux/src) by extension 'ignore'
[0.459s] Level 1:colcon.colcon_core.package_identification:_identify(archives/f1tenth_system/ackermann_mux/src) by extension 'ignore_ament_install'
[0.459s] Level 1:colcon.colcon_core.package_identification:_identify(archives/f1tenth_system/ackermann_mux/src) by extensions ['colcon_pkg']
[0.459s] Level 1:colcon.colcon_core.package_identification:_identify(archives/f1tenth_system/ackermann_mux/src) by extension 'colcon_pkg'
[0.459s] Level 1:colcon.colcon_core.package_identification:_identify(archives/f1tenth_system/ackermann_mux/src) by extensions ['colcon_meta']
[0.460s] Level 1:colcon.colcon_core.package_identification:_identify(archives/f1tenth_system/ackermann_mux/src) by extension 'colcon_meta'
[0.460s] Level 1:colcon.colcon_core.package_identification:_identify(archives/f1tenth_system/ackermann_mux/src) by extensions ['ros']
[0.460s] Level 1:colcon.colcon_core.package_identification:_identify(archives/f1tenth_system/ackermann_mux/src) by extension 'ros'
[0.460s] Level 1:colcon.colcon_core.package_identification:_identify(archives/f1tenth_system/ackermann_mux/src) by extensions ['cmake', 'python']
[0.460s] Level 1:colcon.colcon_core.package_identification:_identify(archives/f1tenth_system/ackermann_mux/src) by extension 'cmake'
[0.460s] Level 1:colcon.colcon_core.package_identification:_identify(archives/f1tenth_system/ackermann_mux/src) by extension 'python'
[0.460s] Level 1:colcon.colcon_core.package_identification:_identify(archives/f1tenth_system/ackermann_mux/src) by extensions ['python_setup_py']
[0.460s] Level 1:colcon.colcon_core.package_identification:_identify(archives/f1tenth_system/ackermann_mux/src) by extension 'python_setup_py'
[0.460s] Level 1:colcon.colcon_core.package_identification:_identify(archives/f1tenth_system/ackermann_mux/test) by extensions ['ignore', 'ignore_ament_install']
[0.460s] Level 1:colcon.colcon_core.package_identification:_identify(archives/f1tenth_system/ackermann_mux/test) by extension 'ignore'
[0.460s] Level 1:colcon.colcon_core.package_identification:_identify(archives/f1tenth_system/ackermann_mux/test) by extension 'ignore_ament_install'
[0.460s] Level 1:colcon.colcon_core.package_identification:_identify(archives/f1tenth_system/ackermann_mux/test) by extensions ['colcon_pkg']
[0.460s] Level 1:colcon.colcon_core.package_identification:_identify(archives/f1tenth_system/ackermann_mux/test) by extension 'colcon_pkg'
[0.460s] Level 1:colcon.colcon_core.package_identification:_identify(archives/f1tenth_system/ackermann_mux/test) by extensions ['colcon_meta']
[0.460s] Level 1:colcon.colcon_core.package_identification:_identify(archives/f1tenth_system/ackermann_mux/test) by extension 'colcon_meta'
[0.460s] Level 1:colcon.colcon_core.package_identification:_identify(archives/f1tenth_system/ackermann_mux/test) by extensions ['ros']
[0.460s] Level 1:colcon.colcon_core.package_identification:_identify(archives/f1tenth_system/ackermann_mux/test) by extension 'ros'
[0.460s] Level 1:colcon.colcon_core.package_identification:_identify(archives/f1tenth_system/ackermann_mux/test) by extensions ['cmake', 'python']
[0.460s] Level 1:colcon.colcon_core.package_identification:_identify(archives/f1tenth_system/ackermann_mux/test) by extension 'cmake'
[0.461s] Level 1:colcon.colcon_core.package_identification:_identify(archives/f1tenth_system/ackermann_mux/test) by extension 'python'
[0.461s] Level 1:colcon.colcon_core.package_identification:_identify(archives/f1tenth_system/ackermann_mux/test) by extensions ['python_setup_py']
[0.461s] Level 1:colcon.colcon_core.package_identification:_identify(archives/f1tenth_system/ackermann_mux/test) by extension 'python_setup_py'
[0.461s] Level 1:colcon.colcon_core.package_identification:_identify(archives/f1tenth_system/f1tenth_stack) by extensions ['ignore', 'ignore_ament_install']
[0.461s] Level 1:colcon.colcon_core.package_identification:_identify(archives/f1tenth_system/f1tenth_stack) by extension 'ignore'
[0.461s] Level 1:colcon.colcon_core.package_identification:_identify(archives/f1tenth_system/f1tenth_stack) by extension 'ignore_ament_install'
[0.461s] Level 1:colcon.colcon_core.package_identification:_identify(archives/f1tenth_system/f1tenth_stack) by extensions ['colcon_pkg']
[0.461s] Level 1:colcon.colcon_core.package_identification:_identify(archives/f1tenth_system/f1tenth_stack) by extension 'colcon_pkg'
[0.461s] Level 1:colcon.colcon_core.package_identification:_identify(archives/f1tenth_system/f1tenth_stack) by extensions ['colcon_meta']
[0.461s] Level 1:colcon.colcon_core.package_identification:_identify(archives/f1tenth_system/f1tenth_stack) by extension 'colcon_meta'
[0.461s] Level 1:colcon.colcon_core.package_identification:_identify(archives/f1tenth_system/f1tenth_stack) by extensions ['ros']
[0.461s] Level 1:colcon.colcon_core.package_identification:_identify(archives/f1tenth_system/f1tenth_stack) by extension 'ros'
[0.461s] Level 1:colcon.colcon_core.package_identification:_identify(archives/f1tenth_system/f1tenth_stack) by extensions ['cmake', 'python']
[0.461s] Level 1:colcon.colcon_core.package_identification:_identify(archives/f1tenth_system/f1tenth_stack) by extension 'cmake'
[0.461s] Level 1:colcon.colcon_core.package_identification:_identify(archives/f1tenth_system/f1tenth_stack) by extension 'python'
[0.461s] Level 1:colcon.colcon_core.package_identification:_identify(archives/f1tenth_system/f1tenth_stack) by extensions ['python_setup_py']
[0.461s] Level 1:colcon.colcon_core.package_identification:_identify(archives/f1tenth_system/f1tenth_stack) by extension 'python_setup_py'
[0.461s] Level 1:colcon.colcon_core.package_identification:_identify(archives/f1tenth_system/f1tenth_stack/config) by extensions ['ignore', 'ignore_ament_install']
[0.461s] Level 1:colcon.colcon_core.package_identification:_identify(archives/f1tenth_system/f1tenth_stack/config) by extension 'ignore'
[0.462s] Level 1:colcon.colcon_core.package_identification:_identify(archives/f1tenth_system/f1tenth_stack/config) by extension 'ignore_ament_install'
[0.462s] Level 1:colcon.colcon_core.package_identification:_identify(archives/f1tenth_system/f1tenth_stack/config) by extensions ['colcon_pkg']
[0.462s] Level 1:colcon.colcon_core.package_identification:_identify(archives/f1tenth_system/f1tenth_stack/config) by extension 'colcon_pkg'
[0.462s] Level 1:colcon.colcon_core.package_identification:_identify(archives/f1tenth_system/f1tenth_stack/config) by extensions ['colcon_meta']
[0.462s] Level 1:colcon.colcon_core.package_identification:_identify(archives/f1tenth_system/f1tenth_stack/config) by extension 'colcon_meta'
[0.462s] Level 1:colcon.colcon_core.package_identification:_identify(archives/f1tenth_system/f1tenth_stack/config) by extensions ['ros']
[0.462s] Level 1:colcon.colcon_core.package_identification:_identify(archives/f1tenth_system/f1tenth_stack/config) by extension 'ros'
[0.462s] Level 1:colcon.colcon_core.package_identification:_identify(archives/f1tenth_system/f1tenth_stack/config) by extensions ['cmake', 'python']
[0.462s] Level 1:colcon.colcon_core.package_identification:_identify(archives/f1tenth_system/f1tenth_stack/config) by extension 'cmake'
[0.462s] Level 1:colcon.colcon_core.package_identification:_identify(archives/f1tenth_system/f1tenth_stack/config) by extension 'python'
[0.462s] Level 1:colcon.colcon_core.package_identification:_identify(archives/f1tenth_system/f1tenth_stack/config) by extensions ['python_setup_py']
[0.462s] Level 1:colcon.colcon_core.package_identification:_identify(archives/f1tenth_system/f1tenth_stack/config) by extension 'python_setup_py'
[0.462s] Level 1:colcon.colcon_core.package_identification:_identify(archives/f1tenth_system/f1tenth_stack/f1tenth_stack) by extensions ['ignore', 'ignore_ament_install']
[0.462s] Level 1:colcon.colcon_core.package_identification:_identify(archives/f1tenth_system/f1tenth_stack/f1tenth_stack) by extension 'ignore'
[0.462s] Level 1:colcon.colcon_core.package_identification:_identify(archives/f1tenth_system/f1tenth_stack/f1tenth_stack) by extension 'ignore_ament_install'
[0.462s] Level 1:colcon.colcon_core.package_identification:_identify(archives/f1tenth_system/f1tenth_stack/f1tenth_stack) by extensions ['colcon_pkg']
[0.462s] Level 1:colcon.colcon_core.package_identification:_identify(archives/f1tenth_system/f1tenth_stack/f1tenth_stack) by extension 'colcon_pkg'
[0.462s] Level 1:colcon.colcon_core.package_identification:_identify(archives/f1tenth_system/f1tenth_stack/f1tenth_stack) by extensions ['colcon_meta']
[0.462s] Level 1:colcon.colcon_core.package_identification:_identify(archives/f1tenth_system/f1tenth_stack/f1tenth_stack) by extension 'colcon_meta'
[0.463s] Level 1:colcon.colcon_core.package_identification:_identify(archives/f1tenth_system/f1tenth_stack/f1tenth_stack) by extensions ['ros']
[0.463s] Level 1:colcon.colcon_core.package_identification:_identify(archives/f1tenth_system/f1tenth_stack/f1tenth_stack) by extension 'ros'
[0.463s] Level 1:colcon.colcon_core.package_identification:_identify(archives/f1tenth_system/f1tenth_stack/f1tenth_stack) by extensions ['cmake', 'python']
[0.463s] Level 1:colcon.colcon_core.package_identification:_identify(archives/f1tenth_system/f1tenth_stack/f1tenth_stack) by extension 'cmake'
[0.463s] Level 1:colcon.colcon_core.package_identification:_identify(archives/f1tenth_system/f1tenth_stack/f1tenth_stack) by extension 'python'
[0.463s] Level 1:colcon.colcon_core.package_identification:_identify(archives/f1tenth_system/f1tenth_stack/f1tenth_stack) by extensions ['python_setup_py']
[0.463s] Level 1:colcon.colcon_core.package_identification:_identify(archives/f1tenth_system/f1tenth_stack/f1tenth_stack) by extension 'python_setup_py'
[0.463s] Level 1:colcon.colcon_core.package_identification:_identify(archives/f1tenth_system/f1tenth_stack/launch) by extensions ['ignore', 'ignore_ament_install']
[0.463s] Level 1:colcon.colcon_core.package_identification:_identify(archives/f1tenth_system/f1tenth_stack/launch) by extension 'ignore'
[0.463s] Level 1:colcon.colcon_core.package_identification:_identify(archives/f1tenth_system/f1tenth_stack/launch) by extension 'ignore_ament_install'
[0.463s] Level 1:colcon.colcon_core.package_identification:_identify(archives/f1tenth_system/f1tenth_stack/launch) by extensions ['colcon_pkg']
[0.463s] Level 1:colcon.colcon_core.package_identification:_identify(archives/f1tenth_system/f1tenth_stack/launch) by extension 'colcon_pkg'
[0.463s] Level 1:colcon.colcon_core.package_identification:_identify(archives/f1tenth_system/f1tenth_stack/launch) by extensions ['colcon_meta']
[0.463s] Level 1:colcon.colcon_core.package_identification:_identify(archives/f1tenth_system/f1tenth_stack/launch) by extension 'colcon_meta'
[0.463s] Level 1:colcon.colcon_core.package_identification:_identify(archives/f1tenth_system/f1tenth_stack/launch) by extensions ['ros']
[0.463s] Level 1:colcon.colcon_core.package_identification:_identify(archives/f1tenth_system/f1tenth_stack/launch) by extension 'ros'
[0.463s] Level 1:colcon.colcon_core.package_identification:_identify(archives/f1tenth_system/f1tenth_stack/launch) by extensions ['cmake', 'python']
[0.463s] Level 1:colcon.colcon_core.package_identification:_identify(archives/f1tenth_system/f1tenth_stack/launch) by extension 'cmake'
[0.463s] Level 1:colcon.colcon_core.package_identification:_identify(archives/f1tenth_system/f1tenth_stack/launch) by extension 'python'
[0.463s] Level 1:colcon.colcon_core.package_identification:_identify(archives/f1tenth_system/f1tenth_stack/launch) by extensions ['python_setup_py']
[0.463s] Level 1:colcon.colcon_core.package_identification:_identify(archives/f1tenth_system/f1tenth_stack/launch) by extension 'python_setup_py'
[0.464s] Level 1:colcon.colcon_core.package_identification:_identify(archives/f1tenth_system/f1tenth_stack/resource) by extensions ['ignore', 'ignore_ament_install']
[0.464s] Level 1:colcon.colcon_core.package_identification:_identify(archives/f1tenth_system/f1tenth_stack/resource) by extension 'ignore'
[0.464s] Level 1:colcon.colcon_core.package_identification:_identify(archives/f1tenth_system/f1tenth_stack/resource) by extension 'ignore_ament_install'
[0.464s] Level 1:colcon.colcon_core.package_identification:_identify(archives/f1tenth_system/f1tenth_stack/resource) by extensions ['colcon_pkg']
[0.464s] Level 1:colcon.colcon_core.package_identification:_identify(archives/f1tenth_system/f1tenth_stack/resource) by extension 'colcon_pkg'
[0.464s] Level 1:colcon.colcon_core.package_identification:_identify(archives/f1tenth_system/f1tenth_stack/resource) by extensions ['colcon_meta']
[0.464s] Level 1:colcon.colcon_core.package_identification:_identify(archives/f1tenth_system/f1tenth_stack/resource) by extension 'colcon_meta'
[0.464s] Level 1:colcon.colcon_core.package_identification:_identify(archives/f1tenth_system/f1tenth_stack/resource) by extensions ['ros']
[0.464s] Level 1:colcon.colcon_core.package_identification:_identify(archives/f1tenth_system/f1tenth_stack/resource) by extension 'ros'
[0.464s] Level 1:colcon.colcon_core.package_identification:_identify(archives/f1tenth_system/f1tenth_stack/resource) by extensions ['cmake', 'python']
[0.464s] Level 1:colcon.colcon_core.package_identification:_identify(archives/f1tenth_system/f1tenth_stack/resource) by extension 'cmake'
[0.464s] Level 1:colcon.colcon_core.package_identification:_identify(archives/f1tenth_system/f1tenth_stack/resource) by extension 'python'
[0.467s] Level 1:colcon.colcon_core.package_identification:_identify(archives/f1tenth_system/f1tenth_stack/resource) by extensions ['python_setup_py']
[0.467s] Level 1:colcon.colcon_core.package_identification:_identify(archives/f1tenth_system/f1tenth_stack/resource) by extension 'python_setup_py'
[0.467s] Level 1:colcon.colcon_core.package_identification:_identify(archives/f1tenth_system/f1tenth_stack/test) by extensions ['ignore', 'ignore_ament_install']
[0.467s] Level 1:colcon.colcon_core.package_identification:_identify(archives/f1tenth_system/f1tenth_stack/test) by extension 'ignore'
[0.468s] Level 1:colcon.colcon_core.package_identification:_identify(archives/f1tenth_system/f1tenth_stack/test) by extension 'ignore_ament_install'
[0.468s] Level 1:colcon.colcon_core.package_identification:_identify(archives/f1tenth_system/f1tenth_stack/test) by extensions ['colcon_pkg']
[0.468s] Level 1:colcon.colcon_core.package_identification:_identify(archives/f1tenth_system/f1tenth_stack/test) by extension 'colcon_pkg'
[0.468s] Level 1:colcon.colcon_core.package_identification:_identify(archives/f1tenth_system/f1tenth_stack/test) by extensions ['colcon_meta']
[0.468s] Level 1:colcon.colcon_core.package_identification:_identify(archives/f1tenth_system/f1tenth_stack/test) by extension 'colcon_meta'
[0.468s] Level 1:colcon.colcon_core.package_identification:_identify(archives/f1tenth_system/f1tenth_stack/test) by extensions ['ros']
[0.468s] Level 1:colcon.colcon_core.package_identification:_identify(archives/f1tenth_system/f1tenth_stack/test) by extension 'ros'
[0.468s] Level 1:colcon.colcon_core.package_identification:_identify(archives/f1tenth_system/f1tenth_stack/test) by extensions ['cmake', 'python']
[0.468s] Level 1:colcon.colcon_core.package_identification:_identify(archives/f1tenth_system/f1tenth_stack/test) by extension 'cmake'
[0.468s] Level 1:colcon.colcon_core.package_identification:_identify(archives/f1tenth_system/f1tenth_stack/test) by extension 'python'
[0.468s] Level 1:colcon.colcon_core.package_identification:_identify(archives/f1tenth_system/f1tenth_stack/test) by extensions ['python_setup_py']
[0.468s] Level 1:colcon.colcon_core.package_identification:_identify(archives/f1tenth_system/f1tenth_stack/test) by extension 'python_setup_py'
[0.468s] Level 1:colcon.colcon_core.package_identification:_identify(archives/f1tenth_system/scripts) by extensions ['ignore', 'ignore_ament_install']
[0.468s] Level 1:colcon.colcon_core.package_identification:_identify(archives/f1tenth_system/scripts) by extension 'ignore'
[0.468s] Level 1:colcon.colcon_core.package_identification:_identify(archives/f1tenth_system/scripts) by extension 'ignore_ament_install'
[0.468s] Level 1:colcon.colcon_core.package_identification:_identify(archives/f1tenth_system/scripts) by extensions ['colcon_pkg']
[0.468s] Level 1:colcon.colcon_core.package_identification:_identify(archives/f1tenth_system/scripts) by extension 'colcon_pkg'
[0.468s] Level 1:colcon.colcon_core.package_identification:_identify(archives/f1tenth_system/scripts) by extensions ['colcon_meta']
[0.468s] Level 1:colcon.colcon_core.package_identification:_identify(archives/f1tenth_system/scripts) by extension 'colcon_meta'
[0.468s] Level 1:colcon.colcon_core.package_identification:_identify(archives/f1tenth_system/scripts) by extensions ['ros']
[0.468s] Level 1:colcon.colcon_core.package_identification:_identify(archives/f1tenth_system/scripts) by extension 'ros'
[0.469s] Level 1:colcon.colcon_core.package_identification:_identify(archives/f1tenth_system/scripts) by extensions ['cmake', 'python']
[0.469s] Level 1:colcon.colcon_core.package_identification:_identify(archives/f1tenth_system/scripts) by extension 'cmake'
[0.469s] Level 1:colcon.colcon_core.package_identification:_identify(archives/f1tenth_system/scripts) by extension 'python'
[0.469s] Level 1:colcon.colcon_core.package_identification:_identify(archives/f1tenth_system/scripts) by extensions ['python_setup_py']
[0.469s] Level 1:colcon.colcon_core.package_identification:_identify(archives/f1tenth_system/scripts) by extension 'python_setup_py'
[0.469s] Level 1:colcon.colcon_core.package_identification:_identify(archives/f1tenth_system/teleop_tools) by extensions ['ignore', 'ignore_ament_install']
[0.469s] Level 1:colcon.colcon_core.package_identification:_identify(archives/f1tenth_system/teleop_tools) by extension 'ignore'
[0.469s] Level 1:colcon.colcon_core.package_identification:_identify(archives/f1tenth_system/teleop_tools) by extension 'ignore_ament_install'
[0.469s] Level 1:colcon.colcon_core.package_identification:_identify(archives/f1tenth_system/teleop_tools) by extensions ['colcon_pkg']
[0.469s] Level 1:colcon.colcon_core.package_identification:_identify(archives/f1tenth_system/teleop_tools) by extension 'colcon_pkg'
[0.469s] Level 1:colcon.colcon_core.package_identification:_identify(archives/f1tenth_system/teleop_tools) by extensions ['colcon_meta']
[0.469s] Level 1:colcon.colcon_core.package_identification:_identify(archives/f1tenth_system/teleop_tools) by extension 'colcon_meta'
[0.469s] Level 1:colcon.colcon_core.package_identification:_identify(archives/f1tenth_system/teleop_tools) by extensions ['ros']
[0.469s] Level 1:colcon.colcon_core.package_identification:_identify(archives/f1tenth_system/teleop_tools) by extension 'ros'
[0.469s] Level 1:colcon.colcon_core.package_identification:_identify(archives/f1tenth_system/teleop_tools) by extensions ['cmake', 'python']
[0.469s] Level 1:colcon.colcon_core.package_identification:_identify(archives/f1tenth_system/teleop_tools) by extension 'cmake'
[0.469s] Level 1:colcon.colcon_core.package_identification:_identify(archives/f1tenth_system/teleop_tools) by extension 'python'
[0.469s] Level 1:colcon.colcon_core.package_identification:_identify(archives/f1tenth_system/teleop_tools) by extensions ['python_setup_py']
[0.469s] Level 1:colcon.colcon_core.package_identification:_identify(archives/f1tenth_system/teleop_tools) by extension 'python_setup_py'
[0.470s] Level 1:colcon.colcon_core.package_identification:_identify(archives/f1tenth_system/teleop_tools/joy_teleop) by extensions ['ignore', 'ignore_ament_install']
[0.470s] Level 1:colcon.colcon_core.package_identification:_identify(archives/f1tenth_system/teleop_tools/joy_teleop) by extension 'ignore'
[0.470s] Level 1:colcon.colcon_core.package_identification:_identify(archives/f1tenth_system/teleop_tools/joy_teleop) by extension 'ignore_ament_install'
[0.470s] Level 1:colcon.colcon_core.package_identification:_identify(archives/f1tenth_system/teleop_tools/joy_teleop) by extensions ['colcon_pkg']
[0.470s] Level 1:colcon.colcon_core.package_identification:_identify(archives/f1tenth_system/teleop_tools/joy_teleop) by extension 'colcon_pkg'
[0.470s] Level 1:colcon.colcon_core.package_identification:_identify(archives/f1tenth_system/teleop_tools/joy_teleop) by extensions ['colcon_meta']
[0.470s] Level 1:colcon.colcon_core.package_identification:_identify(archives/f1tenth_system/teleop_tools/joy_teleop) by extension 'colcon_meta'
[0.470s] Level 1:colcon.colcon_core.package_identification:_identify(archives/f1tenth_system/teleop_tools/joy_teleop) by extensions ['ros']
[0.470s] Level 1:colcon.colcon_core.package_identification:_identify(archives/f1tenth_system/teleop_tools/joy_teleop) by extension 'ros'
[0.470s] Level 1:colcon.colcon_core.package_identification:_identify(archives/f1tenth_system/teleop_tools/joy_teleop) by extensions ['cmake', 'python']
[0.470s] Level 1:colcon.colcon_core.package_identification:_identify(archives/f1tenth_system/teleop_tools/joy_teleop) by extension 'cmake'
[0.470s] Level 1:colcon.colcon_core.package_identification:_identify(archives/f1tenth_system/teleop_tools/joy_teleop) by extension 'python'
[0.470s] Level 1:colcon.colcon_core.package_identification:_identify(archives/f1tenth_system/teleop_tools/joy_teleop) by extensions ['python_setup_py']
[0.470s] Level 1:colcon.colcon_core.package_identification:_identify(archives/f1tenth_system/teleop_tools/joy_teleop) by extension 'python_setup_py'
[0.470s] Level 1:colcon.colcon_core.package_identification:_identify(archives/f1tenth_system/teleop_tools/joy_teleop/config) by extensions ['ignore', 'ignore_ament_install']
[0.470s] Level 1:colcon.colcon_core.package_identification:_identify(archives/f1tenth_system/teleop_tools/joy_teleop/config) by extension 'ignore'
[0.470s] Level 1:colcon.colcon_core.package_identification:_identify(archives/f1tenth_system/teleop_tools/joy_teleop/config) by extension 'ignore_ament_install'
[0.470s] Level 1:colcon.colcon_core.package_identification:_identify(archives/f1tenth_system/teleop_tools/joy_teleop/config) by extensions ['colcon_pkg']
[0.470s] Level 1:colcon.colcon_core.package_identification:_identify(archives/f1tenth_system/teleop_tools/joy_teleop/config) by extension 'colcon_pkg'
[0.471s] Level 1:colcon.colcon_core.package_identification:_identify(archives/f1tenth_system/teleop_tools/joy_teleop/config) by extensions ['colcon_meta']
[0.471s] Level 1:colcon.colcon_core.package_identification:_identify(archives/f1tenth_system/teleop_tools/joy_teleop/config) by extension 'colcon_meta'
[0.471s] Level 1:colcon.colcon_core.package_identification:_identify(archives/f1tenth_system/teleop_tools/joy_teleop/config) by extensions ['ros']
[0.471s] Level 1:colcon.colcon_core.package_identification:_identify(archives/f1tenth_system/teleop_tools/joy_teleop/config) by extension 'ros'
[0.471s] Level 1:colcon.colcon_core.package_identification:_identify(archives/f1tenth_system/teleop_tools/joy_teleop/config) by extensions ['cmake', 'python']
[0.471s] Level 1:colcon.colcon_core.package_identification:_identify(archives/f1tenth_system/teleop_tools/joy_teleop/config) by extension 'cmake'
[0.471s] Level 1:colcon.colcon_core.package_identification:_identify(archives/f1tenth_system/teleop_tools/joy_teleop/config) by extension 'python'
[0.471s] Level 1:colcon.colcon_core.package_identification:_identify(archives/f1tenth_system/teleop_tools/joy_teleop/config) by extensions ['python_setup_py']
[0.471s] Level 1:colcon.colcon_core.package_identification:_identify(archives/f1tenth_system/teleop_tools/joy_teleop/config) by extension 'python_setup_py'
[0.471s] Level 1:colcon.colcon_core.package_identification:_identify(archives/f1tenth_system/teleop_tools/joy_teleop/joy_teleop) by extensions ['ignore', 'ignore_ament_install']
[0.471s] Level 1:colcon.colcon_core.package_identification:_identify(archives/f1tenth_system/teleop_tools/joy_teleop/joy_teleop) by extension 'ignore'
[0.471s] Level 1:colcon.colcon_core.package_identification:_identify(archives/f1tenth_system/teleop_tools/joy_teleop/joy_teleop) by extension 'ignore_ament_install'
[0.471s] Level 1:colcon.colcon_core.package_identification:_identify(archives/f1tenth_system/teleop_tools/joy_teleop/joy_teleop) by extensions ['colcon_pkg']
[0.471s] Level 1:colcon.colcon_core.package_identification:_identify(archives/f1tenth_system/teleop_tools/joy_teleop/joy_teleop) by extension 'colcon_pkg'
[0.471s] Level 1:colcon.colcon_core.package_identification:_identify(archives/f1tenth_system/teleop_tools/joy_teleop/joy_teleop) by extensions ['colcon_meta']
[0.471s] Level 1:colcon.colcon_core.package_identification:_identify(archives/f1tenth_system/teleop_tools/joy_teleop/joy_teleop) by extension 'colcon_meta'
[0.471s] Level 1:colcon.colcon_core.package_identification:_identify(archives/f1tenth_system/teleop_tools/joy_teleop/joy_teleop) by extensions ['ros']
[0.471s] Level 1:colcon.colcon_core.package_identification:_identify(archives/f1tenth_system/teleop_tools/joy_teleop/joy_teleop) by extension 'ros'
[0.471s] Level 1:colcon.colcon_core.package_identification:_identify(archives/f1tenth_system/teleop_tools/joy_teleop/joy_teleop) by extensions ['cmake', 'python']
[0.471s] Level 1:colcon.colcon_core.package_identification:_identify(archives/f1tenth_system/teleop_tools/joy_teleop/joy_teleop) by extension 'cmake'
[0.471s] Level 1:colcon.colcon_core.package_identification:_identify(archives/f1tenth_system/teleop_tools/joy_teleop/joy_teleop) by extension 'python'
[0.471s] Level 1:colcon.colcon_core.package_identification:_identify(archives/f1tenth_system/teleop_tools/joy_teleop/joy_teleop) by extensions ['python_setup_py']
[0.471s] Level 1:colcon.colcon_core.package_identification:_identify(archives/f1tenth_system/teleop_tools/joy_teleop/joy_teleop) by extension 'python_setup_py'
[0.472s] Level 1:colcon.colcon_core.package_identification:_identify(archives/f1tenth_system/teleop_tools/joy_teleop/launch) by extensions ['ignore', 'ignore_ament_install']
[0.472s] Level 1:colcon.colcon_core.package_identification:_identify(archives/f1tenth_system/teleop_tools/joy_teleop/launch) by extension 'ignore'
[0.472s] Level 1:colcon.colcon_core.package_identification:_identify(archives/f1tenth_system/teleop_tools/joy_teleop/launch) by extension 'ignore_ament_install'
[0.472s] Level 1:colcon.colcon_core.package_identification:_identify(archives/f1tenth_system/teleop_tools/joy_teleop/launch) by extensions ['colcon_pkg']
[0.472s] Level 1:colcon.colcon_core.package_identification:_identify(archives/f1tenth_system/teleop_tools/joy_teleop/launch) by extension 'colcon_pkg'
[0.472s] Level 1:colcon.colcon_core.package_identification:_identify(archives/f1tenth_system/teleop_tools/joy_teleop/launch) by extensions ['colcon_meta']
[0.472s] Level 1:colcon.colcon_core.package_identification:_identify(archives/f1tenth_system/teleop_tools/joy_teleop/launch) by extension 'colcon_meta'
[0.472s] Level 1:colcon.colcon_core.package_identification:_identify(archives/f1tenth_system/teleop_tools/joy_teleop/launch) by extensions ['ros']
[0.472s] Level 1:colcon.colcon_core.package_identification:_identify(archives/f1tenth_system/teleop_tools/joy_teleop/launch) by extension 'ros'
[0.472s] Level 1:colcon.colcon_core.package_identification:_identify(archives/f1tenth_system/teleop_tools/joy_teleop/launch) by extensions ['cmake', 'python']
[0.472s] Level 1:colcon.colcon_core.package_identification:_identify(archives/f1tenth_system/teleop_tools/joy_teleop/launch) by extension 'cmake'
[0.472s] Level 1:colcon.colcon_core.package_identification:_identify(archives/f1tenth_system/teleop_tools/joy_teleop/launch) by extension 'python'
[0.472s] Level 1:colcon.colcon_core.package_identification:_identify(archives/f1tenth_system/teleop_tools/joy_teleop/launch) by extensions ['python_setup_py']
[0.472s] Level 1:colcon.colcon_core.package_identification:_identify(archives/f1tenth_system/teleop_tools/joy_teleop/launch) by extension 'python_setup_py'
[0.472s] Level 1:colcon.colcon_core.package_identification:_identify(archives/f1tenth_system/teleop_tools/joy_teleop/resource) by extensions ['ignore', 'ignore_ament_install']
[0.472s] Level 1:colcon.colcon_core.package_identification:_identify(archives/f1tenth_system/teleop_tools/joy_teleop/resource) by extension 'ignore'
[0.472s] Level 1:colcon.colcon_core.package_identification:_identify(archives/f1tenth_system/teleop_tools/joy_teleop/resource) by extension 'ignore_ament_install'
[0.473s] Level 1:colcon.colcon_core.package_identification:_identify(archives/f1tenth_system/teleop_tools/joy_teleop/resource) by extensions ['colcon_pkg']
[0.473s] Level 1:colcon.colcon_core.package_identification:_identify(archives/f1tenth_system/teleop_tools/joy_teleop/resource) by extension 'colcon_pkg'
[0.473s] Level 1:colcon.colcon_core.package_identification:_identify(archives/f1tenth_system/teleop_tools/joy_teleop/resource) by extensions ['colcon_meta']
[0.473s] Level 1:colcon.colcon_core.package_identification:_identify(archives/f1tenth_system/teleop_tools/joy_teleop/resource) by extension 'colcon_meta'
[0.473s] Level 1:colcon.colcon_core.package_identification:_identify(archives/f1tenth_system/teleop_tools/joy_teleop/resource) by extensions ['ros']
[0.473s] Level 1:colcon.colcon_core.package_identification:_identify(archives/f1tenth_system/teleop_tools/joy_teleop/resource) by extension 'ros'
[0.473s] Level 1:colcon.colcon_core.package_identification:_identify(archives/f1tenth_system/teleop_tools/joy_teleop/resource) by extensions ['cmake', 'python']
[0.473s] Level 1:colcon.colcon_core.package_identification:_identify(archives/f1tenth_system/teleop_tools/joy_teleop/resource) by extension 'cmake'
[0.473s] Level 1:colcon.colcon_core.package_identification:_identify(archives/f1tenth_system/teleop_tools/joy_teleop/resource) by extension 'python'
[0.473s] Level 1:colcon.colcon_core.package_identification:_identify(archives/f1tenth_system/teleop_tools/joy_teleop/resource) by extensions ['python_setup_py']
[0.473s] Level 1:colcon.colcon_core.package_identification:_identify(archives/f1tenth_system/teleop_tools/joy_teleop/resource) by extension 'python_setup_py'
[0.473s] Level 1:colcon.colcon_core.package_identification:_identify(archives/f1tenth_system/teleop_tools/joy_teleop/test) by extensions ['ignore', 'ignore_ament_install']
[0.473s] Level 1:colcon.colcon_core.package_identification:_identify(archives/f1tenth_system/teleop_tools/joy_teleop/test) by extension 'ignore'
[0.473s] Level 1:colcon.colcon_core.package_identification:_identify(archives/f1tenth_system/teleop_tools/joy_teleop/test) by extension 'ignore_ament_install'
[0.473s] Level 1:colcon.colcon_core.package_identification:_identify(archives/f1tenth_system/teleop_tools/joy_teleop/test) by extensions ['colcon_pkg']
[0.473s] Level 1:colcon.colcon_core.package_identification:_identify(archives/f1tenth_system/teleop_tools/joy_teleop/test) by extension 'colcon_pkg'
[0.473s] Level 1:colcon.colcon_core.package_identification:_identify(archives/f1tenth_system/teleop_tools/joy_teleop/test) by extensions ['colcon_meta']
[0.473s] Level 1:colcon.colcon_core.package_identification:_identify(archives/f1tenth_system/teleop_tools/joy_teleop/test) by extension 'colcon_meta'
[0.473s] Level 1:colcon.colcon_core.package_identification:_identify(archives/f1tenth_system/teleop_tools/joy_teleop/test) by extensions ['ros']
[0.473s] Level 1:colcon.colcon_core.package_identification:_identify(archives/f1tenth_system/teleop_tools/joy_teleop/test) by extension 'ros'
[0.474s] Level 1:colcon.colcon_core.package_identification:_identify(archives/f1tenth_system/teleop_tools/joy_teleop/test) by extensions ['cmake', 'python']
[0.474s] Level 1:colcon.colcon_core.package_identification:_identify(archives/f1tenth_system/teleop_tools/joy_teleop/test) by extension 'cmake'
[0.474s] Level 1:colcon.colcon_core.package_identification:_identify(archives/f1tenth_system/teleop_tools/joy_teleop/test) by extension 'python'
[0.474s] Level 1:colcon.colcon_core.package_identification:_identify(archives/f1tenth_system/teleop_tools/joy_teleop/test) by extensions ['python_setup_py']
[0.474s] Level 1:colcon.colcon_core.package_identification:_identify(archives/f1tenth_system/teleop_tools/joy_teleop/test) by extension 'python_setup_py'
[0.474s] Level 1:colcon.colcon_core.package_identification:_identify(archives/f1tenth_system/teleop_tools/key_teleop) by extensions ['ignore', 'ignore_ament_install']
[0.474s] Level 1:colcon.colcon_core.package_identification:_identify(archives/f1tenth_system/teleop_tools/key_teleop) by extension 'ignore'
[0.474s] Level 1:colcon.colcon_core.package_identification:_identify(archives/f1tenth_system/teleop_tools/key_teleop) by extension 'ignore_ament_install'
[0.474s] Level 1:colcon.colcon_core.package_identification:_identify(archives/f1tenth_system/teleop_tools/key_teleop) by extensions ['colcon_pkg']
[0.474s] Level 1:colcon.colcon_core.package_identification:_identify(archives/f1tenth_system/teleop_tools/key_teleop) by extension 'colcon_pkg'
[0.474s] Level 1:colcon.colcon_core.package_identification:_identify(archives/f1tenth_system/teleop_tools/key_teleop) by extensions ['colcon_meta']
[0.474s] Level 1:colcon.colcon_core.package_identification:_identify(archives/f1tenth_system/teleop_tools/key_teleop) by extension 'colcon_meta'
[0.474s] Level 1:colcon.colcon_core.package_identification:_identify(archives/f1tenth_system/teleop_tools/key_teleop) by extensions ['ros']
[0.474s] Level 1:colcon.colcon_core.package_identification:_identify(archives/f1tenth_system/teleop_tools/key_teleop) by extension 'ros'
[0.474s] Level 1:colcon.colcon_core.package_identification:_identify(archives/f1tenth_system/teleop_tools/key_teleop) by extensions ['cmake', 'python']
[0.474s] Level 1:colcon.colcon_core.package_identification:_identify(archives/f1tenth_system/teleop_tools/key_teleop) by extension 'cmake'
[0.474s] Level 1:colcon.colcon_core.package_identification:_identify(archives/f1tenth_system/teleop_tools/key_teleop) by extension 'python'
[0.474s] Level 1:colcon.colcon_core.package_identification:_identify(archives/f1tenth_system/teleop_tools/key_teleop) by extensions ['python_setup_py']
[0.474s] Level 1:colcon.colcon_core.package_identification:_identify(archives/f1tenth_system/teleop_tools/key_teleop) by extension 'python_setup_py'
[0.474s] Level 1:colcon.colcon_core.package_identification:_identify(archives/f1tenth_system/teleop_tools/key_teleop/config) by extensions ['ignore', 'ignore_ament_install']
[0.475s] Level 1:colcon.colcon_core.package_identification:_identify(archives/f1tenth_system/teleop_tools/key_teleop/config) by extension 'ignore'
[0.475s] Level 1:colcon.colcon_core.package_identification:_identify(archives/f1tenth_system/teleop_tools/key_teleop/config) by extension 'ignore_ament_install'
[0.475s] Level 1:colcon.colcon_core.package_identification:_identify(archives/f1tenth_system/teleop_tools/key_teleop/config) by extensions ['colcon_pkg']
[0.475s] Level 1:colcon.colcon_core.package_identification:_identify(archives/f1tenth_system/teleop_tools/key_teleop/config) by extension 'colcon_pkg'
[0.475s] Level 1:colcon.colcon_core.package_identification:_identify(archives/f1tenth_system/teleop_tools/key_teleop/config) by extensions ['colcon_meta']
[0.475s] Level 1:colcon.colcon_core.package_identification:_identify(archives/f1tenth_system/teleop_tools/key_teleop/config) by extension 'colcon_meta'
[0.475s] Level 1:colcon.colcon_core.package_identification:_identify(archives/f1tenth_system/teleop_tools/key_teleop/config) by extensions ['ros']
[0.475s] Level 1:colcon.colcon_core.package_identification:_identify(archives/f1tenth_system/teleop_tools/key_teleop/config) by extension 'ros'
[0.475s] Level 1:colcon.colcon_core.package_identification:_identify(archives/f1tenth_system/teleop_tools/key_teleop/config) by extensions ['cmake', 'python']
[0.475s] Level 1:colcon.colcon_core.package_identification:_identify(archives/f1tenth_system/teleop_tools/key_teleop/config) by extension 'cmake'
[0.475s] Level 1:colcon.colcon_core.package_identification:_identify(archives/f1tenth_system/teleop_tools/key_teleop/config) by extension 'python'
[0.475s] Level 1:colcon.colcon_core.package_identification:_identify(archives/f1tenth_system/teleop_tools/key_teleop/config) by extensions ['python_setup_py']
[0.475s] Level 1:colcon.colcon_core.package_identification:_identify(archives/f1tenth_system/teleop_tools/key_teleop/config) by extension 'python_setup_py'
[0.475s] Level 1:colcon.colcon_core.package_identification:_identify(archives/f1tenth_system/teleop_tools/key_teleop/key_teleop) by extensions ['ignore', 'ignore_ament_install']
[0.475s] Level 1:colcon.colcon_core.package_identification:_identify(archives/f1tenth_system/teleop_tools/key_teleop/key_teleop) by extension 'ignore'
[0.475s] Level 1:colcon.colcon_core.package_identification:_identify(archives/f1tenth_system/teleop_tools/key_teleop/key_teleop) by extension 'ignore_ament_install'
[0.475s] Level 1:colcon.colcon_core.package_identification:_identify(archives/f1tenth_system/teleop_tools/key_teleop/key_teleop) by extensions ['colcon_pkg']
[0.475s] Level 1:colcon.colcon_core.package_identification:_identify(archives/f1tenth_system/teleop_tools/key_teleop/key_teleop) by extension 'colcon_pkg'
[0.475s] Level 1:colcon.colcon_core.package_identification:_identify(archives/f1tenth_system/teleop_tools/key_teleop/key_teleop) by extensions ['colcon_meta']
[0.475s] Level 1:colcon.colcon_core.package_identification:_identify(archives/f1tenth_system/teleop_tools/key_teleop/key_teleop) by extension 'colcon_meta'
[0.475s] Level 1:colcon.colcon_core.package_identification:_identify(archives/f1tenth_system/teleop_tools/key_teleop/key_teleop) by extensions ['ros']
[0.476s] Level 1:colcon.colcon_core.package_identification:_identify(archives/f1tenth_system/teleop_tools/key_teleop/key_teleop) by extension 'ros'
[0.476s] Level 1:colcon.colcon_core.package_identification:_identify(archives/f1tenth_system/teleop_tools/key_teleop/key_teleop) by extensions ['cmake', 'python']
[0.476s] Level 1:colcon.colcon_core.package_identification:_identify(archives/f1tenth_system/teleop_tools/key_teleop/key_teleop) by extension 'cmake'
[0.476s] Level 1:colcon.colcon_core.package_identification:_identify(archives/f1tenth_system/teleop_tools/key_teleop/key_teleop) by extension 'python'
[0.476s] Level 1:colcon.colcon_core.package_identification:_identify(archives/f1tenth_system/teleop_tools/key_teleop/key_teleop) by extensions ['python_setup_py']
[0.476s] Level 1:colcon.colcon_core.package_identification:_identify(archives/f1tenth_system/teleop_tools/key_teleop/key_teleop) by extension 'python_setup_py'
[0.476s] Level 1:colcon.colcon_core.package_identification:_identify(archives/f1tenth_system/teleop_tools/key_teleop/resource) by extensions ['ignore', 'ignore_ament_install']
[0.476s] Level 1:colcon.colcon_core.package_identification:_identify(archives/f1tenth_system/teleop_tools/key_teleop/resource) by extension 'ignore'
[0.476s] Level 1:colcon.colcon_core.package_identification:_identify(archives/f1tenth_system/teleop_tools/key_teleop/resource) by extension 'ignore_ament_install'
[0.476s] Level 1:colcon.colcon_core.package_identification:_identify(archives/f1tenth_system/teleop_tools/key_teleop/resource) by extensions ['colcon_pkg']
[0.476s] Level 1:colcon.colcon_core.package_identification:_identify(archives/f1tenth_system/teleop_tools/key_teleop/resource) by extension 'colcon_pkg'
[0.476s] Level 1:colcon.colcon_core.package_identification:_identify(archives/f1tenth_system/teleop_tools/key_teleop/resource) by extensions ['colcon_meta']
[0.476s] Level 1:colcon.colcon_core.package_identification:_identify(archives/f1tenth_system/teleop_tools/key_teleop/resource) by extension 'colcon_meta'
[0.476s] Level 1:colcon.colcon_core.package_identification:_identify(archives/f1tenth_system/teleop_tools/key_teleop/resource) by extensions ['ros']
[0.476s] Level 1:colcon.colcon_core.package_identification:_identify(archives/f1tenth_system/teleop_tools/key_teleop/resource) by extension 'ros'
[0.476s] Level 1:colcon.colcon_core.package_identification:_identify(archives/f1tenth_system/teleop_tools/key_teleop/resource) by extensions ['cmake', 'python']
[0.476s] Level 1:colcon.colcon_core.package_identification:_identify(archives/f1tenth_system/teleop_tools/key_teleop/resource) by extension 'cmake'
[0.477s] Level 1:colcon.colcon_core.package_identification:_identify(archives/f1tenth_system/teleop_tools/key_teleop/resource) by extension 'python'
[0.477s] Level 1:colcon.colcon_core.package_identification:_identify(archives/f1tenth_system/teleop_tools/key_teleop/resource) by extensions ['python_setup_py']
[0.477s] Level 1:colcon.colcon_core.package_identification:_identify(archives/f1tenth_system/teleop_tools/key_teleop/resource) by extension 'python_setup_py'
[0.477s] Level 1:colcon.colcon_core.package_identification:_identify(archives/f1tenth_system/teleop_tools/key_teleop/test) by extensions ['ignore', 'ignore_ament_install']
[0.477s] Level 1:colcon.colcon_core.package_identification:_identify(archives/f1tenth_system/teleop_tools/key_teleop/test) by extension 'ignore'
[0.477s] Level 1:colcon.colcon_core.package_identification:_identify(archives/f1tenth_system/teleop_tools/key_teleop/test) by extension 'ignore_ament_install'
[0.477s] Level 1:colcon.colcon_core.package_identification:_identify(archives/f1tenth_system/teleop_tools/key_teleop/test) by extensions ['colcon_pkg']
[0.477s] Level 1:colcon.colcon_core.package_identification:_identify(archives/f1tenth_system/teleop_tools/key_teleop/test) by extension 'colcon_pkg'
[0.477s] Level 1:colcon.colcon_core.package_identification:_identify(archives/f1tenth_system/teleop_tools/key_teleop/test) by extensions ['colcon_meta']
[0.477s] Level 1:colcon.colcon_core.package_identification:_identify(archives/f1tenth_system/teleop_tools/key_teleop/test) by extension 'colcon_meta'
[0.477s] Level 1:colcon.colcon_core.package_identification:_identify(archives/f1tenth_system/teleop_tools/key_teleop/test) by extensions ['ros']
[0.477s] Level 1:colcon.colcon_core.package_identification:_identify(archives/f1tenth_system/teleop_tools/key_teleop/test) by extension 'ros'
[0.477s] Level 1:colcon.colcon_core.package_identification:_identify(archives/f1tenth_system/teleop_tools/key_teleop/test) by extensions ['cmake', 'python']
[0.477s] Level 1:colcon.colcon_core.package_identification:_identify(archives/f1tenth_system/teleop_tools/key_teleop/test) by extension 'cmake'
[0.477s] Level 1:colcon.colcon_core.package_identification:_identify(archives/f1tenth_system/teleop_tools/key_teleop/test) by extension 'python'
[0.477s] Level 1:colcon.colcon_core.package_identification:_identify(archives/f1tenth_system/teleop_tools/key_teleop/test) by extensions ['python_setup_py']
[0.477s] Level 1:colcon.colcon_core.package_identification:_identify(archives/f1tenth_system/teleop_tools/key_teleop/test) by extension 'python_setup_py'
[0.477s] Level 1:colcon.colcon_core.package_identification:_identify(archives/f1tenth_system/teleop_tools/mouse_teleop) by extensions ['ignore', 'ignore_ament_install']
[0.478s] Level 1:colcon.colcon_core.package_identification:_identify(archives/f1tenth_system/teleop_tools/mouse_teleop) by extension 'ignore'
[0.478s] Level 1:colcon.colcon_core.package_identification:_identify(archives/f1tenth_system/teleop_tools/mouse_teleop) by extension 'ignore_ament_install'
[0.478s] Level 1:colcon.colcon_core.package_identification:_identify(archives/f1tenth_system/teleop_tools/mouse_teleop) by extensions ['colcon_pkg']
[0.478s] Level 1:colcon.colcon_core.package_identification:_identify(archives/f1tenth_system/teleop_tools/mouse_teleop) by extension 'colcon_pkg'
[0.478s] Level 1:colcon.colcon_core.package_identification:_identify(archives/f1tenth_system/teleop_tools/mouse_teleop) by extensions ['colcon_meta']
[0.478s] Level 1:colcon.colcon_core.package_identification:_identify(archives/f1tenth_system/teleop_tools/mouse_teleop) by extension 'colcon_meta'
[0.478s] Level 1:colcon.colcon_core.package_identification:_identify(archives/f1tenth_system/teleop_tools/mouse_teleop) by extensions ['ros']
[0.478s] Level 1:colcon.colcon_core.package_identification:_identify(archives/f1tenth_system/teleop_tools/mouse_teleop) by extension 'ros'
[0.478s] Level 1:colcon.colcon_core.package_identification:_identify(archives/f1tenth_system/teleop_tools/mouse_teleop) by extensions ['cmake', 'python']
[0.478s] Level 1:colcon.colcon_core.package_identification:_identify(archives/f1tenth_system/teleop_tools/mouse_teleop) by extension 'cmake'
[0.478s] Level 1:colcon.colcon_core.package_identification:_identify(archives/f1tenth_system/teleop_tools/mouse_teleop) by extension 'python'
[0.478s] Level 1:colcon.colcon_core.package_identification:_identify(archives/f1tenth_system/teleop_tools/mouse_teleop) by extensions ['python_setup_py']
[0.478s] Level 1:colcon.colcon_core.package_identification:_identify(archives/f1tenth_system/teleop_tools/mouse_teleop) by extension 'python_setup_py'
[0.478s] Level 1:colcon.colcon_core.package_identification:_identify(archives/f1tenth_system/teleop_tools/mouse_teleop/config) by extensions ['ignore', 'ignore_ament_install']
[0.478s] Level 1:colcon.colcon_core.package_identification:_identify(archives/f1tenth_system/teleop_tools/mouse_teleop/config) by extension 'ignore'
[0.478s] Level 1:colcon.colcon_core.package_identification:_identify(archives/f1tenth_system/teleop_tools/mouse_teleop/config) by extension 'ignore_ament_install'
[0.478s] Level 1:colcon.colcon_core.package_identification:_identify(archives/f1tenth_system/teleop_tools/mouse_teleop/config) by extensions ['colcon_pkg']
[0.478s] Level 1:colcon.colcon_core.package_identification:_identify(archives/f1tenth_system/teleop_tools/mouse_teleop/config) by extension 'colcon_pkg'
[0.478s] Level 1:colcon.colcon_core.package_identification:_identify(archives/f1tenth_system/teleop_tools/mouse_teleop/config) by extensions ['colcon_meta']
[0.478s] Level 1:colcon.colcon_core.package_identification:_identify(archives/f1tenth_system/teleop_tools/mouse_teleop/config) by extension 'colcon_meta'
[0.478s] Level 1:colcon.colcon_core.package_identification:_identify(archives/f1tenth_system/teleop_tools/mouse_teleop/config) by extensions ['ros']
[0.478s] Level 1:colcon.colcon_core.package_identification:_identify(archives/f1tenth_system/teleop_tools/mouse_teleop/config) by extension 'ros'
[0.479s] Level 1:colcon.colcon_core.package_identification:_identify(archives/f1tenth_system/teleop_tools/mouse_teleop/config) by extensions ['cmake', 'python']
[0.479s] Level 1:colcon.colcon_core.package_identification:_identify(archives/f1tenth_system/teleop_tools/mouse_teleop/config) by extension 'cmake'
[0.479s] Level 1:colcon.colcon_core.package_identification:_identify(archives/f1tenth_system/teleop_tools/mouse_teleop/config) by extension 'python'
[0.479s] Level 1:colcon.colcon_core.package_identification:_identify(archives/f1tenth_system/teleop_tools/mouse_teleop/config) by extensions ['python_setup_py']
[0.479s] Level 1:colcon.colcon_core.package_identification:_identify(archives/f1tenth_system/teleop_tools/mouse_teleop/config) by extension 'python_setup_py'
[0.479s] Level 1:colcon.colcon_core.package_identification:_identify(archives/f1tenth_system/teleop_tools/mouse_teleop/launch) by extensions ['ignore', 'ignore_ament_install']
[0.479s] Level 1:colcon.colcon_core.package_identification:_identify(archives/f1tenth_system/teleop_tools/mouse_teleop/launch) by extension 'ignore'
[0.479s] Level 1:colcon.colcon_core.package_identification:_identify(archives/f1tenth_system/teleop_tools/mouse_teleop/launch) by extension 'ignore_ament_install'
[0.479s] Level 1:colcon.colcon_core.package_identification:_identify(archives/f1tenth_system/teleop_tools/mouse_teleop/launch) by extensions ['colcon_pkg']
[0.479s] Level 1:colcon.colcon_core.package_identification:_identify(archives/f1tenth_system/teleop_tools/mouse_teleop/launch) by extension 'colcon_pkg'
[0.479s] Level 1:colcon.colcon_core.package_identification:_identify(archives/f1tenth_system/teleop_tools/mouse_teleop/launch) by extensions ['colcon_meta']
[0.479s] Level 1:colcon.colcon_core.package_identification:_identify(archives/f1tenth_system/teleop_tools/mouse_teleop/launch) by extension 'colcon_meta'
[0.479s] Level 1:colcon.colcon_core.package_identification:_identify(archives/f1tenth_system/teleop_tools/mouse_teleop/launch) by extensions ['ros']
[0.479s] Level 1:colcon.colcon_core.package_identification:_identify(archives/f1tenth_system/teleop_tools/mouse_teleop/launch) by extension 'ros'
[0.479s] Level 1:colcon.colcon_core.package_identification:_identify(archives/f1tenth_system/teleop_tools/mouse_teleop/launch) by extensions ['cmake', 'python']
[0.479s] Level 1:colcon.colcon_core.package_identification:_identify(archives/f1tenth_system/teleop_tools/mouse_teleop/launch) by extension 'cmake'
[0.479s] Level 1:colcon.colcon_core.package_identification:_identify(archives/f1tenth_system/teleop_tools/mouse_teleop/launch) by extension 'python'
[0.479s] Level 1:colcon.colcon_core.package_identification:_identify(archives/f1tenth_system/teleop_tools/mouse_teleop/launch) by extensions ['python_setup_py']
[0.479s] Level 1:colcon.colcon_core.package_identification:_identify(archives/f1tenth_system/teleop_tools/mouse_teleop/launch) by extension 'python_setup_py'
[0.479s] Level 1:colcon.colcon_core.package_identification:_identify(archives/f1tenth_system/teleop_tools/mouse_teleop/mouse_teleop) by extensions ['ignore', 'ignore_ament_install']
[0.480s] Level 1:colcon.colcon_core.package_identification:_identify(archives/f1tenth_system/teleop_tools/mouse_teleop/mouse_teleop) by extension 'ignore'
[0.480s] Level 1:colcon.colcon_core.package_identification:_identify(archives/f1tenth_system/teleop_tools/mouse_teleop/mouse_teleop) by extension 'ignore_ament_install'
[0.480s] Level 1:colcon.colcon_core.package_identification:_identify(archives/f1tenth_system/teleop_tools/mouse_teleop/mouse_teleop) by extensions ['colcon_pkg']
[0.480s] Level 1:colcon.colcon_core.package_identification:_identify(archives/f1tenth_system/teleop_tools/mouse_teleop/mouse_teleop) by extension 'colcon_pkg'
[0.480s] Level 1:colcon.colcon_core.package_identification:_identify(archives/f1tenth_system/teleop_tools/mouse_teleop/mouse_teleop) by extensions ['colcon_meta']
[0.480s] Level 1:colcon.colcon_core.package_identification:_identify(archives/f1tenth_system/teleop_tools/mouse_teleop/mouse_teleop) by extension 'colcon_meta'
[0.480s] Level 1:colcon.colcon_core.package_identification:_identify(archives/f1tenth_system/teleop_tools/mouse_teleop/mouse_teleop) by extensions ['ros']
[0.480s] Level 1:colcon.colcon_core.package_identification:_identify(archives/f1tenth_system/teleop_tools/mouse_teleop/mouse_teleop) by extension 'ros'
[0.480s] Level 1:colcon.colcon_core.package_identification:_identify(archives/f1tenth_system/teleop_tools/mouse_teleop/mouse_teleop) by extensions ['cmake', 'python']
[0.481s] Level 1:colcon.colcon_core.package_identification:_identify(archives/f1tenth_system/teleop_tools/mouse_teleop/mouse_teleop) by extension 'cmake'
[0.481s] Level 1:colcon.colcon_core.package_identification:_identify(archives/f1tenth_system/teleop_tools/mouse_teleop/mouse_teleop) by extension 'python'
[0.481s] Level 1:colcon.colcon_core.package_identification:_identify(archives/f1tenth_system/teleop_tools/mouse_teleop/mouse_teleop) by extensions ['python_setup_py']
[0.481s] Level 1:colcon.colcon_core.package_identification:_identify(archives/f1tenth_system/teleop_tools/mouse_teleop/mouse_teleop) by extension 'python_setup_py'
[0.481s] Level 1:colcon.colcon_core.package_identification:_identify(archives/f1tenth_system/teleop_tools/mouse_teleop/resource) by extensions ['ignore', 'ignore_ament_install']
[0.481s] Level 1:colcon.colcon_core.package_identification:_identify(archives/f1tenth_system/teleop_tools/mouse_teleop/resource) by extension 'ignore'
[0.481s] Level 1:colcon.colcon_core.package_identification:_identify(archives/f1tenth_system/teleop_tools/mouse_teleop/resource) by extension 'ignore_ament_install'
[0.481s] Level 1:colcon.colcon_core.package_identification:_identify(archives/f1tenth_system/teleop_tools/mouse_teleop/resource) by extensions ['colcon_pkg']
[0.481s] Level 1:colcon.colcon_core.package_identification:_identify(archives/f1tenth_system/teleop_tools/mouse_teleop/resource) by extension 'colcon_pkg'
[0.481s] Level 1:colcon.colcon_core.package_identification:_identify(archives/f1tenth_system/teleop_tools/mouse_teleop/resource) by extensions ['colcon_meta']
[0.481s] Level 1:colcon.colcon_core.package_identification:_identify(archives/f1tenth_system/teleop_tools/mouse_teleop/resource) by extension 'colcon_meta'
[0.481s] Level 1:colcon.colcon_core.package_identification:_identify(archives/f1tenth_system/teleop_tools/mouse_teleop/resource) by extensions ['ros']
[0.482s] Level 1:colcon.colcon_core.package_identification:_identify(archives/f1tenth_system/teleop_tools/mouse_teleop/resource) by extension 'ros'
[0.482s] Level 1:colcon.colcon_core.package_identification:_identify(archives/f1tenth_system/teleop_tools/mouse_teleop/resource) by extensions ['cmake', 'python']
[0.482s] Level 1:colcon.colcon_core.package_identification:_identify(archives/f1tenth_system/teleop_tools/mouse_teleop/resource) by extension 'cmake'
[0.482s] Level 1:colcon.colcon_core.package_identification:_identify(archives/f1tenth_system/teleop_tools/mouse_teleop/resource) by extension 'python'
[0.482s] Level 1:colcon.colcon_core.package_identification:_identify(archives/f1tenth_system/teleop_tools/mouse_teleop/resource) by extensions ['python_setup_py']
[0.482s] Level 1:colcon.colcon_core.package_identification:_identify(archives/f1tenth_system/teleop_tools/mouse_teleop/resource) by extension 'python_setup_py'
[0.482s] Level 1:colcon.colcon_core.package_identification:_identify(archives/f1tenth_system/teleop_tools/mouse_teleop/test) by extensions ['ignore', 'ignore_ament_install']
[0.482s] Level 1:colcon.colcon_core.package_identification:_identify(archives/f1tenth_system/teleop_tools/mouse_teleop/test) by extension 'ignore'
[0.482s] Level 1:colcon.colcon_core.package_identification:_identify(archives/f1tenth_system/teleop_tools/mouse_teleop/test) by extension 'ignore_ament_install'
[0.482s] Level 1:colcon.colcon_core.package_identification:_identify(archives/f1tenth_system/teleop_tools/mouse_teleop/test) by extensions ['colcon_pkg']
[0.482s] Level 1:colcon.colcon_core.package_identification:_identify(archives/f1tenth_system/teleop_tools/mouse_teleop/test) by extension 'colcon_pkg'
[0.482s] Level 1:colcon.colcon_core.package_identification:_identify(archives/f1tenth_system/teleop_tools/mouse_teleop/test) by extensions ['colcon_meta']
[0.482s] Level 1:colcon.colcon_core.package_identification:_identify(archives/f1tenth_system/teleop_tools/mouse_teleop/test) by extension 'colcon_meta'
[0.482s] Level 1:colcon.colcon_core.package_identification:_identify(archives/f1tenth_system/teleop_tools/mouse_teleop/test) by extensions ['ros']
[0.483s] Level 1:colcon.colcon_core.package_identification:_identify(archives/f1tenth_system/teleop_tools/mouse_teleop/test) by extension 'ros'
[0.483s] Level 1:colcon.colcon_core.package_identification:_identify(archives/f1tenth_system/teleop_tools/mouse_teleop/test) by extensions ['cmake', 'python']
[0.483s] Level 1:colcon.colcon_core.package_identification:_identify(archives/f1tenth_system/teleop_tools/mouse_teleop/test) by extension 'cmake'
[0.483s] Level 1:colcon.colcon_core.package_identification:_identify(archives/f1tenth_system/teleop_tools/mouse_teleop/test) by extension 'python'
[0.483s] Level 1:colcon.colcon_core.package_identification:_identify(archives/f1tenth_system/teleop_tools/mouse_teleop/test) by extensions ['python_setup_py']
[0.483s] Level 1:colcon.colcon_core.package_identification:_identify(archives/f1tenth_system/teleop_tools/mouse_teleop/test) by extension 'python_setup_py'
[0.483s] Level 1:colcon.colcon_core.package_identification:_identify(archives/f1tenth_system/teleop_tools/teleop_tools) by extensions ['ignore', 'ignore_ament_install']
[0.483s] Level 1:colcon.colcon_core.package_identification:_identify(archives/f1tenth_system/teleop_tools/teleop_tools) by extension 'ignore'
[0.483s] Level 1:colcon.colcon_core.package_identification:_identify(archives/f1tenth_system/teleop_tools/teleop_tools) by extension 'ignore_ament_install'
[0.483s] Level 1:colcon.colcon_core.package_identification:_identify(archives/f1tenth_system/teleop_tools/teleop_tools) by extensions ['colcon_pkg']
[0.483s] Level 1:colcon.colcon_core.package_identification:_identify(archives/f1tenth_system/teleop_tools/teleop_tools) by extension 'colcon_pkg'
[0.483s] Level 1:colcon.colcon_core.package_identification:_identify(archives/f1tenth_system/teleop_tools/teleop_tools) by extensions ['colcon_meta']
[0.483s] Level 1:colcon.colcon_core.package_identification:_identify(archives/f1tenth_system/teleop_tools/teleop_tools) by extension 'colcon_meta'
[0.483s] Level 1:colcon.colcon_core.package_identification:_identify(archives/f1tenth_system/teleop_tools/teleop_tools) by extensions ['ros']
[0.483s] Level 1:colcon.colcon_core.package_identification:_identify(archives/f1tenth_system/teleop_tools/teleop_tools) by extension 'ros'
[0.483s] Level 1:colcon.colcon_core.package_identification:_identify(archives/f1tenth_system/teleop_tools/teleop_tools) by extensions ['cmake', 'python']
[0.483s] Level 1:colcon.colcon_core.package_identification:_identify(archives/f1tenth_system/teleop_tools/teleop_tools) by extension 'cmake'
[0.483s] Level 1:colcon.colcon_core.package_identification:_identify(archives/f1tenth_system/teleop_tools/teleop_tools) by extension 'python'
[0.484s] Level 1:colcon.colcon_core.package_identification:_identify(archives/f1tenth_system/teleop_tools/teleop_tools) by extensions ['python_setup_py']
[0.484s] Level 1:colcon.colcon_core.package_identification:_identify(archives/f1tenth_system/teleop_tools/teleop_tools) by extension 'python_setup_py'
[0.484s] Level 1:colcon.colcon_core.package_identification:_identify(archives/f1tenth_system/teleop_tools/teleop_tools_msgs) by extensions ['ignore', 'ignore_ament_install']
[0.484s] Level 1:colcon.colcon_core.package_identification:_identify(archives/f1tenth_system/teleop_tools/teleop_tools_msgs) by extension 'ignore'
[0.484s] Level 1:colcon.colcon_core.package_identification:_identify(archives/f1tenth_system/teleop_tools/teleop_tools_msgs) by extension 'ignore_ament_install'
[0.484s] Level 1:colcon.colcon_core.package_identification:_identify(archives/f1tenth_system/teleop_tools/teleop_tools_msgs) by extensions ['colcon_pkg']
[0.484s] Level 1:colcon.colcon_core.package_identification:_identify(archives/f1tenth_system/teleop_tools/teleop_tools_msgs) by extension 'colcon_pkg'
[0.484s] Level 1:colcon.colcon_core.package_identification:_identify(archives/f1tenth_system/teleop_tools/teleop_tools_msgs) by extensions ['colcon_meta']
[0.484s] Level 1:colcon.colcon_core.package_identification:_identify(archives/f1tenth_system/teleop_tools/teleop_tools_msgs) by extension 'colcon_meta'
[0.484s] Level 1:colcon.colcon_core.package_identification:_identify(archives/f1tenth_system/teleop_tools/teleop_tools_msgs) by extensions ['ros']
[0.484s] Level 1:colcon.colcon_core.package_identification:_identify(archives/f1tenth_system/teleop_tools/teleop_tools_msgs) by extension 'ros'
[0.484s] Level 1:colcon.colcon_core.package_identification:_identify(archives/f1tenth_system/teleop_tools/teleop_tools_msgs) by extensions ['cmake', 'python']
[0.484s] Level 1:colcon.colcon_core.package_identification:_identify(archives/f1tenth_system/teleop_tools/teleop_tools_msgs) by extension 'cmake'
[0.484s] Level 1:colcon.colcon_core.package_identification:_identify(archives/f1tenth_system/teleop_tools/teleop_tools_msgs) by extension 'python'
[0.484s] Level 1:colcon.colcon_core.package_identification:_identify(archives/f1tenth_system/teleop_tools/teleop_tools_msgs) by extensions ['python_setup_py']
[0.484s] Level 1:colcon.colcon_core.package_identification:_identify(archives/f1tenth_system/teleop_tools/teleop_tools_msgs) by extension 'python_setup_py'
[0.485s] Level 1:colcon.colcon_core.package_identification:_identify(archives/f1tenth_system/teleop_tools/teleop_tools_msgs/action) by extensions ['ignore', 'ignore_ament_install']
[0.485s] Level 1:colcon.colcon_core.package_identification:_identify(archives/f1tenth_system/teleop_tools/teleop_tools_msgs/action) by extension 'ignore'
[0.485s] Level 1:colcon.colcon_core.package_identification:_identify(archives/f1tenth_system/teleop_tools/teleop_tools_msgs/action) by extension 'ignore_ament_install'
[0.485s] Level 1:colcon.colcon_core.package_identification:_identify(archives/f1tenth_system/teleop_tools/teleop_tools_msgs/action) by extensions ['colcon_pkg']
[0.485s] Level 1:colcon.colcon_core.package_identification:_identify(archives/f1tenth_system/teleop_tools/teleop_tools_msgs/action) by extension 'colcon_pkg'
[0.485s] Level 1:colcon.colcon_core.package_identification:_identify(archives/f1tenth_system/teleop_tools/teleop_tools_msgs/action) by extensions ['colcon_meta']
[0.485s] Level 1:colcon.colcon_core.package_identification:_identify(archives/f1tenth_system/teleop_tools/teleop_tools_msgs/action) by extension 'colcon_meta'
[0.485s] Level 1:colcon.colcon_core.package_identification:_identify(archives/f1tenth_system/teleop_tools/teleop_tools_msgs/action) by extensions ['ros']
[0.485s] Level 1:colcon.colcon_core.package_identification:_identify(archives/f1tenth_system/teleop_tools/teleop_tools_msgs/action) by extension 'ros'
[0.485s] Level 1:colcon.colcon_core.package_identification:_identify(archives/f1tenth_system/teleop_tools/teleop_tools_msgs/action) by extensions ['cmake', 'python']
[0.485s] Level 1:colcon.colcon_core.package_identification:_identify(archives/f1tenth_system/teleop_tools/teleop_tools_msgs/action) by extension 'cmake'
[0.485s] Level 1:colcon.colcon_core.package_identification:_identify(archives/f1tenth_system/teleop_tools/teleop_tools_msgs/action) by extension 'python'
[0.485s] Level 1:colcon.colcon_core.package_identification:_identify(archives/f1tenth_system/teleop_tools/teleop_tools_msgs/action) by extensions ['python_setup_py']
[0.485s] Level 1:colcon.colcon_core.package_identification:_identify(archives/f1tenth_system/teleop_tools/teleop_tools_msgs/action) by extension 'python_setup_py'
[0.485s] Level 1:colcon.colcon_core.package_identification:_identify(archives/f1tenth_system/vesc) by extensions ['ignore', 'ignore_ament_install']
[0.485s] Level 1:colcon.colcon_core.package_identification:_identify(archives/f1tenth_system/vesc) by extension 'ignore'
[0.485s] Level 1:colcon.colcon_core.package_identification:_identify(archives/f1tenth_system/vesc) by extension 'ignore_ament_install'
[0.486s] Level 1:colcon.colcon_core.package_identification:_identify(archives/f1tenth_system/vesc) by extensions ['colcon_pkg']
[0.486s] Level 1:colcon.colcon_core.package_identification:_identify(archives/f1tenth_system/vesc) by extension 'colcon_pkg'
[0.486s] Level 1:colcon.colcon_core.package_identification:_identify(archives/f1tenth_system/vesc) by extensions ['colcon_meta']
[0.486s] Level 1:colcon.colcon_core.package_identification:_identify(archives/f1tenth_system/vesc) by extension 'colcon_meta'
[0.486s] Level 1:colcon.colcon_core.package_identification:_identify(archives/f1tenth_system/vesc) by extensions ['ros']
[0.486s] Level 1:colcon.colcon_core.package_identification:_identify(archives/f1tenth_system/vesc) by extension 'ros'
[0.486s] Level 1:colcon.colcon_core.package_identification:_identify(archives/f1tenth_system/vesc) by extensions ['cmake', 'python']
[0.486s] Level 1:colcon.colcon_core.package_identification:_identify(archives/f1tenth_system/vesc) by extension 'cmake'
[0.486s] Level 1:colcon.colcon_core.package_identification:_identify(archives/f1tenth_system/vesc) by extension 'python'
[0.486s] Level 1:colcon.colcon_core.package_identification:_identify(archives/f1tenth_system/vesc) by extensions ['python_setup_py']
[0.486s] Level 1:colcon.colcon_core.package_identification:_identify(archives/f1tenth_system/vesc) by extension 'python_setup_py'
[0.486s] Level 1:colcon.colcon_core.package_identification:_identify(archives/f1tenth_system/vesc/vesc) by extensions ['ignore', 'ignore_ament_install']
[0.486s] Level 1:colcon.colcon_core.package_identification:_identify(archives/f1tenth_system/vesc/vesc) by extension 'ignore'
[0.486s] Level 1:colcon.colcon_core.package_identification:_identify(archives/f1tenth_system/vesc/vesc) by extension 'ignore_ament_install'
[0.486s] Level 1:colcon.colcon_core.package_identification:_identify(archives/f1tenth_system/vesc/vesc) by extensions ['colcon_pkg']
[0.486s] Level 1:colcon.colcon_core.package_identification:_identify(archives/f1tenth_system/vesc/vesc) by extension 'colcon_pkg'
[0.486s] Level 1:colcon.colcon_core.package_identification:_identify(archives/f1tenth_system/vesc/vesc) by extensions ['colcon_meta']
[0.486s] Level 1:colcon.colcon_core.package_identification:_identify(archives/f1tenth_system/vesc/vesc) by extension 'colcon_meta'
[0.487s] Level 1:colcon.colcon_core.package_identification:_identify(archives/f1tenth_system/vesc/vesc) by extensions ['ros']
[0.487s] Level 1:colcon.colcon_core.package_identification:_identify(archives/f1tenth_system/vesc/vesc) by extension 'ros'
[0.487s] Level 1:colcon.colcon_core.package_identification:_identify(archives/f1tenth_system/vesc/vesc) by extensions ['cmake', 'python']
[0.487s] Level 1:colcon.colcon_core.package_identification:_identify(archives/f1tenth_system/vesc/vesc) by extension 'cmake'
[0.487s] Level 1:colcon.colcon_core.package_identification:_identify(archives/f1tenth_system/vesc/vesc) by extension 'python'
[0.487s] Level 1:colcon.colcon_core.package_identification:_identify(archives/f1tenth_system/vesc/vesc) by extensions ['python_setup_py']
[0.487s] Level 1:colcon.colcon_core.package_identification:_identify(archives/f1tenth_system/vesc/vesc) by extension 'python_setup_py'
[0.487s] Level 1:colcon.colcon_core.package_identification:_identify(archives/f1tenth_system/vesc/vesc_ackermann) by extensions ['ignore', 'ignore_ament_install']
[0.487s] Level 1:colcon.colcon_core.package_identification:_identify(archives/f1tenth_system/vesc/vesc_ackermann) by extension 'ignore'
[0.487s] Level 1:colcon.colcon_core.package_identification:_identify(archives/f1tenth_system/vesc/vesc_ackermann) by extension 'ignore_ament_install'
[0.487s] Level 1:colcon.colcon_core.package_identification:_identify(archives/f1tenth_system/vesc/vesc_ackermann) by extensions ['colcon_pkg']
[0.487s] Level 1:colcon.colcon_core.package_identification:_identify(archives/f1tenth_system/vesc/vesc_ackermann) by extension 'colcon_pkg'
[0.487s] Level 1:colcon.colcon_core.package_identification:_identify(archives/f1tenth_system/vesc/vesc_ackermann) by extensions ['colcon_meta']
[0.487s] Level 1:colcon.colcon_core.package_identification:_identify(archives/f1tenth_system/vesc/vesc_ackermann) by extension 'colcon_meta'
[0.487s] Level 1:colcon.colcon_core.package_identification:_identify(archives/f1tenth_system/vesc/vesc_ackermann) by extensions ['ros']
[0.487s] Level 1:colcon.colcon_core.package_identification:_identify(archives/f1tenth_system/vesc/vesc_ackermann) by extension 'ros'
[0.487s] Level 1:colcon.colcon_core.package_identification:_identify(archives/f1tenth_system/vesc/vesc_ackermann) by extensions ['cmake', 'python']
[0.487s] Level 1:colcon.colcon_core.package_identification:_identify(archives/f1tenth_system/vesc/vesc_ackermann) by extension 'cmake'
[0.487s] Level 1:colcon.colcon_core.package_identification:_identify(archives/f1tenth_system/vesc/vesc_ackermann) by extension 'python'
[0.487s] Level 1:colcon.colcon_core.package_identification:_identify(archives/f1tenth_system/vesc/vesc_ackermann) by extensions ['python_setup_py']
[0.487s] Level 1:colcon.colcon_core.package_identification:_identify(archives/f1tenth_system/vesc/vesc_ackermann) by extension 'python_setup_py'
[0.488s] Level 1:colcon.colcon_core.package_identification:_identify(archives/f1tenth_system/vesc/vesc_ackermann/include) by extensions ['ignore', 'ignore_ament_install']
[0.488s] Level 1:colcon.colcon_core.package_identification:_identify(archives/f1tenth_system/vesc/vesc_ackermann/include) by extension 'ignore'
[0.488s] Level 1:colcon.colcon_core.package_identification:_identify(archives/f1tenth_system/vesc/vesc_ackermann/include) by extension 'ignore_ament_install'
[0.488s] Level 1:colcon.colcon_core.package_identification:_identify(archives/f1tenth_system/vesc/vesc_ackermann/include) by extensions ['colcon_pkg']
[0.488s] Level 1:colcon.colcon_core.package_identification:_identify(archives/f1tenth_system/vesc/vesc_ackermann/include) by extension 'colcon_pkg'
[0.488s] Level 1:colcon.colcon_core.package_identification:_identify(archives/f1tenth_system/vesc/vesc_ackermann/include) by extensions ['colcon_meta']
[0.488s] Level 1:colcon.colcon_core.package_identification:_identify(archives/f1tenth_system/vesc/vesc_ackermann/include) by extension 'colcon_meta'
[0.488s] Level 1:colcon.colcon_core.package_identification:_identify(archives/f1tenth_system/vesc/vesc_ackermann/include) by extensions ['ros']
[0.488s] Level 1:colcon.colcon_core.package_identification:_identify(archives/f1tenth_system/vesc/vesc_ackermann/include) by extension 'ros'
[0.488s] Level 1:colcon.colcon_core.package_identification:_identify(archives/f1tenth_system/vesc/vesc_ackermann/include) by extensions ['cmake', 'python']
[0.488s] Level 1:colcon.colcon_core.package_identification:_identify(archives/f1tenth_system/vesc/vesc_ackermann/include) by extension 'cmake'
[0.488s] Level 1:colcon.colcon_core.package_identification:_identify(archives/f1tenth_system/vesc/vesc_ackermann/include) by extension 'python'
[0.488s] Level 1:colcon.colcon_core.package_identification:_identify(archives/f1tenth_system/vesc/vesc_ackermann/include) by extensions ['python_setup_py']
[0.488s] Level 1:colcon.colcon_core.package_identification:_identify(archives/f1tenth_system/vesc/vesc_ackermann/include) by extension 'python_setup_py'
[0.488s] Level 1:colcon.colcon_core.package_identification:_identify(archives/f1tenth_system/vesc/vesc_ackermann/include/vesc_ackermann) by extensions ['ignore', 'ignore_ament_install']
[0.488s] Level 1:colcon.colcon_core.package_identification:_identify(archives/f1tenth_system/vesc/vesc_ackermann/include/vesc_ackermann) by extension 'ignore'
[0.489s] Level 1:colcon.colcon_core.package_identification:_identify(archives/f1tenth_system/vesc/vesc_ackermann/include/vesc_ackermann) by extension 'ignore_ament_install'
[0.489s] Level 1:colcon.colcon_core.package_identification:_identify(archives/f1tenth_system/vesc/vesc_ackermann/include/vesc_ackermann) by extensions ['colcon_pkg']
[0.489s] Level 1:colcon.colcon_core.package_identification:_identify(archives/f1tenth_system/vesc/vesc_ackermann/include/vesc_ackermann) by extension 'colcon_pkg'
[0.489s] Level 1:colcon.colcon_core.package_identification:_identify(archives/f1tenth_system/vesc/vesc_ackermann/include/vesc_ackermann) by extensions ['colcon_meta']
[0.489s] Level 1:colcon.colcon_core.package_identification:_identify(archives/f1tenth_system/vesc/vesc_ackermann/include/vesc_ackermann) by extension 'colcon_meta'
[0.489s] Level 1:colcon.colcon_core.package_identification:_identify(archives/f1tenth_system/vesc/vesc_ackermann/include/vesc_ackermann) by extensions ['ros']
[0.489s] Level 1:colcon.colcon_core.package_identification:_identify(archives/f1tenth_system/vesc/vesc_ackermann/include/vesc_ackermann) by extension 'ros'
[0.489s] Level 1:colcon.colcon_core.package_identification:_identify(archives/f1tenth_system/vesc/vesc_ackermann/include/vesc_ackermann) by extensions ['cmake', 'python']
[0.489s] Level 1:colcon.colcon_core.package_identification:_identify(archives/f1tenth_system/vesc/vesc_ackermann/include/vesc_ackermann) by extension 'cmake'
[0.489s] Level 1:colcon.colcon_core.package_identification:_identify(archives/f1tenth_system/vesc/vesc_ackermann/include/vesc_ackermann) by extension 'python'
[0.489s] Level 1:colcon.colcon_core.package_identification:_identify(archives/f1tenth_system/vesc/vesc_ackermann/include/vesc_ackermann) by extensions ['python_setup_py']
[0.489s] Level 1:colcon.colcon_core.package_identification:_identify(archives/f1tenth_system/vesc/vesc_ackermann/include/vesc_ackermann) by extension 'python_setup_py'
[0.489s] Level 1:colcon.colcon_core.package_identification:_identify(archives/f1tenth_system/vesc/vesc_ackermann/launch) by extensions ['ignore', 'ignore_ament_install']
[0.489s] Level 1:colcon.colcon_core.package_identification:_identify(archives/f1tenth_system/vesc/vesc_ackermann/launch) by extension 'ignore'
[0.489s] Level 1:colcon.colcon_core.package_identification:_identify(archives/f1tenth_system/vesc/vesc_ackermann/launch) by extension 'ignore_ament_install'
[0.489s] Level 1:colcon.colcon_core.package_identification:_identify(archives/f1tenth_system/vesc/vesc_ackermann/launch) by extensions ['colcon_pkg']
[0.489s] Level 1:colcon.colcon_core.package_identification:_identify(archives/f1tenth_system/vesc/vesc_ackermann/launch) by extension 'colcon_pkg'
[0.489s] Level 1:colcon.colcon_core.package_identification:_identify(archives/f1tenth_system/vesc/vesc_ackermann/launch) by extensions ['colcon_meta']
[0.489s] Level 1:colcon.colcon_core.package_identification:_identify(archives/f1tenth_system/vesc/vesc_ackermann/launch) by extension 'colcon_meta'
[0.489s] Level 1:colcon.colcon_core.package_identification:_identify(archives/f1tenth_system/vesc/vesc_ackermann/launch) by extensions ['ros']
[0.489s] Level 1:colcon.colcon_core.package_identification:_identify(archives/f1tenth_system/vesc/vesc_ackermann/launch) by extension 'ros'
[0.489s] Level 1:colcon.colcon_core.package_identification:_identify(archives/f1tenth_system/vesc/vesc_ackermann/launch) by extensions ['cmake', 'python']
[0.490s] Level 1:colcon.colcon_core.package_identification:_identify(archives/f1tenth_system/vesc/vesc_ackermann/launch) by extension 'cmake'
[0.490s] Level 1:colcon.colcon_core.package_identification:_identify(archives/f1tenth_system/vesc/vesc_ackermann/launch) by extension 'python'
[0.490s] Level 1:colcon.colcon_core.package_identification:_identify(archives/f1tenth_system/vesc/vesc_ackermann/launch) by extensions ['python_setup_py']
[0.490s] Level 1:colcon.colcon_core.package_identification:_identify(archives/f1tenth_system/vesc/vesc_ackermann/launch) by extension 'python_setup_py'
[0.490s] Level 1:colcon.colcon_core.package_identification:_identify(archives/f1tenth_system/vesc/vesc_ackermann/src) by extensions ['ignore', 'ignore_ament_install']
[0.490s] Level 1:colcon.colcon_core.package_identification:_identify(archives/f1tenth_system/vesc/vesc_ackermann/src) by extension 'ignore'
[0.490s] Level 1:colcon.colcon_core.package_identification:_identify(archives/f1tenth_system/vesc/vesc_ackermann/src) by extension 'ignore_ament_install'
[0.490s] Level 1:colcon.colcon_core.package_identification:_identify(archives/f1tenth_system/vesc/vesc_ackermann/src) by extensions ['colcon_pkg']
[0.490s] Level 1:colcon.colcon_core.package_identification:_identify(archives/f1tenth_system/vesc/vesc_ackermann/src) by extension 'colcon_pkg'
[0.490s] Level 1:colcon.colcon_core.package_identification:_identify(archives/f1tenth_system/vesc/vesc_ackermann/src) by extensions ['colcon_meta']
[0.490s] Level 1:colcon.colcon_core.package_identification:_identify(archives/f1tenth_system/vesc/vesc_ackermann/src) by extension 'colcon_meta'
[0.490s] Level 1:colcon.colcon_core.package_identification:_identify(archives/f1tenth_system/vesc/vesc_ackermann/src) by extensions ['ros']
[0.490s] Level 1:colcon.colcon_core.package_identification:_identify(archives/f1tenth_system/vesc/vesc_ackermann/src) by extension 'ros'
[0.490s] Level 1:colcon.colcon_core.package_identification:_identify(archives/f1tenth_system/vesc/vesc_ackermann/src) by extensions ['cmake', 'python']
[0.490s] Level 1:colcon.colcon_core.package_identification:_identify(archives/f1tenth_system/vesc/vesc_ackermann/src) by extension 'cmake'
[0.490s] Level 1:colcon.colcon_core.package_identification:_identify(archives/f1tenth_system/vesc/vesc_ackermann/src) by extension 'python'
[0.490s] Level 1:colcon.colcon_core.package_identification:_identify(archives/f1tenth_system/vesc/vesc_ackermann/src) by extensions ['python_setup_py']
[0.490s] Level 1:colcon.colcon_core.package_identification:_identify(archives/f1tenth_system/vesc/vesc_ackermann/src) by extension 'python_setup_py'
[0.490s] Level 1:colcon.colcon_core.package_identification:_identify(archives/f1tenth_system/vesc/vesc_driver) by extensions ['ignore', 'ignore_ament_install']
[0.491s] Level 1:colcon.colcon_core.package_identification:_identify(archives/f1tenth_system/vesc/vesc_driver) by extension 'ignore'
[0.491s] Level 1:colcon.colcon_core.package_identification:_identify(archives/f1tenth_system/vesc/vesc_driver) by extension 'ignore_ament_install'
[0.491s] Level 1:colcon.colcon_core.package_identification:_identify(archives/f1tenth_system/vesc/vesc_driver) by extensions ['colcon_pkg']
[0.491s] Level 1:colcon.colcon_core.package_identification:_identify(archives/f1tenth_system/vesc/vesc_driver) by extension 'colcon_pkg'
[0.491s] Level 1:colcon.colcon_core.package_identification:_identify(archives/f1tenth_system/vesc/vesc_driver) by extensions ['colcon_meta']
[0.491s] Level 1:colcon.colcon_core.package_identification:_identify(archives/f1tenth_system/vesc/vesc_driver) by extension 'colcon_meta'
[0.491s] Level 1:colcon.colcon_core.package_identification:_identify(archives/f1tenth_system/vesc/vesc_driver) by extensions ['ros']
[0.491s] Level 1:colcon.colcon_core.package_identification:_identify(archives/f1tenth_system/vesc/vesc_driver) by extension 'ros'
[0.491s] Level 1:colcon.colcon_core.package_identification:_identify(archives/f1tenth_system/vesc/vesc_driver) by extensions ['cmake', 'python']
[0.491s] Level 1:colcon.colcon_core.package_identification:_identify(archives/f1tenth_system/vesc/vesc_driver) by extension 'cmake'
[0.491s] Level 1:colcon.colcon_core.package_identification:_identify(archives/f1tenth_system/vesc/vesc_driver) by extension 'python'
[0.491s] Level 1:colcon.colcon_core.package_identification:_identify(archives/f1tenth_system/vesc/vesc_driver) by extensions ['python_setup_py']
[0.491s] Level 1:colcon.colcon_core.package_identification:_identify(archives/f1tenth_system/vesc/vesc_driver) by extension 'python_setup_py'
[0.491s] Level 1:colcon.colcon_core.package_identification:_identify(archives/f1tenth_system/vesc/vesc_driver/include) by extensions ['ignore', 'ignore_ament_install']
[0.491s] Level 1:colcon.colcon_core.package_identification:_identify(archives/f1tenth_system/vesc/vesc_driver/include) by extension 'ignore'
[0.491s] Level 1:colcon.colcon_core.package_identification:_identify(archives/f1tenth_system/vesc/vesc_driver/include) by extension 'ignore_ament_install'
[0.491s] Level 1:colcon.colcon_core.package_identification:_identify(archives/f1tenth_system/vesc/vesc_driver/include) by extensions ['colcon_pkg']
[0.491s] Level 1:colcon.colcon_core.package_identification:_identify(archives/f1tenth_system/vesc/vesc_driver/include) by extension 'colcon_pkg'
[0.491s] Level 1:colcon.colcon_core.package_identification:_identify(archives/f1tenth_system/vesc/vesc_driver/include) by extensions ['colcon_meta']
[0.491s] Level 1:colcon.colcon_core.package_identification:_identify(archives/f1tenth_system/vesc/vesc_driver/include) by extension 'colcon_meta'
[0.491s] Level 1:colcon.colcon_core.package_identification:_identify(archives/f1tenth_system/vesc/vesc_driver/include) by extensions ['ros']
[0.491s] Level 1:colcon.colcon_core.package_identification:_identify(archives/f1tenth_system/vesc/vesc_driver/include) by extension 'ros'
[0.491s] Level 1:colcon.colcon_core.package_identification:_identify(archives/f1tenth_system/vesc/vesc_driver/include) by extensions ['cmake', 'python']
[0.491s] Level 1:colcon.colcon_core.package_identification:_identify(archives/f1tenth_system/vesc/vesc_driver/include) by extension 'cmake'
[0.492s] Level 1:colcon.colcon_core.package_identification:_identify(archives/f1tenth_system/vesc/vesc_driver/include) by extension 'python'
[0.492s] Level 1:colcon.colcon_core.package_identification:_identify(archives/f1tenth_system/vesc/vesc_driver/include) by extensions ['python_setup_py']
[0.492s] Level 1:colcon.colcon_core.package_identification:_identify(archives/f1tenth_system/vesc/vesc_driver/include) by extension 'python_setup_py'
[0.492s] Level 1:colcon.colcon_core.package_identification:_identify(archives/f1tenth_system/vesc/vesc_driver/include/vesc_driver) by extensions ['ignore', 'ignore_ament_install']
[0.492s] Level 1:colcon.colcon_core.package_identification:_identify(archives/f1tenth_system/vesc/vesc_driver/include/vesc_driver) by extension 'ignore'
[0.492s] Level 1:colcon.colcon_core.package_identification:_identify(archives/f1tenth_system/vesc/vesc_driver/include/vesc_driver) by extension 'ignore_ament_install'
[0.492s] Level 1:colcon.colcon_core.package_identification:_identify(archives/f1tenth_system/vesc/vesc_driver/include/vesc_driver) by extensions ['colcon_pkg']
[0.492s] Level 1:colcon.colcon_core.package_identification:_identify(archives/f1tenth_system/vesc/vesc_driver/include/vesc_driver) by extension 'colcon_pkg'
[0.492s] Level 1:colcon.colcon_core.package_identification:_identify(archives/f1tenth_system/vesc/vesc_driver/include/vesc_driver) by extensions ['colcon_meta']
[0.492s] Level 1:colcon.colcon_core.package_identification:_identify(archives/f1tenth_system/vesc/vesc_driver/include/vesc_driver) by extension 'colcon_meta'
[0.492s] Level 1:colcon.colcon_core.package_identification:_identify(archives/f1tenth_system/vesc/vesc_driver/include/vesc_driver) by extensions ['ros']
[0.492s] Level 1:colcon.colcon_core.package_identification:_identify(archives/f1tenth_system/vesc/vesc_driver/include/vesc_driver) by extension 'ros'
[0.492s] Level 1:colcon.colcon_core.package_identification:_identify(archives/f1tenth_system/vesc/vesc_driver/include/vesc_driver) by extensions ['cmake', 'python']
[0.492s] Level 1:colcon.colcon_core.package_identification:_identify(archives/f1tenth_system/vesc/vesc_driver/include/vesc_driver) by extension 'cmake'
[0.492s] Level 1:colcon.colcon_core.package_identification:_identify(archives/f1tenth_system/vesc/vesc_driver/include/vesc_driver) by extension 'python'
[0.492s] Level 1:colcon.colcon_core.package_identification:_identify(archives/f1tenth_system/vesc/vesc_driver/include/vesc_driver) by extensions ['python_setup_py']
[0.492s] Level 1:colcon.colcon_core.package_identification:_identify(archives/f1tenth_system/vesc/vesc_driver/include/vesc_driver) by extension 'python_setup_py'
[0.492s] Level 1:colcon.colcon_core.package_identification:_identify(archives/f1tenth_system/vesc/vesc_driver/launch) by extensions ['ignore', 'ignore_ament_install']
[0.493s] Level 1:colcon.colcon_core.package_identification:_identify(archives/f1tenth_system/vesc/vesc_driver/launch) by extension 'ignore'
[0.493s] Level 1:colcon.colcon_core.package_identification:_identify(archives/f1tenth_system/vesc/vesc_driver/launch) by extension 'ignore_ament_install'
[0.493s] Level 1:colcon.colcon_core.package_identification:_identify(archives/f1tenth_system/vesc/vesc_driver/launch) by extensions ['colcon_pkg']
[0.493s] Level 1:colcon.colcon_core.package_identification:_identify(archives/f1tenth_system/vesc/vesc_driver/launch) by extension 'colcon_pkg'
[0.493s] Level 1:colcon.colcon_core.package_identification:_identify(archives/f1tenth_system/vesc/vesc_driver/launch) by extensions ['colcon_meta']
[0.493s] Level 1:colcon.colcon_core.package_identification:_identify(archives/f1tenth_system/vesc/vesc_driver/launch) by extension 'colcon_meta'
[0.493s] Level 1:colcon.colcon_core.package_identification:_identify(archives/f1tenth_system/vesc/vesc_driver/launch) by extensions ['ros']
[0.493s] Level 1:colcon.colcon_core.package_identification:_identify(archives/f1tenth_system/vesc/vesc_driver/launch) by extension 'ros'
[0.493s] Level 1:colcon.colcon_core.package_identification:_identify(archives/f1tenth_system/vesc/vesc_driver/launch) by extensions ['cmake', 'python']
[0.493s] Level 1:colcon.colcon_core.package_identification:_identify(archives/f1tenth_system/vesc/vesc_driver/launch) by extension 'cmake'
[0.493s] Level 1:colcon.colcon_core.package_identification:_identify(archives/f1tenth_system/vesc/vesc_driver/launch) by extension 'python'
[0.493s] Level 1:colcon.colcon_core.package_identification:_identify(archives/f1tenth_system/vesc/vesc_driver/launch) by extensions ['python_setup_py']
[0.493s] Level 1:colcon.colcon_core.package_identification:_identify(archives/f1tenth_system/vesc/vesc_driver/launch) by extension 'python_setup_py'
[0.493s] Level 1:colcon.colcon_core.package_identification:_identify(archives/f1tenth_system/vesc/vesc_driver/params) by extensions ['ignore', 'ignore_ament_install']
[0.493s] Level 1:colcon.colcon_core.package_identification:_identify(archives/f1tenth_system/vesc/vesc_driver/params) by extension 'ignore'
[0.493s] Level 1:colcon.colcon_core.package_identification:_identify(archives/f1tenth_system/vesc/vesc_driver/params) by extension 'ignore_ament_install'
[0.493s] Level 1:colcon.colcon_core.package_identification:_identify(archives/f1tenth_system/vesc/vesc_driver/params) by extensions ['colcon_pkg']
[0.493s] Level 1:colcon.colcon_core.package_identification:_identify(archives/f1tenth_system/vesc/vesc_driver/params) by extension 'colcon_pkg'
[0.493s] Level 1:colcon.colcon_core.package_identification:_identify(archives/f1tenth_system/vesc/vesc_driver/params) by extensions ['colcon_meta']
[0.493s] Level 1:colcon.colcon_core.package_identification:_identify(archives/f1tenth_system/vesc/vesc_driver/params) by extension 'colcon_meta'
[0.494s] Level 1:colcon.colcon_core.package_identification:_identify(archives/f1tenth_system/vesc/vesc_driver/params) by extensions ['ros']
[0.494s] Level 1:colcon.colcon_core.package_identification:_identify(archives/f1tenth_system/vesc/vesc_driver/params) by extension 'ros'
[0.494s] Level 1:colcon.colcon_core.package_identification:_identify(archives/f1tenth_system/vesc/vesc_driver/params) by extensions ['cmake', 'python']
[0.494s] Level 1:colcon.colcon_core.package_identification:_identify(archives/f1tenth_system/vesc/vesc_driver/params) by extension 'cmake'
[0.494s] Level 1:colcon.colcon_core.package_identification:_identify(archives/f1tenth_system/vesc/vesc_driver/params) by extension 'python'
[0.494s] Level 1:colcon.colcon_core.package_identification:_identify(archives/f1tenth_system/vesc/vesc_driver/params) by extensions ['python_setup_py']
[0.494s] Level 1:colcon.colcon_core.package_identification:_identify(archives/f1tenth_system/vesc/vesc_driver/params) by extension 'python_setup_py'
[0.494s] Level 1:colcon.colcon_core.package_identification:_identify(archives/f1tenth_system/vesc/vesc_driver/scripts) by extensions ['ignore', 'ignore_ament_install']
[0.494s] Level 1:colcon.colcon_core.package_identification:_identify(archives/f1tenth_system/vesc/vesc_driver/scripts) by extension 'ignore'
[0.494s] Level 1:colcon.colcon_core.package_identification:_identify(archives/f1tenth_system/vesc/vesc_driver/scripts) by extension 'ignore_ament_install'
[0.494s] Level 1:colcon.colcon_core.package_identification:_identify(archives/f1tenth_system/vesc/vesc_driver/scripts) by extensions ['colcon_pkg']
[0.494s] Level 1:colcon.colcon_core.package_identification:_identify(archives/f1tenth_system/vesc/vesc_driver/scripts) by extension 'colcon_pkg'
[0.494s] Level 1:colcon.colcon_core.package_identification:_identify(archives/f1tenth_system/vesc/vesc_driver/scripts) by extensions ['colcon_meta']
[0.494s] Level 1:colcon.colcon_core.package_identification:_identify(archives/f1tenth_system/vesc/vesc_driver/scripts) by extension 'colcon_meta'
[0.494s] Level 1:colcon.colcon_core.package_identification:_identify(archives/f1tenth_system/vesc/vesc_driver/scripts) by extensions ['ros']
[0.494s] Level 1:colcon.colcon_core.package_identification:_identify(archives/f1tenth_system/vesc/vesc_driver/scripts) by extension 'ros'
[0.494s] Level 1:colcon.colcon_core.package_identification:_identify(archives/f1tenth_system/vesc/vesc_driver/scripts) by extensions ['cmake', 'python']
[0.494s] Level 1:colcon.colcon_core.package_identification:_identify(archives/f1tenth_system/vesc/vesc_driver/scripts) by extension 'cmake'
[0.494s] Level 1:colcon.colcon_core.package_identification:_identify(archives/f1tenth_system/vesc/vesc_driver/scripts) by extension 'python'
[0.494s] Level 1:colcon.colcon_core.package_identification:_identify(archives/f1tenth_system/vesc/vesc_driver/scripts) by extensions ['python_setup_py']
[0.494s] Level 1:colcon.colcon_core.package_identification:_identify(archives/f1tenth_system/vesc/vesc_driver/scripts) by extension 'python_setup_py'
[0.495s] Level 1:colcon.colcon_core.package_identification:_identify(archives/f1tenth_system/vesc/vesc_driver/src) by extensions ['ignore', 'ignore_ament_install']
[0.495s] Level 1:colcon.colcon_core.package_identification:_identify(archives/f1tenth_system/vesc/vesc_driver/src) by extension 'ignore'
[0.495s] Level 1:colcon.colcon_core.package_identification:_identify(archives/f1tenth_system/vesc/vesc_driver/src) by extension 'ignore_ament_install'
[0.495s] Level 1:colcon.colcon_core.package_identification:_identify(archives/f1tenth_system/vesc/vesc_driver/src) by extensions ['colcon_pkg']
[0.495s] Level 1:colcon.colcon_core.package_identification:_identify(archives/f1tenth_system/vesc/vesc_driver/src) by extension 'colcon_pkg'
[0.495s] Level 1:colcon.colcon_core.package_identification:_identify(archives/f1tenth_system/vesc/vesc_driver/src) by extensions ['colcon_meta']
[0.495s] Level 1:colcon.colcon_core.package_identification:_identify(archives/f1tenth_system/vesc/vesc_driver/src) by extension 'colcon_meta'
[0.495s] Level 1:colcon.colcon_core.package_identification:_identify(archives/f1tenth_system/vesc/vesc_driver/src) by extensions ['ros']
[0.495s] Level 1:colcon.colcon_core.package_identification:_identify(archives/f1tenth_system/vesc/vesc_driver/src) by extension 'ros'
[0.495s] Level 1:colcon.colcon_core.package_identification:_identify(archives/f1tenth_system/vesc/vesc_driver/src) by extensions ['cmake', 'python']
[0.495s] Level 1:colcon.colcon_core.package_identification:_identify(archives/f1tenth_system/vesc/vesc_driver/src) by extension 'cmake'
[0.495s] Level 1:colcon.colcon_core.package_identification:_identify(archives/f1tenth_system/vesc/vesc_driver/src) by extension 'python'
[0.495s] Level 1:colcon.colcon_core.package_identification:_identify(archives/f1tenth_system/vesc/vesc_driver/src) by extensions ['python_setup_py']
[0.495s] Level 1:colcon.colcon_core.package_identification:_identify(archives/f1tenth_system/vesc/vesc_driver/src) by extension 'python_setup_py'
[0.495s] Level 1:colcon.colcon_core.package_identification:_identify(archives/f1tenth_system/vesc/vesc_msgs) by extensions ['ignore', 'ignore_ament_install']
[0.495s] Level 1:colcon.colcon_core.package_identification:_identify(archives/f1tenth_system/vesc/vesc_msgs) by extension 'ignore'
[0.495s] Level 1:colcon.colcon_core.package_identification:_identify(archives/f1tenth_system/vesc/vesc_msgs) by extension 'ignore_ament_install'
[0.496s] Level 1:colcon.colcon_core.package_identification:_identify(archives/f1tenth_system/vesc/vesc_msgs) by extensions ['colcon_pkg']
[0.496s] Level 1:colcon.colcon_core.package_identification:_identify(archives/f1tenth_system/vesc/vesc_msgs) by extension 'colcon_pkg'
[0.496s] Level 1:colcon.colcon_core.package_identification:_identify(archives/f1tenth_system/vesc/vesc_msgs) by extensions ['colcon_meta']
[0.496s] Level 1:colcon.colcon_core.package_identification:_identify(archives/f1tenth_system/vesc/vesc_msgs) by extension 'colcon_meta'
[0.496s] Level 1:colcon.colcon_core.package_identification:_identify(archives/f1tenth_system/vesc/vesc_msgs) by extensions ['ros']
[0.496s] Level 1:colcon.colcon_core.package_identification:_identify(archives/f1tenth_system/vesc/vesc_msgs) by extension 'ros'
[0.496s] Level 1:colcon.colcon_core.package_identification:_identify(archives/f1tenth_system/vesc/vesc_msgs) by extensions ['cmake', 'python']
[0.496s] Level 1:colcon.colcon_core.package_identification:_identify(archives/f1tenth_system/vesc/vesc_msgs) by extension 'cmake'
[0.496s] Level 1:colcon.colcon_core.package_identification:_identify(archives/f1tenth_system/vesc/vesc_msgs) by extension 'python'
[0.496s] Level 1:colcon.colcon_core.package_identification:_identify(archives/f1tenth_system/vesc/vesc_msgs) by extensions ['python_setup_py']
[0.496s] Level 1:colcon.colcon_core.package_identification:_identify(archives/f1tenth_system/vesc/vesc_msgs) by extension 'python_setup_py'
[0.496s] Level 1:colcon.colcon_core.package_identification:_identify(archives/f1tenth_system/vesc/vesc_msgs/msg) by extensions ['ignore', 'ignore_ament_install']
[0.496s] Level 1:colcon.colcon_core.package_identification:_identify(archives/f1tenth_system/vesc/vesc_msgs/msg) by extension 'ignore'
[0.496s] Level 1:colcon.colcon_core.package_identification:_identify(archives/f1tenth_system/vesc/vesc_msgs/msg) by extension 'ignore_ament_install'
[0.496s] Level 1:colcon.colcon_core.package_identification:_identify(archives/f1tenth_system/vesc/vesc_msgs/msg) by extensions ['colcon_pkg']
[0.496s] Level 1:colcon.colcon_core.package_identification:_identify(archives/f1tenth_system/vesc/vesc_msgs/msg) by extension 'colcon_pkg'
[0.496s] Level 1:colcon.colcon_core.package_identification:_identify(archives/f1tenth_system/vesc/vesc_msgs/msg) by extensions ['colcon_meta']
[0.496s] Level 1:colcon.colcon_core.package_identification:_identify(archives/f1tenth_system/vesc/vesc_msgs/msg) by extension 'colcon_meta'
[0.496s] Level 1:colcon.colcon_core.package_identification:_identify(archives/f1tenth_system/vesc/vesc_msgs/msg) by extensions ['ros']
[0.497s] Level 1:colcon.colcon_core.package_identification:_identify(archives/f1tenth_system/vesc/vesc_msgs/msg) by extension 'ros'
[0.497s] Level 1:colcon.colcon_core.package_identification:_identify(archives/f1tenth_system/vesc/vesc_msgs/msg) by extensions ['cmake', 'python']
[0.497s] Level 1:colcon.colcon_core.package_identification:_identify(archives/f1tenth_system/vesc/vesc_msgs/msg) by extension 'cmake'
[0.497s] Level 1:colcon.colcon_core.package_identification:_identify(archives/f1tenth_system/vesc/vesc_msgs/msg) by extension 'python'
[0.497s] Level 1:colcon.colcon_core.package_identification:_identify(archives/f1tenth_system/vesc/vesc_msgs/msg) by extensions ['python_setup_py']
[0.497s] Level 1:colcon.colcon_core.package_identification:_identify(archives/f1tenth_system/vesc/vesc_msgs/msg) by extension 'python_setup_py'
[0.497s] Level 1:colcon.colcon_core.package_identification:_identify(archives/localisation) by extensions ['ignore', 'ignore_ament_install']
[0.497s] Level 1:colcon.colcon_core.package_identification:_identify(archives/localisation) by extension 'ignore'
[0.497s] Level 1:colcon.colcon_core.package_identification:_identify(archives/localisation) by extension 'ignore_ament_install'
[0.497s] Level 1:colcon.colcon_core.package_identification:_identify(archives/localisation) by extensions ['colcon_pkg']
[0.497s] Level 1:colcon.colcon_core.package_identification:_identify(archives/localisation) by extension 'colcon_pkg'
[0.497s] Level 1:colcon.colcon_core.package_identification:_identify(archives/localisation) by extensions ['colcon_meta']
[0.497s] Level 1:colcon.colcon_core.package_identification:_identify(archives/localisation) by extension 'colcon_meta'
[0.497s] Level 1:colcon.colcon_core.package_identification:_identify(archives/localisation) by extensions ['ros']
[0.497s] Level 1:colcon.colcon_core.package_identification:_identify(archives/localisation) by extension 'ros'
[0.497s] Level 1:colcon.colcon_core.package_identification:_identify(archives/localisation) by extensions ['cmake', 'python']
[0.497s] Level 1:colcon.colcon_core.package_identification:_identify(archives/localisation) by extension 'cmake'
[0.497s] Level 1:colcon.colcon_core.package_identification:_identify(archives/localisation) by extension 'python'
[0.498s] Level 1:colcon.colcon_core.package_identification:_identify(archives/localisation) by extensions ['python_setup_py']
[0.498s] Level 1:colcon.colcon_core.package_identification:_identify(archives/localisation) by extension 'python_setup_py'
[0.498s] Level 1:colcon.colcon_core.package_identification:_identify(archives/localisation/localisation) by extensions ['ignore', 'ignore_ament_install']
[0.498s] Level 1:colcon.colcon_core.package_identification:_identify(archives/localisation/localisation) by extension 'ignore'
[0.498s] Level 1:colcon.colcon_core.package_identification:_identify(archives/localisation/localisation) by extension 'ignore_ament_install'
[0.498s] Level 1:colcon.colcon_core.package_identification:_identify(archives/localisation/localisation) by extensions ['colcon_pkg']
[0.498s] Level 1:colcon.colcon_core.package_identification:_identify(archives/localisation/localisation) by extension 'colcon_pkg'
[0.498s] Level 1:colcon.colcon_core.package_identification:_identify(archives/localisation/localisation) by extensions ['colcon_meta']
[0.498s] Level 1:colcon.colcon_core.package_identification:_identify(archives/localisation/localisation) by extension 'colcon_meta'
[0.498s] Level 1:colcon.colcon_core.package_identification:_identify(archives/localisation/localisation) by extensions ['ros']
[0.498s] Level 1:colcon.colcon_core.package_identification:_identify(archives/localisation/localisation) by extension 'ros'
[0.498s] Level 1:colcon.colcon_core.package_identification:_identify(archives/localisation/localisation) by extensions ['cmake', 'python']
[0.498s] Level 1:colcon.colcon_core.package_identification:_identify(archives/localisation/localisation) by extension 'cmake'
[0.498s] Level 1:colcon.colcon_core.package_identification:_identify(archives/localisation/localisation) by extension 'python'
[0.498s] Level 1:colcon.colcon_core.package_identification:_identify(archives/localisation/localisation) by extensions ['python_setup_py']
[0.498s] Level 1:colcon.colcon_core.package_identification:_identify(archives/localisation/localisation) by extension 'python_setup_py'
[0.498s] Level 1:colcon.colcon_core.package_identification:_identify(archives/localisation/resource) by extensions ['ignore', 'ignore_ament_install']
[0.498s] Level 1:colcon.colcon_core.package_identification:_identify(archives/localisation/resource) by extension 'ignore'
[0.498s] Level 1:colcon.colcon_core.package_identification:_identify(archives/localisation/resource) by extension 'ignore_ament_install'
[0.498s] Level 1:colcon.colcon_core.package_identification:_identify(archives/localisation/resource) by extensions ['colcon_pkg']
[0.499s] Level 1:colcon.colcon_core.package_identification:_identify(archives/localisation/resource) by extension 'colcon_pkg'
[0.499s] Level 1:colcon.colcon_core.package_identification:_identify(archives/localisation/resource) by extensions ['colcon_meta']
[0.499s] Level 1:colcon.colcon_core.package_identification:_identify(archives/localisation/resource) by extension 'colcon_meta'
[0.499s] Level 1:colcon.colcon_core.package_identification:_identify(archives/localisation/resource) by extensions ['ros']
[0.499s] Level 1:colcon.colcon_core.package_identification:_identify(archives/localisation/resource) by extension 'ros'
[0.499s] Level 1:colcon.colcon_core.package_identification:_identify(archives/localisation/resource) by extensions ['cmake', 'python']
[0.499s] Level 1:colcon.colcon_core.package_identification:_identify(archives/localisation/resource) by extension 'cmake'
[0.499s] Level 1:colcon.colcon_core.package_identification:_identify(archives/localisation/resource) by extension 'python'
[0.499s] Level 1:colcon.colcon_core.package_identification:_identify(archives/localisation/resource) by extensions ['python_setup_py']
[0.499s] Level 1:colcon.colcon_core.package_identification:_identify(archives/localisation/resource) by extension 'python_setup_py'
[0.499s] Level 1:colcon.colcon_core.package_identification:_identify(archives/localisation/test) by extensions ['ignore', 'ignore_ament_install']
[0.499s] Level 1:colcon.colcon_core.package_identification:_identify(archives/localisation/test) by extension 'ignore'
[0.499s] Level 1:colcon.colcon_core.package_identification:_identify(archives/localisation/test) by extension 'ignore_ament_install'
[0.499s] Level 1:colcon.colcon_core.package_identification:_identify(archives/localisation/test) by extensions ['colcon_pkg']
[0.499s] Level 1:colcon.colcon_core.package_identification:_identify(archives/localisation/test) by extension 'colcon_pkg'
[0.499s] Level 1:colcon.colcon_core.package_identification:_identify(archives/localisation/test) by extensions ['colcon_meta']
[0.499s] Level 1:colcon.colcon_core.package_identification:_identify(archives/localisation/test) by extension 'colcon_meta'
[0.499s] Level 1:colcon.colcon_core.package_identification:_identify(archives/localisation/test) by extensions ['ros']
[0.499s] Level 1:colcon.colcon_core.package_identification:_identify(archives/localisation/test) by extension 'ros'
[0.499s] Level 1:colcon.colcon_core.package_identification:_identify(archives/localisation/test) by extensions ['cmake', 'python']
[0.499s] Level 1:colcon.colcon_core.package_identification:_identify(archives/localisation/test) by extension 'cmake'
[0.499s] Level 1:colcon.colcon_core.package_identification:_identify(archives/localisation/test) by extension 'python'
[0.499s] Level 1:colcon.colcon_core.package_identification:_identify(archives/localisation/test) by extensions ['python_setup_py']
[0.500s] Level 1:colcon.colcon_core.package_identification:_identify(archives/localisation/test) by extension 'python_setup_py'
[0.500s] Level 1:colcon.colcon_core.package_identification:_identify(archives/strategy) by extensions ['ignore', 'ignore_ament_install']
[0.500s] Level 1:colcon.colcon_core.package_identification:_identify(archives/strategy) by extension 'ignore'
[0.500s] Level 1:colcon.colcon_core.package_identification:_identify(archives/strategy) by extension 'ignore_ament_install'
[0.500s] Level 1:colcon.colcon_core.package_identification:_identify(archives/strategy) by extensions ['colcon_pkg']
[0.500s] Level 1:colcon.colcon_core.package_identification:_identify(archives/strategy) by extension 'colcon_pkg'
[0.500s] Level 1:colcon.colcon_core.package_identification:_identify(archives/strategy) by extensions ['colcon_meta']
[0.500s] Level 1:colcon.colcon_core.package_identification:_identify(archives/strategy) by extension 'colcon_meta'
[0.500s] Level 1:colcon.colcon_core.package_identification:_identify(archives/strategy) by extensions ['ros']
[0.500s] Level 1:colcon.colcon_core.package_identification:_identify(archives/strategy) by extension 'ros'
[0.500s] Level 1:colcon.colcon_core.package_identification:_identify(archives/strategy) by extensions ['cmake', 'python']
[0.500s] Level 1:colcon.colcon_core.package_identification:_identify(archives/strategy) by extension 'cmake'
[0.500s] Level 1:colcon.colcon_core.package_identification:_identify(archives/strategy) by extension 'python'
[0.500s] Level 1:colcon.colcon_core.package_identification:_identify(archives/strategy) by extensions ['python_setup_py']
[0.500s] Level 1:colcon.colcon_core.package_identification:_identify(archives/strategy) by extension 'python_setup_py'
[0.500s] Level 1:colcon.colcon_core.package_identification:_identify(archives/strategy/config) by extensions ['ignore', 'ignore_ament_install']
[0.500s] Level 1:colcon.colcon_core.package_identification:_identify(archives/strategy/config) by extension 'ignore'
[0.500s] Level 1:colcon.colcon_core.package_identification:_identify(archives/strategy/config) by extension 'ignore_ament_install'
[0.500s] Level 1:colcon.colcon_core.package_identification:_identify(archives/strategy/config) by extensions ['colcon_pkg']
[0.500s] Level 1:colcon.colcon_core.package_identification:_identify(archives/strategy/config) by extension 'colcon_pkg'
[0.501s] Level 1:colcon.colcon_core.package_identification:_identify(archives/strategy/config) by extensions ['colcon_meta']
[0.501s] Level 1:colcon.colcon_core.package_identification:_identify(archives/strategy/config) by extension 'colcon_meta'
[0.501s] Level 1:colcon.colcon_core.package_identification:_identify(archives/strategy/config) by extensions ['ros']
[0.501s] Level 1:colcon.colcon_core.package_identification:_identify(archives/strategy/config) by extension 'ros'
[0.501s] Level 1:colcon.colcon_core.package_identification:_identify(archives/strategy/config) by extensions ['cmake', 'python']
[0.501s] Level 1:colcon.colcon_core.package_identification:_identify(archives/strategy/config) by extension 'cmake'
[0.501s] Level 1:colcon.colcon_core.package_identification:_identify(archives/strategy/config) by extension 'python'
[0.501s] Level 1:colcon.colcon_core.package_identification:_identify(archives/strategy/config) by extensions ['python_setup_py']
[0.501s] Level 1:colcon.colcon_core.package_identification:_identify(archives/strategy/config) by extension 'python_setup_py'
[0.501s] Level 1:colcon.colcon_core.package_identification:_identify(archives/strategy/launch) by extensions ['ignore', 'ignore_ament_install']
[0.501s] Level 1:colcon.colcon_core.package_identification:_identify(archives/strategy/launch) by extension 'ignore'
[0.501s] Level 1:colcon.colcon_core.package_identification:_identify(archives/strategy/launch) by extension 'ignore_ament_install'
[0.501s] Level 1:colcon.colcon_core.package_identification:_identify(archives/strategy/launch) by extensions ['colcon_pkg']
[0.501s] Level 1:colcon.colcon_core.package_identification:_identify(archives/strategy/launch) by extension 'colcon_pkg'
[0.501s] Level 1:colcon.colcon_core.package_identification:_identify(archives/strategy/launch) by extensions ['colcon_meta']
[0.501s] Level 1:colcon.colcon_core.package_identification:_identify(archives/strategy/launch) by extension 'colcon_meta'
[0.501s] Level 1:colcon.colcon_core.package_identification:_identify(archives/strategy/launch) by extensions ['ros']
[0.501s] Level 1:colcon.colcon_core.package_identification:_identify(archives/strategy/launch) by extension 'ros'
[0.501s] Level 1:colcon.colcon_core.package_identification:_identify(archives/strategy/launch) by extensions ['cmake', 'python']
[0.501s] Level 1:colcon.colcon_core.package_identification:_identify(archives/strategy/launch) by extension 'cmake'
[0.501s] Level 1:colcon.colcon_core.package_identification:_identify(archives/strategy/launch) by extension 'python'
[0.501s] Level 1:colcon.colcon_core.package_identification:_identify(archives/strategy/launch) by extensions ['python_setup_py']
[0.502s] Level 1:colcon.colcon_core.package_identification:_identify(archives/strategy/launch) by extension 'python_setup_py'
[0.502s] Level 1:colcon.colcon_core.package_identification:_identify(archives/strategy/resource) by extensions ['ignore', 'ignore_ament_install']
[0.502s] Level 1:colcon.colcon_core.package_identification:_identify(archives/strategy/resource) by extension 'ignore'
[0.502s] Level 1:colcon.colcon_core.package_identification:_identify(archives/strategy/resource) by extension 'ignore_ament_install'
[0.502s] Level 1:colcon.colcon_core.package_identification:_identify(archives/strategy/resource) by extensions ['colcon_pkg']
[0.502s] Level 1:colcon.colcon_core.package_identification:_identify(archives/strategy/resource) by extension 'colcon_pkg'
[0.502s] Level 1:colcon.colcon_core.package_identification:_identify(archives/strategy/resource) by extensions ['colcon_meta']
[0.502s] Level 1:colcon.colcon_core.package_identification:_identify(archives/strategy/resource) by extension 'colcon_meta'
[0.502s] Level 1:colcon.colcon_core.package_identification:_identify(archives/strategy/resource) by extensions ['ros']
[0.502s] Level 1:colcon.colcon_core.package_identification:_identify(archives/strategy/resource) by extension 'ros'
[0.502s] Level 1:colcon.colcon_core.package_identification:_identify(archives/strategy/resource) by extensions ['cmake', 'python']
[0.502s] Level 1:colcon.colcon_core.package_identification:_identify(archives/strategy/resource) by extension 'cmake'
[0.502s] Level 1:colcon.colcon_core.package_identification:_identify(archives/strategy/resource) by extension 'python'
[0.502s] Level 1:colcon.colcon_core.package_identification:_identify(archives/strategy/resource) by extensions ['python_setup_py']
[0.502s] Level 1:colcon.colcon_core.package_identification:_identify(archives/strategy/resource) by extension 'python_setup_py'
[0.502s] Level 1:colcon.colcon_core.package_identification:_identify(archives/strategy/strategy) by extensions ['ignore', 'ignore_ament_install']
[0.502s] Level 1:colcon.colcon_core.package_identification:_identify(archives/strategy/strategy) by extension 'ignore'
[0.502s] Level 1:colcon.colcon_core.package_identification:_identify(archives/strategy/strategy) by extension 'ignore_ament_install'
[0.502s] Level 1:colcon.colcon_core.package_identification:_identify(archives/strategy/strategy) by extensions ['colcon_pkg']
[0.502s] Level 1:colcon.colcon_core.package_identification:_identify(archives/strategy/strategy) by extension 'colcon_pkg'
[0.502s] Level 1:colcon.colcon_core.package_identification:_identify(archives/strategy/strategy) by extensions ['colcon_meta']
[0.503s] Level 1:colcon.colcon_core.package_identification:_identify(archives/strategy/strategy) by extension 'colcon_meta'
[0.503s] Level 1:colcon.colcon_core.package_identification:_identify(archives/strategy/strategy) by extensions ['ros']
[0.503s] Level 1:colcon.colcon_core.package_identification:_identify(archives/strategy/strategy) by extension 'ros'
[0.503s] Level 1:colcon.colcon_core.package_identification:_identify(archives/strategy/strategy) by extensions ['cmake', 'python']
[0.503s] Level 1:colcon.colcon_core.package_identification:_identify(archives/strategy/strategy) by extension 'cmake'
[0.503s] Level 1:colcon.colcon_core.package_identification:_identify(archives/strategy/strategy) by extension 'python'
[0.503s] Level 1:colcon.colcon_core.package_identification:_identify(archives/strategy/strategy) by extensions ['python_setup_py']
[0.503s] Level 1:colcon.colcon_core.package_identification:_identify(archives/strategy/strategy) by extension 'python_setup_py'
[0.503s] Level 1:colcon.colcon_core.package_identification:_identify(archives/strategy/test) by extensions ['ignore', 'ignore_ament_install']
[0.503s] Level 1:colcon.colcon_core.package_identification:_identify(archives/strategy/test) by extension 'ignore'
[0.503s] Level 1:colcon.colcon_core.package_identification:_identify(archives/strategy/test) by extension 'ignore_ament_install'
[0.503s] Level 1:colcon.colcon_core.package_identification:_identify(archives/strategy/test) by extensions ['colcon_pkg']
[0.503s] Level 1:colcon.colcon_core.package_identification:_identify(archives/strategy/test) by extension 'colcon_pkg'
[0.503s] Level 1:colcon.colcon_core.package_identification:_identify(archives/strategy/test) by extensions ['colcon_meta']
[0.503s] Level 1:colcon.colcon_core.package_identification:_identify(archives/strategy/test) by extension 'colcon_meta'
[0.503s] Level 1:colcon.colcon_core.package_identification:_identify(archives/strategy/test) by extensions ['ros']
[0.503s] Level 1:colcon.colcon_core.package_identification:_identify(archives/strategy/test) by extension 'ros'
[0.503s] Level 1:colcon.colcon_core.package_identification:_identify(archives/strategy/test) by extensions ['cmake', 'python']
[0.503s] Level 1:colcon.colcon_core.package_identification:_identify(archives/strategy/test) by extension 'cmake'
[0.503s] Level 1:colcon.colcon_core.package_identification:_identify(archives/strategy/test) by extension 'python'
[0.503s] Level 1:colcon.colcon_core.package_identification:_identify(archives/strategy/test) by extensions ['python_setup_py']
[0.503s] Level 1:colcon.colcon_core.package_identification:_identify(archives/strategy/test) by extension 'python_setup_py'
[0.503s] Level 1:colcon.colcon_core.package_identification:_identify(archives/timer) by extensions ['ignore', 'ignore_ament_install']
[0.504s] Level 1:colcon.colcon_core.package_identification:_identify(archives/timer) by extension 'ignore'
[0.504s] Level 1:colcon.colcon_core.package_identification:_identify(archives/timer) by extension 'ignore_ament_install'
[0.504s] Level 1:colcon.colcon_core.package_identification:_identify(archives/timer) by extensions ['colcon_pkg']
[0.504s] Level 1:colcon.colcon_core.package_identification:_identify(archives/timer) by extension 'colcon_pkg'
[0.504s] Level 1:colcon.colcon_core.package_identification:_identify(archives/timer) by extensions ['colcon_meta']
[0.504s] Level 1:colcon.colcon_core.package_identification:_identify(archives/timer) by extension 'colcon_meta'
[0.504s] Level 1:colcon.colcon_core.package_identification:_identify(archives/timer) by extensions ['ros']
[0.504s] Level 1:colcon.colcon_core.package_identification:_identify(archives/timer) by extension 'ros'
[0.504s] Level 1:colcon.colcon_core.package_identification:_identify(archives/timer) by extensions ['cmake', 'python']
[0.504s] Level 1:colcon.colcon_core.package_identification:_identify(archives/timer) by extension 'cmake'
[0.504s] Level 1:colcon.colcon_core.package_identification:_identify(archives/timer) by extension 'python'
[0.504s] Level 1:colcon.colcon_core.package_identification:_identify(archives/timer) by extensions ['python_setup_py']
[0.504s] Level 1:colcon.colcon_core.package_identification:_identify(archives/timer) by extension 'python_setup_py'
[0.504s] Level 1:colcon.colcon_core.package_identification:_identify(archives/timer/config) by extensions ['ignore', 'ignore_ament_install']
[0.504s] Level 1:colcon.colcon_core.package_identification:_identify(archives/timer/config) by extension 'ignore'
[0.504s] Level 1:colcon.colcon_core.package_identification:_identify(archives/timer/config) by extension 'ignore_ament_install'
[0.504s] Level 1:colcon.colcon_core.package_identification:_identify(archives/timer/config) by extensions ['colcon_pkg']
[0.504s] Level 1:colcon.colcon_core.package_identification:_identify(archives/timer/config) by extension 'colcon_pkg'
[0.504s] Level 1:colcon.colcon_core.package_identification:_identify(archives/timer/config) by extensions ['colcon_meta']
[0.505s] Level 1:colcon.colcon_core.package_identification:_identify(archives/timer/config) by extension 'colcon_meta'
[0.505s] Level 1:colcon.colcon_core.package_identification:_identify(archives/timer/config) by extensions ['ros']
[0.505s] Level 1:colcon.colcon_core.package_identification:_identify(archives/timer/config) by extension 'ros'
[0.505s] Level 1:colcon.colcon_core.package_identification:_identify(archives/timer/config) by extensions ['cmake', 'python']
[0.505s] Level 1:colcon.colcon_core.package_identification:_identify(archives/timer/config) by extension 'cmake'
[0.505s] Level 1:colcon.colcon_core.package_identification:_identify(archives/timer/config) by extension 'python'
[0.505s] Level 1:colcon.colcon_core.package_identification:_identify(archives/timer/config) by extensions ['python_setup_py']
[0.505s] Level 1:colcon.colcon_core.package_identification:_identify(archives/timer/config) by extension 'python_setup_py'
[0.505s] Level 1:colcon.colcon_core.package_identification:_identify(archives/timer/resource) by extensions ['ignore', 'ignore_ament_install']
[0.505s] Level 1:colcon.colcon_core.package_identification:_identify(archives/timer/resource) by extension 'ignore'
[0.505s] Level 1:colcon.colcon_core.package_identification:_identify(archives/timer/resource) by extension 'ignore_ament_install'
[0.505s] Level 1:colcon.colcon_core.package_identification:_identify(archives/timer/resource) by extensions ['colcon_pkg']
[0.505s] Level 1:colcon.colcon_core.package_identification:_identify(archives/timer/resource) by extension 'colcon_pkg'
[0.505s] Level 1:colcon.colcon_core.package_identification:_identify(archives/timer/resource) by extensions ['colcon_meta']
[0.505s] Level 1:colcon.colcon_core.package_identification:_identify(archives/timer/resource) by extension 'colcon_meta'
[0.505s] Level 1:colcon.colcon_core.package_identification:_identify(archives/timer/resource) by extensions ['ros']
[0.505s] Level 1:colcon.colcon_core.package_identification:_identify(archives/timer/resource) by extension 'ros'
[0.505s] Level 1:colcon.colcon_core.package_identification:_identify(archives/timer/resource) by extensions ['cmake', 'python']
[0.505s] Level 1:colcon.colcon_core.package_identification:_identify(archives/timer/resource) by extension 'cmake'
[0.505s] Level 1:colcon.colcon_core.package_identification:_identify(archives/timer/resource) by extension 'python'
[0.506s] Level 1:colcon.colcon_core.package_identification:_identify(archives/timer/resource) by extensions ['python_setup_py']
[0.506s] Level 1:colcon.colcon_core.package_identification:_identify(archives/timer/resource) by extension 'python_setup_py'
[0.506s] Level 1:colcon.colcon_core.package_identification:_identify(archives/timer/test) by extensions ['ignore', 'ignore_ament_install']
[0.506s] Level 1:colcon.colcon_core.package_identification:_identify(archives/timer/test) by extension 'ignore'
[0.506s] Level 1:colcon.colcon_core.package_identification:_identify(archives/timer/test) by extension 'ignore_ament_install'
[0.506s] Level 1:colcon.colcon_core.package_identification:_identify(archives/timer/test) by extensions ['colcon_pkg']
[0.506s] Level 1:colcon.colcon_core.package_identification:_identify(archives/timer/test) by extension 'colcon_pkg'
[0.506s] Level 1:colcon.colcon_core.package_identification:_identify(archives/timer/test) by extensions ['colcon_meta']
[0.506s] Level 1:colcon.colcon_core.package_identification:_identify(archives/timer/test) by extension 'colcon_meta'
[0.506s] Level 1:colcon.colcon_core.package_identification:_identify(archives/timer/test) by extensions ['ros']
[0.506s] Level 1:colcon.colcon_core.package_identification:_identify(archives/timer/test) by extension 'ros'
[0.506s] Level 1:colcon.colcon_core.package_identification:_identify(archives/timer/test) by extensions ['cmake', 'python']
[0.506s] Level 1:colcon.colcon_core.package_identification:_identify(archives/timer/test) by extension 'cmake'
[0.506s] Level 1:colcon.colcon_core.package_identification:_identify(archives/timer/test) by extension 'python'
[0.506s] Level 1:colcon.colcon_core.package_identification:_identify(archives/timer/test) by extensions ['python_setup_py']
[0.506s] Level 1:colcon.colcon_core.package_identification:_identify(archives/timer/test) by extension 'python_setup_py'
[0.506s] Level 1:colcon.colcon_core.package_identification:_identify(archives/timer/timer) by extensions ['ignore', 'ignore_ament_install']
[0.506s] Level 1:colcon.colcon_core.package_identification:_identify(archives/timer/timer) by extension 'ignore'
[0.506s] Level 1:colcon.colcon_core.package_identification:_identify(archives/timer/timer) by extension 'ignore_ament_install'
[0.507s] Level 1:colcon.colcon_core.package_identification:_identify(archives/timer/timer) by extensions ['colcon_pkg']
[0.507s] Level 1:colcon.colcon_core.package_identification:_identify(archives/timer/timer) by extension 'colcon_pkg'
[0.507s] Level 1:colcon.colcon_core.package_identification:_identify(archives/timer/timer) by extensions ['colcon_meta']
[0.507s] Level 1:colcon.colcon_core.package_identification:_identify(archives/timer/timer) by extension 'colcon_meta'
[0.507s] Level 1:colcon.colcon_core.package_identification:_identify(archives/timer/timer) by extensions ['ros']
[0.507s] Level 1:colcon.colcon_core.package_identification:_identify(archives/timer/timer) by extension 'ros'
[0.507s] Level 1:colcon.colcon_core.package_identification:_identify(archives/timer/timer) by extensions ['cmake', 'python']
[0.507s] Level 1:colcon.colcon_core.package_identification:_identify(archives/timer/timer) by extension 'cmake'
[0.507s] Level 1:colcon.colcon_core.package_identification:_identify(archives/timer/timer) by extension 'python'
[0.507s] Level 1:colcon.colcon_core.package_identification:_identify(archives/timer/timer) by extensions ['python_setup_py']
[0.507s] Level 1:colcon.colcon_core.package_identification:_identify(archives/timer/timer) by extension 'python_setup_py'
[0.507s] Level 1:colcon.colcon_core.package_identification:_identify(build) by extensions ['ignore', 'ignore_ament_install']
[0.507s] Level 1:colcon.colcon_core.package_identification:_identify(build) by extension 'ignore'
[0.507s] Level 1:colcon.colcon_core.package_identification:_identify(build) ignored
[0.507s] Level 1:colcon.colcon_core.package_identification:_identify(install) by extensions ['ignore', 'ignore_ament_install']
[0.507s] Level 1:colcon.colcon_core.package_identification:_identify(install) by extension 'ignore'
[0.508s] Level 1:colcon.colcon_core.package_identification:_identify(install) ignored
[0.508s] Level 1:colcon.colcon_core.package_identification:_identify(log) by extensions ['ignore', 'ignore_ament_install']
[0.508s] Level 1:colcon.colcon_core.package_identification:_identify(log) by extension 'ignore'
[0.508s] Level 1:colcon.colcon_core.package_identification:_identify(log) ignored
[0.508s] Level 1:colcon.colcon_core.package_identification:_identify(src) by extensions ['ignore', 'ignore_ament_install']
[0.508s] Level 1:colcon.colcon_core.package_identification:_identify(src) by extension 'ignore'
[0.508s] Level 1:colcon.colcon_core.package_identification:_identify(src) by extension 'ignore_ament_install'
[0.508s] Level 1:colcon.colcon_core.package_identification:_identify(src) by extensions ['colcon_pkg']
[0.508s] Level 1:colcon.colcon_core.package_identification:_identify(src) by extension 'colcon_pkg'
[0.508s] Level 1:colcon.colcon_core.package_identification:_identify(src) by extensions ['colcon_meta']
[0.508s] Level 1:colcon.colcon_core.package_identification:_identify(src) by extension 'colcon_meta'
[0.508s] Level 1:colcon.colcon_core.package_identification:_identify(src) by extensions ['ros']
[0.508s] Level 1:colcon.colcon_core.package_identification:_identify(src) by extension 'ros'
[0.508s] Level 1:colcon.colcon_core.package_identification:_identify(src) by extensions ['cmake', 'python']
[0.508s] Level 1:colcon.colcon_core.package_identification:_identify(src) by extension 'cmake'
[0.508s] Level 1:colcon.colcon_core.package_identification:_identify(src) by extension 'python'
[0.508s] Level 1:colcon.colcon_core.package_identification:_identify(src) by extensions ['python_setup_py']
[0.508s] Level 1:colcon.colcon_core.package_identification:_identify(src) by extension 'python_setup_py'
[0.509s] Level 1:colcon.colcon_core.package_identification:_identify(src/AEB) by extensions ['ignore', 'ignore_ament_install']
[0.509s] Level 1:colcon.colcon_core.package_identification:_identify(src/AEB) by extension 'ignore'
[0.509s] Level 1:colcon.colcon_core.package_identification:_identify(src/AEB) by extension 'ignore_ament_install'
[0.509s] Level 1:colcon.colcon_core.package_identification:_identify(src/AEB) by extensions ['colcon_pkg']
[0.509s] Level 1:colcon.colcon_core.package_identification:_identify(src/AEB) by extension 'colcon_pkg'
[0.509s] Level 1:colcon.colcon_core.package_identification:_identify(src/AEB) by extensions ['colcon_meta']
[0.509s] Level 1:colcon.colcon_core.package_identification:_identify(src/AEB) by extension 'colcon_meta'
[0.509s] Level 1:colcon.colcon_core.package_identification:_identify(src/AEB) by extensions ['ros']
[0.509s] Level 1:colcon.colcon_core.package_identification:_identify(src/AEB) by extension 'ros'
[0.511s] DEBUG:colcon.colcon_core.package_identification:Package 'src/AEB' with type 'ros.ament_python' and name 'AEB'
[0.512s] Level 1:colcon.colcon_core.package_identification:_identify(src/Mapping) by extensions ['ignore', 'ignore_ament_install']
[0.512s] Level 1:colcon.colcon_core.package_identification:_identify(src/Mapping) by extension 'ignore'
[0.512s] Level 1:colcon.colcon_core.package_identification:_identify(src/Mapping) by extension 'ignore_ament_install'
[0.512s] Level 1:colcon.colcon_core.package_identification:_identify(src/Mapping) by extensions ['colcon_pkg']
[0.512s] Level 1:colcon.colcon_core.package_identification:_identify(src/Mapping) by extension 'colcon_pkg'
[0.512s] Level 1:colcon.colcon_core.package_identification:_identify(src/Mapping) by extensions ['colcon_meta']
[0.512s] Level 1:colcon.colcon_core.package_identification:_identify(src/Mapping) by extension 'colcon_meta'
[0.512s] Level 1:colcon.colcon_core.package_identification:_identify(src/Mapping) by extensions ['ros']
[0.512s] Level 1:colcon.colcon_core.package_identification:_identify(src/Mapping) by extension 'ros'
[0.514s] DEBUG:colcon.colcon_core.package_identification:Package 'src/Mapping' with type 'ros.ament_python' and name 'Mapping'
[0.514s] Level 1:colcon.colcon_core.package_identification:_identify(src/Planif) by extensions ['ignore', 'ignore_ament_install']
[0.514s] Level 1:colcon.colcon_core.package_identification:_identify(src/Planif) by extension 'ignore'
[0.514s] Level 1:colcon.colcon_core.package_identification:_identify(src/Planif) by extension 'ignore_ament_install'
[0.514s] Level 1:colcon.colcon_core.package_identification:_identify(src/Planif) by extensions ['colcon_pkg']
[0.514s] Level 1:colcon.colcon_core.package_identification:_identify(src/Planif) by extension 'colcon_pkg'
[0.514s] Level 1:colcon.colcon_core.package_identification:_identify(src/Planif) by extensions ['colcon_meta']
[0.514s] Level 1:colcon.colcon_core.package_identification:_identify(src/Planif) by extension 'colcon_meta'
[0.514s] Level 1:colcon.colcon_core.package_identification:_identify(src/Planif) by extensions ['ros']
[0.515s] Level 1:colcon.colcon_core.package_identification:_identify(src/Planif) by extension 'ros'
[0.515s] DEBUG:colcon.colcon_core.package_identification:Package 'src/Planif' with type 'ros.ament_python' and name 'Planif'
[0.515s] Level 1:colcon.colcon_core.package_identification:_identify(src/Simple_algo) by extensions ['ignore', 'ignore_ament_install']
[0.515s] Level 1:colcon.colcon_core.package_identification:_identify(src/Simple_algo) by extension 'ignore'
[0.515s] Level 1:colcon.colcon_core.package_identification:_identify(src/Simple_algo) by extension 'ignore_ament_install'
[0.515s] Level 1:colcon.colcon_core.package_identification:_identify(src/Simple_algo) by extensions ['colcon_pkg']
[0.515s] Level 1:colcon.colcon_core.package_identification:_identify(src/Simple_algo) by extension 'colcon_pkg'
[0.516s] Level 1:colcon.colcon_core.package_identification:_identify(src/Simple_algo) by extensions ['colcon_meta']
[0.516s] Level 1:colcon.colcon_core.package_identification:_identify(src/Simple_algo) by extension 'colcon_meta'
[0.516s] Level 1:colcon.colcon_core.package_identification:_identify(src/Simple_algo) by extensions ['ros']
[0.516s] Level 1:colcon.colcon_core.package_identification:_identify(src/Simple_algo) by extension 'ros'
[0.516s] DEBUG:colcon.colcon_core.package_identification:Package 'src/Simple_algo' with type 'ros.ament_python' and name 'Simple_algo'
[0.516s] Level 1:colcon.colcon_core.package_identification:_identify(src/Waypoints) by extensions ['ignore', 'ignore_ament_install']
[0.517s] Level 1:colcon.colcon_core.package_identification:_identify(src/Waypoints) by extension 'ignore'
[0.517s] Level 1:colcon.colcon_core.package_identification:_identify(src/Waypoints) by extension 'ignore_ament_install'
[0.517s] Level 1:colcon.colcon_core.package_identification:_identify(src/Waypoints) by extensions ['colcon_pkg']
[0.517s] Level 1:colcon.colcon_core.package_identification:_identify(src/Waypoints) by extension 'colcon_pkg'
[0.517s] Level 1:colcon.colcon_core.package_identification:_identify(src/Waypoints) by extensions ['colcon_meta']
[0.517s] Level 1:colcon.colcon_core.package_identification:_identify(src/Waypoints) by extension 'colcon_meta'
[0.517s] Level 1:colcon.colcon_core.package_identification:_identify(src/Waypoints) by extensions ['ros']
[0.517s] Level 1:colcon.colcon_core.package_identification:_identify(src/Waypoints) by extension 'ros'
[0.517s] DEBUG:colcon.colcon_core.package_identification:Package 'src/Waypoints' with type 'ros.ament_python' and name 'Waypoints'
[0.518s] Level 1:colcon.colcon_core.package_identification:_identify(src/custom_msgs) by extensions ['ignore', 'ignore_ament_install']
[0.518s] Level 1:colcon.colcon_core.package_identification:_identify(src/custom_msgs) by extension 'ignore'
[0.518s] Level 1:colcon.colcon_core.package_identification:_identify(src/custom_msgs) by extension 'ignore_ament_install'
[0.518s] Level 1:colcon.colcon_core.package_identification:_identify(src/custom_msgs) by extensions ['colcon_pkg']
[0.518s] Level 1:colcon.colcon_core.package_identification:_identify(src/custom_msgs) by extension 'colcon_pkg'
[0.518s] Level 1:colcon.colcon_core.package_identification:_identify(src/custom_msgs) by extensions ['colcon_meta']
[0.518s] Level 1:colcon.colcon_core.package_identification:_identify(src/custom_msgs) by extension 'colcon_meta'
[0.518s] Level 1:colcon.colcon_core.package_identification:_identify(src/custom_msgs) by extensions ['ros']
[0.518s] Level 1:colcon.colcon_core.package_identification:_identify(src/custom_msgs) by extension 'ros'
[0.519s] DEBUG:colcon.colcon_core.package_identification:Package 'src/custom_msgs' with type 'ros.ament_cmake' and name 'custom_msgs'
[0.519s] Level 1:colcon.colcon_core.package_identification:_identify(src/f1_localization) by extensions ['ignore', 'ignore_ament_install']
[0.519s] Level 1:colcon.colcon_core.package_identification:_identify(src/f1_localization) by extension 'ignore'
[0.519s] Level 1:colcon.colcon_core.package_identification:_identify(src/f1_localization) by extension 'ignore_ament_install'
[0.519s] Level 1:colcon.colcon_core.package_identification:_identify(src/f1_localization) by extensions ['colcon_pkg']
[0.519s] Level 1:colcon.colcon_core.package_identification:_identify(src/f1_localization) by extension 'colcon_pkg'
[0.519s] Level 1:colcon.colcon_core.package_identification:_identify(src/f1_localization) by extensions ['colcon_meta']
[0.519s] Level 1:colcon.colcon_core.package_identification:_identify(src/f1_localization) by extension 'colcon_meta'
[0.519s] Level 1:colcon.colcon_core.package_identification:_identify(src/f1_localization) by extensions ['ros']
[0.519s] Level 1:colcon.colcon_core.package_identification:_identify(src/f1_localization) by extension 'ros'
[0.520s] DEBUG:colcon.colcon_core.package_identification:Package 'src/f1_localization' with type 'ros.ament_cmake' and name 'f1_localization'
[0.520s] Level 1:colcon.colcon_core.package_identification:_identify(src/f1tenth_gym_ros) by extensions ['ignore', 'ignore_ament_install']
[0.520s] Level 1:colcon.colcon_core.package_identification:_identify(src/f1tenth_gym_ros) by extension 'ignore'
[0.520s] Level 1:colcon.colcon_core.package_identification:_identify(src/f1tenth_gym_ros) by extension 'ignore_ament_install'
[0.520s] Level 1:colcon.colcon_core.package_identification:_identify(src/f1tenth_gym_ros) by extensions ['colcon_pkg']
[0.520s] Level 1:colcon.colcon_core.package_identification:_identify(src/f1tenth_gym_ros) by extension 'colcon_pkg'
[0.520s] Level 1:colcon.colcon_core.package_identification:_identify(src/f1tenth_gym_ros) by extensions ['colcon_meta']
[0.520s] Level 1:colcon.colcon_core.package_identification:_identify(src/f1tenth_gym_ros) by extension 'colcon_meta'
[0.521s] Level 1:colcon.colcon_core.package_identification:_identify(src/f1tenth_gym_ros) by extensions ['ros']
[0.521s] Level 1:colcon.colcon_core.package_identification:_identify(src/f1tenth_gym_ros) by extension 'ros'
[0.521s] DEBUG:colcon.colcon_core.package_identification:Package 'src/f1tenth_gym_ros' with type 'ros.ament_python' and name 'f1tenth_gym_ros'
[0.521s] Level 1:colcon.colcon_core.package_identification:_identify(src/f1tenth_system) by extensions ['ignore', 'ignore_ament_install']
[0.521s] Level 1:colcon.colcon_core.package_identification:_identify(src/f1tenth_system) by extension 'ignore'
[0.521s] Level 1:colcon.colcon_core.package_identification:_identify(src/f1tenth_system) ignored
[0.522s] Level 1:colcon.colcon_core.package_identification:_identify(src/localisation) by extensions ['ignore', 'ignore_ament_install']
[0.522s] Level 1:colcon.colcon_core.package_identification:_identify(src/localisation) by extension 'ignore'
[0.522s] Level 1:colcon.colcon_core.package_identification:_identify(src/localisation) by extension 'ignore_ament_install'
[0.522s] Level 1:colcon.colcon_core.package_identification:_identify(src/localisation) by extensions ['colcon_pkg']
[0.522s] Level 1:colcon.colcon_core.package_identification:_identify(src/localisation) by extension 'colcon_pkg'
[0.522s] Level 1:colcon.colcon_core.package_identification:_identify(src/localisation) by extensions ['colcon_meta']
[0.522s] Level 1:colcon.colcon_core.package_identification:_identify(src/localisation) by extension 'colcon_meta'
[0.522s] Level 1:colcon.colcon_core.package_identification:_identify(src/localisation) by extensions ['ros']
[0.522s] Level 1:colcon.colcon_core.package_identification:_identify(src/localisation) by extension 'ros'
[0.522s] DEBUG:colcon.colcon_core.package_identification:Package 'src/localisation' with type 'ros.ament_python' and name 'localisation'
[0.523s] Level 1:colcon.colcon_core.package_identification:_identify(src/strategy) by extensions ['ignore', 'ignore_ament_install']
[0.523s] Level 1:colcon.colcon_core.package_identification:_identify(src/strategy) by extension 'ignore'
[0.523s] Level 1:colcon.colcon_core.package_identification:_identify(src/strategy) by extension 'ignore_ament_install'
[0.523s] Level 1:colcon.colcon_core.package_identification:_identify(src/strategy) by extensions ['colcon_pkg']
[0.523s] Level 1:colcon.colcon_core.package_identification:_identify(src/strategy) by extension 'colcon_pkg'
[0.523s] Level 1:colcon.colcon_core.package_identification:_identify(src/strategy) by extensions ['colcon_meta']
[0.523s] Level 1:colcon.colcon_core.package_identification:_identify(src/strategy) by extension 'colcon_meta'
[0.523s] Level 1:colcon.colcon_core.package_identification:_identify(src/strategy) by extensions ['ros']
[0.523s] Level 1:colcon.colcon_core.package_identification:_identify(src/strategy) by extension 'ros'
[0.523s] DEBUG:colcon.colcon_core.package_identification:Package 'src/strategy' with type 'ros.ament_python' and name 'strategy'
[0.524s] Level 1:colcon.colcon_core.package_identification:_identify(src/timer) by extensions ['ignore', 'ignore_ament_install']
[0.524s] Level 1:colcon.colcon_core.package_identification:_identify(src/timer) by extension 'ignore'
[0.524s] Level 1:colcon.colcon_core.package_identification:_identify(src/timer) by extension 'ignore_ament_install'
[0.524s] Level 1:colcon.colcon_core.package_identification:_identify(src/timer) by extensions ['colcon_pkg']
[0.524s] Level 1:colcon.colcon_core.package_identification:_identify(src/timer) by extension 'colcon_pkg'
[0.524s] Level 1:colcon.colcon_core.package_identification:_identify(src/timer) by extensions ['colcon_meta']
[0.524s] Level 1:colcon.colcon_core.package_identification:_identify(src/timer) by extension 'colcon_meta'
[0.524s] Level 1:colcon.colcon_core.package_identification:_identify(src/timer) by extensions ['ros']
[0.524s] Level 1:colcon.colcon_core.package_identification:_identify(src/timer) by extension 'ros'
[0.525s] DEBUG:colcon.colcon_core.package_identification:Package 'src/timer' with type 'ros.ament_python' and name 'timer'
[0.525s] Level 1:colcon.colcon_core.package_discovery:discover_packages(recursive) using defaults
[0.525s] Level 1:colcon.colcon_core.package_discovery:discover_packages(ignore) discover
[0.525s] Level 1:colcon.colcon_core.package_discovery:discover_packages(ignore) using defaults
[0.525s] Level 1:colcon.colcon_core.package_discovery:discover_packages(path) discover
[0.526s] Level 1:colcon.colcon_core.package_discovery:discover_packages(path) using defaults
[0.570s] Level 1:colcon.colcon_core.package_discovery:discover_packages(prefix_path) check parameters
[0.570s] Level 1:colcon.colcon_core.package_discovery:discover_packages(prefix_path) discover
[0.573s] DEBUG:colcon.colcon_installed_package_information.package_discovery:Found 10 installed packages in /home/etdisc/depots/f1tenth/sim_ws/install
[0.573s] DEBUG:colcon.colcon_installed_package_information.package_discovery:Found 10 installed packages in /home/etdisc/Desktop/sim_ws/install
[0.576s] DEBUG:colcon.colcon_installed_package_information.package_discovery:Found 300 installed packages in /opt/ros/galactic
[0.579s] Level 1:colcon.colcon_core.package_discovery:discover_packages(prefix_path) using defaults
[0.658s] Level 5:colcon.colcon_core.verb:set package 'AEB' build argument 'cmake_args' from command line to 'None'
[0.658s] Level 5:colcon.colcon_core.verb:set package 'AEB' build argument 'cmake_target' from command line to 'None'
[0.658s] Level 5:colcon.colcon_core.verb:set package 'AEB' build argument 'cmake_target_skip_unavailable' from command line to 'False'
[0.658s] Level 5:colcon.colcon_core.verb:set package 'AEB' build argument 'cmake_clean_cache' from command line to 'False'
[0.658s] Level 5:colcon.colcon_core.verb:set package 'AEB' build argument 'cmake_clean_first' from command line to 'False'
[0.658s] Level 5:colcon.colcon_core.verb:set package 'AEB' build argument 'cmake_force_configure' from command line to 'False'
[0.658s] Level 5:colcon.colcon_core.verb:set package 'AEB' build argument 'ament_cmake_args' from command line to 'None'
[0.658s] Level 5:colcon.colcon_core.verb:set package 'AEB' build argument 'catkin_cmake_args' from command line to 'None'
[0.658s] Level 5:colcon.colcon_core.verb:set package 'AEB' build argument 'catkin_skip_building_tests' from command line to 'False'
[0.658s] DEBUG:colcon.colcon_core.verb:Building package 'AEB' with the following arguments: {'ament_cmake_args': None, 'build_base': '/home/etdisc/Bureau/codef1tenth/build/AEB', 'catkin_cmake_args': None, 'catkin_skip_building_tests': False, 'cmake_args': None, 'cmake_clean_cache': False, 'cmake_clean_first': False, 'cmake_force_configure': False, 'cmake_target': None, 'cmake_target_skip_unavailable': False, 'install_base': '/home/etdisc/Bureau/codef1tenth/install/AEB', 'merge_install': False, 'path': '/home/etdisc/Bureau/codef1tenth/src/AEB', 'symlink_install': False, 'test_result_base': None}
[0.659s] Level 5:colcon.colcon_core.verb:set package 'Mapping' build argument 'cmake_args' from command line to 'None'
[0.659s] Level 5:colcon.colcon_core.verb:set package 'Mapping' build argument 'cmake_target' from command line to 'None'
[0.659s] Level 5:colcon.colcon_core.verb:set package 'Mapping' build argument 'cmake_target_skip_unavailable' from command line to 'False'
[0.659s] Level 5:colcon.colcon_core.verb:set package 'Mapping' build argument 'cmake_clean_cache' from command line to 'False'
[0.659s] Level 5:colcon.colcon_core.verb:set package 'Mapping' build argument 'cmake_clean_first' from command line to 'False'
[0.659s] Level 5:colcon.colcon_core.verb:set package 'Mapping' build argument 'cmake_force_configure' from command line to 'False'
[0.659s] Level 5:colcon.colcon_core.verb:set package 'Mapping' build argument 'ament_cmake_args' from command line to 'None'
[0.659s] Level 5:colcon.colcon_core.verb:set package 'Mapping' build argument 'catkin_cmake_args' from command line to 'None'
[0.659s] Level 5:colcon.colcon_core.verb:set package 'Mapping' build argument 'catkin_skip_building_tests' from command line to 'False'
[0.659s] DEBUG:colcon.colcon_core.verb:Building package 'Mapping' with the following arguments: {'ament_cmake_args': None, 'build_base': '/home/etdisc/Bureau/codef1tenth/build/Mapping', 'catkin_cmake_args': None, 'catkin_skip_building_tests': False, 'cmake_args': None, 'cmake_clean_cache': False, 'cmake_clean_first': False, 'cmake_force_configure': False, 'cmake_target': None, 'cmake_target_skip_unavailable': False, 'install_base': '/home/etdisc/Bureau/codef1tenth/install/Mapping', 'merge_install': False, 'path': '/home/etdisc/Bureau/codef1tenth/src/Mapping', 'symlink_install': False, 'test_result_base': None}
[0.659s] Level 5:colcon.colcon_core.verb:set package 'Planif' build argument 'cmake_args' from command line to 'None'
[0.659s] Level 5:colcon.colcon_core.verb:set package 'Planif' build argument 'cmake_target' from command line to 'None'
[0.659s] Level 5:colcon.colcon_core.verb:set package 'Planif' build argument 'cmake_target_skip_unavailable' from command line to 'False'
[0.659s] Level 5:colcon.colcon_core.verb:set package 'Planif' build argument 'cmake_clean_cache' from command line to 'False'
[0.659s] Level 5:colcon.colcon_core.verb:set package 'Planif' build argument 'cmake_clean_first' from command line to 'False'
[0.659s] Level 5:colcon.colcon_core.verb:set package 'Planif' build argument 'cmake_force_configure' from command line to 'False'
[0.659s] Level 5:colcon.colcon_core.verb:set package 'Planif' build argument 'ament_cmake_args' from command line to 'None'
[0.659s] Level 5:colcon.colcon_core.verb:set package 'Planif' build argument 'catkin_cmake_args' from command line to 'None'
[0.659s] Level 5:colcon.colcon_core.verb:set package 'Planif' build argument 'catkin_skip_building_tests' from command line to 'False'
[0.659s] DEBUG:colcon.colcon_core.verb:Building package 'Planif' with the following arguments: {'ament_cmake_args': None, 'build_base': '/home/etdisc/Bureau/codef1tenth/build/Planif', 'catkin_cmake_args': None, 'catkin_skip_building_tests': False, 'cmake_args': None, 'cmake_clean_cache': False, 'cmake_clean_first': False, 'cmake_force_configure': False, 'cmake_target': None, 'cmake_target_skip_unavailable': False, 'install_base': '/home/etdisc/Bureau/codef1tenth/install/Planif', 'merge_install': False, 'path': '/home/etdisc/Bureau/codef1tenth/src/Planif', 'symlink_install': False, 'test_result_base': None}
[0.660s] Level 5:colcon.colcon_core.verb:set package 'Simple_algo' build argument 'cmake_args' from command line to 'None'
[0.660s] Level 5:colcon.colcon_core.verb:set package 'Simple_algo' build argument 'cmake_target' from command line to 'None'
[0.660s] Level 5:colcon.colcon_core.verb:set package 'Simple_algo' build argument 'cmake_target_skip_unavailable' from command line to 'False'
[0.660s] Level 5:colcon.colcon_core.verb:set package 'Simple_algo' build argument 'cmake_clean_cache' from command line to 'False'
[0.660s] Level 5:colcon.colcon_core.verb:set package 'Simple_algo' build argument 'cmake_clean_first' from command line to 'False'
[0.660s] Level 5:colcon.colcon_core.verb:set package 'Simple_algo' build argument 'cmake_force_configure' from command line to 'False'
[0.660s] Level 5:colcon.colcon_core.verb:set package 'Simple_algo' build argument 'ament_cmake_args' from command line to 'None'
[0.660s] Level 5:colcon.colcon_core.verb:set package 'Simple_algo' build argument 'catkin_cmake_args' from command line to 'None'
[0.660s] Level 5:colcon.colcon_core.verb:set package 'Simple_algo' build argument 'catkin_skip_building_tests' from command line to 'False'
[0.660s] DEBUG:colcon.colcon_core.verb:Building package 'Simple_algo' with the following arguments: {'ament_cmake_args': None, 'build_base': '/home/etdisc/Bureau/codef1tenth/build/Simple_algo', 'catkin_cmake_args': None, 'catkin_skip_building_tests': False, 'cmake_args': None, 'cmake_clean_cache': False, 'cmake_clean_first': False, 'cmake_force_configure': False, 'cmake_target': None, 'cmake_target_skip_unavailable': False, 'install_base': '/home/etdisc/Bureau/codef1tenth/install/Simple_algo', 'merge_install': False, 'path': '/home/etdisc/Bureau/codef1tenth/src/Simple_algo', 'symlink_install': False, 'test_result_base': None}
[0.660s] Level 5:colcon.colcon_core.verb:set package 'Waypoints' build argument 'cmake_args' from command line to 'None'
[0.660s] Level 5:colcon.colcon_core.verb:set package 'Waypoints' build argument 'cmake_target' from command line to 'None'
[0.660s] Level 5:colcon.colcon_core.verb:set package 'Waypoints' build argument 'cmake_target_skip_unavailable' from command line to 'False'
[0.660s] Level 5:colcon.colcon_core.verb:set package 'Waypoints' build argument 'cmake_clean_cache' from command line to 'False'
[0.660s] Level 5:colcon.colcon_core.verb:set package 'Waypoints' build argument 'cmake_clean_first' from command line to 'False'
[0.660s] Level 5:colcon.colcon_core.verb:set package 'Waypoints' build argument 'cmake_force_configure' from command line to 'False'
[0.660s] Level 5:colcon.colcon_core.verb:set package 'Waypoints' build argument 'ament_cmake_args' from command line to 'None'
[0.660s] Level 5:colcon.colcon_core.verb:set package 'Waypoints' build argument 'catkin_cmake_args' from command line to 'None'
[0.660s] Level 5:colcon.colcon_core.verb:set package 'Waypoints' build argument 'catkin_skip_building_tests' from command line to 'False'
[0.660s] DEBUG:colcon.colcon_core.verb:Building package 'Waypoints' with the following arguments: {'ament_cmake_args': None, 'build_base': '/home/etdisc/Bureau/codef1tenth/build/Waypoints', 'catkin_cmake_args': None, 'catkin_skip_building_tests': False, 'cmake_args': None, 'cmake_clean_cache': False, 'cmake_clean_first': False, 'cmake_force_configure': False, 'cmake_target': None, 'cmake_target_skip_unavailable': False, 'install_base': '/home/etdisc/Bureau/codef1tenth/install/Waypoints', 'merge_install': False, 'path': '/home/etdisc/Bureau/codef1tenth/src/Waypoints', 'symlink_install': False, 'test_result_base': None}
[0.661s] Level 5:colcon.colcon_core.verb:set package 'custom_msgs' build argument 'cmake_args' from command line to 'None'
[0.661s] Level 5:colcon.colcon_core.verb:set package 'custom_msgs' build argument 'cmake_target' from command line to 'None'
[0.661s] Level 5:colcon.colcon_core.verb:set package 'custom_msgs' build argument 'cmake_target_skip_unavailable' from command line to 'False'
[0.661s] Level 5:colcon.colcon_core.verb:set package 'custom_msgs' build argument 'cmake_clean_cache' from command line to 'False'
[0.661s] Level 5:colcon.colcon_core.verb:set package 'custom_msgs' build argument 'cmake_clean_first' from command line to 'False'
[0.661s] Level 5:colcon.colcon_core.verb:set package 'custom_msgs' build argument 'cmake_force_configure' from command line to 'False'
[0.661s] Level 5:colcon.colcon_core.verb:set package 'custom_msgs' build argument 'ament_cmake_args' from command line to 'None'
[0.661s] Level 5:colcon.colcon_core.verb:set package 'custom_msgs' build argument 'catkin_cmake_args' from command line to 'None'
[0.661s] Level 5:colcon.colcon_core.verb:set package 'custom_msgs' build argument 'catkin_skip_building_tests' from command line to 'False'
[0.661s] DEBUG:colcon.colcon_core.verb:Building package 'custom_msgs' with the following arguments: {'ament_cmake_args': None, 'build_base': '/home/etdisc/Bureau/codef1tenth/build/custom_msgs', 'catkin_cmake_args': None, 'catkin_skip_building_tests': False, 'cmake_args': None, 'cmake_clean_cache': False, 'cmake_clean_first': False, 'cmake_force_configure': False, 'cmake_target': None, 'cmake_target_skip_unavailable': False, 'install_base': '/home/etdisc/Bureau/codef1tenth/install/custom_msgs', 'merge_install': False, 'path': '/home/etdisc/Bureau/codef1tenth/src/custom_msgs', 'symlink_install': False, 'test_result_base': None}
[0.661s] Level 5:colcon.colcon_core.verb:set package 'f1_localization' build argument 'cmake_args' from command line to 'None'
[0.661s] Level 5:colcon.colcon_core.verb:set package 'f1_localization' build argument 'cmake_target' from command line to 'None'
[0.661s] Level 5:colcon.colcon_core.verb:set package 'f1_localization' build argument 'cmake_target_skip_unavailable' from command line to 'False'
[0.661s] Level 5:colcon.colcon_core.verb:set package 'f1_localization' build argument 'cmake_clean_cache' from command line to 'False'
[0.661s] Level 5:colcon.colcon_core.verb:set package 'f1_localization' build argument 'cmake_clean_first' from command line to 'False'
[0.662s] Level 5:colcon.colcon_core.verb:set package 'f1_localization' build argument 'cmake_force_configure' from command line to 'False'
[0.662s] Level 5:colcon.colcon_core.verb:set package 'f1_localization' build argument 'ament_cmake_args' from command line to 'None'
[0.662s] Level 5:colcon.colcon_core.verb:set package 'f1_localization' build argument 'catkin_cmake_args' from command line to 'None'
[0.662s] Level 5:colcon.colcon_core.verb:set package 'f1_localization' build argument 'catkin_skip_building_tests' from command line to 'False'
[0.662s] DEBUG:colcon.colcon_core.verb:Building package 'f1_localization' with the following arguments: {'ament_cmake_args': None, 'build_base': '/home/etdisc/Bureau/codef1tenth/build/f1_localization', 'catkin_cmake_args': None, 'catkin_skip_building_tests': False, 'cmake_args': None, 'cmake_clean_cache': False, 'cmake_clean_first': False, 'cmake_force_configure': False, 'cmake_target': None, 'cmake_target_skip_unavailable': False, 'install_base': '/home/etdisc/Bureau/codef1tenth/install/f1_localization', 'merge_install': False, 'path': '/home/etdisc/Bureau/codef1tenth/src/f1_localization', 'symlink_install': False, 'test_result_base': None}
[0.662s] Level 5:colcon.colcon_core.verb:set package 'f1tenth_gym_ros' build argument 'cmake_args' from command line to 'None'
[0.662s] Level 5:colcon.colcon_core.verb:set package 'f1tenth_gym_ros' build argument 'cmake_target' from command line to 'None'
[0.662s] Level 5:colcon.colcon_core.verb:set package 'f1tenth_gym_ros' build argument 'cmake_target_skip_unavailable' from command line to 'False'
[0.662s] Level 5:colcon.colcon_core.verb:set package 'f1tenth_gym_ros' build argument 'cmake_clean_cache' from command line to 'False'
[0.662s] Level 5:colcon.colcon_core.verb:set package 'f1tenth_gym_ros' build argument 'cmake_clean_first' from command line to 'False'
[0.662s] Level 5:colcon.colcon_core.verb:set package 'f1tenth_gym_ros' build argument 'cmake_force_configure' from command line to 'False'
[0.662s] Level 5:colcon.colcon_core.verb:set package 'f1tenth_gym_ros' build argument 'ament_cmake_args' from command line to 'None'
[0.662s] Level 5:colcon.colcon_core.verb:set package 'f1tenth_gym_ros' build argument 'catkin_cmake_args' from command line to 'None'
[0.662s] Level 5:colcon.colcon_core.verb:set package 'f1tenth_gym_ros' build argument 'catkin_skip_building_tests' from command line to 'False'
[0.662s] DEBUG:colcon.colcon_core.verb:Building package 'f1tenth_gym_ros' with the following arguments: {'ament_cmake_args': None, 'build_base': '/home/etdisc/Bureau/codef1tenth/build/f1tenth_gym_ros', 'catkin_cmake_args': None, 'catkin_skip_building_tests': False, 'cmake_args': None, 'cmake_clean_cache': False, 'cmake_clean_first': False, 'cmake_force_configure': False, 'cmake_target': None, 'cmake_target_skip_unavailable': False, 'install_base': '/home/etdisc/Bureau/codef1tenth/install/f1tenth_gym_ros', 'merge_install': False, 'path': '/home/etdisc/Bureau/codef1tenth/src/f1tenth_gym_ros', 'symlink_install': False, 'test_result_base': None}
[0.662s] Level 5:colcon.colcon_core.verb:set package 'localisation' build argument 'cmake_args' from command line to 'None'
[0.662s] Level 5:colcon.colcon_core.verb:set package 'localisation' build argument 'cmake_target' from command line to 'None'
[0.663s] Level 5:colcon.colcon_core.verb:set package 'localisation' build argument 'cmake_target_skip_unavailable' from command line to 'False'
[0.663s] Level 5:colcon.colcon_core.verb:set package 'localisation' build argument 'cmake_clean_cache' from command line to 'False'
[0.663s] Level 5:colcon.colcon_core.verb:set package 'localisation' build argument 'cmake_clean_first' from command line to 'False'
[0.663s] Level 5:colcon.colcon_core.verb:set package 'localisation' build argument 'cmake_force_configure' from command line to 'False'
[0.663s] Level 5:colcon.colcon_core.verb:set package 'localisation' build argument 'ament_cmake_args' from command line to 'None'
[0.663s] Level 5:colcon.colcon_core.verb:set package 'localisation' build argument 'catkin_cmake_args' from command line to 'None'
[0.663s] Level 5:colcon.colcon_core.verb:set package 'localisation' build argument 'catkin_skip_building_tests' from command line to 'False'
[0.663s] DEBUG:colcon.colcon_core.verb:Building package 'localisation' with the following arguments: {'ament_cmake_args': None, 'build_base': '/home/etdisc/Bureau/codef1tenth/build/localisation', 'catkin_cmake_args': None, 'catkin_skip_building_tests': False, 'cmake_args': None, 'cmake_clean_cache': False, 'cmake_clean_first': False, 'cmake_force_configure': False, 'cmake_target': None, 'cmake_target_skip_unavailable': False, 'install_base': '/home/etdisc/Bureau/codef1tenth/install/localisation', 'merge_install': False, 'path': '/home/etdisc/Bureau/codef1tenth/src/localisation', 'symlink_install': False, 'test_result_base': None}
[0.663s] Level 5:colcon.colcon_core.verb:set package 'strategy' build argument 'cmake_args' from command line to 'None'
[0.663s] Level 5:colcon.colcon_core.verb:set package 'strategy' build argument 'cmake_target' from command line to 'None'
[0.663s] Level 5:colcon.colcon_core.verb:set package 'strategy' build argument 'cmake_target_skip_unavailable' from command line to 'False'
[0.663s] Level 5:colcon.colcon_core.verb:set package 'strategy' build argument 'cmake_clean_cache' from command line to 'False'
[0.663s] Level 5:colcon.colcon_core.verb:set package 'strategy' build argument 'cmake_clean_first' from command line to 'False'
[0.663s] Level 5:colcon.colcon_core.verb:set package 'strategy' build argument 'cmake_force_configure' from command line to 'False'
[0.663s] Level 5:colcon.colcon_core.verb:set package 'strategy' build argument 'ament_cmake_args' from command line to 'None'
[0.663s] Level 5:colcon.colcon_core.verb:set package 'strategy' build argument 'catkin_cmake_args' from command line to 'None'
[0.663s] Level 5:colcon.colcon_core.verb:set package 'strategy' build argument 'catkin_skip_building_tests' from command line to 'False'
[0.663s] DEBUG:colcon.colcon_core.verb:Building package 'strategy' with the following arguments: {'ament_cmake_args': None, 'build_base': '/home/etdisc/Bureau/codef1tenth/build/strategy', 'catkin_cmake_args': None, 'catkin_skip_building_tests': False, 'cmake_args': None, 'cmake_clean_cache': False, 'cmake_clean_first': False, 'cmake_force_configure': False, 'cmake_target': None, 'cmake_target_skip_unavailable': False, 'install_base': '/home/etdisc/Bureau/codef1tenth/install/strategy', 'merge_install': False, 'path': '/home/etdisc/Bureau/codef1tenth/src/strategy', 'symlink_install': False, 'test_result_base': None}
[0.664s] Level 5:colcon.colcon_core.verb:set package 'timer' build argument 'cmake_args' from command line to 'None'
[0.664s] Level 5:colcon.colcon_core.verb:set package 'timer' build argument 'cmake_target' from command line to 'None'
[0.664s] Level 5:colcon.colcon_core.verb:set package 'timer' build argument 'cmake_target_skip_unavailable' from command line to 'False'
[0.664s] Level 5:colcon.colcon_core.verb:set package 'timer' build argument 'cmake_clean_cache' from command line to 'False'
[0.664s] Level 5:colcon.colcon_core.verb:set package 'timer' build argument 'cmake_clean_first' from command line to 'False'
[0.664s] Level 5:colcon.colcon_core.verb:set package 'timer' build argument 'cmake_force_configure' from command line to 'False'
[0.664s] Level 5:colcon.colcon_core.verb:set package 'timer' build argument 'ament_cmake_args' from command line to 'None'
[0.664s] Level 5:colcon.colcon_core.verb:set package 'timer' build argument 'catkin_cmake_args' from command line to 'None'
[0.664s] Level 5:colcon.colcon_core.verb:set package 'timer' build argument 'catkin_skip_building_tests' from command line to 'False'
[0.664s] DEBUG:colcon.colcon_core.verb:Building package 'timer' with the following arguments: {'ament_cmake_args': None, 'build_base': '/home/etdisc/Bureau/codef1tenth/build/timer', 'catkin_cmake_args': None, 'catkin_skip_building_tests': False, 'cmake_args': None, 'cmake_clean_cache': False, 'cmake_clean_first': False, 'cmake_force_configure': False, 'cmake_target': None, 'cmake_target_skip_unavailable': False, 'install_base': '/home/etdisc/Bureau/codef1tenth/install/timer', 'merge_install': False, 'path': '/home/etdisc/Bureau/codef1tenth/src/timer', 'symlink_install': False, 'test_result_base': None}
[0.664s] INFO:colcon.colcon_core.executor:Executing jobs using 'parallel' executor
[0.667s] DEBUG:colcon.colcon_parallel_executor.executor.parallel:run_until_complete
[0.667s] INFO:colcon.colcon_ros.task.ament_python.build:Building ROS package in '/home/etdisc/Bureau/codef1tenth/src/AEB' with build type 'ament_python'
[0.667s] Level 1:colcon.colcon_core.shell:create_environment_hook('AEB', 'ament_prefix_path')
[0.670s] INFO:colcon.colcon_core.plugin_system:Skipping extension 'colcon_core.shell.bat': Not used on non-Windows systems
[0.671s] INFO:colcon.colcon_core.shell:Creating environment hook '/home/etdisc/Bureau/codef1tenth/install/AEB/share/AEB/hook/ament_prefix_path.ps1'
[0.672s] INFO:colcon.colcon_core.shell:Creating environment descriptor '/home/etdisc/Bureau/codef1tenth/install/AEB/share/AEB/hook/ament_prefix_path.dsv'
[0.672s] INFO:colcon.colcon_core.shell:Creating environment hook '/home/etdisc/Bureau/codef1tenth/install/AEB/share/AEB/hook/ament_prefix_path.sh'
[0.675s] INFO:colcon.colcon_core.shell:Skip shell extension 'powershell' for command environment: Not usable outside of PowerShell
[0.675s] DEBUG:colcon.colcon_core.shell:Skip shell extension 'dsv' for command environment
[0.688s] INFO:colcon.colcon_ros.task.ament_python.build:Building ROS package in '/home/etdisc/Bureau/codef1tenth/src/Mapping' with build type 'ament_python'
[0.689s] Level 1:colcon.colcon_core.shell:create_environment_hook('Mapping', 'ament_prefix_path')
[0.690s] INFO:colcon.colcon_core.shell:Creating environment hook '/home/etdisc/Bureau/codef1tenth/install/Mapping/share/Mapping/hook/ament_prefix_path.ps1'
[0.693s] INFO:colcon.colcon_core.shell:Creating environment descriptor '/home/etdisc/Bureau/codef1tenth/install/Mapping/share/Mapping/hook/ament_prefix_path.dsv'
[0.694s] INFO:colcon.colcon_core.shell:Creating environment hook '/home/etdisc/Bureau/codef1tenth/install/Mapping/share/Mapping/hook/ament_prefix_path.sh'
[0.695s] INFO:colcon.colcon_core.shell:Skip shell extension 'powershell' for command environment: Not usable outside of PowerShell
[0.695s] DEBUG:colcon.colcon_core.shell:Skip shell extension 'dsv' for command environment
[0.710s] INFO:colcon.colcon_ros.task.ament_python.build:Building ROS package in '/home/etdisc/Bureau/codef1tenth/src/Planif' with build type 'ament_python'
[0.710s] Level 1:colcon.colcon_core.shell:create_environment_hook('Planif', 'ament_prefix_path')
[0.711s] INFO:colcon.colcon_core.shell:Creating environment hook '/home/etdisc/Bureau/codef1tenth/install/Planif/share/Planif/hook/ament_prefix_path.ps1'
[0.717s] INFO:colcon.colcon_core.shell:Creating environment descriptor '/home/etdisc/Bureau/codef1tenth/install/Planif/share/Planif/hook/ament_prefix_path.dsv'
[0.718s] INFO:colcon.colcon_core.shell:Creating environment hook '/home/etdisc/Bureau/codef1tenth/install/Planif/share/Planif/hook/ament_prefix_path.sh'
[0.719s] INFO:colcon.colcon_core.shell:Skip shell extension 'powershell' for command environment: Not usable outside of PowerShell
[0.719s] DEBUG:colcon.colcon_core.shell:Skip shell extension 'dsv' for command environment
[0.728s] INFO:colcon.colcon_ros.task.ament_python.build:Building ROS package in '/home/etdisc/Bureau/codef1tenth/src/Simple_algo' with build type 'ament_python'
[0.730s] Level 1:colcon.colcon_core.shell:create_environment_hook('Simple_algo', 'ament_prefix_path')
[0.731s] INFO:colcon.colcon_core.shell:Creating environment hook '/home/etdisc/Bureau/codef1tenth/install/Simple_algo/share/Simple_algo/hook/ament_prefix_path.ps1'
[0.736s] INFO:colcon.colcon_core.shell:Creating environment descriptor '/home/etdisc/Bureau/codef1tenth/install/Simple_algo/share/Simple_algo/hook/ament_prefix_path.dsv'
[0.738s] INFO:colcon.colcon_core.shell:Creating environment hook '/home/etdisc/Bureau/codef1tenth/install/Simple_algo/share/Simple_algo/hook/ament_prefix_path.sh'
[0.740s] INFO:colcon.colcon_core.shell:Skip shell extension 'powershell' for command environment: Not usable outside of PowerShell
[0.740s] DEBUG:colcon.colcon_core.shell:Skip shell extension 'dsv' for command environment
[0.759s] INFO:colcon.colcon_ros.task.ament_python.build:Building ROS package in '/home/etdisc/Bureau/codef1tenth/src/Waypoints' with build type 'ament_python'
[0.760s] Level 1:colcon.colcon_core.shell:create_environment_hook('Waypoints', 'ament_prefix_path')
[0.761s] INFO:colcon.colcon_core.shell:Creating environment hook '/home/etdisc/Bureau/codef1tenth/install/Waypoints/share/Waypoints/hook/ament_prefix_path.ps1'
[0.763s] INFO:colcon.colcon_core.shell:Creating environment descriptor '/home/etdisc/Bureau/codef1tenth/install/Waypoints/share/Waypoints/hook/ament_prefix_path.dsv'
[0.764s] INFO:colcon.colcon_core.shell:Creating environment hook '/home/etdisc/Bureau/codef1tenth/install/Waypoints/share/Waypoints/hook/ament_prefix_path.sh'
[0.768s] INFO:colcon.colcon_core.shell:Skip shell extension 'powershell' for command environment: Not usable outside of PowerShell
[0.768s] DEBUG:colcon.colcon_core.shell:Skip shell extension 'dsv' for command environment
[0.784s] INFO:colcon.colcon_ros.task.ament_cmake.build:Building ROS package in '/home/etdisc/Bureau/codef1tenth/src/custom_msgs' with build type 'ament_cmake'
[0.786s] INFO:colcon.colcon_cmake.task.cmake.build:Building CMake package in '/home/etdisc/Bureau/codef1tenth/src/custom_msgs'
[0.787s] INFO:colcon.colcon_core.shell:Skip shell extension 'powershell' for command environment: Not usable outside of PowerShell
[0.787s] DEBUG:colcon.colcon_core.shell:Skip shell extension 'dsv' for command environment
[0.808s] INFO:colcon.colcon_ros.task.ament_cmake.build:Building ROS package in '/home/etdisc/Bureau/codef1tenth/src/f1_localization' with build type 'ament_cmake'
[0.809s] INFO:colcon.colcon_cmake.task.cmake.build:Building CMake package in '/home/etdisc/Bureau/codef1tenth/src/f1_localization'
[0.809s] INFO:colcon.colcon_core.shell:Skip shell extension 'powershell' for command environment: Not usable outside of PowerShell
[0.810s] DEBUG:colcon.colcon_core.shell:Skip shell extension 'dsv' for command environment
[0.824s] INFO:colcon.colcon_ros.task.ament_python.build:Building ROS package in '/home/etdisc/Bureau/codef1tenth/src/f1tenth_gym_ros' with build type 'ament_python'
[0.825s] Level 1:colcon.colcon_core.shell:create_environment_hook('f1tenth_gym_ros', 'ament_prefix_path')
[0.826s] INFO:colcon.colcon_core.shell:Creating environment hook '/home/etdisc/Bureau/codef1tenth/install/f1tenth_gym_ros/share/f1tenth_gym_ros/hook/ament_prefix_path.ps1'
[0.829s] INFO:colcon.colcon_core.shell:Creating environment descriptor '/home/etdisc/Bureau/codef1tenth/install/f1tenth_gym_ros/share/f1tenth_gym_ros/hook/ament_prefix_path.dsv'
[0.830s] INFO:colcon.colcon_core.shell:Creating environment hook '/home/etdisc/Bureau/codef1tenth/install/f1tenth_gym_ros/share/f1tenth_gym_ros/hook/ament_prefix_path.sh'
[0.831s] INFO:colcon.colcon_core.shell:Skip shell extension 'powershell' for command environment: Not usable outside of PowerShell
[0.831s] DEBUG:colcon.colcon_core.shell:Skip shell extension 'dsv' for command environment
[1.361s] INFO:colcon.colcon_core.task.python.build:Building Python package in '/home/etdisc/Bureau/codef1tenth/src/AEB'
[1.362s] INFO:colcon.colcon_core.shell:Skip shell extension 'powershell' for command environment: Not usable outside of PowerShell
[1.362s] DEBUG:colcon.colcon_core.shell:Skip shell extension 'dsv' for command environment
[1.727s] INFO:colcon.colcon_core.task.python.build:Building Python package in '/home/etdisc/Bureau/codef1tenth/src/Mapping'
[1.728s] INFO:colcon.colcon_core.shell:Skip shell extension 'powershell' for command environment: Not usable outside of PowerShell
[1.728s] DEBUG:colcon.colcon_core.shell:Skip shell extension 'dsv' for command environment
[2.094s] INFO:colcon.colcon_core.task.python.build:Building Python package in '/home/etdisc/Bureau/codef1tenth/src/Planif'
[2.095s] INFO:colcon.colcon_core.shell:Skip shell extension 'powershell' for command environment: Not usable outside of PowerShell
[2.095s] DEBUG:colcon.colcon_core.shell:Skip shell extension 'dsv' for command environment
[2.476s] INFO:colcon.colcon_core.task.python.build:Building Python package in '/home/etdisc/Bureau/codef1tenth/src/Simple_algo'
[2.477s] INFO:colcon.colcon_core.shell:Skip shell extension 'powershell' for command environment: Not usable outside of PowerShell
[2.477s] DEBUG:colcon.colcon_core.shell:Skip shell extension 'dsv' for command environment
[2.916s] INFO:colcon.colcon_core.task.python.build:Building Python package in '/home/etdisc/Bureau/codef1tenth/src/Waypoints'
[2.917s] INFO:colcon.colcon_core.shell:Skip shell extension 'powershell' for command environment: Not usable outside of PowerShell
[2.917s] DEBUG:colcon.colcon_core.shell:Skip shell extension 'dsv' for command environment
[2.983s] DEBUG:colcon.colcon_core.event_handler.log_command:Invoking command in '/home/etdisc/Bureau/codef1tenth/build/custom_msgs': CMAKE_PREFIX_PATH=${CMAKE_PREFIX_PATH}:/home/etdisc/depots/f1tenth/sim_ws/install/timer:/home/etdisc/depots/f1tenth/sim_ws/install/strategy:/home/etdisc/depots/f1tenth/sim_ws/install/localisation:/home/etdisc/depots/f1tenth/sim_ws/install/f1tenth_gym_ros:/home/etdisc/depots/f1tenth/sim_ws/install/Waypoints:/home/etdisc/depots/f1tenth/sim_ws/install/Simple_algo:/home/etdisc/depots/f1tenth/sim_ws/install/Planif:/home/etdisc/depots/f1tenth/sim_ws/install/Mapping:/home/etdisc/depots/f1tenth/sim_ws/install/AEB:/home/etdisc/Desktop/sim_ws/install/timer:/home/etdisc/Desktop/sim_ws/install/strategy:/home/etdisc/Desktop/sim_ws/install/localisation:/home/etdisc/Desktop/sim_ws/install/f1tenth_gym_ros:/home/etdisc/Desktop/sim_ws/install/Waypoints:/home/etdisc/Desktop/sim_ws/install/Simple_algo:/home/etdisc/Desktop/sim_ws/install/Planif:/home/etdisc/Desktop/sim_ws/install/Mapping:/home/etdisc/Desktop/sim_ws/install/AEB:/opt/ros/galactic /usr/bin/cmake --build /home/etdisc/Bureau/codef1tenth/build/custom_msgs -- -j8 -l8
[3.016s] DEBUG:colcon.colcon_core.event_handler.log_command:Invoking command in '/home/etdisc/Bureau/codef1tenth/build/f1_localization': CMAKE_PREFIX_PATH=${CMAKE_PREFIX_PATH}:/home/etdisc/depots/f1tenth/sim_ws/install/timer:/home/etdisc/depots/f1tenth/sim_ws/install/strategy:/home/etdisc/depots/f1tenth/sim_ws/install/localisation:/home/etdisc/depots/f1tenth/sim_ws/install/f1tenth_gym_ros:/home/etdisc/depots/f1tenth/sim_ws/install/Waypoints:/home/etdisc/depots/f1tenth/sim_ws/install/Simple_algo:/home/etdisc/depots/f1tenth/sim_ws/install/Planif:/home/etdisc/depots/f1tenth/sim_ws/install/Mapping:/home/etdisc/depots/f1tenth/sim_ws/install/AEB:/home/etdisc/Desktop/sim_ws/install/timer:/home/etdisc/Desktop/sim_ws/install/strategy:/home/etdisc/Desktop/sim_ws/install/localisation:/home/etdisc/Desktop/sim_ws/install/f1tenth_gym_ros:/home/etdisc/Desktop/sim_ws/install/Waypoints:/home/etdisc/Desktop/sim_ws/install/Simple_algo:/home/etdisc/Desktop/sim_ws/install/Planif:/home/etdisc/Desktop/sim_ws/install/Mapping:/home/etdisc/Desktop/sim_ws/install/AEB:/opt/ros/galactic /usr/bin/cmake /home/etdisc/Bureau/codef1tenth/src/f1_localization -DCMAKE_INSTALL_PREFIX=/home/etdisc/Bureau/codef1tenth/install/f1_localization
[4.027s] INFO:colcon.colcon_core.task.python.build:Building Python package in '/home/etdisc/Bureau/codef1tenth/src/f1tenth_gym_ros'
[4.029s] INFO:colcon.colcon_core.shell:Skip shell extension 'powershell' for command environment: Not usable outside of PowerShell
[4.029s] DEBUG:colcon.colcon_core.shell:Skip shell extension 'dsv' for command environment
[7.084s] DEBUG:colcon.colcon_core.event_handler.log_command:Invoking command in '/home/etdisc/Bureau/codef1tenth/src/Mapping': PYTHONPATH=/home/etdisc/Bureau/codef1tenth/build/Mapping/prefix_override:/usr/lib/python3/dist-packages/colcon_core/task/python/colcon_distutils_commands:/home/etdisc/Bureau/codef1tenth/install/Mapping/lib/python3.8/site-packages:${PYTHONPATH} /usr/bin/python3 -W ignore:setup.py install is deprecated -W ignore:easy_install command is deprecated setup.py egg_info --egg-base ../../build/Mapping build --build-base /home/etdisc/Bureau/codef1tenth/build/Mapping/build install --record /home/etdisc/Bureau/codef1tenth/build/Mapping/install.log --single-version-externally-managed install_data
[7.133s] DEBUG:colcon.colcon_core.event_handler.log_command:Invoking command in '/home/etdisc/Bureau/codef1tenth/src/AEB': PYTHONPATH=/home/etdisc/Bureau/codef1tenth/build/AEB/prefix_override:/usr/lib/python3/dist-packages/colcon_core/task/python/colcon_distutils_commands:/home/etdisc/Bureau/codef1tenth/install/AEB/lib/python3.8/site-packages:${PYTHONPATH} /usr/bin/python3 -W ignore:setup.py install is deprecated -W ignore:easy_install command is deprecated setup.py egg_info --egg-base ../../build/AEB build --build-base /home/etdisc/Bureau/codef1tenth/build/AEB/build install --record /home/etdisc/Bureau/codef1tenth/build/AEB/install.log --single-version-externally-managed install_data
[7.164s] DEBUG:colcon.colcon_core.event_handler.log_command:Invoking command in '/home/etdisc/Bureau/codef1tenth/src/Planif': PYTHONPATH=/home/etdisc/Bureau/codef1tenth/build/Planif/prefix_override:/usr/lib/python3/dist-packages/colcon_core/task/python/colcon_distutils_commands:/home/etdisc/Bureau/codef1tenth/install/Planif/lib/python3.8/site-packages:${PYTHONPATH} /usr/bin/python3 -W ignore:setup.py install is deprecated -W ignore:easy_install command is deprecated setup.py egg_info --egg-base ../../build/Planif build --build-base /home/etdisc/Bureau/codef1tenth/build/Planif/build install --record /home/etdisc/Bureau/codef1tenth/build/Planif/install.log --single-version-externally-managed install_data
[7.331s] DEBUG:colcon.colcon_core.event_handler.log_command:Invoking command in '/home/etdisc/Bureau/codef1tenth/src/f1tenth_gym_ros': PYTHONPATH=/home/etdisc/Bureau/codef1tenth/build/f1tenth_gym_ros/prefix_override:/usr/lib/python3/dist-packages/colcon_core/task/python/colcon_distutils_commands:/home/etdisc/Bureau/codef1tenth/install/f1tenth_gym_ros/lib/python3.8/site-packages:${PYTHONPATH} /usr/bin/python3 -W ignore:setup.py install is deprecated -W ignore:easy_install command is deprecated setup.py egg_info --egg-base ../../build/f1tenth_gym_ros build --build-base /home/etdisc/Bureau/codef1tenth/build/f1tenth_gym_ros/build install --record /home/etdisc/Bureau/codef1tenth/build/f1tenth_gym_ros/install.log --install-scripts $base/lib/f1tenth_gym_ros --single-version-externally-managed install_data
[7.378s] DEBUG:colcon.colcon_core.event_handler.log_command:Invoking command in '/home/etdisc/Bureau/codef1tenth/src/Waypoints': PYTHONPATH=/home/etdisc/Bureau/codef1tenth/build/Waypoints/prefix_override:/usr/lib/python3/dist-packages/colcon_core/task/python/colcon_distutils_commands:/home/etdisc/Bureau/codef1tenth/install/Waypoints/lib/python3.8/site-packages:${PYTHONPATH} /usr/bin/python3 -W ignore:setup.py install is deprecated -W ignore:easy_install command is deprecated setup.py egg_info --egg-base ../../build/Waypoints build --build-base /home/etdisc/Bureau/codef1tenth/build/Waypoints/build install --record /home/etdisc/Bureau/codef1tenth/build/Waypoints/install.log --single-version-externally-managed install_data
[7.486s] DEBUG:colcon.colcon_core.event_handler.log_command:Invoking command in '/home/etdisc/Bureau/codef1tenth/src/Simple_algo': PYTHONPATH=/home/etdisc/Bureau/codef1tenth/build/Simple_algo/prefix_override:/usr/lib/python3/dist-packages/colcon_core/task/python/colcon_distutils_commands:/home/etdisc/Bureau/codef1tenth/install/Simple_algo/lib/python3.8/site-packages:${PYTHONPATH} /usr/bin/python3 -W ignore:setup.py install is deprecated -W ignore:easy_install command is deprecated setup.py egg_info --egg-base ../../build/Simple_algo build --build-base /home/etdisc/Bureau/codef1tenth/build/Simple_algo/build install --record /home/etdisc/Bureau/codef1tenth/build/Simple_algo/install.log --single-version-externally-managed install_data
[7.692s] DEBUG:colcon.colcon_core.event_handler.log_command:Invoked command in '/home/etdisc/Bureau/codef1tenth/build/f1_localization' returned '0': CMAKE_PREFIX_PATH=${CMAKE_PREFIX_PATH}:/home/etdisc/depots/f1tenth/sim_ws/install/timer:/home/etdisc/depots/f1tenth/sim_ws/install/strategy:/home/etdisc/depots/f1tenth/sim_ws/install/localisation:/home/etdisc/depots/f1tenth/sim_ws/install/f1tenth_gym_ros:/home/etdisc/depots/f1tenth/sim_ws/install/Waypoints:/home/etdisc/depots/f1tenth/sim_ws/install/Simple_algo:/home/etdisc/depots/f1tenth/sim_ws/install/Planif:/home/etdisc/depots/f1tenth/sim_ws/install/Mapping:/home/etdisc/depots/f1tenth/sim_ws/install/AEB:/home/etdisc/Desktop/sim_ws/install/timer:/home/etdisc/Desktop/sim_ws/install/strategy:/home/etdisc/Desktop/sim_ws/install/localisation:/home/etdisc/Desktop/sim_ws/install/f1tenth_gym_ros:/home/etdisc/Desktop/sim_ws/install/Waypoints:/home/etdisc/Desktop/sim_ws/install/Simple_algo:/home/etdisc/Desktop/sim_ws/install/Planif:/home/etdisc/Desktop/sim_ws/install/Mapping:/home/etdisc/Desktop/sim_ws/install/AEB:/opt/ros/galactic /usr/bin/cmake /home/etdisc/Bureau/codef1tenth/src/f1_localization -DCMAKE_INSTALL_PREFIX=/home/etdisc/Bureau/codef1tenth/install/f1_localization
[7.699s] DEBUG:colcon.colcon_core.event_handler.log_command:Invoking command in '/home/etdisc/Bureau/codef1tenth/build/f1_localization': CMAKE_PREFIX_PATH=${CMAKE_PREFIX_PATH}:/home/etdisc/depots/f1tenth/sim_ws/install/timer:/home/etdisc/depots/f1tenth/sim_ws/install/strategy:/home/etdisc/depots/f1tenth/sim_ws/install/localisation:/home/etdisc/depots/f1tenth/sim_ws/install/f1tenth_gym_ros:/home/etdisc/depots/f1tenth/sim_ws/install/Waypoints:/home/etdisc/depots/f1tenth/sim_ws/install/Simple_algo:/home/etdisc/depots/f1tenth/sim_ws/install/Planif:/home/etdisc/depots/f1tenth/sim_ws/install/Mapping:/home/etdisc/depots/f1tenth/sim_ws/install/AEB:/home/etdisc/Desktop/sim_ws/install/timer:/home/etdisc/Desktop/sim_ws/install/strategy:/home/etdisc/Desktop/sim_ws/install/localisation:/home/etdisc/Desktop/sim_ws/install/f1tenth_gym_ros:/home/etdisc/Desktop/sim_ws/install/Waypoints:/home/etdisc/Desktop/sim_ws/install/Simple_algo:/home/etdisc/Desktop/sim_ws/install/Planif:/home/etdisc/Desktop/sim_ws/install/Mapping:/home/etdisc/Desktop/sim_ws/install/AEB:/opt/ros/galactic /usr/bin/cmake --build /home/etdisc/Bureau/codef1tenth/build/f1_localization -- -j8 -l8
[8.630s] DEBUG:colcon.colcon_core.event_handler.log_command:Invoked command in '/home/etdisc/Bureau/codef1tenth/src/Mapping' returned '0': PYTHONPATH=/home/etdisc/Bureau/codef1tenth/build/Mapping/prefix_override:/usr/lib/python3/dist-packages/colcon_core/task/python/colcon_distutils_commands:/home/etdisc/Bureau/codef1tenth/install/Mapping/lib/python3.8/site-packages:${PYTHONPATH} /usr/bin/python3 -W ignore:setup.py install is deprecated -W ignore:easy_install command is deprecated setup.py egg_info --egg-base ../../build/Mapping build --build-base /home/etdisc/Bureau/codef1tenth/build/Mapping/build install --record /home/etdisc/Bureau/codef1tenth/build/Mapping/install.log --single-version-externally-managed install_data
[8.639s] Level 1:colcon.colcon_core.environment:checking '/home/etdisc/Bureau/codef1tenth/install/Mapping' for CMake module files
[8.647s] Level 1:colcon.colcon_core.environment:checking '/home/etdisc/Bureau/codef1tenth/install/Mapping' for CMake config files
[8.650s] Level 1:colcon.colcon_core.environment:checking '/home/etdisc/Bureau/codef1tenth/install/Mapping/lib'
[8.650s] Level 1:colcon.colcon_core.environment:checking '/home/etdisc/Bureau/codef1tenth/install/Mapping/bin'
[8.650s] Level 1:colcon.colcon_core.environment:checking '/home/etdisc/Bureau/codef1tenth/install/Mapping/lib/pkgconfig/Mapping.pc'
[8.651s] Level 1:colcon.colcon_core.environment:checking '/home/etdisc/Bureau/codef1tenth/install/Mapping/lib/python3.8/site-packages'
[8.651s] Level 1:colcon.colcon_core.shell:create_environment_hook('Mapping', 'pythonpath')
[8.651s] INFO:colcon.colcon_core.shell:Creating environment hook '/home/etdisc/Bureau/codef1tenth/install/Mapping/share/Mapping/hook/pythonpath.ps1'
[8.657s] INFO:colcon.colcon_core.shell:Creating environment descriptor '/home/etdisc/Bureau/codef1tenth/install/Mapping/share/Mapping/hook/pythonpath.dsv'
[8.674s] INFO:colcon.colcon_core.shell:Creating environment hook '/home/etdisc/Bureau/codef1tenth/install/Mapping/share/Mapping/hook/pythonpath.sh'
[8.678s] Level 1:colcon.colcon_core.environment:checking '/home/etdisc/Bureau/codef1tenth/install/Mapping/bin'
[8.681s] Level 1:colcon.colcon_core.environment:create_environment_scripts_only(Mapping)
[8.682s] INFO:colcon.colcon_core.shell:Creating package script '/home/etdisc/Bureau/codef1tenth/install/Mapping/share/Mapping/package.ps1'
[8.689s] INFO:colcon.colcon_core.shell:Creating package descriptor '/home/etdisc/Bureau/codef1tenth/install/Mapping/share/Mapping/package.dsv'
[8.693s] INFO:colcon.colcon_core.shell:Creating package script '/home/etdisc/Bureau/codef1tenth/install/Mapping/share/Mapping/package.sh'
[8.695s] INFO:colcon.colcon_core.shell:Creating package script '/home/etdisc/Bureau/codef1tenth/install/Mapping/share/Mapping/package.bash'
[8.722s] INFO:colcon.colcon_core.shell:Creating package script '/home/etdisc/Bureau/codef1tenth/install/Mapping/share/Mapping/package.zsh'
[8.726s] Level 1:colcon.colcon_core.environment:create_file_with_runtime_dependencies(/home/etdisc/Bureau/codef1tenth/install/Mapping/share/colcon-core/packages/Mapping)
[8.727s] INFO:colcon.colcon_ros.task.ament_python.build:Building ROS package in '/home/etdisc/Bureau/codef1tenth/src/localisation' with build type 'ament_python'
[8.745s] Level 1:colcon.colcon_core.shell:create_environment_hook('localisation', 'ament_prefix_path')
[8.746s] INFO:colcon.colcon_core.shell:Creating environment hook '/home/etdisc/Bureau/codef1tenth/install/localisation/share/localisation/hook/ament_prefix_path.ps1'
[8.748s] INFO:colcon.colcon_core.shell:Creating environment descriptor '/home/etdisc/Bureau/codef1tenth/install/localisation/share/localisation/hook/ament_prefix_path.dsv'
[8.752s] INFO:colcon.colcon_core.shell:Creating environment hook '/home/etdisc/Bureau/codef1tenth/install/localisation/share/localisation/hook/ament_prefix_path.sh'
[8.756s] INFO:colcon.colcon_core.shell:Skip shell extension 'powershell' for command environment: Not usable outside of PowerShell
[8.756s] DEBUG:colcon.colcon_core.shell:Skip shell extension 'dsv' for command environment
[9.568s] INFO:colcon.colcon_core.task.python.build:Building Python package in '/home/etdisc/Bureau/codef1tenth/src/localisation'
[9.570s] INFO:colcon.colcon_core.shell:Skip shell extension 'powershell' for command environment: Not usable outside of PowerShell
[9.571s] DEBUG:colcon.colcon_core.shell:Skip shell extension 'dsv' for command environment
[9.601s] Level 1:colcon.colcon_core.environment:checking '/home/etdisc/Bureau/codef1tenth/install/f1tenth_gym_ros' for CMake module files
[9.602s] Level 1:colcon.colcon_core.environment:checking '/home/etdisc/Bureau/codef1tenth/install/f1tenth_gym_ros' for CMake config files
[9.604s] DEBUG:colcon.colcon_core.event_handler.log_command:Invoked command in '/home/etdisc/Bureau/codef1tenth/src/f1tenth_gym_ros' returned '0': PYTHONPATH=/home/etdisc/Bureau/codef1tenth/build/f1tenth_gym_ros/prefix_override:/usr/lib/python3/dist-packages/colcon_core/task/python/colcon_distutils_commands:/home/etdisc/Bureau/codef1tenth/install/f1tenth_gym_ros/lib/python3.8/site-packages:${PYTHONPATH} /usr/bin/python3 -W ignore:setup.py install is deprecated -W ignore:easy_install command is deprecated setup.py egg_info --egg-base ../../build/f1tenth_gym_ros build --build-base /home/etdisc/Bureau/codef1tenth/build/f1tenth_gym_ros/build install --record /home/etdisc/Bureau/codef1tenth/build/f1tenth_gym_ros/install.log --install-scripts $base/lib/f1tenth_gym_ros --single-version-externally-managed install_data
[9.606s] Level 1:colcon.colcon_core.environment:checking '/home/etdisc/Bureau/codef1tenth/install/f1tenth_gym_ros/lib'
[9.606s] Level 1:colcon.colcon_core.environment:checking '/home/etdisc/Bureau/codef1tenth/install/f1tenth_gym_ros/bin'
[9.606s] Level 1:colcon.colcon_core.environment:checking '/home/etdisc/Bureau/codef1tenth/install/f1tenth_gym_ros/lib/pkgconfig/f1tenth_gym_ros.pc'
[9.607s] Level 1:colcon.colcon_core.environment:checking '/home/etdisc/Bureau/codef1tenth/install/f1tenth_gym_ros/lib/python3.8/site-packages'
[9.607s] Level 1:colcon.colcon_core.shell:create_environment_hook('f1tenth_gym_ros', 'pythonpath')
[9.608s] INFO:colcon.colcon_core.shell:Creating environment hook '/home/etdisc/Bureau/codef1tenth/install/f1tenth_gym_ros/share/f1tenth_gym_ros/hook/pythonpath.ps1'
[9.612s] INFO:colcon.colcon_core.shell:Creating environment descriptor '/home/etdisc/Bureau/codef1tenth/install/f1tenth_gym_ros/share/f1tenth_gym_ros/hook/pythonpath.dsv'
[9.615s] INFO:colcon.colcon_core.shell:Creating environment hook '/home/etdisc/Bureau/codef1tenth/install/f1tenth_gym_ros/share/f1tenth_gym_ros/hook/pythonpath.sh'
[9.618s] Level 1:colcon.colcon_core.environment:checking '/home/etdisc/Bureau/codef1tenth/install/f1tenth_gym_ros/bin'
[9.619s] Level 1:colcon.colcon_core.environment:create_environment_scripts_only(f1tenth_gym_ros)
[9.619s] INFO:colcon.colcon_core.shell:Creating package script '/home/etdisc/Bureau/codef1tenth/install/f1tenth_gym_ros/share/f1tenth_gym_ros/package.ps1'
[9.622s] INFO:colcon.colcon_core.shell:Creating package descriptor '/home/etdisc/Bureau/codef1tenth/install/f1tenth_gym_ros/share/f1tenth_gym_ros/package.dsv'
[9.624s] INFO:colcon.colcon_core.shell:Creating package script '/home/etdisc/Bureau/codef1tenth/install/f1tenth_gym_ros/share/f1tenth_gym_ros/package.sh'
[9.626s] INFO:colcon.colcon_core.shell:Creating package script '/home/etdisc/Bureau/codef1tenth/install/f1tenth_gym_ros/share/f1tenth_gym_ros/package.bash'
[9.629s] INFO:colcon.colcon_core.shell:Creating package script '/home/etdisc/Bureau/codef1tenth/install/f1tenth_gym_ros/share/f1tenth_gym_ros/package.zsh'
[9.632s] Level 1:colcon.colcon_core.environment:create_file_with_runtime_dependencies(/home/etdisc/Bureau/codef1tenth/install/f1tenth_gym_ros/share/colcon-core/packages/f1tenth_gym_ros)
[9.644s] DEBUG:colcon.colcon_core.event_handler.log_command:Invoked command in '/home/etdisc/Bureau/codef1tenth/build/f1_localization' returned '0': CMAKE_PREFIX_PATH=${CMAKE_PREFIX_PATH}:/home/etdisc/depots/f1tenth/sim_ws/install/timer:/home/etdisc/depots/f1tenth/sim_ws/install/strategy:/home/etdisc/depots/f1tenth/sim_ws/install/localisation:/home/etdisc/depots/f1tenth/sim_ws/install/f1tenth_gym_ros:/home/etdisc/depots/f1tenth/sim_ws/install/Waypoints:/home/etdisc/depots/f1tenth/sim_ws/install/Simple_algo:/home/etdisc/depots/f1tenth/sim_ws/install/Planif:/home/etdisc/depots/f1tenth/sim_ws/install/Mapping:/home/etdisc/depots/f1tenth/sim_ws/install/AEB:/home/etdisc/Desktop/sim_ws/install/timer:/home/etdisc/Desktop/sim_ws/install/strategy:/home/etdisc/Desktop/sim_ws/install/localisation:/home/etdisc/Desktop/sim_ws/install/f1tenth_gym_ros:/home/etdisc/Desktop/sim_ws/install/Waypoints:/home/etdisc/Desktop/sim_ws/install/Simple_algo:/home/etdisc/Desktop/sim_ws/install/Planif:/home/etdisc/Desktop/sim_ws/install/Mapping:/home/etdisc/Desktop/sim_ws/install/AEB:/opt/ros/galactic /usr/bin/cmake --build /home/etdisc/Bureau/codef1tenth/build/f1_localization -- -j8 -l8
[9.674s] DEBUG:colcon.colcon_core.event_handler.log_command:Invoking command in '/home/etdisc/Bureau/codef1tenth/build/f1_localization': CMAKE_PREFIX_PATH=${CMAKE_PREFIX_PATH}:/home/etdisc/depots/f1tenth/sim_ws/install/timer:/home/etdisc/depots/f1tenth/sim_ws/install/strategy:/home/etdisc/depots/f1tenth/sim_ws/install/localisation:/home/etdisc/depots/f1tenth/sim_ws/install/f1tenth_gym_ros:/home/etdisc/depots/f1tenth/sim_ws/install/Waypoints:/home/etdisc/depots/f1tenth/sim_ws/install/Simple_algo:/home/etdisc/depots/f1tenth/sim_ws/install/Planif:/home/etdisc/depots/f1tenth/sim_ws/install/Mapping:/home/etdisc/depots/f1tenth/sim_ws/install/AEB:/home/etdisc/Desktop/sim_ws/install/timer:/home/etdisc/Desktop/sim_ws/install/strategy:/home/etdisc/Desktop/sim_ws/install/localisation:/home/etdisc/Desktop/sim_ws/install/f1tenth_gym_ros:/home/etdisc/Desktop/sim_ws/install/Waypoints:/home/etdisc/Desktop/sim_ws/install/Simple_algo:/home/etdisc/Desktop/sim_ws/install/Planif:/home/etdisc/Desktop/sim_ws/install/Mapping:/home/etdisc/Desktop/sim_ws/install/AEB:/opt/ros/galactic /usr/bin/cmake --install /home/etdisc/Bureau/codef1tenth/build/f1_localization
[9.683s] INFO:colcon.colcon_ros.task.ament_python.build:Building ROS package in '/home/etdisc/Bureau/codef1tenth/src/strategy' with build type 'ament_python'
[9.683s] Level 1:colcon.colcon_core.shell:create_environment_hook('strategy', 'ament_prefix_path')
[9.684s] INFO:colcon.colcon_core.shell:Creating environment hook '/home/etdisc/Bureau/codef1tenth/install/strategy/share/strategy/hook/ament_prefix_path.ps1'
[9.687s] INFO:colcon.colcon_core.shell:Creating environment descriptor '/home/etdisc/Bureau/codef1tenth/install/strategy/share/strategy/hook/ament_prefix_path.dsv'
[9.691s] INFO:colcon.colcon_core.shell:Creating environment hook '/home/etdisc/Bureau/codef1tenth/install/strategy/share/strategy/hook/ament_prefix_path.sh'
[9.694s] INFO:colcon.colcon_core.shell:Skip shell extension 'powershell' for command environment: Not usable outside of PowerShell
[9.694s] DEBUG:colcon.colcon_core.shell:Skip shell extension 'dsv' for command environment
[9.720s] Level 1:colcon.colcon_core.environment:checking '/home/etdisc/Bureau/codef1tenth/install/Waypoints' for CMake module files
[9.724s] Level 1:colcon.colcon_core.environment:checking '/home/etdisc/Bureau/codef1tenth/install/Waypoints' for CMake config files
[9.725s] DEBUG:colcon.colcon_core.event_handler.log_command:Invoked command in '/home/etdisc/Bureau/codef1tenth/src/Waypoints' returned '0': PYTHONPATH=/home/etdisc/Bureau/codef1tenth/build/Waypoints/prefix_override:/usr/lib/python3/dist-packages/colcon_core/task/python/colcon_distutils_commands:/home/etdisc/Bureau/codef1tenth/install/Waypoints/lib/python3.8/site-packages:${PYTHONPATH} /usr/bin/python3 -W ignore:setup.py install is deprecated -W ignore:easy_install command is deprecated setup.py egg_info --egg-base ../../build/Waypoints build --build-base /home/etdisc/Bureau/codef1tenth/build/Waypoints/build install --record /home/etdisc/Bureau/codef1tenth/build/Waypoints/install.log --single-version-externally-managed install_data
[9.731s] Level 1:colcon.colcon_core.environment:checking '/home/etdisc/Bureau/codef1tenth/install/Waypoints/lib'
[9.731s] Level 1:colcon.colcon_core.environment:checking '/home/etdisc/Bureau/codef1tenth/install/Waypoints/bin'
[9.731s] Level 1:colcon.colcon_core.environment:checking '/home/etdisc/Bureau/codef1tenth/install/Waypoints/lib/pkgconfig/Waypoints.pc'
[9.732s] Level 1:colcon.colcon_core.environment:checking '/home/etdisc/Bureau/codef1tenth/install/Waypoints/lib/python3.8/site-packages'
[9.732s] Level 1:colcon.colcon_core.shell:create_environment_hook('Waypoints', 'pythonpath')
[9.732s] INFO:colcon.colcon_core.shell:Creating environment hook '/home/etdisc/Bureau/codef1tenth/install/Waypoints/share/Waypoints/hook/pythonpath.ps1'
[9.735s] INFO:colcon.colcon_core.shell:Creating environment descriptor '/home/etdisc/Bureau/codef1tenth/install/Waypoints/share/Waypoints/hook/pythonpath.dsv'
[9.736s] INFO:colcon.colcon_core.shell:Creating environment hook '/home/etdisc/Bureau/codef1tenth/install/Waypoints/share/Waypoints/hook/pythonpath.sh'
[9.739s] Level 1:colcon.colcon_core.environment:checking '/home/etdisc/Bureau/codef1tenth/install/Waypoints/bin'
[9.739s] Level 1:colcon.colcon_core.environment:create_environment_scripts_only(Waypoints)
[9.739s] INFO:colcon.colcon_core.shell:Creating package script '/home/etdisc/Bureau/codef1tenth/install/Waypoints/share/Waypoints/package.ps1'
[9.741s] INFO:colcon.colcon_core.shell:Creating package descriptor '/home/etdisc/Bureau/codef1tenth/install/Waypoints/share/Waypoints/package.dsv'
[9.742s] INFO:colcon.colcon_core.shell:Creating package script '/home/etdisc/Bureau/codef1tenth/install/Waypoints/share/Waypoints/package.sh'
[9.746s] INFO:colcon.colcon_core.shell:Creating package script '/home/etdisc/Bureau/codef1tenth/install/Waypoints/share/Waypoints/package.bash'
[9.750s] INFO:colcon.colcon_core.shell:Creating package script '/home/etdisc/Bureau/codef1tenth/install/Waypoints/share/Waypoints/package.zsh'
[9.752s] Level 1:colcon.colcon_core.environment:create_file_with_runtime_dependencies(/home/etdisc/Bureau/codef1tenth/install/Waypoints/share/colcon-core/packages/Waypoints)
[9.752s] Level 1:colcon.colcon_core.environment:checking '/home/etdisc/Bureau/codef1tenth/install/AEB' for CMake module files
[9.756s] Level 1:colcon.colcon_core.environment:checking '/home/etdisc/Bureau/codef1tenth/install/AEB' for CMake config files
[9.757s] Level 1:colcon.colcon_core.environment:checking '/home/etdisc/Bureau/codef1tenth/install/AEB/lib'
[9.757s] Level 1:colcon.colcon_core.environment:checking '/home/etdisc/Bureau/codef1tenth/install/AEB/bin'
[9.758s] Level 1:colcon.colcon_core.environment:checking '/home/etdisc/Bureau/codef1tenth/install/AEB/lib/pkgconfig/AEB.pc'
[9.758s] Level 1:colcon.colcon_core.environment:checking '/home/etdisc/Bureau/codef1tenth/install/AEB/lib/python3.8/site-packages'
[9.758s] Level 1:colcon.colcon_core.shell:create_environment_hook('AEB', 'pythonpath')
[9.759s] INFO:colcon.colcon_core.shell:Creating environment hook '/home/etdisc/Bureau/codef1tenth/install/AEB/share/AEB/hook/pythonpath.ps1'
[9.762s] DEBUG:colcon.colcon_core.event_handler.log_command:Invoked command in '/home/etdisc/Bureau/codef1tenth/src/AEB' returned '0': PYTHONPATH=/home/etdisc/Bureau/codef1tenth/build/AEB/prefix_override:/usr/lib/python3/dist-packages/colcon_core/task/python/colcon_distutils_commands:/home/etdisc/Bureau/codef1tenth/install/AEB/lib/python3.8/site-packages:${PYTHONPATH} /usr/bin/python3 -W ignore:setup.py install is deprecated -W ignore:easy_install command is deprecated setup.py egg_info --egg-base ../../build/AEB build --build-base /home/etdisc/Bureau/codef1tenth/build/AEB/build install --record /home/etdisc/Bureau/codef1tenth/build/AEB/install.log --single-version-externally-managed install_data
[9.764s] INFO:colcon.colcon_core.shell:Creating environment descriptor '/home/etdisc/Bureau/codef1tenth/install/AEB/share/AEB/hook/pythonpath.dsv'
[9.767s] INFO:colcon.colcon_core.shell:Creating environment hook '/home/etdisc/Bureau/codef1tenth/install/AEB/share/AEB/hook/pythonpath.sh'
[9.770s] Level 1:colcon.colcon_core.environment:checking '/home/etdisc/Bureau/codef1tenth/install/AEB/bin'
[9.771s] Level 1:colcon.colcon_core.environment:create_environment_scripts_only(AEB)
[9.771s] INFO:colcon.colcon_core.shell:Creating package script '/home/etdisc/Bureau/codef1tenth/install/AEB/share/AEB/package.ps1'
[9.773s] INFO:colcon.colcon_core.shell:Creating package descriptor '/home/etdisc/Bureau/codef1tenth/install/AEB/share/AEB/package.dsv'
[9.775s] INFO:colcon.colcon_core.shell:Creating package script '/home/etdisc/Bureau/codef1tenth/install/AEB/share/AEB/package.sh'
[9.776s] INFO:colcon.colcon_core.shell:Creating package script '/home/etdisc/Bureau/codef1tenth/install/AEB/share/AEB/package.bash'
[9.780s] INFO:colcon.colcon_core.shell:Creating package script '/home/etdisc/Bureau/codef1tenth/install/AEB/share/AEB/package.zsh'
[9.785s] Level 1:colcon.colcon_core.environment:create_file_with_runtime_dependencies(/home/etdisc/Bureau/codef1tenth/install/AEB/share/colcon-core/packages/AEB)
[9.788s] Level 1:colcon.colcon_core.environment:checking '/home/etdisc/Bureau/codef1tenth/install/Simple_algo' for CMake module files
[9.792s] Level 1:colcon.colcon_core.environment:checking '/home/etdisc/Bureau/codef1tenth/install/Simple_algo' for CMake config files
[9.793s] Level 1:colcon.colcon_core.environment:checking '/home/etdisc/Bureau/codef1tenth/install/Simple_algo/lib'
[9.793s] Level 1:colcon.colcon_core.environment:checking '/home/etdisc/Bureau/codef1tenth/install/Simple_algo/bin'
[9.793s] Level 1:colcon.colcon_core.environment:checking '/home/etdisc/Bureau/codef1tenth/install/Simple_algo/lib/pkgconfig/Simple_algo.pc'
[9.793s] Level 1:colcon.colcon_core.environment:checking '/home/etdisc/Bureau/codef1tenth/install/Simple_algo/lib/python3.8/site-packages'
[9.793s] Level 1:colcon.colcon_core.shell:create_environment_hook('Simple_algo', 'pythonpath')
[9.794s] INFO:colcon.colcon_core.shell:Creating environment hook '/home/etdisc/Bureau/codef1tenth/install/Simple_algo/share/Simple_algo/hook/pythonpath.ps1'
[9.797s] INFO:colcon.colcon_core.shell:Creating environment descriptor '/home/etdisc/Bureau/codef1tenth/install/Simple_algo/share/Simple_algo/hook/pythonpath.dsv'
[9.800s] DEBUG:colcon.colcon_core.event_handler.log_command:Invoked command in '/home/etdisc/Bureau/codef1tenth/src/Simple_algo' returned '0': PYTHONPATH=/home/etdisc/Bureau/codef1tenth/build/Simple_algo/prefix_override:/usr/lib/python3/dist-packages/colcon_core/task/python/colcon_distutils_commands:/home/etdisc/Bureau/codef1tenth/install/Simple_algo/lib/python3.8/site-packages:${PYTHONPATH} /usr/bin/python3 -W ignore:setup.py install is deprecated -W ignore:easy_install command is deprecated setup.py egg_info --egg-base ../../build/Simple_algo build --build-base /home/etdisc/Bureau/codef1tenth/build/Simple_algo/build install --record /home/etdisc/Bureau/codef1tenth/build/Simple_algo/install.log --single-version-externally-managed install_data
[9.800s] INFO:colcon.colcon_core.shell:Creating environment hook '/home/etdisc/Bureau/codef1tenth/install/Simple_algo/share/Simple_algo/hook/pythonpath.sh'
[9.802s] Level 1:colcon.colcon_core.environment:checking '/home/etdisc/Bureau/codef1tenth/install/Simple_algo/bin'
[9.803s] Level 1:colcon.colcon_core.environment:create_environment_scripts_only(Simple_algo)
[9.803s] INFO:colcon.colcon_core.shell:Creating package script '/home/etdisc/Bureau/codef1tenth/install/Simple_algo/share/Simple_algo/package.ps1'
[9.805s] INFO:colcon.colcon_core.shell:Creating package descriptor '/home/etdisc/Bureau/codef1tenth/install/Simple_algo/share/Simple_algo/package.dsv'
[9.811s] INFO:colcon.colcon_core.shell:Creating package script '/home/etdisc/Bureau/codef1tenth/install/Simple_algo/share/Simple_algo/package.sh'
[9.816s] INFO:colcon.colcon_core.shell:Creating package script '/home/etdisc/Bureau/codef1tenth/install/Simple_algo/share/Simple_algo/package.bash'
[9.818s] INFO:colcon.colcon_core.shell:Creating package script '/home/etdisc/Bureau/codef1tenth/install/Simple_algo/share/Simple_algo/package.zsh'
[9.822s] Level 1:colcon.colcon_core.environment:create_file_with_runtime_dependencies(/home/etdisc/Bureau/codef1tenth/install/Simple_algo/share/colcon-core/packages/Simple_algo)
[9.826s] Level 1:colcon.colcon_core.environment:checking '/home/etdisc/Bureau/codef1tenth/install/Planif' for CMake module files
[9.827s] Level 1:colcon.colcon_core.environment:checking '/home/etdisc/Bureau/codef1tenth/install/Planif' for CMake config files
[9.829s] Level 1:colcon.colcon_core.environment:checking '/home/etdisc/Bureau/codef1tenth/install/Planif/lib'
[9.830s] Level 1:colcon.colcon_core.environment:checking '/home/etdisc/Bureau/codef1tenth/install/Planif/bin'
[9.830s] Level 1:colcon.colcon_core.environment:checking '/home/etdisc/Bureau/codef1tenth/install/Planif/lib/pkgconfig/Planif.pc'
[9.830s] Level 1:colcon.colcon_core.environment:checking '/home/etdisc/Bureau/codef1tenth/install/Planif/lib/python3.8/site-packages'
[9.830s] Level 1:colcon.colcon_core.shell:create_environment_hook('Planif', 'pythonpath')
[9.831s] INFO:colcon.colcon_core.shell:Creating environment hook '/home/etdisc/Bureau/codef1tenth/install/Planif/share/Planif/hook/pythonpath.ps1'
[9.833s] INFO:colcon.colcon_core.shell:Creating environment descriptor '/home/etdisc/Bureau/codef1tenth/install/Planif/share/Planif/hook/pythonpath.dsv'
[9.834s] DEBUG:colcon.colcon_core.event_handler.log_command:Invoked command in '/home/etdisc/Bureau/codef1tenth/src/Planif' returned '0': PYTHONPATH=/home/etdisc/Bureau/codef1tenth/build/Planif/prefix_override:/usr/lib/python3/dist-packages/colcon_core/task/python/colcon_distutils_commands:/home/etdisc/Bureau/codef1tenth/install/Planif/lib/python3.8/site-packages:${PYTHONPATH} /usr/bin/python3 -W ignore:setup.py install is deprecated -W ignore:easy_install command is deprecated setup.py egg_info --egg-base ../../build/Planif build --build-base /home/etdisc/Bureau/codef1tenth/build/Planif/build install --record /home/etdisc/Bureau/codef1tenth/build/Planif/install.log --single-version-externally-managed install_data
[9.835s] INFO:colcon.colcon_core.shell:Creating environment hook '/home/etdisc/Bureau/codef1tenth/install/Planif/share/Planif/hook/pythonpath.sh'
[9.838s] Level 1:colcon.colcon_core.environment:checking '/home/etdisc/Bureau/codef1tenth/install/Planif/bin'
[9.838s] Level 1:colcon.colcon_core.environment:create_environment_scripts_only(Planif)
[9.839s] INFO:colcon.colcon_core.shell:Creating package script '/home/etdisc/Bureau/codef1tenth/install/Planif/share/Planif/package.ps1'
[9.840s] INFO:colcon.colcon_core.shell:Creating package descriptor '/home/etdisc/Bureau/codef1tenth/install/Planif/share/Planif/package.dsv'
[9.842s] INFO:colcon.colcon_core.shell:Creating package script '/home/etdisc/Bureau/codef1tenth/install/Planif/share/Planif/package.sh'
[9.843s] INFO:colcon.colcon_core.shell:Creating package script '/home/etdisc/Bureau/codef1tenth/install/Planif/share/Planif/package.bash'
[9.845s] INFO:colcon.colcon_core.shell:Creating package script '/home/etdisc/Bureau/codef1tenth/install/Planif/share/Planif/package.zsh'
[9.846s] Level 1:colcon.colcon_core.environment:create_file_with_runtime_dependencies(/home/etdisc/Bureau/codef1tenth/install/Planif/share/colcon-core/packages/Planif)
[9.849s] INFO:colcon.colcon_ros.task.ament_python.build:Building ROS package in '/home/etdisc/Bureau/codef1tenth/src/timer' with build type 'ament_python'
[9.849s] Level 1:colcon.colcon_core.shell:create_environment_hook('timer', 'ament_prefix_path')
[9.850s] INFO:colcon.colcon_core.shell:Creating environment hook '/home/etdisc/Bureau/codef1tenth/install/timer/share/timer/hook/ament_prefix_path.ps1'
[9.853s] INFO:colcon.colcon_core.shell:Creating environment descriptor '/home/etdisc/Bureau/codef1tenth/install/timer/share/timer/hook/ament_prefix_path.dsv'
[9.855s] INFO:colcon.colcon_core.shell:Creating environment hook '/home/etdisc/Bureau/codef1tenth/install/timer/share/timer/hook/ament_prefix_path.sh'
[9.857s] INFO:colcon.colcon_core.shell:Skip shell extension 'powershell' for command environment: Not usable outside of PowerShell
[9.857s] DEBUG:colcon.colcon_core.shell:Skip shell extension 'dsv' for command environment
[9.892s] Level 1:colcon.colcon_core.environment:create_environment_scripts_only(f1_localization)
[9.895s] Level 1:colcon.colcon_core.environment:checking '/home/etdisc/Bureau/codef1tenth/install/f1_localization' for CMake module files
[9.896s] Level 1:colcon.colcon_core.environment:checking '/home/etdisc/Bureau/codef1tenth/install/f1_localization' for CMake config files
[9.897s] DEBUG:colcon.colcon_core.event_handler.log_command:Invoked command in '/home/etdisc/Bureau/codef1tenth/build/f1_localization' returned '0': CMAKE_PREFIX_PATH=${CMAKE_PREFIX_PATH}:/home/etdisc/depots/f1tenth/sim_ws/install/timer:/home/etdisc/depots/f1tenth/sim_ws/install/strategy:/home/etdisc/depots/f1tenth/sim_ws/install/localisation:/home/etdisc/depots/f1tenth/sim_ws/install/f1tenth_gym_ros:/home/etdisc/depots/f1tenth/sim_ws/install/Waypoints:/home/etdisc/depots/f1tenth/sim_ws/install/Simple_algo:/home/etdisc/depots/f1tenth/sim_ws/install/Planif:/home/etdisc/depots/f1tenth/sim_ws/install/Mapping:/home/etdisc/depots/f1tenth/sim_ws/install/AEB:/home/etdisc/Desktop/sim_ws/install/timer:/home/etdisc/Desktop/sim_ws/install/strategy:/home/etdisc/Desktop/sim_ws/install/localisation:/home/etdisc/Desktop/sim_ws/install/f1tenth_gym_ros:/home/etdisc/Desktop/sim_ws/install/Waypoints:/home/etdisc/Desktop/sim_ws/install/Simple_algo:/home/etdisc/Desktop/sim_ws/install/Planif:/home/etdisc/Desktop/sim_ws/install/Mapping:/home/etdisc/Desktop/sim_ws/install/AEB:/opt/ros/galactic /usr/bin/cmake --install /home/etdisc/Bureau/codef1tenth/build/f1_localization
[9.898s] Level 1:colcon.colcon_core.shell:create_environment_hook('f1_localization', 'cmake_prefix_path')
[9.899s] INFO:colcon.colcon_core.shell:Creating environment hook '/home/etdisc/Bureau/codef1tenth/install/f1_localization/share/f1_localization/hook/cmake_prefix_path.ps1'
[9.904s] INFO:colcon.colcon_core.shell:Creating environment descriptor '/home/etdisc/Bureau/codef1tenth/install/f1_localization/share/f1_localization/hook/cmake_prefix_path.dsv'
[9.906s] INFO:colcon.colcon_core.shell:Creating environment hook '/home/etdisc/Bureau/codef1tenth/install/f1_localization/share/f1_localization/hook/cmake_prefix_path.sh'
[9.909s] Level 1:colcon.colcon_core.environment:checking '/home/etdisc/Bureau/codef1tenth/install/f1_localization/bin'
[9.910s] Level 1:colcon.colcon_core.environment:checking '/home/etdisc/Bureau/codef1tenth/install/f1_localization/lib/pkgconfig/f1_localization.pc'
[9.910s] Level 1:colcon.colcon_core.environment:checking '/home/etdisc/Bureau/codef1tenth/install/f1_localization/lib/python3.8/site-packages'
[9.911s] Level 1:colcon.colcon_core.environment:checking '/home/etdisc/Bureau/codef1tenth/install/f1_localization/bin'
[9.911s] INFO:colcon.colcon_core.shell:Creating package script '/home/etdisc/Bureau/codef1tenth/install/f1_localization/share/f1_localization/package.ps1'
[9.913s] INFO:colcon.colcon_core.shell:Creating package descriptor '/home/etdisc/Bureau/codef1tenth/install/f1_localization/share/f1_localization/package.dsv'
[9.915s] INFO:colcon.colcon_core.shell:Creating package script '/home/etdisc/Bureau/codef1tenth/install/f1_localization/share/f1_localization/package.sh'
[9.917s] INFO:colcon.colcon_core.shell:Creating package script '/home/etdisc/Bureau/codef1tenth/install/f1_localization/share/f1_localization/package.bash'
[9.920s] INFO:colcon.colcon_core.shell:Creating package script '/home/etdisc/Bureau/codef1tenth/install/f1_localization/share/f1_localization/package.zsh'
[9.923s] Level 1:colcon.colcon_core.environment:create_file_with_runtime_dependencies(/home/etdisc/Bureau/codef1tenth/install/f1_localization/share/colcon-core/packages/f1_localization)
[9.925s] Level 1:colcon.colcon_core.environment:create_environment_scripts_only(f1_localization)
[9.926s] Level 1:colcon.colcon_core.environment:checking '/home/etdisc/Bureau/codef1tenth/install/f1_localization' for CMake module files
[9.927s] Level 1:colcon.colcon_core.environment:checking '/home/etdisc/Bureau/codef1tenth/install/f1_localization' for CMake config files
[9.928s] Level 1:colcon.colcon_core.shell:create_environment_hook('f1_localization', 'cmake_prefix_path')
[9.929s] INFO:colcon.colcon_core.shell:Creating environment hook '/home/etdisc/Bureau/codef1tenth/install/f1_localization/share/f1_localization/hook/cmake_prefix_path.ps1'
[9.932s] INFO:colcon.colcon_core.shell:Creating environment descriptor '/home/etdisc/Bureau/codef1tenth/install/f1_localization/share/f1_localization/hook/cmake_prefix_path.dsv'
[9.935s] INFO:colcon.colcon_core.shell:Creating environment hook '/home/etdisc/Bureau/codef1tenth/install/f1_localization/share/f1_localization/hook/cmake_prefix_path.sh'
[9.938s] Level 1:colcon.colcon_core.environment:checking '/home/etdisc/Bureau/codef1tenth/install/f1_localization/bin'
[9.938s] Level 1:colcon.colcon_core.environment:checking '/home/etdisc/Bureau/codef1tenth/install/f1_localization/lib/pkgconfig/f1_localization.pc'
[9.939s] Level 1:colcon.colcon_core.environment:checking '/home/etdisc/Bureau/codef1tenth/install/f1_localization/lib/python3.8/site-packages'
[9.939s] Level 1:colcon.colcon_core.environment:checking '/home/etdisc/Bureau/codef1tenth/install/f1_localization/bin'
[9.941s] INFO:colcon.colcon_core.shell:Creating package script '/home/etdisc/Bureau/codef1tenth/install/f1_localization/share/f1_localization/package.ps1'
[9.943s] INFO:colcon.colcon_core.shell:Creating package descriptor '/home/etdisc/Bureau/codef1tenth/install/f1_localization/share/f1_localization/package.dsv'
[9.947s] INFO:colcon.colcon_core.shell:Creating package script '/home/etdisc/Bureau/codef1tenth/install/f1_localization/share/f1_localization/package.sh'
[9.949s] INFO:colcon.colcon_core.shell:Creating package script '/home/etdisc/Bureau/codef1tenth/install/f1_localization/share/f1_localization/package.bash'
[9.950s] INFO:colcon.colcon_core.shell:Creating package script '/home/etdisc/Bureau/codef1tenth/install/f1_localization/share/f1_localization/package.zsh'
[9.951s] Level 1:colcon.colcon_core.environment:create_file_with_runtime_dependencies(/home/etdisc/Bureau/codef1tenth/install/f1_localization/share/colcon-core/packages/f1_localization)
[10.667s] INFO:colcon.colcon_core.task.python.build:Building Python package in '/home/etdisc/Bureau/codef1tenth/src/strategy'
[10.668s] INFO:colcon.colcon_core.shell:Skip shell extension 'powershell' for command environment: Not usable outside of PowerShell
[10.668s] DEBUG:colcon.colcon_core.shell:Skip shell extension 'dsv' for command environment
[11.290s] INFO:colcon.colcon_core.task.python.build:Building Python package in '/home/etdisc/Bureau/codef1tenth/src/timer'
[11.291s] INFO:colcon.colcon_core.shell:Skip shell extension 'powershell' for command environment: Not usable outside of PowerShell
[11.291s] DEBUG:colcon.colcon_core.shell:Skip shell extension 'dsv' for command environment
[11.331s] DEBUG:colcon.colcon_core.event_handler.log_command:Invoking command in '/home/etdisc/Bureau/codef1tenth/src/localisation': PYTHONPATH=/home/etdisc/Bureau/codef1tenth/build/localisation/prefix_override:/usr/lib/python3/dist-packages/colcon_core/task/python/colcon_distutils_commands:/home/etdisc/Bureau/codef1tenth/install/localisation/lib/python3.8/site-packages:${PYTHONPATH} /usr/bin/python3 -W ignore:setup.py install is deprecated -W ignore:easy_install command is deprecated setup.py egg_info --egg-base ../../build/localisation build --build-base /home/etdisc/Bureau/codef1tenth/build/localisation/build install --record /home/etdisc/Bureau/codef1tenth/build/localisation/install.log --single-version-externally-managed install_data
[11.818s] DEBUG:colcon.colcon_core.event_handler.log_command:Invoked command in '/home/etdisc/Bureau/codef1tenth/build/custom_msgs' returned '0': CMAKE_PREFIX_PATH=${CMAKE_PREFIX_PATH}:/home/etdisc/depots/f1tenth/sim_ws/install/timer:/home/etdisc/depots/f1tenth/sim_ws/install/strategy:/home/etdisc/depots/f1tenth/sim_ws/install/localisation:/home/etdisc/depots/f1tenth/sim_ws/install/f1tenth_gym_ros:/home/etdisc/depots/f1tenth/sim_ws/install/Waypoints:/home/etdisc/depots/f1tenth/sim_ws/install/Simple_algo:/home/etdisc/depots/f1tenth/sim_ws/install/Planif:/home/etdisc/depots/f1tenth/sim_ws/install/Mapping:/home/etdisc/depots/f1tenth/sim_ws/install/AEB:/home/etdisc/Desktop/sim_ws/install/timer:/home/etdisc/Desktop/sim_ws/install/strategy:/home/etdisc/Desktop/sim_ws/install/localisation:/home/etdisc/Desktop/sim_ws/install/f1tenth_gym_ros:/home/etdisc/Desktop/sim_ws/install/Waypoints:/home/etdisc/Desktop/sim_ws/install/Simple_algo:/home/etdisc/Desktop/sim_ws/install/Planif:/home/etdisc/Desktop/sim_ws/install/Mapping:/home/etdisc/Desktop/sim_ws/install/AEB:/opt/ros/galactic /usr/bin/cmake --build /home/etdisc/Bureau/codef1tenth/build/custom_msgs -- -j8 -l8
[11.830s] DEBUG:colcon.colcon_core.event_handler.log_command:Invoking command in '/home/etdisc/Bureau/codef1tenth/build/custom_msgs': CMAKE_PREFIX_PATH=${CMAKE_PREFIX_PATH}:/home/etdisc/depots/f1tenth/sim_ws/install/timer:/home/etdisc/depots/f1tenth/sim_ws/install/strategy:/home/etdisc/depots/f1tenth/sim_ws/install/localisation:/home/etdisc/depots/f1tenth/sim_ws/install/f1tenth_gym_ros:/home/etdisc/depots/f1tenth/sim_ws/install/Waypoints:/home/etdisc/depots/f1tenth/sim_ws/install/Simple_algo:/home/etdisc/depots/f1tenth/sim_ws/install/Planif:/home/etdisc/depots/f1tenth/sim_ws/install/Mapping:/home/etdisc/depots/f1tenth/sim_ws/install/AEB:/home/etdisc/Desktop/sim_ws/install/timer:/home/etdisc/Desktop/sim_ws/install/strategy:/home/etdisc/Desktop/sim_ws/install/localisation:/home/etdisc/Desktop/sim_ws/install/f1tenth_gym_ros:/home/etdisc/Desktop/sim_ws/install/Waypoints:/home/etdisc/Desktop/sim_ws/install/Simple_algo:/home/etdisc/Desktop/sim_ws/install/Planif:/home/etdisc/Desktop/sim_ws/install/Mapping:/home/etdisc/Desktop/sim_ws/install/AEB:/opt/ros/galactic /usr/bin/cmake --install /home/etdisc/Bureau/codef1tenth/build/custom_msgs
[12.015s] Level 1:colcon.colcon_core.environment:checking '/home/etdisc/Bureau/codef1tenth/install/localisation' for CMake module files
[12.016s] DEBUG:colcon.colcon_core.event_handler.log_command:Invoked command in '/home/etdisc/Bureau/codef1tenth/src/localisation' returned '0': PYTHONPATH=/home/etdisc/Bureau/codef1tenth/build/localisation/prefix_override:/usr/lib/python3/dist-packages/colcon_core/task/python/colcon_distutils_commands:/home/etdisc/Bureau/codef1tenth/install/localisation/lib/python3.8/site-packages:${PYTHONPATH} /usr/bin/python3 -W ignore:setup.py install is deprecated -W ignore:easy_install command is deprecated setup.py egg_info --egg-base ../../build/localisation build --build-base /home/etdisc/Bureau/codef1tenth/build/localisation/build install --record /home/etdisc/Bureau/codef1tenth/build/localisation/install.log --single-version-externally-managed install_data
[12.021s] Level 1:colcon.colcon_core.environment:checking '/home/etdisc/Bureau/codef1tenth/install/localisation' for CMake config files
[12.022s] Level 1:colcon.colcon_core.environment:checking '/home/etdisc/Bureau/codef1tenth/install/localisation/lib'
[12.023s] Level 1:colcon.colcon_core.environment:checking '/home/etdisc/Bureau/codef1tenth/install/localisation/bin'
[12.023s] Level 1:colcon.colcon_core.environment:checking '/home/etdisc/Bureau/codef1tenth/install/localisation/lib/pkgconfig/localisation.pc'
[12.023s] Level 1:colcon.colcon_core.environment:checking '/home/etdisc/Bureau/codef1tenth/install/localisation/lib/python3.8/site-packages'
[12.023s] Level 1:colcon.colcon_core.shell:create_environment_hook('localisation', 'pythonpath')
[12.024s] INFO:colcon.colcon_core.shell:Creating environment hook '/home/etdisc/Bureau/codef1tenth/install/localisation/share/localisation/hook/pythonpath.ps1'
[12.026s] INFO:colcon.colcon_core.shell:Creating environment descriptor '/home/etdisc/Bureau/codef1tenth/install/localisation/share/localisation/hook/pythonpath.dsv'
[12.029s] INFO:colcon.colcon_core.shell:Creating environment hook '/home/etdisc/Bureau/codef1tenth/install/localisation/share/localisation/hook/pythonpath.sh'
[12.030s] Level 1:colcon.colcon_core.environment:checking '/home/etdisc/Bureau/codef1tenth/install/localisation/bin'
[12.030s] Level 1:colcon.colcon_core.environment:create_environment_scripts_only(localisation)
[12.031s] INFO:colcon.colcon_core.shell:Creating package script '/home/etdisc/Bureau/codef1tenth/install/localisation/share/localisation/package.ps1'
[12.033s] INFO:colcon.colcon_core.shell:Creating package descriptor '/home/etdisc/Bureau/codef1tenth/install/localisation/share/localisation/package.dsv'
[12.034s] INFO:colcon.colcon_core.shell:Creating package script '/home/etdisc/Bureau/codef1tenth/install/localisation/share/localisation/package.sh'
[12.036s] INFO:colcon.colcon_core.shell:Creating package script '/home/etdisc/Bureau/codef1tenth/install/localisation/share/localisation/package.bash'
[12.037s] INFO:colcon.colcon_core.shell:Creating package script '/home/etdisc/Bureau/codef1tenth/install/localisation/share/localisation/package.zsh'
[12.038s] Level 1:colcon.colcon_core.environment:create_file_with_runtime_dependencies(/home/etdisc/Bureau/codef1tenth/install/localisation/share/colcon-core/packages/localisation)
[12.115s] Level 1:colcon.colcon_core.environment:create_environment_scripts_only(custom_msgs)
[12.116s] Level 1:colcon.colcon_core.environment:checking '/home/etdisc/Bureau/codef1tenth/install/custom_msgs' for CMake module files
[12.117s] DEBUG:colcon.colcon_core.event_handler.log_command:Invoked command in '/home/etdisc/Bureau/codef1tenth/build/custom_msgs' returned '0': CMAKE_PREFIX_PATH=${CMAKE_PREFIX_PATH}:/home/etdisc/depots/f1tenth/sim_ws/install/timer:/home/etdisc/depots/f1tenth/sim_ws/install/strategy:/home/etdisc/depots/f1tenth/sim_ws/install/localisation:/home/etdisc/depots/f1tenth/sim_ws/install/f1tenth_gym_ros:/home/etdisc/depots/f1tenth/sim_ws/install/Waypoints:/home/etdisc/depots/f1tenth/sim_ws/install/Simple_algo:/home/etdisc/depots/f1tenth/sim_ws/install/Planif:/home/etdisc/depots/f1tenth/sim_ws/install/Mapping:/home/etdisc/depots/f1tenth/sim_ws/install/AEB:/home/etdisc/Desktop/sim_ws/install/timer:/home/etdisc/Desktop/sim_ws/install/strategy:/home/etdisc/Desktop/sim_ws/install/localisation:/home/etdisc/Desktop/sim_ws/install/f1tenth_gym_ros:/home/etdisc/Desktop/sim_ws/install/Waypoints:/home/etdisc/Desktop/sim_ws/install/Simple_algo:/home/etdisc/Desktop/sim_ws/install/Planif:/home/etdisc/Desktop/sim_ws/install/Mapping:/home/etdisc/Desktop/sim_ws/install/AEB:/opt/ros/galactic /usr/bin/cmake --install /home/etdisc/Bureau/codef1tenth/build/custom_msgs
[12.118s] Level 1:colcon.colcon_core.environment:checking '/home/etdisc/Bureau/codef1tenth/install/custom_msgs' for CMake config files
[12.118s] Level 1:colcon.colcon_core.shell:create_environment_hook('custom_msgs', 'cmake_prefix_path')
[12.119s] INFO:colcon.colcon_core.shell:Creating environment hook '/home/etdisc/Bureau/codef1tenth/install/custom_msgs/share/custom_msgs/hook/cmake_prefix_path.ps1'
[12.121s] INFO:colcon.colcon_core.shell:Creating environment descriptor '/home/etdisc/Bureau/codef1tenth/install/custom_msgs/share/custom_msgs/hook/cmake_prefix_path.dsv'
[12.122s] INFO:colcon.colcon_core.shell:Creating environment hook '/home/etdisc/Bureau/codef1tenth/install/custom_msgs/share/custom_msgs/hook/cmake_prefix_path.sh'
[12.125s] Level 1:colcon.colcon_core.environment:checking '/home/etdisc/Bureau/codef1tenth/install/custom_msgs/lib'
[12.125s] Level 1:colcon.colcon_core.shell:create_environment_hook('custom_msgs', 'ld_library_path_lib')
[12.125s] INFO:colcon.colcon_core.shell:Creating environment hook '/home/etdisc/Bureau/codef1tenth/install/custom_msgs/share/custom_msgs/hook/ld_library_path_lib.ps1'
[12.127s] INFO:colcon.colcon_core.shell:Creating environment descriptor '/home/etdisc/Bureau/codef1tenth/install/custom_msgs/share/custom_msgs/hook/ld_library_path_lib.dsv'
[12.128s] INFO:colcon.colcon_core.shell:Creating environment hook '/home/etdisc/Bureau/codef1tenth/install/custom_msgs/share/custom_msgs/hook/ld_library_path_lib.sh'
[12.130s] Level 1:colcon.colcon_core.environment:checking '/home/etdisc/Bureau/codef1tenth/install/custom_msgs/bin'
[12.130s] Level 1:colcon.colcon_core.environment:checking '/home/etdisc/Bureau/codef1tenth/install/custom_msgs/lib/pkgconfig/custom_msgs.pc'
[12.130s] Level 1:colcon.colcon_core.environment:checking '/home/etdisc/Bureau/codef1tenth/install/custom_msgs/lib/python3.8/site-packages'
[12.130s] Level 1:colcon.colcon_core.shell:create_environment_hook('custom_msgs', 'pythonpath')
[12.131s] INFO:colcon.colcon_core.shell:Creating environment hook '/home/etdisc/Bureau/codef1tenth/install/custom_msgs/share/custom_msgs/hook/pythonpath.ps1'
[12.133s] INFO:colcon.colcon_core.shell:Creating environment descriptor '/home/etdisc/Bureau/codef1tenth/install/custom_msgs/share/custom_msgs/hook/pythonpath.dsv'
[12.135s] INFO:colcon.colcon_core.shell:Creating environment hook '/home/etdisc/Bureau/codef1tenth/install/custom_msgs/share/custom_msgs/hook/pythonpath.sh'
[12.138s] Level 1:colcon.colcon_core.environment:checking '/home/etdisc/Bureau/codef1tenth/install/custom_msgs/bin'
[12.140s] INFO:colcon.colcon_core.shell:Creating package script '/home/etdisc/Bureau/codef1tenth/install/custom_msgs/share/custom_msgs/package.ps1'
[12.142s] INFO:colcon.colcon_core.shell:Creating package descriptor '/home/etdisc/Bureau/codef1tenth/install/custom_msgs/share/custom_msgs/package.dsv'
[12.144s] INFO:colcon.colcon_core.shell:Creating package script '/home/etdisc/Bureau/codef1tenth/install/custom_msgs/share/custom_msgs/package.sh'
[12.146s] INFO:colcon.colcon_core.shell:Creating package script '/home/etdisc/Bureau/codef1tenth/install/custom_msgs/share/custom_msgs/package.bash'
[12.148s] INFO:colcon.colcon_core.shell:Creating package script '/home/etdisc/Bureau/codef1tenth/install/custom_msgs/share/custom_msgs/package.zsh'
[12.150s] Level 1:colcon.colcon_core.environment:create_file_with_runtime_dependencies(/home/etdisc/Bureau/codef1tenth/install/custom_msgs/share/colcon-core/packages/custom_msgs)
[12.151s] Level 1:colcon.colcon_core.environment:create_environment_scripts_only(custom_msgs)
[12.152s] Level 1:colcon.colcon_core.environment:checking '/home/etdisc/Bureau/codef1tenth/install/custom_msgs' for CMake module files
[12.153s] Level 1:colcon.colcon_core.environment:checking '/home/etdisc/Bureau/codef1tenth/install/custom_msgs' for CMake config files
[12.154s] Level 1:colcon.colcon_core.shell:create_environment_hook('custom_msgs', 'cmake_prefix_path')
[12.154s] INFO:colcon.colcon_core.shell:Creating environment hook '/home/etdisc/Bureau/codef1tenth/install/custom_msgs/share/custom_msgs/hook/cmake_prefix_path.ps1'
[12.163s] INFO:colcon.colcon_core.shell:Creating environment descriptor '/home/etdisc/Bureau/codef1tenth/install/custom_msgs/share/custom_msgs/hook/cmake_prefix_path.dsv'
[12.164s] INFO:colcon.colcon_core.shell:Creating environment hook '/home/etdisc/Bureau/codef1tenth/install/custom_msgs/share/custom_msgs/hook/cmake_prefix_path.sh'
[12.165s] Level 1:colcon.colcon_core.environment:checking '/home/etdisc/Bureau/codef1tenth/install/custom_msgs/lib'
[12.166s] Level 1:colcon.colcon_core.shell:create_environment_hook('custom_msgs', 'ld_library_path_lib')
[12.166s] INFO:colcon.colcon_core.shell:Creating environment hook '/home/etdisc/Bureau/codef1tenth/install/custom_msgs/share/custom_msgs/hook/ld_library_path_lib.ps1'
[12.167s] INFO:colcon.colcon_core.shell:Creating environment descriptor '/home/etdisc/Bureau/codef1tenth/install/custom_msgs/share/custom_msgs/hook/ld_library_path_lib.dsv'
[12.168s] INFO:colcon.colcon_core.shell:Creating environment hook '/home/etdisc/Bureau/codef1tenth/install/custom_msgs/share/custom_msgs/hook/ld_library_path_lib.sh'
[12.170s] Level 1:colcon.colcon_core.environment:checking '/home/etdisc/Bureau/codef1tenth/install/custom_msgs/bin'
[12.170s] Level 1:colcon.colcon_core.environment:checking '/home/etdisc/Bureau/codef1tenth/install/custom_msgs/lib/pkgconfig/custom_msgs.pc'
[12.170s] Level 1:colcon.colcon_core.environment:checking '/home/etdisc/Bureau/codef1tenth/install/custom_msgs/lib/python3.8/site-packages'
[12.170s] Level 1:colcon.colcon_core.shell:create_environment_hook('custom_msgs', 'pythonpath')
[12.171s] INFO:colcon.colcon_core.shell:Creating environment hook '/home/etdisc/Bureau/codef1tenth/install/custom_msgs/share/custom_msgs/hook/pythonpath.ps1'
[12.172s] INFO:colcon.colcon_core.shell:Creating environment descriptor '/home/etdisc/Bureau/codef1tenth/install/custom_msgs/share/custom_msgs/hook/pythonpath.dsv'
[12.175s] INFO:colcon.colcon_core.shell:Creating environment hook '/home/etdisc/Bureau/codef1tenth/install/custom_msgs/share/custom_msgs/hook/pythonpath.sh'
[12.185s] Level 1:colcon.colcon_core.environment:checking '/home/etdisc/Bureau/codef1tenth/install/custom_msgs/bin'
[12.186s] INFO:colcon.colcon_core.shell:Creating package script '/home/etdisc/Bureau/codef1tenth/install/custom_msgs/share/custom_msgs/package.ps1'
[12.189s] INFO:colcon.colcon_core.shell:Creating package descriptor '/home/etdisc/Bureau/codef1tenth/install/custom_msgs/share/custom_msgs/package.dsv'
[12.191s] INFO:colcon.colcon_core.shell:Creating package script '/home/etdisc/Bureau/codef1tenth/install/custom_msgs/share/custom_msgs/package.sh'
[12.194s] INFO:colcon.colcon_core.shell:Creating package script '/home/etdisc/Bureau/codef1tenth/install/custom_msgs/share/custom_msgs/package.bash'
[12.195s] INFO:colcon.colcon_core.shell:Creating package script '/home/etdisc/Bureau/codef1tenth/install/custom_msgs/share/custom_msgs/package.zsh'
[12.197s] Level 1:colcon.colcon_core.environment:create_file_with_runtime_dependencies(/home/etdisc/Bureau/codef1tenth/install/custom_msgs/share/colcon-core/packages/custom_msgs)
[12.270s] DEBUG:colcon.colcon_core.event_handler.log_command:Invoking command in '/home/etdisc/Bureau/codef1tenth/src/timer': PYTHONPATH=/home/etdisc/Bureau/codef1tenth/build/timer/prefix_override:/usr/lib/python3/dist-packages/colcon_core/task/python/colcon_distutils_commands:/home/etdisc/Bureau/codef1tenth/install/timer/lib/python3.8/site-packages:${PYTHONPATH} /usr/bin/python3 -W ignore:setup.py install is deprecated -W ignore:easy_install command is deprecated setup.py egg_info --egg-base ../../build/timer build --build-base /home/etdisc/Bureau/codef1tenth/build/timer/build install --record /home/etdisc/Bureau/codef1tenth/build/timer/install.log --single-version-externally-managed install_data
[12.281s] DEBUG:colcon.colcon_core.event_handler.log_command:Invoking command in '/home/etdisc/Bureau/codef1tenth/src/strategy': PYTHONPATH=/home/etdisc/Bureau/codef1tenth/build/strategy/prefix_override:/usr/lib/python3/dist-packages/colcon_core/task/python/colcon_distutils_commands:/home/etdisc/Bureau/codef1tenth/install/strategy/lib/python3.8/site-packages:${PYTHONPATH} /usr/bin/python3 -W ignore:setup.py install is deprecated -W ignore:easy_install command is deprecated setup.py egg_info --egg-base ../../build/strategy build --build-base /home/etdisc/Bureau/codef1tenth/build/strategy/build install --record /home/etdisc/Bureau/codef1tenth/build/strategy/install.log --single-version-externally-managed install_data
[12.762s] Level 1:colcon.colcon_core.environment:checking '/home/etdisc/Bureau/codef1tenth/install/strategy' for CMake module files
[12.763s] DEBUG:colcon.colcon_core.event_handler.log_command:Invoked command in '/home/etdisc/Bureau/codef1tenth/src/strategy' returned '0': PYTHONPATH=/home/etdisc/Bureau/codef1tenth/build/strategy/prefix_override:/usr/lib/python3/dist-packages/colcon_core/task/python/colcon_distutils_commands:/home/etdisc/Bureau/codef1tenth/install/strategy/lib/python3.8/site-packages:${PYTHONPATH} /usr/bin/python3 -W ignore:setup.py install is deprecated -W ignore:easy_install command is deprecated setup.py egg_info --egg-base ../../build/strategy build --build-base /home/etdisc/Bureau/codef1tenth/build/strategy/build install --record /home/etdisc/Bureau/codef1tenth/build/strategy/install.log --single-version-externally-managed install_data
[12.764s] Level 1:colcon.colcon_core.environment:checking '/home/etdisc/Bureau/codef1tenth/install/strategy' for CMake config files
[12.765s] Level 1:colcon.colcon_core.environment:checking '/home/etdisc/Bureau/codef1tenth/install/strategy/lib'
[12.765s] Level 1:colcon.colcon_core.environment:checking '/home/etdisc/Bureau/codef1tenth/install/strategy/bin'
[12.765s] Level 1:colcon.colcon_core.environment:checking '/home/etdisc/Bureau/codef1tenth/install/strategy/lib/pkgconfig/strategy.pc'
[12.765s] Level 1:colcon.colcon_core.environment:checking '/home/etdisc/Bureau/codef1tenth/install/strategy/lib/python3.8/site-packages'
[12.765s] Level 1:colcon.colcon_core.shell:create_environment_hook('strategy', 'pythonpath')
[12.766s] INFO:colcon.colcon_core.shell:Creating environment hook '/home/etdisc/Bureau/codef1tenth/install/strategy/share/strategy/hook/pythonpath.ps1'
[12.768s] INFO:colcon.colcon_core.shell:Creating environment descriptor '/home/etdisc/Bureau/codef1tenth/install/strategy/share/strategy/hook/pythonpath.dsv'
[12.769s] INFO:colcon.colcon_core.shell:Creating environment hook '/home/etdisc/Bureau/codef1tenth/install/strategy/share/strategy/hook/pythonpath.sh'
[12.770s] Level 1:colcon.colcon_core.environment:checking '/home/etdisc/Bureau/codef1tenth/install/strategy/bin'
[12.770s] Level 1:colcon.colcon_core.environment:create_environment_scripts_only(strategy)
[12.771s] INFO:colcon.colcon_core.shell:Creating package script '/home/etdisc/Bureau/codef1tenth/install/strategy/share/strategy/package.ps1'
[12.771s] INFO:colcon.colcon_core.shell:Creating package descriptor '/home/etdisc/Bureau/codef1tenth/install/strategy/share/strategy/package.dsv'
[12.772s] INFO:colcon.colcon_core.shell:Creating package script '/home/etdisc/Bureau/codef1tenth/install/strategy/share/strategy/package.sh'
[12.773s] INFO:colcon.colcon_core.shell:Creating package script '/home/etdisc/Bureau/codef1tenth/install/strategy/share/strategy/package.bash'
[12.774s] INFO:colcon.colcon_core.shell:Creating package script '/home/etdisc/Bureau/codef1tenth/install/strategy/share/strategy/package.zsh'
[12.774s] Level 1:colcon.colcon_core.environment:create_file_with_runtime_dependencies(/home/etdisc/Bureau/codef1tenth/install/strategy/share/colcon-core/packages/strategy)
[12.778s] Level 1:colcon.colcon_core.environment:checking '/home/etdisc/Bureau/codef1tenth/install/timer' for CMake module files
[12.779s] DEBUG:colcon.colcon_core.event_handler.log_command:Invoked command in '/home/etdisc/Bureau/codef1tenth/src/timer' returned '0': PYTHONPATH=/home/etdisc/Bureau/codef1tenth/build/timer/prefix_override:/usr/lib/python3/dist-packages/colcon_core/task/python/colcon_distutils_commands:/home/etdisc/Bureau/codef1tenth/install/timer/lib/python3.8/site-packages:${PYTHONPATH} /usr/bin/python3 -W ignore:setup.py install is deprecated -W ignore:easy_install command is deprecated setup.py egg_info --egg-base ../../build/timer build --build-base /home/etdisc/Bureau/codef1tenth/build/timer/build install --record /home/etdisc/Bureau/codef1tenth/build/timer/install.log --single-version-externally-managed install_data
[12.780s] Level 1:colcon.colcon_core.environment:checking '/home/etdisc/Bureau/codef1tenth/install/timer' for CMake config files
[12.781s] Level 1:colcon.colcon_core.environment:checking '/home/etdisc/Bureau/codef1tenth/install/timer/lib'
[12.781s] Level 1:colcon.colcon_core.environment:checking '/home/etdisc/Bureau/codef1tenth/install/timer/bin'
[12.781s] Level 1:colcon.colcon_core.environment:checking '/home/etdisc/Bureau/codef1tenth/install/timer/lib/pkgconfig/timer.pc'
[12.781s] Level 1:colcon.colcon_core.environment:checking '/home/etdisc/Bureau/codef1tenth/install/timer/lib/python3.8/site-packages'
[12.781s] Level 1:colcon.colcon_core.shell:create_environment_hook('timer', 'pythonpath')
[12.781s] INFO:colcon.colcon_core.shell:Creating environment hook '/home/etdisc/Bureau/codef1tenth/install/timer/share/timer/hook/pythonpath.ps1'
[12.782s] INFO:colcon.colcon_core.shell:Creating environment descriptor '/home/etdisc/Bureau/codef1tenth/install/timer/share/timer/hook/pythonpath.dsv'
[12.783s] INFO:colcon.colcon_core.shell:Creating environment hook '/home/etdisc/Bureau/codef1tenth/install/timer/share/timer/hook/pythonpath.sh'
[12.785s] Level 1:colcon.colcon_core.environment:checking '/home/etdisc/Bureau/codef1tenth/install/timer/bin'
[12.785s] Level 1:colcon.colcon_core.environment:create_environment_scripts_only(timer)
[12.786s] INFO:colcon.colcon_core.shell:Creating package script '/home/etdisc/Bureau/codef1tenth/install/timer/share/timer/package.ps1'
[12.789s] INFO:colcon.colcon_core.shell:Creating package descriptor '/home/etdisc/Bureau/codef1tenth/install/timer/share/timer/package.dsv'
[12.790s] INFO:colcon.colcon_core.shell:Creating package script '/home/etdisc/Bureau/codef1tenth/install/timer/share/timer/package.sh'
[12.791s] INFO:colcon.colcon_core.shell:Creating package script '/home/etdisc/Bureau/codef1tenth/install/timer/share/timer/package.bash'
[12.792s] INFO:colcon.colcon_core.shell:Creating package script '/home/etdisc/Bureau/codef1tenth/install/timer/share/timer/package.zsh'
[12.794s] Level 1:colcon.colcon_core.environment:create_file_with_runtime_dependencies(/home/etdisc/Bureau/codef1tenth/install/timer/share/colcon-core/packages/timer)
[12.794s] DEBUG:colcon.colcon_parallel_executor.executor.parallel:closing loop
[12.795s] DEBUG:colcon.colcon_parallel_executor.executor.parallel:loop closed
[12.795s] DEBUG:colcon.colcon_parallel_executor.executor.parallel:run_until_complete finished with '0'
[12.796s] DEBUG:colcon.colcon_core.event_reactor:joining thread
[12.807s] INFO:colcon.colcon_core.plugin_system:Skipping extension 'colcon_notification.desktop_notification.terminal_notifier': Not used on non-Darwin systems
[12.807s] INFO:colcon.colcon_core.plugin_system:Skipping extension 'colcon_notification.desktop_notification.win32': Not used on non-Windows systems
[12.807s] INFO:colcon.colcon_notification.desktop_notification:Sending desktop notification using 'notify2'
[12.835s] DEBUG:colcon.colcon_core.event_reactor:joined thread
[12.836s] INFO:colcon.colcon_core.shell:Creating prefix script '/home/etdisc/Bureau/codef1tenth/install/local_setup.ps1'
[12.838s] INFO:colcon.colcon_core.shell:Creating prefix util module '/home/etdisc/Bureau/codef1tenth/install/_local_setup_util_ps1.py'
[12.840s] INFO:colcon.colcon_core.shell:Creating prefix chain script '/home/etdisc/Bureau/codef1tenth/install/setup.ps1'
[12.842s] INFO:colcon.colcon_core.shell:Creating prefix script '/home/etdisc/Bureau/codef1tenth/install/local_setup.sh'
[12.844s] INFO:colcon.colcon_core.shell:Creating prefix util module '/home/etdisc/Bureau/codef1tenth/install/_local_setup_util_sh.py'
[12.845s] INFO:colcon.colcon_core.shell:Creating prefix chain script '/home/etdisc/Bureau/codef1tenth/install/setup.sh'
[12.848s] INFO:colcon.colcon_core.shell:Creating prefix script '/home/etdisc/Bureau/codef1tenth/install/local_setup.bash'
[12.850s] INFO:colcon.colcon_core.shell:Creating prefix chain script '/home/etdisc/Bureau/codef1tenth/install/setup.bash'
[12.854s] INFO:colcon.colcon_core.shell:Creating prefix script '/home/etdisc/Bureau/codef1tenth/install/local_setup.zsh'
[12.856s] INFO:colcon.colcon_core.shell:Creating prefix chain script '/home/etdisc/Bureau/codef1tenth/install/setup.zsh'
