[0.000000] (-) TimerEvent: {}
[0.002481] (AEB) JobQueued: {'identifier': 'AEB', 'dependencies': OrderedDict()}
[0.003181] (Mapping) JobQueued: {'identifier': 'Mapping', 'dependencies': OrderedDict()}
[0.003779] (Planif) JobQueued: {'identifier': 'Planif', 'dependencies': OrderedDict()}
[0.003914] (Simple_algo) JobQueued: {'identifier': 'Simple_algo', 'dependencies': OrderedDict()}
[0.004007] (Waypoints) JobQueued: {'identifier': 'Waypoints', 'dependencies': OrderedDict()}
[0.004100] (custom_msgs) JobQueued: {'identifier': 'custom_msgs', 'dependencies': OrderedDict()}
[0.004194] (f1_localization) JobQueued: {'identifier': 'f1_localization', 'dependencies': OrderedDict()}
[0.004280] (f1tenth_gym_ros) JobQueued: {'identifier': 'f1tenth_gym_ros', 'dependencies': OrderedDict()}
[0.004378] (localisation) JobQueued: {'identifier': 'localisation', 'dependencies': OrderedDict()}
[0.004462] (strategy) JobQueued: {'identifier': 'strategy', 'dependencies': OrderedDict()}
[0.006496] (timer) JobQueued: {'identifier': 'timer', 'dependencies': OrderedDict()}
[0.008252] (AEB) JobStarted: {'identifier': 'AEB'}
[0.145475] (-) TimerEvent: {}
[0.173551] (Mapping) JobStarted: {'identifier': 'Mapping'}
[0.263516] (-) TimerEvent: {}
[0.285275] (Planif) JobStarted: {'identifier': 'Planif'}
[0.389036] (-) TimerEvent: {}
[0.408688] (Simple_algo) JobStarted: {'identifier': 'Simple_algo'}
[0.491633] (Waypoints) JobStarted: {'identifier': 'Waypoints'}
[0.493873] (-) TimerEvent: {}
[0.592889] (custom_msgs) JobStarted: {'identifier': 'custom_msgs'}
[0.594733] (-) TimerEvent: {}
[0.663655] (f1_localization) JobStarted: {'identifier': 'f1_localization'}
[0.696609] (-) TimerEvent: {}
[0.728910] (f1tenth_gym_ros) JobStarted: {'identifier': 'f1tenth_gym_ros'}
[0.796924] (-) TimerEvent: {}
[0.899201] (-) TimerEvent: {}
[1.002782] (-) TimerEvent: {}
[1.104084] (-) TimerEvent: {}
[1.205612] (-) TimerEvent: {}
[1.307129] (-) TimerEvent: {}
[1.411851] (-) TimerEvent: {}
[1.517474] (-) TimerEvent: {}
[1.619335] (-) TimerEvent: {}
[1.721417] (-) TimerEvent: {}
[1.825559] (-) TimerEvent: {}
[1.926679] (-) TimerEvent: {}
[2.031122] (-) TimerEvent: {}
[2.133075] (-) TimerEvent: {}
[2.235276] (-) TimerEvent: {}
[2.335877] (-) TimerEvent: {}
[2.446436] (-) TimerEvent: {}
[2.548615] (-) TimerEvent: {}
[2.650592] (-) TimerEvent: {}
[2.751319] (-) TimerEvent: {}
[2.852798] (-) TimerEvent: {}
[2.954934] (-) TimerEvent: {}
[3.055549] (-) TimerEvent: {}
[3.156547] (-) TimerEvent: {}
[3.259070] (-) TimerEvent: {}
[3.362356] (-) TimerEvent: {}
[3.462862] (-) TimerEvent: {}
[3.563387] (-) TimerEvent: {}
[3.664318] (-) TimerEvent: {}
[3.765694] (-) TimerEvent: {}
[3.867161] (-) TimerEvent: {}
[3.968644] (-) TimerEvent: {}
[4.070514] (-) TimerEvent: {}
[4.171501] (-) TimerEvent: {}
[4.289504] (-) TimerEvent: {}
[4.394601] (-) TimerEvent: {}
[4.495161] (-) TimerEvent: {}
[4.596153] (-) TimerEvent: {}
[4.697080] (-) TimerEvent: {}
[4.798156] (-) TimerEvent: {}
[4.900036] (-) TimerEvent: {}
[5.000593] (-) TimerEvent: {}
[5.101152] (-) TimerEvent: {}
[5.202454] (-) TimerEvent: {}
[5.303450] (-) TimerEvent: {}
[5.405576] (-) TimerEvent: {}
[5.506341] (-) TimerEvent: {}
[5.608098] (-) TimerEvent: {}
[5.711195] (-) TimerEvent: {}
[5.811911] (-) TimerEvent: {}
[5.912615] (-) TimerEvent: {}
[6.013844] (-) TimerEvent: {}
[6.114728] (-) TimerEvent: {}
[6.215476] (-) TimerEvent: {}
[6.315980] (-) TimerEvent: {}
[6.416496] (-) TimerEvent: {}
[6.517010] (-) TimerEvent: {}
[6.628548] (-) TimerEvent: {}
[6.730427] (-) TimerEvent: {}
[6.831349] (-) TimerEvent: {}
[6.934119] (-) TimerEvent: {}
[7.035831] (-) TimerEvent: {}
[7.136567] (-) TimerEvent: {}
[7.237182] (-) TimerEvent: {}
[7.339403] (-) TimerEvent: {}
[7.440581] (-) TimerEvent: {}
[7.541922] (-) TimerEvent: {}
[7.642912] (-) TimerEvent: {}
[7.743577] (-) TimerEvent: {}
[7.844142] (-) TimerEvent: {}
[7.944888] (-) TimerEvent: {}
[8.045696] (-) TimerEvent: {}
[8.146231] (-) TimerEvent: {}
[8.247070] (-) TimerEvent: {}
[8.347763] (-) TimerEvent: {}
[8.448494] (-) TimerEvent: {}
[8.549248] (-) TimerEvent: {}
[8.649913] (-) TimerEvent: {}
[8.750597] (-) TimerEvent: {}
[8.803593] (custom_msgs) JobProgress: {'identifier': 'custom_msgs', 'progress': 'cmake'}
[8.812187] (custom_msgs) JobProgress: {'identifier': 'custom_msgs', 'progress': 'build'}
[8.812293] (custom_msgs) Command: {'cmd': ['/usr/bin/cmake', '--build', '/home/etdisc/Bureau/codef1tenth/build/custom_msgs', '--', '-j8', '-l8'], 'cwd': '/home/etdisc/Bureau/codef1tenth/build/custom_msgs', 'env': OrderedDict([('GJS_DEBUG_TOPICS', 'JS ERROR;JS LOG'), ('LESSOPEN', '| /usr/bin/lesspipe %s'), ('HTTPS_PROXY', 'http://proxy:3128'), ('USER', 'etdisc'), ('SSH_AGENT_PID', '1717'), ('XDG_SESSION_TYPE', 'x11'), ('GIT_ASKPASS', '/usr/share/code/resources/app/extensions/git/dist/askpass.sh'), ('SHLVL', '1'), ('LD_LIBRARY_PATH', '/home/etdisc/depots/f1tenth/sim_ws/install/custom_msgs/lib:/home/etdisc/Desktop/sim_ws/install/custom_msgs/lib:/usr/lib/x86_64-linux-gnu/gazebo-11/plugins:/opt/ros/galactic/opt/yaml_cpp_vendor/lib:/opt/ros/galactic/opt/rviz_ogre_vendor/lib:/opt/ros/galactic/lib/x86_64-linux-gnu:/opt/ros/galactic/lib'), ('HOME', '/home/etdisc'), ('CHROME_DESKTOP', 'code.desktop'), ('OLDPWD', '/home/etdisc/Bureau/codef1tenth/src'), ('TERM_PROGRAM_VERSION', '1.106.3'), ('DESKTOP_SESSION', 'ubuntu'), ('GIO_LAUNCHED_DESKTOP_FILE', '/usr/share/applications/code.desktop'), ('ROS_PYTHON_VERSION', '3'), ('GNOME_SHELL_SESSION_MODE', 'ubuntu'), ('GTK_MODULES', 'gail:atk-bridge'), ('VSCODE_GIT_ASKPASS_MAIN', '/usr/share/code/resources/app/extensions/git/dist/askpass-main.js'), ('VSCODE_GIT_ASKPASS_NODE', '/usr/share/code/code'), ('MANAGERPID', '1619'), ('VSCODE_PYTHON_AUTOACTIVATE_GUARD', '1'), ('DBUS_SESSION_BUS_ADDRESS', 'unix:path=/run/user/1000/bus'), ('COLORTERM', 'truecolor'), ('GIO_LAUNCHED_DESKTOP_FILE_PID', '7910'), ('IM_CONFIG_PHASE', '1'), ('https_proxy', 'http://proxy:3128'), ('COLCON_PREFIX_PATH', '/home/etdisc/Bureau/codef1tenth/install:/home/etdisc/depots/f1tenth/sim_ws/install:/home/etdisc/Desktop/sim_ws/install'), ('ROS_DISTRO', 'galactic'), ('LOGNAME', 'etdisc'), ('http_proxy', 'http://proxy:3128'), ('JOURNAL_STREAM', '8:67595'), ('_', '/usr/bin/colcon'), ('ROS_VERSION', '2'), ('XDG_SESSION_CLASS', 'user'), ('USERNAME', 'etdisc'), ('TERM', 'xterm-256color'), ('GNOME_DESKTOP_SESSION_ID', 'this-is-deprecated'), ('ROS_LOCALHOST_ONLY', '1'), ('WINDOWPATH', '2'), ('PATH', '/snap/bin:/home/etdisc/.local/bin:/opt/ros/galactic/bin:/snap/bin:/home/etdisc/.local/bin:/usr/local/sbin:/usr/local/bin:/usr/sbin:/usr/bin:/sbin:/bin:/usr/games:/usr/local/games:/snap/bin'), ('SESSION_MANAGER', 'local/etdisc-virtual-machine:@/tmp/.ICE-unix/1752,unix/etdisc-virtual-machine:/tmp/.ICE-unix/1752'), ('INVOCATION_ID', '1693c3018a5242c5a146aa8c23bcb88d'), ('XDG_MENU_PREFIX', 'gnome-'), ('XDG_RUNTIME_DIR', '/run/user/1000'), ('GDK_BACKEND', 'x11'), ('DISPLAY', ':0'), ('LANG', 'fr_FR.UTF-8'), ('XDG_CURRENT_DESKTOP', 'Unity'), ('XMODIFIERS', '@im=ibus'), ('XDG_SESSION_DESKTOP', 'ubuntu'), ('XAUTHORITY', '/run/user/1000/gdm/Xauthority'), ('LS_COLORS', 'rs=0:di=01;34:ln=01;36:mh=00:pi=40;33:so=01;35:do=01;35:bd=40;33;01:cd=40;33;01:or=40;31;01:mi=00:su=37;41:sg=30;43:ca=30;41:tw=30;42:ow=34;42:st=37;44:ex=01;32:*.tar=01;31:*.tgz=01;31:*.arc=01;31:*.arj=01;31:*.taz=01;31:*.lha=01;31:*.lz4=01;31:*.lzh=01;31:*.lzma=01;31:*.tlz=01;31:*.txz=01;31:*.tzo=01;31:*.t7z=01;31:*.zip=01;31:*.z=01;31:*.dz=01;31:*.gz=01;31:*.lrz=01;31:*.lz=01;31:*.lzo=01;31:*.xz=01;31:*.zst=01;31:*.tzst=01;31:*.bz2=01;31:*.bz=01;31:*.tbz=01;31:*.tbz2=01;31:*.tz=01;31:*.deb=01;31:*.rpm=01;31:*.jar=01;31:*.war=01;31:*.ear=01;31:*.sar=01;31:*.rar=01;31:*.alz=01;31:*.ace=01;31:*.zoo=01;31:*.cpio=01;31:*.7z=01;31:*.rz=01;31:*.cab=01;31:*.wim=01;31:*.swm=01;31:*.dwm=01;31:*.esd=01;31:*.jpg=01;35:*.jpeg=01;35:*.mjpg=01;35:*.mjpeg=01;35:*.gif=01;35:*.bmp=01;35:*.pbm=01;35:*.pgm=01;35:*.ppm=01;35:*.tga=01;35:*.xbm=01;35:*.xpm=01;35:*.tif=01;35:*.tiff=01;35:*.png=01;35:*.svg=01;35:*.svgz=01;35:*.mng=01;35:*.pcx=01;35:*.mov=01;35:*.mpg=01;35:*.mpeg=01;35:*.m2v=01;35:*.mkv=01;35:*.webm=01;35:*.ogm=01;35:*.mp4=01;35:*.m4v=01;35:*.mp4v=01;35:*.vob=01;35:*.qt=01;35:*.nuv=01;35:*.wmv=01;35:*.asf=01;35:*.rm=01;35:*.rmvb=01;35:*.flc=01;35:*.avi=01;35:*.fli=01;35:*.flv=01;35:*.gl=01;35:*.dl=01;35:*.xcf=01;35:*.xwd=01;35:*.yuv=01;35:*.cgm=01;35:*.emf=01;35:*.ogv=01;35:*.ogx=01;35:*.aac=00;36:*.au=00;36:*.flac=00;36:*.m4a=00;36:*.mid=00;36:*.midi=00;36:*.mka=00;36:*.mp3=00;36:*.mpc=00;36:*.ogg=00;36:*.ra=00;36:*.wav=00;36:*.oga=00;36:*.opus=00;36:*.spx=00;36:*.xspf=00;36:'), ('VSCODE_GIT_IPC_HANDLE', '/run/user/1000/vscode-git-ea9b44a2ba.sock'), ('TERM_PROGRAM', 'vscode'), ('SSH_AUTH_SOCK', '/run/user/1000/keyring/ssh'), ('AMENT_PREFIX_PATH', '/home/etdisc/Bureau/codef1tenth/install/f1_localization:/home/etdisc/depots/f1tenth/sim_ws/install/timer:/home/etdisc/depots/f1tenth/sim_ws/install/strategy:/home/etdisc/depots/f1tenth/sim_ws/install/localisation:/home/etdisc/depots/f1tenth/sim_ws/install/f1tenth_gym_ros:/home/etdisc/depots/f1tenth/sim_ws/install/custom_msgs:/home/etdisc/depots/f1tenth/sim_ws/install/Waypoints:/home/etdisc/depots/f1tenth/sim_ws/install/Simple_algo:/home/etdisc/depots/f1tenth/sim_ws/install/Planif:/home/etdisc/depots/f1tenth/sim_ws/install/Mapping:/home/etdisc/depots/f1tenth/sim_ws/install/AEB:/home/etdisc/Desktop/sim_ws/install/timer:/home/etdisc/Desktop/sim_ws/install/strategy:/home/etdisc/Desktop/sim_ws/install/localisation:/home/etdisc/Desktop/sim_ws/install/f1tenth_gym_ros:/home/etdisc/Desktop/sim_ws/install/custom_msgs:/home/etdisc/Desktop/sim_ws/install/Waypoints:/home/etdisc/Desktop/sim_ws/install/Simple_algo:/home/etdisc/Desktop/sim_ws/install/Planif:/home/etdisc/Desktop/sim_ws/install/Mapping:/home/etdisc/Desktop/sim_ws/install/AEB:/opt/ros/galactic'), ('ORIGINAL_XDG_CURRENT_DESKTOP', 'ubuntu:GNOME'), ('SHELL', '/bin/bash'), ('QT_ACCESSIBILITY', '1'), ('GDMSESSION', 'ubuntu'), ('LESSCLOSE', '/usr/bin/lesspipe %s %s'), ('GPG_AGENT_INFO', '/run/user/1000/gnupg/S.gpg-agent:0:1'), ('GJS_DEBUG_OUTPUT', 'stderr'), ('VSCODE_GIT_ASKPASS_EXTRA_ARGS', ''), ('QT_IM_MODULE', 'ibus'), ('PWD', '/home/etdisc/Bureau/codef1tenth/build/custom_msgs'), ('LC_ALL', 'fr_FR.UTF-8'), ('XDG_CONFIG_DIRS', '/etc/xdg/xdg-ubuntu:/etc/xdg'), ('XDG_DATA_DIRS', '/usr/share/ubuntu:/usr/local/share/:/usr/share/:/var/lib/snapd/desktop'), ('PYTHONPATH', '/home/etdisc/depots/f1tenth/sim_ws/install/timer/lib/python3.8/site-packages:/home/etdisc/depots/f1tenth/sim_ws/install/strategy/lib/python3.8/site-packages:/home/etdisc/depots/f1tenth/sim_ws/install/localisation/lib/python3.8/site-packages:/home/etdisc/depots/f1tenth/sim_ws/install/f1tenth_gym_ros/lib/python3.8/site-packages:/home/etdisc/depots/f1tenth/sim_ws/install/custom_msgs/lib/python3.8/site-packages:/home/etdisc/depots/f1tenth/sim_ws/install/Waypoints/lib/python3.8/site-packages:/home/etdisc/depots/f1tenth/sim_ws/install/Simple_algo/lib/python3.8/site-packages:/home/etdisc/depots/f1tenth/sim_ws/install/Planif/lib/python3.8/site-packages:/home/etdisc/depots/f1tenth/sim_ws/install/Mapping/lib/python3.8/site-packages:/home/etdisc/depots/f1tenth/sim_ws/install/AEB/lib/python3.8/site-packages:/home/etdisc/depots/f1tenth/sim_ws/build/timer:/home/etdisc/Desktop/sim_ws/install/timer/lib/python3.8/site-packages:/home/etdisc/depots/f1tenth/sim_ws/build/strategy:/home/etdisc/Desktop/sim_ws/install/strategy/lib/python3.8/site-packages:/home/etdisc/depots/f1tenth/sim_ws/build/localisation:/home/etdisc/Desktop/sim_ws/install/localisation/lib/python3.8/site-packages:/home/etdisc/depots/f1tenth/sim_ws/build/f1tenth_gym_ros:/home/etdisc/Desktop/sim_ws/install/f1tenth_gym_ros/lib/python3.8/site-packages:/home/etdisc/Desktop/sim_ws/install/custom_msgs/lib/python3.8/site-packages:/home/etdisc/depots/f1tenth/sim_ws/build/Waypoints:/home/etdisc/Desktop/sim_ws/install/Waypoints/lib/python3.8/site-packages:/home/etdisc/depots/f1tenth/sim_ws/build/Simple_algo:/home/etdisc/Desktop/sim_ws/install/Simple_algo/lib/python3.8/site-packages:/home/etdisc/depots/f1tenth/sim_ws/build/Planif:/home/etdisc/Desktop/sim_ws/install/Planif/lib/python3.8/site-packages:/home/etdisc/depots/f1tenth/sim_ws/build/Mapping:/home/etdisc/Desktop/sim_ws/install/Mapping/lib/python3.8/site-packages:/home/etdisc/depots/f1tenth/sim_ws/build/AEB:/home/etdisc/Desktop/sim_ws/install/AEB/lib/python3.8/site-packages:/opt/ros/galactic/lib/python3.8/site-packages'), ('HTTP_PROXY', 'http://proxy:3128'), ('COLCON', '1'), ('CMAKE_PREFIX_PATH', '/home/etdisc/Bureau/codef1tenth/install/f1_localization:/home/etdisc/depots/f1tenth/sim_ws/install/custom_msgs:/home/etdisc/Desktop/sim_ws/install/custom_msgs:/home/etdisc/depots/f1tenth/sim_ws/install/timer:/home/etdisc/depots/f1tenth/sim_ws/install/strategy:/home/etdisc/depots/f1tenth/sim_ws/install/localisation:/home/etdisc/depots/f1tenth/sim_ws/install/f1tenth_gym_ros:/home/etdisc/depots/f1tenth/sim_ws/install/Waypoints:/home/etdisc/depots/f1tenth/sim_ws/install/Simple_algo:/home/etdisc/depots/f1tenth/sim_ws/install/Planif:/home/etdisc/depots/f1tenth/sim_ws/install/Mapping:/home/etdisc/depots/f1tenth/sim_ws/install/AEB:/home/etdisc/Desktop/sim_ws/install/timer:/home/etdisc/Desktop/sim_ws/install/strategy:/home/etdisc/Desktop/sim_ws/install/localisation:/home/etdisc/Desktop/sim_ws/install/f1tenth_gym_ros:/home/etdisc/Desktop/sim_ws/install/Waypoints:/home/etdisc/Desktop/sim_ws/install/Simple_algo:/home/etdisc/Desktop/sim_ws/install/Planif:/home/etdisc/Desktop/sim_ws/install/Mapping:/home/etdisc/Desktop/sim_ws/install/AEB:/opt/ros/galactic')]), 'shell': False}
[8.871487] (-) TimerEvent: {}
[8.881250] (f1_localization) JobProgress: {'identifier': 'f1_localization', 'progress': 'cmake'}
[8.910777] (f1_localization) JobProgress: {'identifier': 'f1_localization', 'progress': 'build'}
[8.911863] (f1_localization) Command: {'cmd': ['/usr/bin/cmake', '--build', '/home/etdisc/Bureau/codef1tenth/build/f1_localization', '--', '-j8', '-l8'], 'cwd': '/home/etdisc/Bureau/codef1tenth/build/f1_localization', 'env': OrderedDict([('GJS_DEBUG_TOPICS', 'JS ERROR;JS LOG'), ('LESSOPEN', '| /usr/bin/lesspipe %s'), ('HTTPS_PROXY', 'http://proxy:3128'), ('USER', 'etdisc'), ('SSH_AGENT_PID', '1717'), ('XDG_SESSION_TYPE', 'x11'), ('GIT_ASKPASS', '/usr/share/code/resources/app/extensions/git/dist/askpass.sh'), ('SHLVL', '1'), ('LD_LIBRARY_PATH', '/home/etdisc/depots/f1tenth/sim_ws/install/custom_msgs/lib:/home/etdisc/Desktop/sim_ws/install/custom_msgs/lib:/usr/lib/x86_64-linux-gnu/gazebo-11/plugins:/opt/ros/galactic/opt/yaml_cpp_vendor/lib:/opt/ros/galactic/opt/rviz_ogre_vendor/lib:/opt/ros/galactic/lib/x86_64-linux-gnu:/opt/ros/galactic/lib'), ('HOME', '/home/etdisc'), ('CHROME_DESKTOP', 'code.desktop'), ('OLDPWD', '/home/etdisc/Bureau/codef1tenth/src'), ('TERM_PROGRAM_VERSION', '1.106.3'), ('DESKTOP_SESSION', 'ubuntu'), ('GIO_LAUNCHED_DESKTOP_FILE', '/usr/share/applications/code.desktop'), ('ROS_PYTHON_VERSION', '3'), ('GNOME_SHELL_SESSION_MODE', 'ubuntu'), ('GTK_MODULES', 'gail:atk-bridge'), ('VSCODE_GIT_ASKPASS_MAIN', '/usr/share/code/resources/app/extensions/git/dist/askpass-main.js'), ('VSCODE_GIT_ASKPASS_NODE', '/usr/share/code/code'), ('MANAGERPID', '1619'), ('VSCODE_PYTHON_AUTOACTIVATE_GUARD', '1'), ('DBUS_SESSION_BUS_ADDRESS', 'unix:path=/run/user/1000/bus'), ('COLORTERM', 'truecolor'), ('GIO_LAUNCHED_DESKTOP_FILE_PID', '7910'), ('IM_CONFIG_PHASE', '1'), ('https_proxy', 'http://proxy:3128'), ('COLCON_PREFIX_PATH', '/home/etdisc/Bureau/codef1tenth/install:/home/etdisc/depots/f1tenth/sim_ws/install:/home/etdisc/Desktop/sim_ws/install'), ('ROS_DISTRO', 'galactic'), ('LOGNAME', 'etdisc'), ('http_proxy', 'http://proxy:3128'), ('JOURNAL_STREAM', '8:67595'), ('_', '/usr/bin/colcon'), ('ROS_VERSION', '2'), ('XDG_SESSION_CLASS', 'user'), ('USERNAME', 'etdisc'), ('TERM', 'xterm-256color'), ('GNOME_DESKTOP_SESSION_ID', 'this-is-deprecated'), ('ROS_LOCALHOST_ONLY', '1'), ('WINDOWPATH', '2'), ('PATH', '/snap/bin:/home/etdisc/.local/bin:/opt/ros/galactic/bin:/snap/bin:/home/etdisc/.local/bin:/usr/local/sbin:/usr/local/bin:/usr/sbin:/usr/bin:/sbin:/bin:/usr/games:/usr/local/games:/snap/bin'), ('SESSION_MANAGER', 'local/etdisc-virtual-machine:@/tmp/.ICE-unix/1752,unix/etdisc-virtual-machine:/tmp/.ICE-unix/1752'), ('INVOCATION_ID', '1693c3018a5242c5a146aa8c23bcb88d'), ('XDG_MENU_PREFIX', 'gnome-'), ('XDG_RUNTIME_DIR', '/run/user/1000'), ('GDK_BACKEND', 'x11'), ('DISPLAY', ':0'), ('LANG', 'fr_FR.UTF-8'), ('XDG_CURRENT_DESKTOP', 'Unity'), ('XMODIFIERS', '@im=ibus'), ('XDG_SESSION_DESKTOP', 'ubuntu'), ('XAUTHORITY', '/run/user/1000/gdm/Xauthority'), ('LS_COLORS', 'rs=0:di=01;34:ln=01;36:mh=00:pi=40;33:so=01;35:do=01;35:bd=40;33;01:cd=40;33;01:or=40;31;01:mi=00:su=37;41:sg=30;43:ca=30;41:tw=30;42:ow=34;42:st=37;44:ex=01;32:*.tar=01;31:*.tgz=01;31:*.arc=01;31:*.arj=01;31:*.taz=01;31:*.lha=01;31:*.lz4=01;31:*.lzh=01;31:*.lzma=01;31:*.tlz=01;31:*.txz=01;31:*.tzo=01;31:*.t7z=01;31:*.zip=01;31:*.z=01;31:*.dz=01;31:*.gz=01;31:*.lrz=01;31:*.lz=01;31:*.lzo=01;31:*.xz=01;31:*.zst=01;31:*.tzst=01;31:*.bz2=01;31:*.bz=01;31:*.tbz=01;31:*.tbz2=01;31:*.tz=01;31:*.deb=01;31:*.rpm=01;31:*.jar=01;31:*.war=01;31:*.ear=01;31:*.sar=01;31:*.rar=01;31:*.alz=01;31:*.ace=01;31:*.zoo=01;31:*.cpio=01;31:*.7z=01;31:*.rz=01;31:*.cab=01;31:*.wim=01;31:*.swm=01;31:*.dwm=01;31:*.esd=01;31:*.jpg=01;35:*.jpeg=01;35:*.mjpg=01;35:*.mjpeg=01;35:*.gif=01;35:*.bmp=01;35:*.pbm=01;35:*.pgm=01;35:*.ppm=01;35:*.tga=01;35:*.xbm=01;35:*.xpm=01;35:*.tif=01;35:*.tiff=01;35:*.png=01;35:*.svg=01;35:*.svgz=01;35:*.mng=01;35:*.pcx=01;35:*.mov=01;35:*.mpg=01;35:*.mpeg=01;35:*.m2v=01;35:*.mkv=01;35:*.webm=01;35:*.ogm=01;35:*.mp4=01;35:*.m4v=01;35:*.mp4v=01;35:*.vob=01;35:*.qt=01;35:*.nuv=01;35:*.wmv=01;35:*.asf=01;35:*.rm=01;35:*.rmvb=01;35:*.flc=01;35:*.avi=01;35:*.fli=01;35:*.flv=01;35:*.gl=01;35:*.dl=01;35:*.xcf=01;35:*.xwd=01;35:*.yuv=01;35:*.cgm=01;35:*.emf=01;35:*.ogv=01;35:*.ogx=01;35:*.aac=00;36:*.au=00;36:*.flac=00;36:*.m4a=00;36:*.mid=00;36:*.midi=00;36:*.mka=00;36:*.mp3=00;36:*.mpc=00;36:*.ogg=00;36:*.ra=00;36:*.wav=00;36:*.oga=00;36:*.opus=00;36:*.spx=00;36:*.xspf=00;36:'), ('VSCODE_GIT_IPC_HANDLE', '/run/user/1000/vscode-git-ea9b44a2ba.sock'), ('TERM_PROGRAM', 'vscode'), ('SSH_AUTH_SOCK', '/run/user/1000/keyring/ssh'), ('AMENT_PREFIX_PATH', '/home/etdisc/Bureau/codef1tenth/install/f1_localization:/home/etdisc/depots/f1tenth/sim_ws/install/timer:/home/etdisc/depots/f1tenth/sim_ws/install/strategy:/home/etdisc/depots/f1tenth/sim_ws/install/localisation:/home/etdisc/depots/f1tenth/sim_ws/install/f1tenth_gym_ros:/home/etdisc/depots/f1tenth/sim_ws/install/custom_msgs:/home/etdisc/depots/f1tenth/sim_ws/install/Waypoints:/home/etdisc/depots/f1tenth/sim_ws/install/Simple_algo:/home/etdisc/depots/f1tenth/sim_ws/install/Planif:/home/etdisc/depots/f1tenth/sim_ws/install/Mapping:/home/etdisc/depots/f1tenth/sim_ws/install/AEB:/home/etdisc/Desktop/sim_ws/install/timer:/home/etdisc/Desktop/sim_ws/install/strategy:/home/etdisc/Desktop/sim_ws/install/localisation:/home/etdisc/Desktop/sim_ws/install/f1tenth_gym_ros:/home/etdisc/Desktop/sim_ws/install/custom_msgs:/home/etdisc/Desktop/sim_ws/install/Waypoints:/home/etdisc/Desktop/sim_ws/install/Simple_algo:/home/etdisc/Desktop/sim_ws/install/Planif:/home/etdisc/Desktop/sim_ws/install/Mapping:/home/etdisc/Desktop/sim_ws/install/AEB:/opt/ros/galactic'), ('ORIGINAL_XDG_CURRENT_DESKTOP', 'ubuntu:GNOME'), ('SHELL', '/bin/bash'), ('QT_ACCESSIBILITY', '1'), ('GDMSESSION', 'ubuntu'), ('LESSCLOSE', '/usr/bin/lesspipe %s %s'), ('GPG_AGENT_INFO', '/run/user/1000/gnupg/S.gpg-agent:0:1'), ('GJS_DEBUG_OUTPUT', 'stderr'), ('VSCODE_GIT_ASKPASS_EXTRA_ARGS', ''), ('QT_IM_MODULE', 'ibus'), ('PWD', '/home/etdisc/Bureau/codef1tenth/build/f1_localization'), ('LC_ALL', 'fr_FR.UTF-8'), ('XDG_CONFIG_DIRS', '/etc/xdg/xdg-ubuntu:/etc/xdg'), ('XDG_DATA_DIRS', '/usr/share/ubuntu:/usr/local/share/:/usr/share/:/var/lib/snapd/desktop'), ('PYTHONPATH', '/home/etdisc/depots/f1tenth/sim_ws/install/timer/lib/python3.8/site-packages:/home/etdisc/depots/f1tenth/sim_ws/install/strategy/lib/python3.8/site-packages:/home/etdisc/depots/f1tenth/sim_ws/install/localisation/lib/python3.8/site-packages:/home/etdisc/depots/f1tenth/sim_ws/install/f1tenth_gym_ros/lib/python3.8/site-packages:/home/etdisc/depots/f1tenth/sim_ws/install/custom_msgs/lib/python3.8/site-packages:/home/etdisc/depots/f1tenth/sim_ws/install/Waypoints/lib/python3.8/site-packages:/home/etdisc/depots/f1tenth/sim_ws/install/Simple_algo/lib/python3.8/site-packages:/home/etdisc/depots/f1tenth/sim_ws/install/Planif/lib/python3.8/site-packages:/home/etdisc/depots/f1tenth/sim_ws/install/Mapping/lib/python3.8/site-packages:/home/etdisc/depots/f1tenth/sim_ws/install/AEB/lib/python3.8/site-packages:/home/etdisc/depots/f1tenth/sim_ws/build/timer:/home/etdisc/Desktop/sim_ws/install/timer/lib/python3.8/site-packages:/home/etdisc/depots/f1tenth/sim_ws/build/strategy:/home/etdisc/Desktop/sim_ws/install/strategy/lib/python3.8/site-packages:/home/etdisc/depots/f1tenth/sim_ws/build/localisation:/home/etdisc/Desktop/sim_ws/install/localisation/lib/python3.8/site-packages:/home/etdisc/depots/f1tenth/sim_ws/build/f1tenth_gym_ros:/home/etdisc/Desktop/sim_ws/install/f1tenth_gym_ros/lib/python3.8/site-packages:/home/etdisc/Desktop/sim_ws/install/custom_msgs/lib/python3.8/site-packages:/home/etdisc/depots/f1tenth/sim_ws/build/Waypoints:/home/etdisc/Desktop/sim_ws/install/Waypoints/lib/python3.8/site-packages:/home/etdisc/depots/f1tenth/sim_ws/build/Simple_algo:/home/etdisc/Desktop/sim_ws/install/Simple_algo/lib/python3.8/site-packages:/home/etdisc/depots/f1tenth/sim_ws/build/Planif:/home/etdisc/Desktop/sim_ws/install/Planif/lib/python3.8/site-packages:/home/etdisc/depots/f1tenth/sim_ws/build/Mapping:/home/etdisc/Desktop/sim_ws/install/Mapping/lib/python3.8/site-packages:/home/etdisc/depots/f1tenth/sim_ws/build/AEB:/home/etdisc/Desktop/sim_ws/install/AEB/lib/python3.8/site-packages:/opt/ros/galactic/lib/python3.8/site-packages'), ('HTTP_PROXY', 'http://proxy:3128'), ('COLCON', '1'), ('CMAKE_PREFIX_PATH', '/home/etdisc/Bureau/codef1tenth/install/f1_localization:/home/etdisc/depots/f1tenth/sim_ws/install/custom_msgs:/home/etdisc/Desktop/sim_ws/install/custom_msgs:/home/etdisc/depots/f1tenth/sim_ws/install/timer:/home/etdisc/depots/f1tenth/sim_ws/install/strategy:/home/etdisc/depots/f1tenth/sim_ws/install/localisation:/home/etdisc/depots/f1tenth/sim_ws/install/f1tenth_gym_ros:/home/etdisc/depots/f1tenth/sim_ws/install/Waypoints:/home/etdisc/depots/f1tenth/sim_ws/install/Simple_algo:/home/etdisc/depots/f1tenth/sim_ws/install/Planif:/home/etdisc/depots/f1tenth/sim_ws/install/Mapping:/home/etdisc/depots/f1tenth/sim_ws/install/AEB:/home/etdisc/Desktop/sim_ws/install/timer:/home/etdisc/Desktop/sim_ws/install/strategy:/home/etdisc/Desktop/sim_ws/install/localisation:/home/etdisc/Desktop/sim_ws/install/f1tenth_gym_ros:/home/etdisc/Desktop/sim_ws/install/Waypoints:/home/etdisc/Desktop/sim_ws/install/Simple_algo:/home/etdisc/Desktop/sim_ws/install/Planif:/home/etdisc/Desktop/sim_ws/install/Mapping:/home/etdisc/Desktop/sim_ws/install/AEB:/opt/ros/galactic')]), 'shell': False}
[8.974550] (-) TimerEvent: {}
[9.077195] (-) TimerEvent: {}
[9.178705] (-) TimerEvent: {}
[9.282325] (-) TimerEvent: {}
[9.384029] (-) TimerEvent: {}
[9.484989] (-) TimerEvent: {}
[9.585657] (-) TimerEvent: {}
[9.601192] (custom_msgs) StdoutLine: {'line': b'[  2%] Built target custom_msgs__cpp\n'}
[9.651732] (custom_msgs) StdoutLine: {'line': b'[ 12%] Built target custom_msgs__rosidl_generator_c\n'}
[9.685930] (-) TimerEvent: {}
[9.759471] (custom_msgs) StdoutLine: {'line': b'[ 23%] Built target custom_msgs__rosidl_typesupport_cpp\n'}
[9.764626] (custom_msgs) StdoutLine: {'line': b'[ 33%] Built target custom_msgs__rosidl_typesupport_fastrtps_cpp\n'}
[9.794504] (custom_msgs) StdoutLine: {'line': b'[ 43%] Built target custom_msgs__rosidl_typesupport_introspection_cpp\n'}
[9.795053] (-) TimerEvent: {}
[9.802824] (custom_msgs) StdoutLine: {'line': b'[ 53%] Built target custom_msgs__rosidl_typesupport_c\n'}
[9.819271] (custom_msgs) StdoutLine: {'line': b'[ 64%] Built target custom_msgs__rosidl_typesupport_introspection_c\n'}
[9.883742] (custom_msgs) StdoutLine: {'line': b'[ 74%] Built target custom_msgs__rosidl_typesupport_fastrtps_c\n'}
[9.895224] (-) TimerEvent: {}
[9.945870] (custom_msgs) StdoutLine: {'line': b'[ 74%] Built target custom_msgs\n'}
[9.996482] (-) TimerEvent: {}
[10.050809] (f1_localization) CommandEnded: {'returncode': 0}
[10.057651] (custom_msgs) StdoutLine: {'line': b'[ 76%] Built target custom_msgs__py\n'}
[10.073964] (f1_localization) JobProgress: {'identifier': 'f1_localization', 'progress': 'install'}
[10.096674] (-) TimerEvent: {}
[10.167927] (f1_localization) Command: {'cmd': ['/usr/bin/cmake', '--install', '/home/etdisc/Bureau/codef1tenth/build/f1_localization'], 'cwd': '/home/etdisc/Bureau/codef1tenth/build/f1_localization', 'env': OrderedDict([('GJS_DEBUG_TOPICS', 'JS ERROR;JS LOG'), ('LESSOPEN', '| /usr/bin/lesspipe %s'), ('HTTPS_PROXY', 'http://proxy:3128'), ('USER', 'etdisc'), ('SSH_AGENT_PID', '1717'), ('XDG_SESSION_TYPE', 'x11'), ('GIT_ASKPASS', '/usr/share/code/resources/app/extensions/git/dist/askpass.sh'), ('SHLVL', '1'), ('LD_LIBRARY_PATH', '/home/etdisc/depots/f1tenth/sim_ws/install/custom_msgs/lib:/home/etdisc/Desktop/sim_ws/install/custom_msgs/lib:/usr/lib/x86_64-linux-gnu/gazebo-11/plugins:/opt/ros/galactic/opt/yaml_cpp_vendor/lib:/opt/ros/galactic/opt/rviz_ogre_vendor/lib:/opt/ros/galactic/lib/x86_64-linux-gnu:/opt/ros/galactic/lib'), ('HOME', '/home/etdisc'), ('CHROME_DESKTOP', 'code.desktop'), ('OLDPWD', '/home/etdisc/Bureau/codef1tenth/src'), ('TERM_PROGRAM_VERSION', '1.106.3'), ('DESKTOP_SESSION', 'ubuntu'), ('GIO_LAUNCHED_DESKTOP_FILE', '/usr/share/applications/code.desktop'), ('ROS_PYTHON_VERSION', '3'), ('GNOME_SHELL_SESSION_MODE', 'ubuntu'), ('GTK_MODULES', 'gail:atk-bridge'), ('VSCODE_GIT_ASKPASS_MAIN', '/usr/share/code/resources/app/extensions/git/dist/askpass-main.js'), ('VSCODE_GIT_ASKPASS_NODE', '/usr/share/code/code'), ('MANAGERPID', '1619'), ('VSCODE_PYTHON_AUTOACTIVATE_GUARD', '1'), ('DBUS_SESSION_BUS_ADDRESS', 'unix:path=/run/user/1000/bus'), ('COLORTERM', 'truecolor'), ('GIO_LAUNCHED_DESKTOP_FILE_PID', '7910'), ('IM_CONFIG_PHASE', '1'), ('https_proxy', 'http://proxy:3128'), ('COLCON_PREFIX_PATH', '/home/etdisc/Bureau/codef1tenth/install:/home/etdisc/depots/f1tenth/sim_ws/install:/home/etdisc/Desktop/sim_ws/install'), ('ROS_DISTRO', 'galactic'), ('LOGNAME', 'etdisc'), ('http_proxy', 'http://proxy:3128'), ('JOURNAL_STREAM', '8:67595'), ('_', '/usr/bin/colcon'), ('ROS_VERSION', '2'), ('XDG_SESSION_CLASS', 'user'), ('USERNAME', 'etdisc'), ('TERM', 'xterm-256color'), ('GNOME_DESKTOP_SESSION_ID', 'this-is-deprecated'), ('ROS_LOCALHOST_ONLY', '1'), ('WINDOWPATH', '2'), ('PATH', '/snap/bin:/home/etdisc/.local/bin:/opt/ros/galactic/bin:/snap/bin:/home/etdisc/.local/bin:/usr/local/sbin:/usr/local/bin:/usr/sbin:/usr/bin:/sbin:/bin:/usr/games:/usr/local/games:/snap/bin'), ('SESSION_MANAGER', 'local/etdisc-virtual-machine:@/tmp/.ICE-unix/1752,unix/etdisc-virtual-machine:/tmp/.ICE-unix/1752'), ('INVOCATION_ID', '1693c3018a5242c5a146aa8c23bcb88d'), ('XDG_MENU_PREFIX', 'gnome-'), ('XDG_RUNTIME_DIR', '/run/user/1000'), ('GDK_BACKEND', 'x11'), ('DISPLAY', ':0'), ('LANG', 'fr_FR.UTF-8'), ('XDG_CURRENT_DESKTOP', 'Unity'), ('XMODIFIERS', '@im=ibus'), ('XDG_SESSION_DESKTOP', 'ubuntu'), ('XAUTHORITY', '/run/user/1000/gdm/Xauthority'), ('LS_COLORS', 'rs=0:di=01;34:ln=01;36:mh=00:pi=40;33:so=01;35:do=01;35:bd=40;33;01:cd=40;33;01:or=40;31;01:mi=00:su=37;41:sg=30;43:ca=30;41:tw=30;42:ow=34;42:st=37;44:ex=01;32:*.tar=01;31:*.tgz=01;31:*.arc=01;31:*.arj=01;31:*.taz=01;31:*.lha=01;31:*.lz4=01;31:*.lzh=01;31:*.lzma=01;31:*.tlz=01;31:*.txz=01;31:*.tzo=01;31:*.t7z=01;31:*.zip=01;31:*.z=01;31:*.dz=01;31:*.gz=01;31:*.lrz=01;31:*.lz=01;31:*.lzo=01;31:*.xz=01;31:*.zst=01;31:*.tzst=01;31:*.bz2=01;31:*.bz=01;31:*.tbz=01;31:*.tbz2=01;31:*.tz=01;31:*.deb=01;31:*.rpm=01;31:*.jar=01;31:*.war=01;31:*.ear=01;31:*.sar=01;31:*.rar=01;31:*.alz=01;31:*.ace=01;31:*.zoo=01;31:*.cpio=01;31:*.7z=01;31:*.rz=01;31:*.cab=01;31:*.wim=01;31:*.swm=01;31:*.dwm=01;31:*.esd=01;31:*.jpg=01;35:*.jpeg=01;35:*.mjpg=01;35:*.mjpeg=01;35:*.gif=01;35:*.bmp=01;35:*.pbm=01;35:*.pgm=01;35:*.ppm=01;35:*.tga=01;35:*.xbm=01;35:*.xpm=01;35:*.tif=01;35:*.tiff=01;35:*.png=01;35:*.svg=01;35:*.svgz=01;35:*.mng=01;35:*.pcx=01;35:*.mov=01;35:*.mpg=01;35:*.mpeg=01;35:*.m2v=01;35:*.mkv=01;35:*.webm=01;35:*.ogm=01;35:*.mp4=01;35:*.m4v=01;35:*.mp4v=01;35:*.vob=01;35:*.qt=01;35:*.nuv=01;35:*.wmv=01;35:*.asf=01;35:*.rm=01;35:*.rmvb=01;35:*.flc=01;35:*.avi=01;35:*.fli=01;35:*.flv=01;35:*.gl=01;35:*.dl=01;35:*.xcf=01;35:*.xwd=01;35:*.yuv=01;35:*.cgm=01;35:*.emf=01;35:*.ogv=01;35:*.ogx=01;35:*.aac=00;36:*.au=00;36:*.flac=00;36:*.m4a=00;36:*.mid=00;36:*.midi=00;36:*.mka=00;36:*.mp3=00;36:*.mpc=00;36:*.ogg=00;36:*.ra=00;36:*.wav=00;36:*.oga=00;36:*.opus=00;36:*.spx=00;36:*.xspf=00;36:'), ('VSCODE_GIT_IPC_HANDLE', '/run/user/1000/vscode-git-ea9b44a2ba.sock'), ('TERM_PROGRAM', 'vscode'), ('SSH_AUTH_SOCK', '/run/user/1000/keyring/ssh'), ('AMENT_PREFIX_PATH', '/home/etdisc/Bureau/codef1tenth/install/f1_localization:/home/etdisc/depots/f1tenth/sim_ws/install/timer:/home/etdisc/depots/f1tenth/sim_ws/install/strategy:/home/etdisc/depots/f1tenth/sim_ws/install/localisation:/home/etdisc/depots/f1tenth/sim_ws/install/f1tenth_gym_ros:/home/etdisc/depots/f1tenth/sim_ws/install/custom_msgs:/home/etdisc/depots/f1tenth/sim_ws/install/Waypoints:/home/etdisc/depots/f1tenth/sim_ws/install/Simple_algo:/home/etdisc/depots/f1tenth/sim_ws/install/Planif:/home/etdisc/depots/f1tenth/sim_ws/install/Mapping:/home/etdisc/depots/f1tenth/sim_ws/install/AEB:/home/etdisc/Desktop/sim_ws/install/timer:/home/etdisc/Desktop/sim_ws/install/strategy:/home/etdisc/Desktop/sim_ws/install/localisation:/home/etdisc/Desktop/sim_ws/install/f1tenth_gym_ros:/home/etdisc/Desktop/sim_ws/install/custom_msgs:/home/etdisc/Desktop/sim_ws/install/Waypoints:/home/etdisc/Desktop/sim_ws/install/Simple_algo:/home/etdisc/Desktop/sim_ws/install/Planif:/home/etdisc/Desktop/sim_ws/install/Mapping:/home/etdisc/Desktop/sim_ws/install/AEB:/opt/ros/galactic'), ('ORIGINAL_XDG_CURRENT_DESKTOP', 'ubuntu:GNOME'), ('SHELL', '/bin/bash'), ('QT_ACCESSIBILITY', '1'), ('GDMSESSION', 'ubuntu'), ('LESSCLOSE', '/usr/bin/lesspipe %s %s'), ('GPG_AGENT_INFO', '/run/user/1000/gnupg/S.gpg-agent:0:1'), ('GJS_DEBUG_OUTPUT', 'stderr'), ('VSCODE_GIT_ASKPASS_EXTRA_ARGS', ''), ('QT_IM_MODULE', 'ibus'), ('PWD', '/home/etdisc/Bureau/codef1tenth/build/f1_localization'), ('LC_ALL', 'fr_FR.UTF-8'), ('XDG_CONFIG_DIRS', '/etc/xdg/xdg-ubuntu:/etc/xdg'), ('XDG_DATA_DIRS', '/usr/share/ubuntu:/usr/local/share/:/usr/share/:/var/lib/snapd/desktop'), ('PYTHONPATH', '/home/etdisc/depots/f1tenth/sim_ws/install/timer/lib/python3.8/site-packages:/home/etdisc/depots/f1tenth/sim_ws/install/strategy/lib/python3.8/site-packages:/home/etdisc/depots/f1tenth/sim_ws/install/localisation/lib/python3.8/site-packages:/home/etdisc/depots/f1tenth/sim_ws/install/f1tenth_gym_ros/lib/python3.8/site-packages:/home/etdisc/depots/f1tenth/sim_ws/install/custom_msgs/lib/python3.8/site-packages:/home/etdisc/depots/f1tenth/sim_ws/install/Waypoints/lib/python3.8/site-packages:/home/etdisc/depots/f1tenth/sim_ws/install/Simple_algo/lib/python3.8/site-packages:/home/etdisc/depots/f1tenth/sim_ws/install/Planif/lib/python3.8/site-packages:/home/etdisc/depots/f1tenth/sim_ws/install/Mapping/lib/python3.8/site-packages:/home/etdisc/depots/f1tenth/sim_ws/install/AEB/lib/python3.8/site-packages:/home/etdisc/depots/f1tenth/sim_ws/build/timer:/home/etdisc/Desktop/sim_ws/install/timer/lib/python3.8/site-packages:/home/etdisc/depots/f1tenth/sim_ws/build/strategy:/home/etdisc/Desktop/sim_ws/install/strategy/lib/python3.8/site-packages:/home/etdisc/depots/f1tenth/sim_ws/build/localisation:/home/etdisc/Desktop/sim_ws/install/localisation/lib/python3.8/site-packages:/home/etdisc/depots/f1tenth/sim_ws/build/f1tenth_gym_ros:/home/etdisc/Desktop/sim_ws/install/f1tenth_gym_ros/lib/python3.8/site-packages:/home/etdisc/Desktop/sim_ws/install/custom_msgs/lib/python3.8/site-packages:/home/etdisc/depots/f1tenth/sim_ws/build/Waypoints:/home/etdisc/Desktop/sim_ws/install/Waypoints/lib/python3.8/site-packages:/home/etdisc/depots/f1tenth/sim_ws/build/Simple_algo:/home/etdisc/Desktop/sim_ws/install/Simple_algo/lib/python3.8/site-packages:/home/etdisc/depots/f1tenth/sim_ws/build/Planif:/home/etdisc/Desktop/sim_ws/install/Planif/lib/python3.8/site-packages:/home/etdisc/depots/f1tenth/sim_ws/build/Mapping:/home/etdisc/Desktop/sim_ws/install/Mapping/lib/python3.8/site-packages:/home/etdisc/depots/f1tenth/sim_ws/build/AEB:/home/etdisc/Desktop/sim_ws/install/AEB/lib/python3.8/site-packages:/opt/ros/galactic/lib/python3.8/site-packages'), ('HTTP_PROXY', 'http://proxy:3128'), ('COLCON', '1'), ('CMAKE_PREFIX_PATH', '/home/etdisc/Bureau/codef1tenth/install/f1_localization:/home/etdisc/depots/f1tenth/sim_ws/install/custom_msgs:/home/etdisc/Desktop/sim_ws/install/custom_msgs:/home/etdisc/depots/f1tenth/sim_ws/install/timer:/home/etdisc/depots/f1tenth/sim_ws/install/strategy:/home/etdisc/depots/f1tenth/sim_ws/install/localisation:/home/etdisc/depots/f1tenth/sim_ws/install/f1tenth_gym_ros:/home/etdisc/depots/f1tenth/sim_ws/install/Waypoints:/home/etdisc/depots/f1tenth/sim_ws/install/Simple_algo:/home/etdisc/depots/f1tenth/sim_ws/install/Planif:/home/etdisc/depots/f1tenth/sim_ws/install/Mapping:/home/etdisc/depots/f1tenth/sim_ws/install/AEB:/home/etdisc/Desktop/sim_ws/install/timer:/home/etdisc/Desktop/sim_ws/install/strategy:/home/etdisc/Desktop/sim_ws/install/localisation:/home/etdisc/Desktop/sim_ws/install/f1tenth_gym_ros:/home/etdisc/Desktop/sim_ws/install/Waypoints:/home/etdisc/Desktop/sim_ws/install/Simple_algo:/home/etdisc/Desktop/sim_ws/install/Planif:/home/etdisc/Desktop/sim_ws/install/Mapping:/home/etdisc/Desktop/sim_ws/install/AEB:/opt/ros/galactic')]), 'shell': False}
[10.196956] (-) TimerEvent: {}
[10.304241] (-) TimerEvent: {}
[10.323829] (f1_localization) StdoutLine: {'line': b'-- Install configuration: ""\n'}
[10.362546] (f1_localization) StdoutLine: {'line': b'-- Execute custom install script\n'}
[10.369579] (custom_msgs) StdoutLine: {'line': b'[ 84%] Built target custom_msgs__python\n'}
[10.404435] (-) TimerEvent: {}
[10.421507] (f1_localization) StdoutLine: {'line': b'-- Up-to-date symlink: /home/etdisc/Bureau/codef1tenth/install/f1_localization/share/f1_localization/config/ekf.yaml\n'}
[10.421903] (f1_localization) StdoutLine: {'line': b'-- Up-to-date symlink: /home/etdisc/Bureau/codef1tenth/install/f1_localization/share/f1_localization/launch/localization.launch.py\n'}
[10.423317] (f1_localization) StdoutLine: {'line': b'-- Up-to-date symlink: /home/etdisc/Bureau/codef1tenth/install/f1_localization/share/ament_index/resource_index/package_run_dependencies/f1_localization\n'}
[10.424557] (f1_localization) StdoutLine: {'line': b'-- Up-to-date symlink: /home/etdisc/Bureau/codef1tenth/install/f1_localization/share/ament_index/resource_index/parent_prefix_path/f1_localization\n'}
[10.426321] (f1_localization) StdoutLine: {'line': b'-- Up-to-date symlink: /home/etdisc/Bureau/codef1tenth/install/f1_localization/share/f1_localization/environment/ament_prefix_path.sh\n'}
[10.443959] (f1_localization) StdoutLine: {'line': b'-- Up-to-date symlink: /home/etdisc/Bureau/codef1tenth/install/f1_localization/share/f1_localization/environment/ament_prefix_path.dsv\n'}
[10.445409] (f1_localization) StdoutLine: {'line': b'-- Up-to-date symlink: /home/etdisc/Bureau/codef1tenth/install/f1_localization/share/f1_localization/environment/path.sh\n'}
[10.448618] (f1_localization) StdoutLine: {'line': b'-- Up-to-date symlink: /home/etdisc/Bureau/codef1tenth/install/f1_localization/share/f1_localization/environment/path.dsv\n'}
[10.448973] (f1_localization) StdoutLine: {'line': b'-- Up-to-date symlink: /home/etdisc/Bureau/codef1tenth/install/f1_localization/share/f1_localization/local_setup.bash\n'}
[10.450264] (f1_localization) StdoutLine: {'line': b'-- Up-to-date symlink: /home/etdisc/Bureau/codef1tenth/install/f1_localization/share/f1_localization/local_setup.sh\n'}
[10.451674] (f1_localization) StdoutLine: {'line': b'-- Up-to-date symlink: /home/etdisc/Bureau/codef1tenth/install/f1_localization/share/f1_localization/local_setup.zsh\n'}
[10.452684] (f1_localization) StdoutLine: {'line': b'-- Up-to-date symlink: /home/etdisc/Bureau/codef1tenth/install/f1_localization/share/f1_localization/local_setup.dsv\n'}
[10.453667] (f1_localization) StdoutLine: {'line': b'-- Symlinking: /home/etdisc/Bureau/codef1tenth/install/f1_localization/share/f1_localization/package.dsv\n'}
[10.510088] (-) TimerEvent: {}
[10.608023] (f1_localization) StdoutLine: {'line': b'-- Up-to-date symlink: /home/etdisc/Bureau/codef1tenth/install/f1_localization/share/ament_index/resource_index/packages/f1_localization\n'}
[10.610525] (f1_localization) StdoutLine: {'line': b'-- Up-to-date symlink: /home/etdisc/Bureau/codef1tenth/install/f1_localization/share/f1_localization/cmake/f1_localizationConfig.cmake\n'}
[10.610962] (-) TimerEvent: {}
[10.612991] (f1_localization) StdoutLine: {'line': b'-- Up-to-date symlink: /home/etdisc/Bureau/codef1tenth/install/f1_localization/share/f1_localization/cmake/f1_localizationConfig-version.cmake\n'}
[10.615730] (f1_localization) StdoutLine: {'line': b'-- Up-to-date symlink: /home/etdisc/Bureau/codef1tenth/install/f1_localization/share/f1_localization/package.xml\n'}
[10.636580] (f1_localization) CommandEnded: {'returncode': 0}
[10.716283] (-) TimerEvent: {}
[10.728749] (custom_msgs) StdoutLine: {'line': b'[ 89%] Built target custom_msgs__rosidl_typesupport_fastrtps_c__pyext\n'}
[10.741291] (custom_msgs) StdoutLine: {'line': b'[ 94%] Built target custom_msgs__rosidl_typesupport_introspection_c__pyext\n'}
[10.760703] (custom_msgs) StdoutLine: {'line': b'[100%] Built target custom_msgs__rosidl_typesupport_c__pyext\n'}
[10.817816] (-) TimerEvent: {}
[10.865739] (f1_localization) JobEnded: {'identifier': 'f1_localization', 'rc': 0}
[10.872409] (localisation) JobStarted: {'identifier': 'localisation'}
[10.918643] (-) TimerEvent: {}
[10.957080] (custom_msgs) CommandEnded: {'returncode': 0}
[10.965109] (custom_msgs) JobProgress: {'identifier': 'custom_msgs', 'progress': 'install'}
[10.966093] (custom_msgs) Command: {'cmd': ['/usr/bin/cmake', '--install', '/home/etdisc/Bureau/codef1tenth/build/custom_msgs'], 'cwd': '/home/etdisc/Bureau/codef1tenth/build/custom_msgs', 'env': OrderedDict([('GJS_DEBUG_TOPICS', 'JS ERROR;JS LOG'), ('LESSOPEN', '| /usr/bin/lesspipe %s'), ('HTTPS_PROXY', 'http://proxy:3128'), ('USER', 'etdisc'), ('SSH_AGENT_PID', '1717'), ('XDG_SESSION_TYPE', 'x11'), ('GIT_ASKPASS', '/usr/share/code/resources/app/extensions/git/dist/askpass.sh'), ('SHLVL', '1'), ('LD_LIBRARY_PATH', '/home/etdisc/depots/f1tenth/sim_ws/install/custom_msgs/lib:/home/etdisc/Desktop/sim_ws/install/custom_msgs/lib:/usr/lib/x86_64-linux-gnu/gazebo-11/plugins:/opt/ros/galactic/opt/yaml_cpp_vendor/lib:/opt/ros/galactic/opt/rviz_ogre_vendor/lib:/opt/ros/galactic/lib/x86_64-linux-gnu:/opt/ros/galactic/lib'), ('HOME', '/home/etdisc'), ('CHROME_DESKTOP', 'code.desktop'), ('OLDPWD', '/home/etdisc/Bureau/codef1tenth/src'), ('TERM_PROGRAM_VERSION', '1.106.3'), ('DESKTOP_SESSION', 'ubuntu'), ('GIO_LAUNCHED_DESKTOP_FILE', '/usr/share/applications/code.desktop'), ('ROS_PYTHON_VERSION', '3'), ('GNOME_SHELL_SESSION_MODE', 'ubuntu'), ('GTK_MODULES', 'gail:atk-bridge'), ('VSCODE_GIT_ASKPASS_MAIN', '/usr/share/code/resources/app/extensions/git/dist/askpass-main.js'), ('VSCODE_GIT_ASKPASS_NODE', '/usr/share/code/code'), ('MANAGERPID', '1619'), ('VSCODE_PYTHON_AUTOACTIVATE_GUARD', '1'), ('DBUS_SESSION_BUS_ADDRESS', 'unix:path=/run/user/1000/bus'), ('COLORTERM', 'truecolor'), ('GIO_LAUNCHED_DESKTOP_FILE_PID', '7910'), ('IM_CONFIG_PHASE', '1'), ('https_proxy', 'http://proxy:3128'), ('COLCON_PREFIX_PATH', '/home/etdisc/Bureau/codef1tenth/install:/home/etdisc/depots/f1tenth/sim_ws/install:/home/etdisc/Desktop/sim_ws/install'), ('ROS_DISTRO', 'galactic'), ('LOGNAME', 'etdisc'), ('http_proxy', 'http://proxy:3128'), ('JOURNAL_STREAM', '8:67595'), ('_', '/usr/bin/colcon'), ('ROS_VERSION', '2'), ('XDG_SESSION_CLASS', 'user'), ('USERNAME', 'etdisc'), ('TERM', 'xterm-256color'), ('GNOME_DESKTOP_SESSION_ID', 'this-is-deprecated'), ('ROS_LOCALHOST_ONLY', '1'), ('WINDOWPATH', '2'), ('PATH', '/snap/bin:/home/etdisc/.local/bin:/opt/ros/galactic/bin:/snap/bin:/home/etdisc/.local/bin:/usr/local/sbin:/usr/local/bin:/usr/sbin:/usr/bin:/sbin:/bin:/usr/games:/usr/local/games:/snap/bin'), ('SESSION_MANAGER', 'local/etdisc-virtual-machine:@/tmp/.ICE-unix/1752,unix/etdisc-virtual-machine:/tmp/.ICE-unix/1752'), ('INVOCATION_ID', '1693c3018a5242c5a146aa8c23bcb88d'), ('XDG_MENU_PREFIX', 'gnome-'), ('XDG_RUNTIME_DIR', '/run/user/1000'), ('GDK_BACKEND', 'x11'), ('DISPLAY', ':0'), ('LANG', 'fr_FR.UTF-8'), ('XDG_CURRENT_DESKTOP', 'Unity'), ('XMODIFIERS', '@im=ibus'), ('XDG_SESSION_DESKTOP', 'ubuntu'), ('XAUTHORITY', '/run/user/1000/gdm/Xauthority'), ('LS_COLORS', 'rs=0:di=01;34:ln=01;36:mh=00:pi=40;33:so=01;35:do=01;35:bd=40;33;01:cd=40;33;01:or=40;31;01:mi=00:su=37;41:sg=30;43:ca=30;41:tw=30;42:ow=34;42:st=37;44:ex=01;32:*.tar=01;31:*.tgz=01;31:*.arc=01;31:*.arj=01;31:*.taz=01;31:*.lha=01;31:*.lz4=01;31:*.lzh=01;31:*.lzma=01;31:*.tlz=01;31:*.txz=01;31:*.tzo=01;31:*.t7z=01;31:*.zip=01;31:*.z=01;31:*.dz=01;31:*.gz=01;31:*.lrz=01;31:*.lz=01;31:*.lzo=01;31:*.xz=01;31:*.zst=01;31:*.tzst=01;31:*.bz2=01;31:*.bz=01;31:*.tbz=01;31:*.tbz2=01;31:*.tz=01;31:*.deb=01;31:*.rpm=01;31:*.jar=01;31:*.war=01;31:*.ear=01;31:*.sar=01;31:*.rar=01;31:*.alz=01;31:*.ace=01;31:*.zoo=01;31:*.cpio=01;31:*.7z=01;31:*.rz=01;31:*.cab=01;31:*.wim=01;31:*.swm=01;31:*.dwm=01;31:*.esd=01;31:*.jpg=01;35:*.jpeg=01;35:*.mjpg=01;35:*.mjpeg=01;35:*.gif=01;35:*.bmp=01;35:*.pbm=01;35:*.pgm=01;35:*.ppm=01;35:*.tga=01;35:*.xbm=01;35:*.xpm=01;35:*.tif=01;35:*.tiff=01;35:*.png=01;35:*.svg=01;35:*.svgz=01;35:*.mng=01;35:*.pcx=01;35:*.mov=01;35:*.mpg=01;35:*.mpeg=01;35:*.m2v=01;35:*.mkv=01;35:*.webm=01;35:*.ogm=01;35:*.mp4=01;35:*.m4v=01;35:*.mp4v=01;35:*.vob=01;35:*.qt=01;35:*.nuv=01;35:*.wmv=01;35:*.asf=01;35:*.rm=01;35:*.rmvb=01;35:*.flc=01;35:*.avi=01;35:*.fli=01;35:*.flv=01;35:*.gl=01;35:*.dl=01;35:*.xcf=01;35:*.xwd=01;35:*.yuv=01;35:*.cgm=01;35:*.emf=01;35:*.ogv=01;35:*.ogx=01;35:*.aac=00;36:*.au=00;36:*.flac=00;36:*.m4a=00;36:*.mid=00;36:*.midi=00;36:*.mka=00;36:*.mp3=00;36:*.mpc=00;36:*.ogg=00;36:*.ra=00;36:*.wav=00;36:*.oga=00;36:*.opus=00;36:*.spx=00;36:*.xspf=00;36:'), ('VSCODE_GIT_IPC_HANDLE', '/run/user/1000/vscode-git-ea9b44a2ba.sock'), ('TERM_PROGRAM', 'vscode'), ('SSH_AUTH_SOCK', '/run/user/1000/keyring/ssh'), ('AMENT_PREFIX_PATH', '/home/etdisc/Bureau/codef1tenth/install/f1_localization:/home/etdisc/depots/f1tenth/sim_ws/install/timer:/home/etdisc/depots/f1tenth/sim_ws/install/strategy:/home/etdisc/depots/f1tenth/sim_ws/install/localisation:/home/etdisc/depots/f1tenth/sim_ws/install/f1tenth_gym_ros:/home/etdisc/depots/f1tenth/sim_ws/install/custom_msgs:/home/etdisc/depots/f1tenth/sim_ws/install/Waypoints:/home/etdisc/depots/f1tenth/sim_ws/install/Simple_algo:/home/etdisc/depots/f1tenth/sim_ws/install/Planif:/home/etdisc/depots/f1tenth/sim_ws/install/Mapping:/home/etdisc/depots/f1tenth/sim_ws/install/AEB:/home/etdisc/Desktop/sim_ws/install/timer:/home/etdisc/Desktop/sim_ws/install/strategy:/home/etdisc/Desktop/sim_ws/install/localisation:/home/etdisc/Desktop/sim_ws/install/f1tenth_gym_ros:/home/etdisc/Desktop/sim_ws/install/custom_msgs:/home/etdisc/Desktop/sim_ws/install/Waypoints:/home/etdisc/Desktop/sim_ws/install/Simple_algo:/home/etdisc/Desktop/sim_ws/install/Planif:/home/etdisc/Desktop/sim_ws/install/Mapping:/home/etdisc/Desktop/sim_ws/install/AEB:/opt/ros/galactic'), ('ORIGINAL_XDG_CURRENT_DESKTOP', 'ubuntu:GNOME'), ('SHELL', '/bin/bash'), ('QT_ACCESSIBILITY', '1'), ('GDMSESSION', 'ubuntu'), ('LESSCLOSE', '/usr/bin/lesspipe %s %s'), ('GPG_AGENT_INFO', '/run/user/1000/gnupg/S.gpg-agent:0:1'), ('GJS_DEBUG_OUTPUT', 'stderr'), ('VSCODE_GIT_ASKPASS_EXTRA_ARGS', ''), ('QT_IM_MODULE', 'ibus'), ('PWD', '/home/etdisc/Bureau/codef1tenth/build/custom_msgs'), ('LC_ALL', 'fr_FR.UTF-8'), ('XDG_CONFIG_DIRS', '/etc/xdg/xdg-ubuntu:/etc/xdg'), ('XDG_DATA_DIRS', '/usr/share/ubuntu:/usr/local/share/:/usr/share/:/var/lib/snapd/desktop'), ('PYTHONPATH', '/home/etdisc/depots/f1tenth/sim_ws/install/timer/lib/python3.8/site-packages:/home/etdisc/depots/f1tenth/sim_ws/install/strategy/lib/python3.8/site-packages:/home/etdisc/depots/f1tenth/sim_ws/install/localisation/lib/python3.8/site-packages:/home/etdisc/depots/f1tenth/sim_ws/install/f1tenth_gym_ros/lib/python3.8/site-packages:/home/etdisc/depots/f1tenth/sim_ws/install/custom_msgs/lib/python3.8/site-packages:/home/etdisc/depots/f1tenth/sim_ws/install/Waypoints/lib/python3.8/site-packages:/home/etdisc/depots/f1tenth/sim_ws/install/Simple_algo/lib/python3.8/site-packages:/home/etdisc/depots/f1tenth/sim_ws/install/Planif/lib/python3.8/site-packages:/home/etdisc/depots/f1tenth/sim_ws/install/Mapping/lib/python3.8/site-packages:/home/etdisc/depots/f1tenth/sim_ws/install/AEB/lib/python3.8/site-packages:/home/etdisc/depots/f1tenth/sim_ws/build/timer:/home/etdisc/Desktop/sim_ws/install/timer/lib/python3.8/site-packages:/home/etdisc/depots/f1tenth/sim_ws/build/strategy:/home/etdisc/Desktop/sim_ws/install/strategy/lib/python3.8/site-packages:/home/etdisc/depots/f1tenth/sim_ws/build/localisation:/home/etdisc/Desktop/sim_ws/install/localisation/lib/python3.8/site-packages:/home/etdisc/depots/f1tenth/sim_ws/build/f1tenth_gym_ros:/home/etdisc/Desktop/sim_ws/install/f1tenth_gym_ros/lib/python3.8/site-packages:/home/etdisc/Desktop/sim_ws/install/custom_msgs/lib/python3.8/site-packages:/home/etdisc/depots/f1tenth/sim_ws/build/Waypoints:/home/etdisc/Desktop/sim_ws/install/Waypoints/lib/python3.8/site-packages:/home/etdisc/depots/f1tenth/sim_ws/build/Simple_algo:/home/etdisc/Desktop/sim_ws/install/Simple_algo/lib/python3.8/site-packages:/home/etdisc/depots/f1tenth/sim_ws/build/Planif:/home/etdisc/Desktop/sim_ws/install/Planif/lib/python3.8/site-packages:/home/etdisc/depots/f1tenth/sim_ws/build/Mapping:/home/etdisc/Desktop/sim_ws/install/Mapping/lib/python3.8/site-packages:/home/etdisc/depots/f1tenth/sim_ws/build/AEB:/home/etdisc/Desktop/sim_ws/install/AEB/lib/python3.8/site-packages:/opt/ros/galactic/lib/python3.8/site-packages'), ('HTTP_PROXY', 'http://proxy:3128'), ('COLCON', '1'), ('CMAKE_PREFIX_PATH', '/home/etdisc/Bureau/codef1tenth/install/f1_localization:/home/etdisc/depots/f1tenth/sim_ws/install/custom_msgs:/home/etdisc/Desktop/sim_ws/install/custom_msgs:/home/etdisc/depots/f1tenth/sim_ws/install/timer:/home/etdisc/depots/f1tenth/sim_ws/install/strategy:/home/etdisc/depots/f1tenth/sim_ws/install/localisation:/home/etdisc/depots/f1tenth/sim_ws/install/f1tenth_gym_ros:/home/etdisc/depots/f1tenth/sim_ws/install/Waypoints:/home/etdisc/depots/f1tenth/sim_ws/install/Simple_algo:/home/etdisc/depots/f1tenth/sim_ws/install/Planif:/home/etdisc/depots/f1tenth/sim_ws/install/Mapping:/home/etdisc/depots/f1tenth/sim_ws/install/AEB:/home/etdisc/Desktop/sim_ws/install/timer:/home/etdisc/Desktop/sim_ws/install/strategy:/home/etdisc/Desktop/sim_ws/install/localisation:/home/etdisc/Desktop/sim_ws/install/f1tenth_gym_ros:/home/etdisc/Desktop/sim_ws/install/Waypoints:/home/etdisc/Desktop/sim_ws/install/Simple_algo:/home/etdisc/Desktop/sim_ws/install/Planif:/home/etdisc/Desktop/sim_ws/install/Mapping:/home/etdisc/Desktop/sim_ws/install/AEB:/opt/ros/galactic')]), 'shell': False}
[11.026798] (-) TimerEvent: {}
[11.039369] (custom_msgs) StdoutLine: {'line': b'-- Install configuration: ""\n'}
[11.039978] (custom_msgs) StdoutLine: {'line': b'-- Up-to-date: /home/etdisc/Bureau/codef1tenth/install/custom_msgs/share/ament_index/resource_index/rosidl_interfaces/custom_msgs\n'}
[11.040817] (custom_msgs) StdoutLine: {'line': b'-- Up-to-date: /home/etdisc/Bureau/codef1tenth/install/custom_msgs/include/custom_msgs\n'}
[11.041211] (custom_msgs) StdoutLine: {'line': b'-- Up-to-date: /home/etdisc/Bureau/codef1tenth/install/custom_msgs/include/custom_msgs/msg\n'}
[11.041489] (custom_msgs) StdoutLine: {'line': b'-- Up-to-date: /home/etdisc/Bureau/codef1tenth/install/custom_msgs/include/custom_msgs/msg/track_description.h\n'}
[11.041699] (custom_msgs) StdoutLine: {'line': b'-- Up-to-date: /home/etdisc/Bureau/codef1tenth/install/custom_msgs/include/custom_msgs/msg/detail\n'}
[11.041842] (custom_msgs) StdoutLine: {'line': b'-- Up-to-date: /home/etdisc/Bureau/codef1tenth/install/custom_msgs/include/custom_msgs/msg/detail/track_description__functions.h\n'}
[11.042674] (custom_msgs) StdoutLine: {'line': b'-- Up-to-date: /home/etdisc/Bureau/codef1tenth/install/custom_msgs/include/custom_msgs/msg/detail/lap_progress__functions.h\n'}
[11.043189] (custom_msgs) StdoutLine: {'line': b'-- Up-to-date: /home/etdisc/Bureau/codef1tenth/install/custom_msgs/include/custom_msgs/msg/detail/lap_progress__functions.c\n'}
[11.046167] (custom_msgs) StdoutLine: {'line': b'-- Up-to-date: /home/etdisc/Bureau/codef1tenth/install/custom_msgs/include/custom_msgs/msg/detail/track_description__type_support.h\n'}
[11.046626] (custom_msgs) StdoutLine: {'line': b'-- Up-to-date: /home/etdisc/Bureau/codef1tenth/install/custom_msgs/include/custom_msgs/msg/detail/lap_progress__type_support.h\n'}
[11.047905] (custom_msgs) StdoutLine: {'line': b'-- Up-to-date: /home/etdisc/Bureau/codef1tenth/install/custom_msgs/include/custom_msgs/msg/detail/track_description__struct.h\n'}
[11.048286] (custom_msgs) StdoutLine: {'line': b'-- Up-to-date: /home/etdisc/Bureau/codef1tenth/install/custom_msgs/include/custom_msgs/msg/detail/track_description__functions.c\n'}
[11.048499] (custom_msgs) StdoutLine: {'line': b'-- Up-to-date: /home/etdisc/Bureau/codef1tenth/install/custom_msgs/include/custom_msgs/msg/detail/lap_progress__struct.h\n'}
[11.051165] (custom_msgs) StdoutLine: {'line': b'-- Up-to-date: /home/etdisc/Bureau/codef1tenth/install/custom_msgs/include/custom_msgs/msg/lap_progress.h\n'}
[11.051692] (custom_msgs) StdoutLine: {'line': b'-- Up-to-date: /home/etdisc/Bureau/codef1tenth/install/custom_msgs/include/custom_msgs/msg/rosidl_generator_c__visibility_control.h\n'}
[11.055090] (custom_msgs) StdoutLine: {'line': b'-- Up-to-date: /home/etdisc/Bureau/codef1tenth/install/custom_msgs/share/custom_msgs/environment/library_path.sh\n'}
[11.055348] (custom_msgs) StdoutLine: {'line': b'-- Up-to-date: /home/etdisc/Bureau/codef1tenth/install/custom_msgs/share/custom_msgs/environment/library_path.dsv\n'}
[11.057298] (custom_msgs) StdoutLine: {'line': b'-- Up-to-date: /home/etdisc/Bureau/codef1tenth/install/custom_msgs/lib/libcustom_msgs__rosidl_generator_c.so\n'}
[11.102628] (custom_msgs) StdoutLine: {'line': b'-- Up-to-date: /home/etdisc/Bureau/codef1tenth/install/custom_msgs/include/custom_msgs\n'}
[11.104541] (custom_msgs) StdoutLine: {'line': b'-- Up-to-date: /home/etdisc/Bureau/codef1tenth/install/custom_msgs/include/custom_msgs/msg\n'}
[11.104836] (custom_msgs) StdoutLine: {'line': b'-- Up-to-date: /home/etdisc/Bureau/codef1tenth/install/custom_msgs/include/custom_msgs/msg/rosidl_typesupport_fastrtps_c__visibility_control.h\n'}
[11.105000] (custom_msgs) StdoutLine: {'line': b'-- Up-to-date: /home/etdisc/Bureau/codef1tenth/install/custom_msgs/include/custom_msgs/msg/detail\n'}
[11.105110] (custom_msgs) StdoutLine: {'line': b'-- Up-to-date: /home/etdisc/Bureau/codef1tenth/install/custom_msgs/include/custom_msgs/msg/detail/track_description__rosidl_typesupport_fastrtps_c.h\n'}
[11.105295] (custom_msgs) StdoutLine: {'line': b'-- Up-to-date: /home/etdisc/Bureau/codef1tenth/install/custom_msgs/include/custom_msgs/msg/detail/lap_progress__rosidl_typesupport_fastrtps_c.h\n'}
[11.105426] (custom_msgs) StdoutLine: {'line': b'-- Up-to-date: /home/etdisc/Bureau/codef1tenth/install/custom_msgs/lib/libcustom_msgs__rosidl_typesupport_fastrtps_c.so\n'}
[11.105566] (custom_msgs) StdoutLine: {'line': b'-- Up-to-date: /home/etdisc/Bureau/codef1tenth/install/custom_msgs/include/custom_msgs\n'}
[11.105688] (custom_msgs) StdoutLine: {'line': b'-- Up-to-date: /home/etdisc/Bureau/codef1tenth/install/custom_msgs/include/custom_msgs/msg\n'}
[11.105813] (custom_msgs) StdoutLine: {'line': b'-- Up-to-date: /home/etdisc/Bureau/codef1tenth/install/custom_msgs/include/custom_msgs/msg/detail\n'}
[11.105929] (custom_msgs) StdoutLine: {'line': b'-- Up-to-date: /home/etdisc/Bureau/codef1tenth/install/custom_msgs/include/custom_msgs/msg/detail/lap_progress__rosidl_typesupport_fastrtps_cpp.hpp\n'}
[11.106075] (custom_msgs) StdoutLine: {'line': b'-- Up-to-date: /home/etdisc/Bureau/codef1tenth/install/custom_msgs/include/custom_msgs/msg/detail/track_description__rosidl_typesupport_fastrtps_cpp.hpp\n'}
[11.106464] (custom_msgs) StdoutLine: {'line': b'-- Up-to-date: /home/etdisc/Bureau/codef1tenth/install/custom_msgs/include/custom_msgs/msg/detail/dds_fastrtps\n'}
[11.107662] (custom_msgs) StdoutLine: {'line': b'-- Up-to-date: /home/etdisc/Bureau/codef1tenth/install/custom_msgs/include/custom_msgs/msg/rosidl_typesupport_fastrtps_cpp__visibility_control.h\n'}
[11.107963] (custom_msgs) StdoutLine: {'line': b'-- Up-to-date: /home/etdisc/Bureau/codef1tenth/install/custom_msgs/lib/libcustom_msgs__rosidl_typesupport_fastrtps_cpp.so\n'}
[11.108125] (custom_msgs) StdoutLine: {'line': b'-- Up-to-date: /home/etdisc/Bureau/codef1tenth/install/custom_msgs/include/custom_msgs\n'}
[11.108273] (custom_msgs) StdoutLine: {'line': b'-- Up-to-date: /home/etdisc/Bureau/codef1tenth/install/custom_msgs/include/custom_msgs/msg\n'}
[11.108426] (custom_msgs) StdoutLine: {'line': b'-- Up-to-date: /home/etdisc/Bureau/codef1tenth/install/custom_msgs/include/custom_msgs/msg/detail\n'}
[11.108578] (custom_msgs) StdoutLine: {'line': b'-- Up-to-date: /home/etdisc/Bureau/codef1tenth/install/custom_msgs/include/custom_msgs/msg/detail/lap_progress__type_support.c\n'}
[11.108760] (custom_msgs) StdoutLine: {'line': b'-- Up-to-date: /home/etdisc/Bureau/codef1tenth/install/custom_msgs/include/custom_msgs/msg/detail/lap_progress__rosidl_typesupport_introspection_c.h\n'}
[11.108895] (custom_msgs) StdoutLine: {'line': b'-- Up-to-date: /home/etdisc/Bureau/codef1tenth/install/custom_msgs/include/custom_msgs/msg/detail/track_description__type_support.c\n'}
[11.109074] (custom_msgs) StdoutLine: {'line': b'-- Up-to-date: /home/etdisc/Bureau/codef1tenth/install/custom_msgs/include/custom_msgs/msg/detail/track_description__rosidl_typesupport_introspection_c.h\n'}
[11.109224] (custom_msgs) StdoutLine: {'line': b'-- Up-to-date: /home/etdisc/Bureau/codef1tenth/install/custom_msgs/include/custom_msgs/msg/rosidl_typesupport_introspection_c__visibility_control.h\n'}
[11.109364] (custom_msgs) StdoutLine: {'line': b'-- Up-to-date: /home/etdisc/Bureau/codef1tenth/install/custom_msgs/lib/libcustom_msgs__rosidl_typesupport_introspection_c.so\n'}
[11.109529] (custom_msgs) StdoutLine: {'line': b'-- Up-to-date: /home/etdisc/Bureau/codef1tenth/install/custom_msgs/lib/libcustom_msgs__rosidl_typesupport_c.so\n'}
[11.109651] (custom_msgs) StdoutLine: {'line': b'-- Up-to-date: /home/etdisc/Bureau/codef1tenth/install/custom_msgs/include/custom_msgs\n'}
[11.109763] (custom_msgs) StdoutLine: {'line': b'-- Up-to-date: /home/etdisc/Bureau/codef1tenth/install/custom_msgs/include/custom_msgs/msg\n'}
[11.109875] (custom_msgs) StdoutLine: {'line': b'-- Up-to-date: /home/etdisc/Bureau/codef1tenth/install/custom_msgs/include/custom_msgs/msg/track_description.hpp\n'}
[11.110140] (custom_msgs) StdoutLine: {'line': b'-- Up-to-date: /home/etdisc/Bureau/codef1tenth/install/custom_msgs/include/custom_msgs/msg/detail\n'}
[11.111698] (custom_msgs) StdoutLine: {'line': b'-- Up-to-date: /home/etdisc/Bureau/codef1tenth/install/custom_msgs/include/custom_msgs/msg/detail/lap_progress__traits.hpp\n'}
[11.111894] (custom_msgs) StdoutLine: {'line': b'-- Up-to-date: /home/etdisc/Bureau/codef1tenth/install/custom_msgs/include/custom_msgs/msg/detail/lap_progress__struct.hpp\n'}
[11.111979] (custom_msgs) StdoutLine: {'line': b'-- Up-to-date: /home/etdisc/Bureau/codef1tenth/install/custom_msgs/include/custom_msgs/msg/detail/track_description__builder.hpp\n'}
[11.112056] (custom_msgs) StdoutLine: {'line': b'-- Up-to-date: /home/etdisc/Bureau/codef1tenth/install/custom_msgs/include/custom_msgs/msg/detail/lap_progress__builder.hpp\n'}
[11.112129] (custom_msgs) StdoutLine: {'line': b'-- Up-to-date: /home/etdisc/Bureau/codef1tenth/install/custom_msgs/include/custom_msgs/msg/detail/track_description__struct.hpp\n'}
[11.112204] (custom_msgs) StdoutLine: {'line': b'-- Up-to-date: /home/etdisc/Bureau/codef1tenth/install/custom_msgs/include/custom_msgs/msg/detail/track_description__traits.hpp\n'}
[11.112282] (custom_msgs) StdoutLine: {'line': b'-- Up-to-date: /home/etdisc/Bureau/codef1tenth/install/custom_msgs/include/custom_msgs/msg/lap_progress.hpp\n'}
[11.112423] (custom_msgs) StdoutLine: {'line': b'-- Up-to-date: /home/etdisc/Bureau/codef1tenth/install/custom_msgs/include/custom_msgs\n'}
[11.112556] (custom_msgs) StdoutLine: {'line': b'-- Up-to-date: /home/etdisc/Bureau/codef1tenth/install/custom_msgs/include/custom_msgs/msg\n'}
[11.112753] (custom_msgs) StdoutLine: {'line': b'-- Up-to-date: /home/etdisc/Bureau/codef1tenth/install/custom_msgs/include/custom_msgs/msg/detail\n'}
[11.112945] (custom_msgs) StdoutLine: {'line': b'-- Up-to-date: /home/etdisc/Bureau/codef1tenth/install/custom_msgs/include/custom_msgs/msg/detail/track_description__type_support.cpp\n'}
[11.113148] (custom_msgs) StdoutLine: {'line': b'-- Up-to-date: /home/etdisc/Bureau/codef1tenth/install/custom_msgs/include/custom_msgs/msg/detail/lap_progress__type_support.cpp\n'}
[11.113654] (custom_msgs) StdoutLine: {'line': b'-- Up-to-date: /home/etdisc/Bureau/codef1tenth/install/custom_msgs/include/custom_msgs/msg/detail/track_description__rosidl_typesupport_introspection_cpp.hpp\n'}
[11.113835] (custom_msgs) StdoutLine: {'line': b'-- Up-to-date: /home/etdisc/Bureau/codef1tenth/install/custom_msgs/include/custom_msgs/msg/detail/lap_progress__rosidl_typesupport_introspection_cpp.hpp\n'}
[11.114010] (custom_msgs) StdoutLine: {'line': b'-- Up-to-date: /home/etdisc/Bureau/codef1tenth/install/custom_msgs/lib/libcustom_msgs__rosidl_typesupport_introspection_cpp.so\n'}
[11.117642] (custom_msgs) StdoutLine: {'line': b'-- Up-to-date: /home/etdisc/Bureau/codef1tenth/install/custom_msgs/lib/libcustom_msgs__rosidl_typesupport_cpp.so\n'}
[11.118009] (custom_msgs) StdoutLine: {'line': b'-- Up-to-date: /home/etdisc/Bureau/codef1tenth/install/custom_msgs/share/custom_msgs/environment/pythonpath.sh\n'}
[11.118174] (custom_msgs) StdoutLine: {'line': b'-- Up-to-date: /home/etdisc/Bureau/codef1tenth/install/custom_msgs/share/custom_msgs/environment/pythonpath.dsv\n'}
[11.118476] (custom_msgs) StdoutLine: {'line': b'-- Up-to-date: /home/etdisc/Bureau/codef1tenth/install/custom_msgs/lib/python3.8/site-packages/custom_msgs/__init__.py\n'}
[11.125420] (-) TimerEvent: {}
[11.226534] (-) TimerEvent: {}
[11.286826] (custom_msgs) StdoutLine: {'line': b'-- Up-to-date: /home/etdisc/Bureau/codef1tenth/install/custom_msgs/lib/python3.8/site-packages/custom_msgs/msg\n'}
[11.287180] (custom_msgs) StdoutLine: {'line': b'-- Up-to-date: /home/etdisc/Bureau/codef1tenth/install/custom_msgs/lib/python3.8/site-packages/custom_msgs/msg/_track_description.py\n'}
[11.290824] (custom_msgs) StdoutLine: {'line': b'-- Up-to-date: /home/etdisc/Bureau/codef1tenth/install/custom_msgs/lib/python3.8/site-packages/custom_msgs/msg/_lap_progress.py\n'}
[11.291048] (custom_msgs) StdoutLine: {'line': b'-- Up-to-date: /home/etdisc/Bureau/codef1tenth/install/custom_msgs/lib/python3.8/site-packages/custom_msgs/msg/_lap_progress_s.c\n'}
[11.291196] (custom_msgs) StdoutLine: {'line': b'-- Up-to-date: /home/etdisc/Bureau/codef1tenth/install/custom_msgs/lib/python3.8/site-packages/custom_msgs/msg/__init__.py\n'}
[11.291338] (custom_msgs) StdoutLine: {'line': b'-- Up-to-date: /home/etdisc/Bureau/codef1tenth/install/custom_msgs/lib/python3.8/site-packages/custom_msgs/msg/_track_description_s.c\n'}
[11.291493] (custom_msgs) StdoutLine: {'line': b'-- Up-to-date: /home/etdisc/Bureau/codef1tenth/install/custom_msgs/lib/python3.8/site-packages/custom_msgs/custom_msgs_s__rosidl_typesupport_fastrtps_c.cpython-38-x86_64-linux-gnu.so\n'}
[11.311796] (custom_msgs) StdoutLine: {'line': b'-- Up-to-date: /home/etdisc/Bureau/codef1tenth/install/custom_msgs/lib/python3.8/site-packages/custom_msgs/custom_msgs_s__rosidl_typesupport_introspection_c.cpython-38-x86_64-linux-gnu.so\n'}
[11.324140] (custom_msgs) StdoutLine: {'line': b'-- Up-to-date: /home/etdisc/Bureau/codef1tenth/install/custom_msgs/lib/python3.8/site-packages/custom_msgs/custom_msgs_s__rosidl_typesupport_c.cpython-38-x86_64-linux-gnu.so\n'}
[11.324600] (custom_msgs) StdoutLine: {'line': b'-- Up-to-date: /home/etdisc/Bureau/codef1tenth/install/custom_msgs/lib/libcustom_msgs__python.so\n'}
[11.326915] (-) TimerEvent: {}
[11.351054] (custom_msgs) StdoutLine: {'line': b'-- Up-to-date: /home/etdisc/Bureau/codef1tenth/install/custom_msgs/share/custom_msgs/msg/LapProgress.idl\n'}
[11.351866] (custom_msgs) StdoutLine: {'line': b'-- Up-to-date: /home/etdisc/Bureau/codef1tenth/install/custom_msgs/share/custom_msgs/msg/TrackDescription.idl\n'}
[11.352111] (custom_msgs) StdoutLine: {'line': b'-- Up-to-date: /home/etdisc/Bureau/codef1tenth/install/custom_msgs/share/custom_msgs/msg/LapProgress.msg\n'}
[11.352557] (custom_msgs) StdoutLine: {'line': b'-- Up-to-date: /home/etdisc/Bureau/codef1tenth/install/custom_msgs/share/custom_msgs/msg/TrackDescription.msg\n'}
[11.353012] (custom_msgs) StdoutLine: {'line': b'-- Up-to-date: /home/etdisc/Bureau/codef1tenth/install/custom_msgs/share/ament_index/resource_index/package_run_dependencies/custom_msgs\n'}
[11.353198] (custom_msgs) StdoutLine: {'line': b'-- Up-to-date: /home/etdisc/Bureau/codef1tenth/install/custom_msgs/share/ament_index/resource_index/parent_prefix_path/custom_msgs\n'}
[11.353416] (custom_msgs) StdoutLine: {'line': b'-- Up-to-date: /home/etdisc/Bureau/codef1tenth/install/custom_msgs/share/custom_msgs/environment/ament_prefix_path.sh\n'}
[11.353953] (custom_msgs) StdoutLine: {'line': b'-- Up-to-date: /home/etdisc/Bureau/codef1tenth/install/custom_msgs/share/custom_msgs/environment/ament_prefix_path.dsv\n'}
[11.354224] (custom_msgs) StdoutLine: {'line': b'-- Up-to-date: /home/etdisc/Bureau/codef1tenth/install/custom_msgs/share/custom_msgs/environment/path.sh\n'}
[11.354391] (custom_msgs) StdoutLine: {'line': b'-- Up-to-date: /home/etdisc/Bureau/codef1tenth/install/custom_msgs/share/custom_msgs/environment/path.dsv\n'}
[11.354534] (custom_msgs) StdoutLine: {'line': b'-- Up-to-date: /home/etdisc/Bureau/codef1tenth/install/custom_msgs/share/custom_msgs/local_setup.bash\n'}
[11.354673] (custom_msgs) StdoutLine: {'line': b'-- Up-to-date: /home/etdisc/Bureau/codef1tenth/install/custom_msgs/share/custom_msgs/local_setup.sh\n'}
[11.354813] (custom_msgs) StdoutLine: {'line': b'-- Up-to-date: /home/etdisc/Bureau/codef1tenth/install/custom_msgs/share/custom_msgs/local_setup.zsh\n'}
[11.354985] (custom_msgs) StdoutLine: {'line': b'-- Up-to-date: /home/etdisc/Bureau/codef1tenth/install/custom_msgs/share/custom_msgs/local_setup.dsv\n'}
[11.355147] (custom_msgs) StdoutLine: {'line': b'-- Installing: /home/etdisc/Bureau/codef1tenth/install/custom_msgs/share/custom_msgs/package.dsv\n'}
[11.366421] (custom_msgs) StdoutLine: {'line': b'-- Up-to-date: /home/etdisc/Bureau/codef1tenth/install/custom_msgs/share/ament_index/resource_index/packages/custom_msgs\n'}
[11.368025] (custom_msgs) StdoutLine: {'line': b'-- Up-to-date: /home/etdisc/Bureau/codef1tenth/install/custom_msgs/share/custom_msgs/cmake/custom_msgs__rosidl_generator_cExport.cmake\n'}
[11.368310] (custom_msgs) StdoutLine: {'line': b'-- Up-to-date: /home/etdisc/Bureau/codef1tenth/install/custom_msgs/share/custom_msgs/cmake/custom_msgs__rosidl_generator_cExport-noconfig.cmake\n'}
[11.368633] (custom_msgs) StdoutLine: {'line': b'-- Up-to-date: /home/etdisc/Bureau/codef1tenth/install/custom_msgs/share/custom_msgs/cmake/custom_msgs__rosidl_typesupport_introspection_cExport.cmake\n'}
[11.369520] (custom_msgs) StdoutLine: {'line': b'-- Up-to-date: /home/etdisc/Bureau/codef1tenth/install/custom_msgs/share/custom_msgs/cmake/custom_msgs__rosidl_typesupport_introspection_cExport-noconfig.cmake\n'}
[11.371986] (custom_msgs) StdoutLine: {'line': b'-- Up-to-date: /home/etdisc/Bureau/codef1tenth/install/custom_msgs/share/custom_msgs/cmake/custom_msgs__rosidl_typesupport_cExport.cmake\n'}
[11.372393] (custom_msgs) StdoutLine: {'line': b'-- Up-to-date: /home/etdisc/Bureau/codef1tenth/install/custom_msgs/share/custom_msgs/cmake/custom_msgs__rosidl_typesupport_cExport-noconfig.cmake\n'}
[11.372791] (custom_msgs) StdoutLine: {'line': b'-- Up-to-date: /home/etdisc/Bureau/codef1tenth/install/custom_msgs/share/custom_msgs/cmake/custom_msgs__rosidl_generator_cppExport.cmake\n'}
[11.375160] (custom_msgs) StdoutLine: {'line': b'-- Up-to-date: /home/etdisc/Bureau/codef1tenth/install/custom_msgs/share/custom_msgs/cmake/custom_msgs__rosidl_typesupport_introspection_cppExport.cmake\n'}
[11.375479] (custom_msgs) StdoutLine: {'line': b'-- Up-to-date: /home/etdisc/Bureau/codef1tenth/install/custom_msgs/share/custom_msgs/cmake/custom_msgs__rosidl_typesupport_introspection_cppExport-noconfig.cmake\n'}
[11.386349] (custom_msgs) StdoutLine: {'line': b'-- Up-to-date: /home/etdisc/Bureau/codef1tenth/install/custom_msgs/share/custom_msgs/cmake/custom_msgs__rosidl_typesupport_cppExport.cmake\n'}
[11.386847] (custom_msgs) StdoutLine: {'line': b'-- Up-to-date: /home/etdisc/Bureau/codef1tenth/install/custom_msgs/share/custom_msgs/cmake/custom_msgs__rosidl_typesupport_cppExport-noconfig.cmake\n'}
[11.387196] (custom_msgs) StdoutLine: {'line': b'-- Up-to-date: /home/etdisc/Bureau/codef1tenth/install/custom_msgs/share/custom_msgs/cmake/rosidl_cmake-extras.cmake\n'}
[11.387430] (custom_msgs) StdoutLine: {'line': b'-- Up-to-date: /home/etdisc/Bureau/codef1tenth/install/custom_msgs/share/custom_msgs/cmake/ament_cmake_export_dependencies-extras.cmake\n'}
[11.387784] (custom_msgs) StdoutLine: {'line': b'-- Up-to-date: /home/etdisc/Bureau/codef1tenth/install/custom_msgs/share/custom_msgs/cmake/ament_cmake_export_libraries-extras.cmake\n'}
[11.388025] (custom_msgs) StdoutLine: {'line': b'-- Up-to-date: /home/etdisc/Bureau/codef1tenth/install/custom_msgs/share/custom_msgs/cmake/ament_cmake_export_targets-extras.cmake\n'}
[11.388555] (custom_msgs) StdoutLine: {'line': b'-- Up-to-date: /home/etdisc/Bureau/codef1tenth/install/custom_msgs/share/custom_msgs/cmake/ament_cmake_export_include_directories-extras.cmake\n'}
[11.389469] (custom_msgs) StdoutLine: {'line': b'-- Up-to-date: /home/etdisc/Bureau/codef1tenth/install/custom_msgs/share/custom_msgs/cmake/rosidl_cmake_export_typesupport_libraries-extras.cmake\n'}
[11.389874] (custom_msgs) StdoutLine: {'line': b'-- Up-to-date: /home/etdisc/Bureau/codef1tenth/install/custom_msgs/share/custom_msgs/cmake/rosidl_cmake_export_typesupport_targets-extras.cmake\n'}
[11.390097] (custom_msgs) StdoutLine: {'line': b'-- Up-to-date: /home/etdisc/Bureau/codef1tenth/install/custom_msgs/share/custom_msgs/cmake/custom_msgsConfig.cmake\n'}
[11.390281] (custom_msgs) StdoutLine: {'line': b'-- Up-to-date: /home/etdisc/Bureau/codef1tenth/install/custom_msgs/share/custom_msgs/cmake/custom_msgsConfig-version.cmake\n'}
[11.390426] (custom_msgs) StdoutLine: {'line': b'-- Up-to-date: /home/etdisc/Bureau/codef1tenth/install/custom_msgs/share/custom_msgs/package.xml\n'}
[11.427070] (-) TimerEvent: {}
[11.528316] (-) TimerEvent: {}
[11.631747] (-) TimerEvent: {}
[11.738673] (-) TimerEvent: {}
[11.840093] (-) TimerEvent: {}
[11.941844] (-) TimerEvent: {}
[12.043910] (-) TimerEvent: {}
[12.144495] (-) TimerEvent: {}
[12.246905] (-) TimerEvent: {}
[12.354853] (-) TimerEvent: {}
[12.460152] (-) TimerEvent: {}
[12.562467] (-) TimerEvent: {}
[12.663642] (-) TimerEvent: {}
[12.765367] (-) TimerEvent: {}
[12.866908] (-) TimerEvent: {}
[12.969071] (-) TimerEvent: {}
[13.072147] (-) TimerEvent: {}
[13.172564] (-) TimerEvent: {}
[13.273366] (-) TimerEvent: {}
[13.375025] (-) TimerEvent: {}
[13.462721] (custom_msgs) CommandEnded: {'returncode': 0}
[13.475684] (-) TimerEvent: {}
[13.547406] (custom_msgs) JobEnded: {'identifier': 'custom_msgs', 'rc': 0}
[13.633528] (-) TimerEvent: {}
[13.650301] (strategy) JobStarted: {'identifier': 'strategy'}
[13.737770] (-) TimerEvent: {}
[13.854350] (-) TimerEvent: {}
[13.958371] (-) TimerEvent: {}
[14.062388] (-) TimerEvent: {}
[14.165336] (-) TimerEvent: {}
[14.266301] (-) TimerEvent: {}
[14.370476] (-) TimerEvent: {}
[14.471125] (-) TimerEvent: {}
[14.563038] (Simple_algo) Command: {'cmd': ['/usr/bin/python3', '-W', 'ignore:setup.py install is deprecated', '-W', 'ignore:easy_install command is deprecated', 'setup.py', 'egg_info', '--egg-base', '../../build/Simple_algo', 'build', '--build-base', '/home/etdisc/Bureau/codef1tenth/build/Simple_algo/build', 'install', '--record', '/home/etdisc/Bureau/codef1tenth/build/Simple_algo/install.log', '--single-version-externally-managed', 'install_data'], 'cwd': '/home/etdisc/Bureau/codef1tenth/src/Simple_algo', 'env': {'GJS_DEBUG_TOPICS': 'JS ERROR;JS LOG', 'LESSOPEN': '| /usr/bin/lesspipe %s', 'HTTPS_PROXY': 'http://proxy:3128', 'USER': 'etdisc', 'SSH_AGENT_PID': '1717', 'XDG_SESSION_TYPE': 'x11', 'GIT_ASKPASS': '/usr/share/code/resources/app/extensions/git/dist/askpass.sh', 'SHLVL': '1', 'LD_LIBRARY_PATH': '/home/etdisc/depots/f1tenth/sim_ws/install/custom_msgs/lib:/home/etdisc/Desktop/sim_ws/install/custom_msgs/lib:/usr/lib/x86_64-linux-gnu/gazebo-11/plugins:/opt/ros/galactic/opt/yaml_cpp_vendor/lib:/opt/ros/galactic/opt/rviz_ogre_vendor/lib:/opt/ros/galactic/lib/x86_64-linux-gnu:/opt/ros/galactic/lib', 'HOME': '/home/etdisc', 'CHROME_DESKTOP': 'code.desktop', 'OLDPWD': '/home/etdisc/Bureau/codef1tenth/src', 'TERM_PROGRAM_VERSION': '1.106.3', 'DESKTOP_SESSION': 'ubuntu', 'GIO_LAUNCHED_DESKTOP_FILE': '/usr/share/applications/code.desktop', 'ROS_PYTHON_VERSION': '3', 'GNOME_SHELL_SESSION_MODE': 'ubuntu', 'GTK_MODULES': 'gail:atk-bridge', 'VSCODE_GIT_ASKPASS_MAIN': '/usr/share/code/resources/app/extensions/git/dist/askpass-main.js', 'VSCODE_GIT_ASKPASS_NODE': '/usr/share/code/code', 'MANAGERPID': '1619', 'VSCODE_PYTHON_AUTOACTIVATE_GUARD': '1', 'DBUS_SESSION_BUS_ADDRESS': 'unix:path=/run/user/1000/bus', 'COLORTERM': 'truecolor', 'GIO_LAUNCHED_DESKTOP_FILE_PID': '7910', 'IM_CONFIG_PHASE': '1', 'https_proxy': 'http://proxy:3128', 'COLCON_PREFIX_PATH': '/home/etdisc/Bureau/codef1tenth/install:/home/etdisc/depots/f1tenth/sim_ws/install:/home/etdisc/Desktop/sim_ws/install', 'ROS_DISTRO': 'galactic', 'LOGNAME': 'etdisc', 'http_proxy': 'http://proxy:3128', 'JOURNAL_STREAM': '8:67595', '_': '/usr/bin/colcon', 'ROS_VERSION': '2', 'XDG_SESSION_CLASS': 'user', 'USERNAME': 'etdisc', 'TERM': 'xterm-256color', 'GNOME_DESKTOP_SESSION_ID': 'this-is-deprecated', 'ROS_LOCALHOST_ONLY': '1', 'WINDOWPATH': '2', 'PATH': '/snap/bin:/home/etdisc/.local/bin:/opt/ros/galactic/bin:/snap/bin:/home/etdisc/.local/bin:/usr/local/sbin:/usr/local/bin:/usr/sbin:/usr/bin:/sbin:/bin:/usr/games:/usr/local/games:/snap/bin', 'SESSION_MANAGER': 'local/etdisc-virtual-machine:@/tmp/.ICE-unix/1752,unix/etdisc-virtual-machine:/tmp/.ICE-unix/1752', 'INVOCATION_ID': '1693c3018a5242c5a146aa8c23bcb88d', 'XDG_MENU_PREFIX': 'gnome-', 'XDG_RUNTIME_DIR': '/run/user/1000', 'GDK_BACKEND': 'x11', 'DISPLAY': ':0', 'LANG': 'fr_FR.UTF-8', 'XDG_CURRENT_DESKTOP': 'Unity', 'XMODIFIERS': '@im=ibus', 'XDG_SESSION_DESKTOP': 'ubuntu', 'XAUTHORITY': '/run/user/1000/gdm/Xauthority', 'LS_COLORS': 'rs=0:di=01;34:ln=01;36:mh=00:pi=40;33:so=01;35:do=01;35:bd=40;33;01:cd=40;33;01:or=40;31;01:mi=00:su=37;41:sg=30;43:ca=30;41:tw=30;42:ow=34;42:st=37;44:ex=01;32:*.tar=01;31:*.tgz=01;31:*.arc=01;31:*.arj=01;31:*.taz=01;31:*.lha=01;31:*.lz4=01;31:*.lzh=01;31:*.lzma=01;31:*.tlz=01;31:*.txz=01;31:*.tzo=01;31:*.t7z=01;31:*.zip=01;31:*.z=01;31:*.dz=01;31:*.gz=01;31:*.lrz=01;31:*.lz=01;31:*.lzo=01;31:*.xz=01;31:*.zst=01;31:*.tzst=01;31:*.bz2=01;31:*.bz=01;31:*.tbz=01;31:*.tbz2=01;31:*.tz=01;31:*.deb=01;31:*.rpm=01;31:*.jar=01;31:*.war=01;31:*.ear=01;31:*.sar=01;31:*.rar=01;31:*.alz=01;31:*.ace=01;31:*.zoo=01;31:*.cpio=01;31:*.7z=01;31:*.rz=01;31:*.cab=01;31:*.wim=01;31:*.swm=01;31:*.dwm=01;31:*.esd=01;31:*.jpg=01;35:*.jpeg=01;35:*.mjpg=01;35:*.mjpeg=01;35:*.gif=01;35:*.bmp=01;35:*.pbm=01;35:*.pgm=01;35:*.ppm=01;35:*.tga=01;35:*.xbm=01;35:*.xpm=01;35:*.tif=01;35:*.tiff=01;35:*.png=01;35:*.svg=01;35:*.svgz=01;35:*.mng=01;35:*.pcx=01;35:*.mov=01;35:*.mpg=01;35:*.mpeg=01;35:*.m2v=01;35:*.mkv=01;35:*.webm=01;35:*.ogm=01;35:*.mp4=01;35:*.m4v=01;35:*.mp4v=01;35:*.vob=01;35:*.qt=01;35:*.nuv=01;35:*.wmv=01;35:*.asf=01;35:*.rm=01;35:*.rmvb=01;35:*.flc=01;35:*.avi=01;35:*.fli=01;35:*.flv=01;35:*.gl=01;35:*.dl=01;35:*.xcf=01;35:*.xwd=01;35:*.yuv=01;35:*.cgm=01;35:*.emf=01;35:*.ogv=01;35:*.ogx=01;35:*.aac=00;36:*.au=00;36:*.flac=00;36:*.m4a=00;36:*.mid=00;36:*.midi=00;36:*.mka=00;36:*.mp3=00;36:*.mpc=00;36:*.ogg=00;36:*.ra=00;36:*.wav=00;36:*.oga=00;36:*.opus=00;36:*.spx=00;36:*.xspf=00;36:', 'VSCODE_GIT_IPC_HANDLE': '/run/user/1000/vscode-git-ea9b44a2ba.sock', 'TERM_PROGRAM': 'vscode', 'SSH_AUTH_SOCK': '/run/user/1000/keyring/ssh', 'AMENT_PREFIX_PATH': '/home/etdisc/Bureau/codef1tenth/install/f1_localization:/home/etdisc/depots/f1tenth/sim_ws/install/timer:/home/etdisc/depots/f1tenth/sim_ws/install/strategy:/home/etdisc/depots/f1tenth/sim_ws/install/localisation:/home/etdisc/depots/f1tenth/sim_ws/install/f1tenth_gym_ros:/home/etdisc/depots/f1tenth/sim_ws/install/custom_msgs:/home/etdisc/depots/f1tenth/sim_ws/install/Waypoints:/home/etdisc/depots/f1tenth/sim_ws/install/Simple_algo:/home/etdisc/depots/f1tenth/sim_ws/install/Planif:/home/etdisc/depots/f1tenth/sim_ws/install/Mapping:/home/etdisc/depots/f1tenth/sim_ws/install/AEB:/home/etdisc/Desktop/sim_ws/install/timer:/home/etdisc/Desktop/sim_ws/install/strategy:/home/etdisc/Desktop/sim_ws/install/localisation:/home/etdisc/Desktop/sim_ws/install/f1tenth_gym_ros:/home/etdisc/Desktop/sim_ws/install/custom_msgs:/home/etdisc/Desktop/sim_ws/install/Waypoints:/home/etdisc/Desktop/sim_ws/install/Simple_algo:/home/etdisc/Desktop/sim_ws/install/Planif:/home/etdisc/Desktop/sim_ws/install/Mapping:/home/etdisc/Desktop/sim_ws/install/AEB:/opt/ros/galactic', 'ORIGINAL_XDG_CURRENT_DESKTOP': 'ubuntu:GNOME', 'SHELL': '/bin/bash', 'QT_ACCESSIBILITY': '1', 'GDMSESSION': 'ubuntu', 'LESSCLOSE': '/usr/bin/lesspipe %s %s', 'GPG_AGENT_INFO': '/run/user/1000/gnupg/S.gpg-agent:0:1', 'GJS_DEBUG_OUTPUT': 'stderr', 'VSCODE_GIT_ASKPASS_EXTRA_ARGS': '', 'QT_IM_MODULE': 'ibus', 'PWD': '/home/etdisc/Bureau/codef1tenth/build/Simple_algo', 'LC_ALL': 'fr_FR.UTF-8', 'XDG_CONFIG_DIRS': '/etc/xdg/xdg-ubuntu:/etc/xdg', 'XDG_DATA_DIRS': '/usr/share/ubuntu:/usr/local/share/:/usr/share/:/var/lib/snapd/desktop', 'PYTHONPATH': '/home/etdisc/Bureau/codef1tenth/build/Simple_algo/prefix_override:/usr/lib/python3/dist-packages/colcon_core/task/python/colcon_distutils_commands:/home/etdisc/Bureau/codef1tenth/install/Simple_algo/lib/python3.8/site-packages:/home/etdisc/depots/f1tenth/sim_ws/install/timer/lib/python3.8/site-packages:/home/etdisc/depots/f1tenth/sim_ws/install/strategy/lib/python3.8/site-packages:/home/etdisc/depots/f1tenth/sim_ws/install/localisation/lib/python3.8/site-packages:/home/etdisc/depots/f1tenth/sim_ws/install/f1tenth_gym_ros/lib/python3.8/site-packages:/home/etdisc/depots/f1tenth/sim_ws/install/custom_msgs/lib/python3.8/site-packages:/home/etdisc/depots/f1tenth/sim_ws/install/Waypoints/lib/python3.8/site-packages:/home/etdisc/depots/f1tenth/sim_ws/install/Simple_algo/lib/python3.8/site-packages:/home/etdisc/depots/f1tenth/sim_ws/install/Planif/lib/python3.8/site-packages:/home/etdisc/depots/f1tenth/sim_ws/install/Mapping/lib/python3.8/site-packages:/home/etdisc/depots/f1tenth/sim_ws/install/AEB/lib/python3.8/site-packages:/home/etdisc/depots/f1tenth/sim_ws/build/timer:/home/etdisc/Desktop/sim_ws/install/timer/lib/python3.8/site-packages:/home/etdisc/depots/f1tenth/sim_ws/build/strategy:/home/etdisc/Desktop/sim_ws/install/strategy/lib/python3.8/site-packages:/home/etdisc/depots/f1tenth/sim_ws/build/localisation:/home/etdisc/Desktop/sim_ws/install/localisation/lib/python3.8/site-packages:/home/etdisc/depots/f1tenth/sim_ws/build/f1tenth_gym_ros:/home/etdisc/Desktop/sim_ws/install/f1tenth_gym_ros/lib/python3.8/site-packages:/home/etdisc/Desktop/sim_ws/install/custom_msgs/lib/python3.8/site-packages:/home/etdisc/depots/f1tenth/sim_ws/build/Waypoints:/home/etdisc/Desktop/sim_ws/install/Waypoints/lib/python3.8/site-packages:/home/etdisc/depots/f1tenth/sim_ws/build/Simple_algo:/home/etdisc/Desktop/sim_ws/install/Simple_algo/lib/python3.8/site-packages:/home/etdisc/depots/f1tenth/sim_ws/build/Planif:/home/etdisc/Desktop/sim_ws/install/Planif/lib/python3.8/site-packages:/home/etdisc/depots/f1tenth/sim_ws/build/Mapping:/home/etdisc/Desktop/sim_ws/install/Mapping/lib/python3.8/site-packages:/home/etdisc/depots/f1tenth/sim_ws/build/AEB:/home/etdisc/Desktop/sim_ws/install/AEB/lib/python3.8/site-packages:/opt/ros/galactic/lib/python3.8/site-packages', 'HTTP_PROXY': 'http://proxy:3128', 'COLCON': '1', 'CMAKE_PREFIX_PATH': '/home/etdisc/Bureau/codef1tenth/install/f1_localization:/home/etdisc/depots/f1tenth/sim_ws/install/custom_msgs:/home/etdisc/Desktop/sim_ws/install/custom_msgs'}, 'shell': False}
[14.582386] (-) TimerEvent: {}
[14.582900] (Mapping) Command: {'cmd': ['/usr/bin/python3', '-W', 'ignore:setup.py install is deprecated', '-W', 'ignore:easy_install command is deprecated', 'setup.py', 'egg_info', '--egg-base', '../../build/Mapping', 'build', '--build-base', '/home/etdisc/Bureau/codef1tenth/build/Mapping/build', 'install', '--record', '/home/etdisc/Bureau/codef1tenth/build/Mapping/install.log', '--single-version-externally-managed', 'install_data'], 'cwd': '/home/etdisc/Bureau/codef1tenth/src/Mapping', 'env': {'GJS_DEBUG_TOPICS': 'JS ERROR;JS LOG', 'LESSOPEN': '| /usr/bin/lesspipe %s', 'HTTPS_PROXY': 'http://proxy:3128', 'USER': 'etdisc', 'SSH_AGENT_PID': '1717', 'XDG_SESSION_TYPE': 'x11', 'GIT_ASKPASS': '/usr/share/code/resources/app/extensions/git/dist/askpass.sh', 'SHLVL': '1', 'LD_LIBRARY_PATH': '/home/etdisc/depots/f1tenth/sim_ws/install/custom_msgs/lib:/home/etdisc/Desktop/sim_ws/install/custom_msgs/lib:/usr/lib/x86_64-linux-gnu/gazebo-11/plugins:/opt/ros/galactic/opt/yaml_cpp_vendor/lib:/opt/ros/galactic/opt/rviz_ogre_vendor/lib:/opt/ros/galactic/lib/x86_64-linux-gnu:/opt/ros/galactic/lib', 'HOME': '/home/etdisc', 'CHROME_DESKTOP': 'code.desktop', 'OLDPWD': '/home/etdisc/Bureau/codef1tenth/src', 'TERM_PROGRAM_VERSION': '1.106.3', 'DESKTOP_SESSION': 'ubuntu', 'GIO_LAUNCHED_DESKTOP_FILE': '/usr/share/applications/code.desktop', 'ROS_PYTHON_VERSION': '3', 'GNOME_SHELL_SESSION_MODE': 'ubuntu', 'GTK_MODULES': 'gail:atk-bridge', 'VSCODE_GIT_ASKPASS_MAIN': '/usr/share/code/resources/app/extensions/git/dist/askpass-main.js', 'VSCODE_GIT_ASKPASS_NODE': '/usr/share/code/code', 'MANAGERPID': '1619', 'VSCODE_PYTHON_AUTOACTIVATE_GUARD': '1', 'DBUS_SESSION_BUS_ADDRESS': 'unix:path=/run/user/1000/bus', 'COLORTERM': 'truecolor', 'GIO_LAUNCHED_DESKTOP_FILE_PID': '7910', 'IM_CONFIG_PHASE': '1', 'https_proxy': 'http://proxy:3128', 'COLCON_PREFIX_PATH': '/home/etdisc/Bureau/codef1tenth/install:/home/etdisc/depots/f1tenth/sim_ws/install:/home/etdisc/Desktop/sim_ws/install', 'ROS_DISTRO': 'galactic', 'LOGNAME': 'etdisc', 'http_proxy': 'http://proxy:3128', 'JOURNAL_STREAM': '8:67595', '_': '/usr/bin/colcon', 'ROS_VERSION': '2', 'XDG_SESSION_CLASS': 'user', 'USERNAME': 'etdisc', 'TERM': 'xterm-256color', 'GNOME_DESKTOP_SESSION_ID': 'this-is-deprecated', 'ROS_LOCALHOST_ONLY': '1', 'WINDOWPATH': '2', 'PATH': '/snap/bin:/home/etdisc/.local/bin:/opt/ros/galactic/bin:/snap/bin:/home/etdisc/.local/bin:/usr/local/sbin:/usr/local/bin:/usr/sbin:/usr/bin:/sbin:/bin:/usr/games:/usr/local/games:/snap/bin', 'SESSION_MANAGER': 'local/etdisc-virtual-machine:@/tmp/.ICE-unix/1752,unix/etdisc-virtual-machine:/tmp/.ICE-unix/1752', 'INVOCATION_ID': '1693c3018a5242c5a146aa8c23bcb88d', 'XDG_MENU_PREFIX': 'gnome-', 'XDG_RUNTIME_DIR': '/run/user/1000', 'GDK_BACKEND': 'x11', 'DISPLAY': ':0', 'LANG': 'fr_FR.UTF-8', 'XDG_CURRENT_DESKTOP': 'Unity', 'XMODIFIERS': '@im=ibus', 'XDG_SESSION_DESKTOP': 'ubuntu', 'XAUTHORITY': '/run/user/1000/gdm/Xauthority', 'LS_COLORS': 'rs=0:di=01;34:ln=01;36:mh=00:pi=40;33:so=01;35:do=01;35:bd=40;33;01:cd=40;33;01:or=40;31;01:mi=00:su=37;41:sg=30;43:ca=30;41:tw=30;42:ow=34;42:st=37;44:ex=01;32:*.tar=01;31:*.tgz=01;31:*.arc=01;31:*.arj=01;31:*.taz=01;31:*.lha=01;31:*.lz4=01;31:*.lzh=01;31:*.lzma=01;31:*.tlz=01;31:*.txz=01;31:*.tzo=01;31:*.t7z=01;31:*.zip=01;31:*.z=01;31:*.dz=01;31:*.gz=01;31:*.lrz=01;31:*.lz=01;31:*.lzo=01;31:*.xz=01;31:*.zst=01;31:*.tzst=01;31:*.bz2=01;31:*.bz=01;31:*.tbz=01;31:*.tbz2=01;31:*.tz=01;31:*.deb=01;31:*.rpm=01;31:*.jar=01;31:*.war=01;31:*.ear=01;31:*.sar=01;31:*.rar=01;31:*.alz=01;31:*.ace=01;31:*.zoo=01;31:*.cpio=01;31:*.7z=01;31:*.rz=01;31:*.cab=01;31:*.wim=01;31:*.swm=01;31:*.dwm=01;31:*.esd=01;31:*.jpg=01;35:*.jpeg=01;35:*.mjpg=01;35:*.mjpeg=01;35:*.gif=01;35:*.bmp=01;35:*.pbm=01;35:*.pgm=01;35:*.ppm=01;35:*.tga=01;35:*.xbm=01;35:*.xpm=01;35:*.tif=01;35:*.tiff=01;35:*.png=01;35:*.svg=01;35:*.svgz=01;35:*.mng=01;35:*.pcx=01;35:*.mov=01;35:*.mpg=01;35:*.mpeg=01;35:*.m2v=01;35:*.mkv=01;35:*.webm=01;35:*.ogm=01;35:*.mp4=01;35:*.m4v=01;35:*.mp4v=01;35:*.vob=01;35:*.qt=01;35:*.nuv=01;35:*.wmv=01;35:*.asf=01;35:*.rm=01;35:*.rmvb=01;35:*.flc=01;35:*.avi=01;35:*.fli=01;35:*.flv=01;35:*.gl=01;35:*.dl=01;35:*.xcf=01;35:*.xwd=01;35:*.yuv=01;35:*.cgm=01;35:*.emf=01;35:*.ogv=01;35:*.ogx=01;35:*.aac=00;36:*.au=00;36:*.flac=00;36:*.m4a=00;36:*.mid=00;36:*.midi=00;36:*.mka=00;36:*.mp3=00;36:*.mpc=00;36:*.ogg=00;36:*.ra=00;36:*.wav=00;36:*.oga=00;36:*.opus=00;36:*.spx=00;36:*.xspf=00;36:', 'VSCODE_GIT_IPC_HANDLE': '/run/user/1000/vscode-git-ea9b44a2ba.sock', 'TERM_PROGRAM': 'vscode', 'SSH_AUTH_SOCK': '/run/user/1000/keyring/ssh', 'AMENT_PREFIX_PATH': '/home/etdisc/Bureau/codef1tenth/install/f1_localization:/home/etdisc/depots/f1tenth/sim_ws/install/timer:/home/etdisc/depots/f1tenth/sim_ws/install/strategy:/home/etdisc/depots/f1tenth/sim_ws/install/localisation:/home/etdisc/depots/f1tenth/sim_ws/install/f1tenth_gym_ros:/home/etdisc/depots/f1tenth/sim_ws/install/custom_msgs:/home/etdisc/depots/f1tenth/sim_ws/install/Waypoints:/home/etdisc/depots/f1tenth/sim_ws/install/Simple_algo:/home/etdisc/depots/f1tenth/sim_ws/install/Planif:/home/etdisc/depots/f1tenth/sim_ws/install/Mapping:/home/etdisc/depots/f1tenth/sim_ws/install/AEB:/home/etdisc/Desktop/sim_ws/install/timer:/home/etdisc/Desktop/sim_ws/install/strategy:/home/etdisc/Desktop/sim_ws/install/localisation:/home/etdisc/Desktop/sim_ws/install/f1tenth_gym_ros:/home/etdisc/Desktop/sim_ws/install/custom_msgs:/home/etdisc/Desktop/sim_ws/install/Waypoints:/home/etdisc/Desktop/sim_ws/install/Simple_algo:/home/etdisc/Desktop/sim_ws/install/Planif:/home/etdisc/Desktop/sim_ws/install/Mapping:/home/etdisc/Desktop/sim_ws/install/AEB:/opt/ros/galactic', 'ORIGINAL_XDG_CURRENT_DESKTOP': 'ubuntu:GNOME', 'SHELL': '/bin/bash', 'QT_ACCESSIBILITY': '1', 'GDMSESSION': 'ubuntu', 'LESSCLOSE': '/usr/bin/lesspipe %s %s', 'GPG_AGENT_INFO': '/run/user/1000/gnupg/S.gpg-agent:0:1', 'GJS_DEBUG_OUTPUT': 'stderr', 'VSCODE_GIT_ASKPASS_EXTRA_ARGS': '', 'QT_IM_MODULE': 'ibus', 'PWD': '/home/etdisc/Bureau/codef1tenth/build/Mapping', 'LC_ALL': 'fr_FR.UTF-8', 'XDG_CONFIG_DIRS': '/etc/xdg/xdg-ubuntu:/etc/xdg', 'XDG_DATA_DIRS': '/usr/share/ubuntu:/usr/local/share/:/usr/share/:/var/lib/snapd/desktop', 'PYTHONPATH': '/home/etdisc/Bureau/codef1tenth/build/Mapping/prefix_override:/usr/lib/python3/dist-packages/colcon_core/task/python/colcon_distutils_commands:/home/etdisc/Bureau/codef1tenth/install/Mapping/lib/python3.8/site-packages:/home/etdisc/depots/f1tenth/sim_ws/install/timer/lib/python3.8/site-packages:/home/etdisc/depots/f1tenth/sim_ws/install/strategy/lib/python3.8/site-packages:/home/etdisc/depots/f1tenth/sim_ws/install/localisation/lib/python3.8/site-packages:/home/etdisc/depots/f1tenth/sim_ws/install/f1tenth_gym_ros/lib/python3.8/site-packages:/home/etdisc/depots/f1tenth/sim_ws/install/custom_msgs/lib/python3.8/site-packages:/home/etdisc/depots/f1tenth/sim_ws/install/Waypoints/lib/python3.8/site-packages:/home/etdisc/depots/f1tenth/sim_ws/install/Simple_algo/lib/python3.8/site-packages:/home/etdisc/depots/f1tenth/sim_ws/install/Planif/lib/python3.8/site-packages:/home/etdisc/depots/f1tenth/sim_ws/install/Mapping/lib/python3.8/site-packages:/home/etdisc/depots/f1tenth/sim_ws/install/AEB/lib/python3.8/site-packages:/home/etdisc/depots/f1tenth/sim_ws/build/timer:/home/etdisc/Desktop/sim_ws/install/timer/lib/python3.8/site-packages:/home/etdisc/depots/f1tenth/sim_ws/build/strategy:/home/etdisc/Desktop/sim_ws/install/strategy/lib/python3.8/site-packages:/home/etdisc/depots/f1tenth/sim_ws/build/localisation:/home/etdisc/Desktop/sim_ws/install/localisation/lib/python3.8/site-packages:/home/etdisc/depots/f1tenth/sim_ws/build/f1tenth_gym_ros:/home/etdisc/Desktop/sim_ws/install/f1tenth_gym_ros/lib/python3.8/site-packages:/home/etdisc/Desktop/sim_ws/install/custom_msgs/lib/python3.8/site-packages:/home/etdisc/depots/f1tenth/sim_ws/build/Waypoints:/home/etdisc/Desktop/sim_ws/install/Waypoints/lib/python3.8/site-packages:/home/etdisc/depots/f1tenth/sim_ws/build/Simple_algo:/home/etdisc/Desktop/sim_ws/install/Simple_algo/lib/python3.8/site-packages:/home/etdisc/depots/f1tenth/sim_ws/build/Planif:/home/etdisc/Desktop/sim_ws/install/Planif/lib/python3.8/site-packages:/home/etdisc/depots/f1tenth/sim_ws/build/Mapping:/home/etdisc/Desktop/sim_ws/install/Mapping/lib/python3.8/site-packages:/home/etdisc/depots/f1tenth/sim_ws/build/AEB:/home/etdisc/Desktop/sim_ws/install/AEB/lib/python3.8/site-packages:/opt/ros/galactic/lib/python3.8/site-packages', 'HTTP_PROXY': 'http://proxy:3128', 'COLCON': '1', 'CMAKE_PREFIX_PATH': '/home/etdisc/Bureau/codef1tenth/install/f1_localization:/home/etdisc/depots/f1tenth/sim_ws/install/custom_msgs:/home/etdisc/Desktop/sim_ws/install/custom_msgs'}, 'shell': False}
[14.604491] (AEB) Command: {'cmd': ['/usr/bin/python3', '-W', 'ignore:setup.py install is deprecated', '-W', 'ignore:easy_install command is deprecated', 'setup.py', 'egg_info', '--egg-base', '../../build/AEB', 'build', '--build-base', '/home/etdisc/Bureau/codef1tenth/build/AEB/build', 'install', '--record', '/home/etdisc/Bureau/codef1tenth/build/AEB/install.log', '--single-version-externally-managed', 'install_data'], 'cwd': '/home/etdisc/Bureau/codef1tenth/src/AEB', 'env': {'GJS_DEBUG_TOPICS': 'JS ERROR;JS LOG', 'LESSOPEN': '| /usr/bin/lesspipe %s', 'HTTPS_PROXY': 'http://proxy:3128', 'USER': 'etdisc', 'SSH_AGENT_PID': '1717', 'XDG_SESSION_TYPE': 'x11', 'GIT_ASKPASS': '/usr/share/code/resources/app/extensions/git/dist/askpass.sh', 'SHLVL': '1', 'LD_LIBRARY_PATH': '/home/etdisc/depots/f1tenth/sim_ws/install/custom_msgs/lib:/home/etdisc/Desktop/sim_ws/install/custom_msgs/lib:/usr/lib/x86_64-linux-gnu/gazebo-11/plugins:/opt/ros/galactic/opt/yaml_cpp_vendor/lib:/opt/ros/galactic/opt/rviz_ogre_vendor/lib:/opt/ros/galactic/lib/x86_64-linux-gnu:/opt/ros/galactic/lib', 'HOME': '/home/etdisc', 'CHROME_DESKTOP': 'code.desktop', 'OLDPWD': '/home/etdisc/Bureau/codef1tenth/src', 'TERM_PROGRAM_VERSION': '1.106.3', 'DESKTOP_SESSION': 'ubuntu', 'GIO_LAUNCHED_DESKTOP_FILE': '/usr/share/applications/code.desktop', 'ROS_PYTHON_VERSION': '3', 'GNOME_SHELL_SESSION_MODE': 'ubuntu', 'GTK_MODULES': 'gail:atk-bridge', 'VSCODE_GIT_ASKPASS_MAIN': '/usr/share/code/resources/app/extensions/git/dist/askpass-main.js', 'VSCODE_GIT_ASKPASS_NODE': '/usr/share/code/code', 'MANAGERPID': '1619', 'VSCODE_PYTHON_AUTOACTIVATE_GUARD': '1', 'DBUS_SESSION_BUS_ADDRESS': 'unix:path=/run/user/1000/bus', 'COLORTERM': 'truecolor', 'GIO_LAUNCHED_DESKTOP_FILE_PID': '7910', 'IM_CONFIG_PHASE': '1', 'https_proxy': 'http://proxy:3128', 'COLCON_PREFIX_PATH': '/home/etdisc/Bureau/codef1tenth/install:/home/etdisc/depots/f1tenth/sim_ws/install:/home/etdisc/Desktop/sim_ws/install', 'ROS_DISTRO': 'galactic', 'LOGNAME': 'etdisc', 'http_proxy': 'http://proxy:3128', 'JOURNAL_STREAM': '8:67595', '_': '/usr/bin/colcon', 'ROS_VERSION': '2', 'XDG_SESSION_CLASS': 'user', 'USERNAME': 'etdisc', 'TERM': 'xterm-256color', 'GNOME_DESKTOP_SESSION_ID': 'this-is-deprecated', 'ROS_LOCALHOST_ONLY': '1', 'WINDOWPATH': '2', 'PATH': '/snap/bin:/home/etdisc/.local/bin:/opt/ros/galactic/bin:/snap/bin:/home/etdisc/.local/bin:/usr/local/sbin:/usr/local/bin:/usr/sbin:/usr/bin:/sbin:/bin:/usr/games:/usr/local/games:/snap/bin', 'SESSION_MANAGER': 'local/etdisc-virtual-machine:@/tmp/.ICE-unix/1752,unix/etdisc-virtual-machine:/tmp/.ICE-unix/1752', 'INVOCATION_ID': '1693c3018a5242c5a146aa8c23bcb88d', 'XDG_MENU_PREFIX': 'gnome-', 'XDG_RUNTIME_DIR': '/run/user/1000', 'GDK_BACKEND': 'x11', 'DISPLAY': ':0', 'LANG': 'fr_FR.UTF-8', 'XDG_CURRENT_DESKTOP': 'Unity', 'XMODIFIERS': '@im=ibus', 'XDG_SESSION_DESKTOP': 'ubuntu', 'XAUTHORITY': '/run/user/1000/gdm/Xauthority', 'LS_COLORS': 'rs=0:di=01;34:ln=01;36:mh=00:pi=40;33:so=01;35:do=01;35:bd=40;33;01:cd=40;33;01:or=40;31;01:mi=00:su=37;41:sg=30;43:ca=30;41:tw=30;42:ow=34;42:st=37;44:ex=01;32:*.tar=01;31:*.tgz=01;31:*.arc=01;31:*.arj=01;31:*.taz=01;31:*.lha=01;31:*.lz4=01;31:*.lzh=01;31:*.lzma=01;31:*.tlz=01;31:*.txz=01;31:*.tzo=01;31:*.t7z=01;31:*.zip=01;31:*.z=01;31:*.dz=01;31:*.gz=01;31:*.lrz=01;31:*.lz=01;31:*.lzo=01;31:*.xz=01;31:*.zst=01;31:*.tzst=01;31:*.bz2=01;31:*.bz=01;31:*.tbz=01;31:*.tbz2=01;31:*.tz=01;31:*.deb=01;31:*.rpm=01;31:*.jar=01;31:*.war=01;31:*.ear=01;31:*.sar=01;31:*.rar=01;31:*.alz=01;31:*.ace=01;31:*.zoo=01;31:*.cpio=01;31:*.7z=01;31:*.rz=01;31:*.cab=01;31:*.wim=01;31:*.swm=01;31:*.dwm=01;31:*.esd=01;31:*.jpg=01;35:*.jpeg=01;35:*.mjpg=01;35:*.mjpeg=01;35:*.gif=01;35:*.bmp=01;35:*.pbm=01;35:*.pgm=01;35:*.ppm=01;35:*.tga=01;35:*.xbm=01;35:*.xpm=01;35:*.tif=01;35:*.tiff=01;35:*.png=01;35:*.svg=01;35:*.svgz=01;35:*.mng=01;35:*.pcx=01;35:*.mov=01;35:*.mpg=01;35:*.mpeg=01;35:*.m2v=01;35:*.mkv=01;35:*.webm=01;35:*.ogm=01;35:*.mp4=01;35:*.m4v=01;35:*.mp4v=01;35:*.vob=01;35:*.qt=01;35:*.nuv=01;35:*.wmv=01;35:*.asf=01;35:*.rm=01;35:*.rmvb=01;35:*.flc=01;35:*.avi=01;35:*.fli=01;35:*.flv=01;35:*.gl=01;35:*.dl=01;35:*.xcf=01;35:*.xwd=01;35:*.yuv=01;35:*.cgm=01;35:*.emf=01;35:*.ogv=01;35:*.ogx=01;35:*.aac=00;36:*.au=00;36:*.flac=00;36:*.m4a=00;36:*.mid=00;36:*.midi=00;36:*.mka=00;36:*.mp3=00;36:*.mpc=00;36:*.ogg=00;36:*.ra=00;36:*.wav=00;36:*.oga=00;36:*.opus=00;36:*.spx=00;36:*.xspf=00;36:', 'VSCODE_GIT_IPC_HANDLE': '/run/user/1000/vscode-git-ea9b44a2ba.sock', 'TERM_PROGRAM': 'vscode', 'SSH_AUTH_SOCK': '/run/user/1000/keyring/ssh', 'AMENT_PREFIX_PATH': '/home/etdisc/Bureau/codef1tenth/install/f1_localization:/home/etdisc/depots/f1tenth/sim_ws/install/timer:/home/etdisc/depots/f1tenth/sim_ws/install/strategy:/home/etdisc/depots/f1tenth/sim_ws/install/localisation:/home/etdisc/depots/f1tenth/sim_ws/install/f1tenth_gym_ros:/home/etdisc/depots/f1tenth/sim_ws/install/custom_msgs:/home/etdisc/depots/f1tenth/sim_ws/install/Waypoints:/home/etdisc/depots/f1tenth/sim_ws/install/Simple_algo:/home/etdisc/depots/f1tenth/sim_ws/install/Planif:/home/etdisc/depots/f1tenth/sim_ws/install/Mapping:/home/etdisc/depots/f1tenth/sim_ws/install/AEB:/home/etdisc/Desktop/sim_ws/install/timer:/home/etdisc/Desktop/sim_ws/install/strategy:/home/etdisc/Desktop/sim_ws/install/localisation:/home/etdisc/Desktop/sim_ws/install/f1tenth_gym_ros:/home/etdisc/Desktop/sim_ws/install/custom_msgs:/home/etdisc/Desktop/sim_ws/install/Waypoints:/home/etdisc/Desktop/sim_ws/install/Simple_algo:/home/etdisc/Desktop/sim_ws/install/Planif:/home/etdisc/Desktop/sim_ws/install/Mapping:/home/etdisc/Desktop/sim_ws/install/AEB:/opt/ros/galactic', 'ORIGINAL_XDG_CURRENT_DESKTOP': 'ubuntu:GNOME', 'SHELL': '/bin/bash', 'QT_ACCESSIBILITY': '1', 'GDMSESSION': 'ubuntu', 'LESSCLOSE': '/usr/bin/lesspipe %s %s', 'GPG_AGENT_INFO': '/run/user/1000/gnupg/S.gpg-agent:0:1', 'GJS_DEBUG_OUTPUT': 'stderr', 'VSCODE_GIT_ASKPASS_EXTRA_ARGS': '', 'QT_IM_MODULE': 'ibus', 'PWD': '/home/etdisc/Bureau/codef1tenth/build/AEB', 'LC_ALL': 'fr_FR.UTF-8', 'XDG_CONFIG_DIRS': '/etc/xdg/xdg-ubuntu:/etc/xdg', 'XDG_DATA_DIRS': '/usr/share/ubuntu:/usr/local/share/:/usr/share/:/var/lib/snapd/desktop', 'PYTHONPATH': '/home/etdisc/Bureau/codef1tenth/build/AEB/prefix_override:/usr/lib/python3/dist-packages/colcon_core/task/python/colcon_distutils_commands:/home/etdisc/Bureau/codef1tenth/install/AEB/lib/python3.8/site-packages:/home/etdisc/depots/f1tenth/sim_ws/install/timer/lib/python3.8/site-packages:/home/etdisc/depots/f1tenth/sim_ws/install/strategy/lib/python3.8/site-packages:/home/etdisc/depots/f1tenth/sim_ws/install/localisation/lib/python3.8/site-packages:/home/etdisc/depots/f1tenth/sim_ws/install/f1tenth_gym_ros/lib/python3.8/site-packages:/home/etdisc/depots/f1tenth/sim_ws/install/custom_msgs/lib/python3.8/site-packages:/home/etdisc/depots/f1tenth/sim_ws/install/Waypoints/lib/python3.8/site-packages:/home/etdisc/depots/f1tenth/sim_ws/install/Simple_algo/lib/python3.8/site-packages:/home/etdisc/depots/f1tenth/sim_ws/install/Planif/lib/python3.8/site-packages:/home/etdisc/depots/f1tenth/sim_ws/install/Mapping/lib/python3.8/site-packages:/home/etdisc/depots/f1tenth/sim_ws/install/AEB/lib/python3.8/site-packages:/home/etdisc/depots/f1tenth/sim_ws/build/timer:/home/etdisc/Desktop/sim_ws/install/timer/lib/python3.8/site-packages:/home/etdisc/depots/f1tenth/sim_ws/build/strategy:/home/etdisc/Desktop/sim_ws/install/strategy/lib/python3.8/site-packages:/home/etdisc/depots/f1tenth/sim_ws/build/localisation:/home/etdisc/Desktop/sim_ws/install/localisation/lib/python3.8/site-packages:/home/etdisc/depots/f1tenth/sim_ws/build/f1tenth_gym_ros:/home/etdisc/Desktop/sim_ws/install/f1tenth_gym_ros/lib/python3.8/site-packages:/home/etdisc/Desktop/sim_ws/install/custom_msgs/lib/python3.8/site-packages:/home/etdisc/depots/f1tenth/sim_ws/build/Waypoints:/home/etdisc/Desktop/sim_ws/install/Waypoints/lib/python3.8/site-packages:/home/etdisc/depots/f1tenth/sim_ws/build/Simple_algo:/home/etdisc/Desktop/sim_ws/install/Simple_algo/lib/python3.8/site-packages:/home/etdisc/depots/f1tenth/sim_ws/build/Planif:/home/etdisc/Desktop/sim_ws/install/Planif/lib/python3.8/site-packages:/home/etdisc/depots/f1tenth/sim_ws/build/Mapping:/home/etdisc/Desktop/sim_ws/install/Mapping/lib/python3.8/site-packages:/home/etdisc/depots/f1tenth/sim_ws/build/AEB:/home/etdisc/Desktop/sim_ws/install/AEB/lib/python3.8/site-packages:/opt/ros/galactic/lib/python3.8/site-packages', 'HTTP_PROXY': 'http://proxy:3128', 'COLCON': '1', 'CMAKE_PREFIX_PATH': '/home/etdisc/Bureau/codef1tenth/install/f1_localization:/home/etdisc/depots/f1tenth/sim_ws/install/custom_msgs:/home/etdisc/Desktop/sim_ws/install/custom_msgs'}, 'shell': False}
[14.635867] (Planif) Command: {'cmd': ['/usr/bin/python3', '-W', 'ignore:setup.py install is deprecated', '-W', 'ignore:easy_install command is deprecated', 'setup.py', 'egg_info', '--egg-base', '../../build/Planif', 'build', '--build-base', '/home/etdisc/Bureau/codef1tenth/build/Planif/build', 'install', '--record', '/home/etdisc/Bureau/codef1tenth/build/Planif/install.log', '--single-version-externally-managed', 'install_data'], 'cwd': '/home/etdisc/Bureau/codef1tenth/src/Planif', 'env': {'GJS_DEBUG_TOPICS': 'JS ERROR;JS LOG', 'LESSOPEN': '| /usr/bin/lesspipe %s', 'HTTPS_PROXY': 'http://proxy:3128', 'USER': 'etdisc', 'SSH_AGENT_PID': '1717', 'XDG_SESSION_TYPE': 'x11', 'GIT_ASKPASS': '/usr/share/code/resources/app/extensions/git/dist/askpass.sh', 'SHLVL': '1', 'LD_LIBRARY_PATH': '/home/etdisc/depots/f1tenth/sim_ws/install/custom_msgs/lib:/home/etdisc/Desktop/sim_ws/install/custom_msgs/lib:/usr/lib/x86_64-linux-gnu/gazebo-11/plugins:/opt/ros/galactic/opt/yaml_cpp_vendor/lib:/opt/ros/galactic/opt/rviz_ogre_vendor/lib:/opt/ros/galactic/lib/x86_64-linux-gnu:/opt/ros/galactic/lib', 'HOME': '/home/etdisc', 'CHROME_DESKTOP': 'code.desktop', 'OLDPWD': '/home/etdisc/Bureau/codef1tenth/src', 'TERM_PROGRAM_VERSION': '1.106.3', 'DESKTOP_SESSION': 'ubuntu', 'GIO_LAUNCHED_DESKTOP_FILE': '/usr/share/applications/code.desktop', 'ROS_PYTHON_VERSION': '3', 'GNOME_SHELL_SESSION_MODE': 'ubuntu', 'GTK_MODULES': 'gail:atk-bridge', 'VSCODE_GIT_ASKPASS_MAIN': '/usr/share/code/resources/app/extensions/git/dist/askpass-main.js', 'VSCODE_GIT_ASKPASS_NODE': '/usr/share/code/code', 'MANAGERPID': '1619', 'VSCODE_PYTHON_AUTOACTIVATE_GUARD': '1', 'DBUS_SESSION_BUS_ADDRESS': 'unix:path=/run/user/1000/bus', 'COLORTERM': 'truecolor', 'GIO_LAUNCHED_DESKTOP_FILE_PID': '7910', 'IM_CONFIG_PHASE': '1', 'https_proxy': 'http://proxy:3128', 'COLCON_PREFIX_PATH': '/home/etdisc/Bureau/codef1tenth/install:/home/etdisc/depots/f1tenth/sim_ws/install:/home/etdisc/Desktop/sim_ws/install', 'ROS_DISTRO': 'galactic', 'LOGNAME': 'etdisc', 'http_proxy': 'http://proxy:3128', 'JOURNAL_STREAM': '8:67595', '_': '/usr/bin/colcon', 'ROS_VERSION': '2', 'XDG_SESSION_CLASS': 'user', 'USERNAME': 'etdisc', 'TERM': 'xterm-256color', 'GNOME_DESKTOP_SESSION_ID': 'this-is-deprecated', 'ROS_LOCALHOST_ONLY': '1', 'WINDOWPATH': '2', 'PATH': '/snap/bin:/home/etdisc/.local/bin:/opt/ros/galactic/bin:/snap/bin:/home/etdisc/.local/bin:/usr/local/sbin:/usr/local/bin:/usr/sbin:/usr/bin:/sbin:/bin:/usr/games:/usr/local/games:/snap/bin', 'SESSION_MANAGER': 'local/etdisc-virtual-machine:@/tmp/.ICE-unix/1752,unix/etdisc-virtual-machine:/tmp/.ICE-unix/1752', 'INVOCATION_ID': '1693c3018a5242c5a146aa8c23bcb88d', 'XDG_MENU_PREFIX': 'gnome-', 'XDG_RUNTIME_DIR': '/run/user/1000', 'GDK_BACKEND': 'x11', 'DISPLAY': ':0', 'LANG': 'fr_FR.UTF-8', 'XDG_CURRENT_DESKTOP': 'Unity', 'XMODIFIERS': '@im=ibus', 'XDG_SESSION_DESKTOP': 'ubuntu', 'XAUTHORITY': '/run/user/1000/gdm/Xauthority', 'LS_COLORS': 'rs=0:di=01;34:ln=01;36:mh=00:pi=40;33:so=01;35:do=01;35:bd=40;33;01:cd=40;33;01:or=40;31;01:mi=00:su=37;41:sg=30;43:ca=30;41:tw=30;42:ow=34;42:st=37;44:ex=01;32:*.tar=01;31:*.tgz=01;31:*.arc=01;31:*.arj=01;31:*.taz=01;31:*.lha=01;31:*.lz4=01;31:*.lzh=01;31:*.lzma=01;31:*.tlz=01;31:*.txz=01;31:*.tzo=01;31:*.t7z=01;31:*.zip=01;31:*.z=01;31:*.dz=01;31:*.gz=01;31:*.lrz=01;31:*.lz=01;31:*.lzo=01;31:*.xz=01;31:*.zst=01;31:*.tzst=01;31:*.bz2=01;31:*.bz=01;31:*.tbz=01;31:*.tbz2=01;31:*.tz=01;31:*.deb=01;31:*.rpm=01;31:*.jar=01;31:*.war=01;31:*.ear=01;31:*.sar=01;31:*.rar=01;31:*.alz=01;31:*.ace=01;31:*.zoo=01;31:*.cpio=01;31:*.7z=01;31:*.rz=01;31:*.cab=01;31:*.wim=01;31:*.swm=01;31:*.dwm=01;31:*.esd=01;31:*.jpg=01;35:*.jpeg=01;35:*.mjpg=01;35:*.mjpeg=01;35:*.gif=01;35:*.bmp=01;35:*.pbm=01;35:*.pgm=01;35:*.ppm=01;35:*.tga=01;35:*.xbm=01;35:*.xpm=01;35:*.tif=01;35:*.tiff=01;35:*.png=01;35:*.svg=01;35:*.svgz=01;35:*.mng=01;35:*.pcx=01;35:*.mov=01;35:*.mpg=01;35:*.mpeg=01;35:*.m2v=01;35:*.mkv=01;35:*.webm=01;35:*.ogm=01;35:*.mp4=01;35:*.m4v=01;35:*.mp4v=01;35:*.vob=01;35:*.qt=01;35:*.nuv=01;35:*.wmv=01;35:*.asf=01;35:*.rm=01;35:*.rmvb=01;35:*.flc=01;35:*.avi=01;35:*.fli=01;35:*.flv=01;35:*.gl=01;35:*.dl=01;35:*.xcf=01;35:*.xwd=01;35:*.yuv=01;35:*.cgm=01;35:*.emf=01;35:*.ogv=01;35:*.ogx=01;35:*.aac=00;36:*.au=00;36:*.flac=00;36:*.m4a=00;36:*.mid=00;36:*.midi=00;36:*.mka=00;36:*.mp3=00;36:*.mpc=00;36:*.ogg=00;36:*.ra=00;36:*.wav=00;36:*.oga=00;36:*.opus=00;36:*.spx=00;36:*.xspf=00;36:', 'VSCODE_GIT_IPC_HANDLE': '/run/user/1000/vscode-git-ea9b44a2ba.sock', 'TERM_PROGRAM': 'vscode', 'SSH_AUTH_SOCK': '/run/user/1000/keyring/ssh', 'AMENT_PREFIX_PATH': '/home/etdisc/Bureau/codef1tenth/install/f1_localization:/home/etdisc/depots/f1tenth/sim_ws/install/timer:/home/etdisc/depots/f1tenth/sim_ws/install/strategy:/home/etdisc/depots/f1tenth/sim_ws/install/localisation:/home/etdisc/depots/f1tenth/sim_ws/install/f1tenth_gym_ros:/home/etdisc/depots/f1tenth/sim_ws/install/custom_msgs:/home/etdisc/depots/f1tenth/sim_ws/install/Waypoints:/home/etdisc/depots/f1tenth/sim_ws/install/Simple_algo:/home/etdisc/depots/f1tenth/sim_ws/install/Planif:/home/etdisc/depots/f1tenth/sim_ws/install/Mapping:/home/etdisc/depots/f1tenth/sim_ws/install/AEB:/home/etdisc/Desktop/sim_ws/install/timer:/home/etdisc/Desktop/sim_ws/install/strategy:/home/etdisc/Desktop/sim_ws/install/localisation:/home/etdisc/Desktop/sim_ws/install/f1tenth_gym_ros:/home/etdisc/Desktop/sim_ws/install/custom_msgs:/home/etdisc/Desktop/sim_ws/install/Waypoints:/home/etdisc/Desktop/sim_ws/install/Simple_algo:/home/etdisc/Desktop/sim_ws/install/Planif:/home/etdisc/Desktop/sim_ws/install/Mapping:/home/etdisc/Desktop/sim_ws/install/AEB:/opt/ros/galactic', 'ORIGINAL_XDG_CURRENT_DESKTOP': 'ubuntu:GNOME', 'SHELL': '/bin/bash', 'QT_ACCESSIBILITY': '1', 'GDMSESSION': 'ubuntu', 'LESSCLOSE': '/usr/bin/lesspipe %s %s', 'GPG_AGENT_INFO': '/run/user/1000/gnupg/S.gpg-agent:0:1', 'GJS_DEBUG_OUTPUT': 'stderr', 'VSCODE_GIT_ASKPASS_EXTRA_ARGS': '', 'QT_IM_MODULE': 'ibus', 'PWD': '/home/etdisc/Bureau/codef1tenth/build/Planif', 'LC_ALL': 'fr_FR.UTF-8', 'XDG_CONFIG_DIRS': '/etc/xdg/xdg-ubuntu:/etc/xdg', 'XDG_DATA_DIRS': '/usr/share/ubuntu:/usr/local/share/:/usr/share/:/var/lib/snapd/desktop', 'PYTHONPATH': '/home/etdisc/Bureau/codef1tenth/build/Planif/prefix_override:/usr/lib/python3/dist-packages/colcon_core/task/python/colcon_distutils_commands:/home/etdisc/Bureau/codef1tenth/install/Planif/lib/python3.8/site-packages:/home/etdisc/depots/f1tenth/sim_ws/install/timer/lib/python3.8/site-packages:/home/etdisc/depots/f1tenth/sim_ws/install/strategy/lib/python3.8/site-packages:/home/etdisc/depots/f1tenth/sim_ws/install/localisation/lib/python3.8/site-packages:/home/etdisc/depots/f1tenth/sim_ws/install/f1tenth_gym_ros/lib/python3.8/site-packages:/home/etdisc/depots/f1tenth/sim_ws/install/custom_msgs/lib/python3.8/site-packages:/home/etdisc/depots/f1tenth/sim_ws/install/Waypoints/lib/python3.8/site-packages:/home/etdisc/depots/f1tenth/sim_ws/install/Simple_algo/lib/python3.8/site-packages:/home/etdisc/depots/f1tenth/sim_ws/install/Planif/lib/python3.8/site-packages:/home/etdisc/depots/f1tenth/sim_ws/install/Mapping/lib/python3.8/site-packages:/home/etdisc/depots/f1tenth/sim_ws/install/AEB/lib/python3.8/site-packages:/home/etdisc/depots/f1tenth/sim_ws/build/timer:/home/etdisc/Desktop/sim_ws/install/timer/lib/python3.8/site-packages:/home/etdisc/depots/f1tenth/sim_ws/build/strategy:/home/etdisc/Desktop/sim_ws/install/strategy/lib/python3.8/site-packages:/home/etdisc/depots/f1tenth/sim_ws/build/localisation:/home/etdisc/Desktop/sim_ws/install/localisation/lib/python3.8/site-packages:/home/etdisc/depots/f1tenth/sim_ws/build/f1tenth_gym_ros:/home/etdisc/Desktop/sim_ws/install/f1tenth_gym_ros/lib/python3.8/site-packages:/home/etdisc/Desktop/sim_ws/install/custom_msgs/lib/python3.8/site-packages:/home/etdisc/depots/f1tenth/sim_ws/build/Waypoints:/home/etdisc/Desktop/sim_ws/install/Waypoints/lib/python3.8/site-packages:/home/etdisc/depots/f1tenth/sim_ws/build/Simple_algo:/home/etdisc/Desktop/sim_ws/install/Simple_algo/lib/python3.8/site-packages:/home/etdisc/depots/f1tenth/sim_ws/build/Planif:/home/etdisc/Desktop/sim_ws/install/Planif/lib/python3.8/site-packages:/home/etdisc/depots/f1tenth/sim_ws/build/Mapping:/home/etdisc/Desktop/sim_ws/install/Mapping/lib/python3.8/site-packages:/home/etdisc/depots/f1tenth/sim_ws/build/AEB:/home/etdisc/Desktop/sim_ws/install/AEB/lib/python3.8/site-packages:/opt/ros/galactic/lib/python3.8/site-packages', 'HTTP_PROXY': 'http://proxy:3128', 'COLCON': '1', 'CMAKE_PREFIX_PATH': '/home/etdisc/Bureau/codef1tenth/install/f1_localization:/home/etdisc/depots/f1tenth/sim_ws/install/custom_msgs:/home/etdisc/Desktop/sim_ws/install/custom_msgs'}, 'shell': False}
[14.653385] (Waypoints) Command: {'cmd': ['/usr/bin/python3', '-W', 'ignore:setup.py install is deprecated', '-W', 'ignore:easy_install command is deprecated', 'setup.py', 'egg_info', '--egg-base', '../../build/Waypoints', 'build', '--build-base', '/home/etdisc/Bureau/codef1tenth/build/Waypoints/build', 'install', '--record', '/home/etdisc/Bureau/codef1tenth/build/Waypoints/install.log', '--single-version-externally-managed', 'install_data'], 'cwd': '/home/etdisc/Bureau/codef1tenth/src/Waypoints', 'env': {'GJS_DEBUG_TOPICS': 'JS ERROR;JS LOG', 'LESSOPEN': '| /usr/bin/lesspipe %s', 'HTTPS_PROXY': 'http://proxy:3128', 'USER': 'etdisc', 'SSH_AGENT_PID': '1717', 'XDG_SESSION_TYPE': 'x11', 'GIT_ASKPASS': '/usr/share/code/resources/app/extensions/git/dist/askpass.sh', 'SHLVL': '1', 'LD_LIBRARY_PATH': '/home/etdisc/depots/f1tenth/sim_ws/install/custom_msgs/lib:/home/etdisc/Desktop/sim_ws/install/custom_msgs/lib:/usr/lib/x86_64-linux-gnu/gazebo-11/plugins:/opt/ros/galactic/opt/yaml_cpp_vendor/lib:/opt/ros/galactic/opt/rviz_ogre_vendor/lib:/opt/ros/galactic/lib/x86_64-linux-gnu:/opt/ros/galactic/lib', 'HOME': '/home/etdisc', 'CHROME_DESKTOP': 'code.desktop', 'OLDPWD': '/home/etdisc/Bureau/codef1tenth/src', 'TERM_PROGRAM_VERSION': '1.106.3', 'DESKTOP_SESSION': 'ubuntu', 'GIO_LAUNCHED_DESKTOP_FILE': '/usr/share/applications/code.desktop', 'ROS_PYTHON_VERSION': '3', 'GNOME_SHELL_SESSION_MODE': 'ubuntu', 'GTK_MODULES': 'gail:atk-bridge', 'VSCODE_GIT_ASKPASS_MAIN': '/usr/share/code/resources/app/extensions/git/dist/askpass-main.js', 'VSCODE_GIT_ASKPASS_NODE': '/usr/share/code/code', 'MANAGERPID': '1619', 'VSCODE_PYTHON_AUTOACTIVATE_GUARD': '1', 'DBUS_SESSION_BUS_ADDRESS': 'unix:path=/run/user/1000/bus', 'COLORTERM': 'truecolor', 'GIO_LAUNCHED_DESKTOP_FILE_PID': '7910', 'IM_CONFIG_PHASE': '1', 'https_proxy': 'http://proxy:3128', 'COLCON_PREFIX_PATH': '/home/etdisc/Bureau/codef1tenth/install:/home/etdisc/depots/f1tenth/sim_ws/install:/home/etdisc/Desktop/sim_ws/install', 'ROS_DISTRO': 'galactic', 'LOGNAME': 'etdisc', 'http_proxy': 'http://proxy:3128', 'JOURNAL_STREAM': '8:67595', '_': '/usr/bin/colcon', 'ROS_VERSION': '2', 'XDG_SESSION_CLASS': 'user', 'USERNAME': 'etdisc', 'TERM': 'xterm-256color', 'GNOME_DESKTOP_SESSION_ID': 'this-is-deprecated', 'ROS_LOCALHOST_ONLY': '1', 'WINDOWPATH': '2', 'PATH': '/snap/bin:/home/etdisc/.local/bin:/opt/ros/galactic/bin:/snap/bin:/home/etdisc/.local/bin:/usr/local/sbin:/usr/local/bin:/usr/sbin:/usr/bin:/sbin:/bin:/usr/games:/usr/local/games:/snap/bin', 'SESSION_MANAGER': 'local/etdisc-virtual-machine:@/tmp/.ICE-unix/1752,unix/etdisc-virtual-machine:/tmp/.ICE-unix/1752', 'INVOCATION_ID': '1693c3018a5242c5a146aa8c23bcb88d', 'XDG_MENU_PREFIX': 'gnome-', 'XDG_RUNTIME_DIR': '/run/user/1000', 'GDK_BACKEND': 'x11', 'DISPLAY': ':0', 'LANG': 'fr_FR.UTF-8', 'XDG_CURRENT_DESKTOP': 'Unity', 'XMODIFIERS': '@im=ibus', 'XDG_SESSION_DESKTOP': 'ubuntu', 'XAUTHORITY': '/run/user/1000/gdm/Xauthority', 'LS_COLORS': 'rs=0:di=01;34:ln=01;36:mh=00:pi=40;33:so=01;35:do=01;35:bd=40;33;01:cd=40;33;01:or=40;31;01:mi=00:su=37;41:sg=30;43:ca=30;41:tw=30;42:ow=34;42:st=37;44:ex=01;32:*.tar=01;31:*.tgz=01;31:*.arc=01;31:*.arj=01;31:*.taz=01;31:*.lha=01;31:*.lz4=01;31:*.lzh=01;31:*.lzma=01;31:*.tlz=01;31:*.txz=01;31:*.tzo=01;31:*.t7z=01;31:*.zip=01;31:*.z=01;31:*.dz=01;31:*.gz=01;31:*.lrz=01;31:*.lz=01;31:*.lzo=01;31:*.xz=01;31:*.zst=01;31:*.tzst=01;31:*.bz2=01;31:*.bz=01;31:*.tbz=01;31:*.tbz2=01;31:*.tz=01;31:*.deb=01;31:*.rpm=01;31:*.jar=01;31:*.war=01;31:*.ear=01;31:*.sar=01;31:*.rar=01;31:*.alz=01;31:*.ace=01;31:*.zoo=01;31:*.cpio=01;31:*.7z=01;31:*.rz=01;31:*.cab=01;31:*.wim=01;31:*.swm=01;31:*.dwm=01;31:*.esd=01;31:*.jpg=01;35:*.jpeg=01;35:*.mjpg=01;35:*.mjpeg=01;35:*.gif=01;35:*.bmp=01;35:*.pbm=01;35:*.pgm=01;35:*.ppm=01;35:*.tga=01;35:*.xbm=01;35:*.xpm=01;35:*.tif=01;35:*.tiff=01;35:*.png=01;35:*.svg=01;35:*.svgz=01;35:*.mng=01;35:*.pcx=01;35:*.mov=01;35:*.mpg=01;35:*.mpeg=01;35:*.m2v=01;35:*.mkv=01;35:*.webm=01;35:*.ogm=01;35:*.mp4=01;35:*.m4v=01;35:*.mp4v=01;35:*.vob=01;35:*.qt=01;35:*.nuv=01;35:*.wmv=01;35:*.asf=01;35:*.rm=01;35:*.rmvb=01;35:*.flc=01;35:*.avi=01;35:*.fli=01;35:*.flv=01;35:*.gl=01;35:*.dl=01;35:*.xcf=01;35:*.xwd=01;35:*.yuv=01;35:*.cgm=01;35:*.emf=01;35:*.ogv=01;35:*.ogx=01;35:*.aac=00;36:*.au=00;36:*.flac=00;36:*.m4a=00;36:*.mid=00;36:*.midi=00;36:*.mka=00;36:*.mp3=00;36:*.mpc=00;36:*.ogg=00;36:*.ra=00;36:*.wav=00;36:*.oga=00;36:*.opus=00;36:*.spx=00;36:*.xspf=00;36:', 'VSCODE_GIT_IPC_HANDLE': '/run/user/1000/vscode-git-ea9b44a2ba.sock', 'TERM_PROGRAM': 'vscode', 'SSH_AUTH_SOCK': '/run/user/1000/keyring/ssh', 'AMENT_PREFIX_PATH': '/home/etdisc/Bureau/codef1tenth/install/f1_localization:/home/etdisc/depots/f1tenth/sim_ws/install/timer:/home/etdisc/depots/f1tenth/sim_ws/install/strategy:/home/etdisc/depots/f1tenth/sim_ws/install/localisation:/home/etdisc/depots/f1tenth/sim_ws/install/f1tenth_gym_ros:/home/etdisc/depots/f1tenth/sim_ws/install/custom_msgs:/home/etdisc/depots/f1tenth/sim_ws/install/Waypoints:/home/etdisc/depots/f1tenth/sim_ws/install/Simple_algo:/home/etdisc/depots/f1tenth/sim_ws/install/Planif:/home/etdisc/depots/f1tenth/sim_ws/install/Mapping:/home/etdisc/depots/f1tenth/sim_ws/install/AEB:/home/etdisc/Desktop/sim_ws/install/timer:/home/etdisc/Desktop/sim_ws/install/strategy:/home/etdisc/Desktop/sim_ws/install/localisation:/home/etdisc/Desktop/sim_ws/install/f1tenth_gym_ros:/home/etdisc/Desktop/sim_ws/install/custom_msgs:/home/etdisc/Desktop/sim_ws/install/Waypoints:/home/etdisc/Desktop/sim_ws/install/Simple_algo:/home/etdisc/Desktop/sim_ws/install/Planif:/home/etdisc/Desktop/sim_ws/install/Mapping:/home/etdisc/Desktop/sim_ws/install/AEB:/opt/ros/galactic', 'ORIGINAL_XDG_CURRENT_DESKTOP': 'ubuntu:GNOME', 'SHELL': '/bin/bash', 'QT_ACCESSIBILITY': '1', 'GDMSESSION': 'ubuntu', 'LESSCLOSE': '/usr/bin/lesspipe %s %s', 'GPG_AGENT_INFO': '/run/user/1000/gnupg/S.gpg-agent:0:1', 'GJS_DEBUG_OUTPUT': 'stderr', 'VSCODE_GIT_ASKPASS_EXTRA_ARGS': '', 'QT_IM_MODULE': 'ibus', 'PWD': '/home/etdisc/Bureau/codef1tenth/build/Waypoints', 'LC_ALL': 'fr_FR.UTF-8', 'XDG_CONFIG_DIRS': '/etc/xdg/xdg-ubuntu:/etc/xdg', 'XDG_DATA_DIRS': '/usr/share/ubuntu:/usr/local/share/:/usr/share/:/var/lib/snapd/desktop', 'PYTHONPATH': '/home/etdisc/Bureau/codef1tenth/build/Waypoints/prefix_override:/usr/lib/python3/dist-packages/colcon_core/task/python/colcon_distutils_commands:/home/etdisc/Bureau/codef1tenth/install/Waypoints/lib/python3.8/site-packages:/home/etdisc/depots/f1tenth/sim_ws/install/timer/lib/python3.8/site-packages:/home/etdisc/depots/f1tenth/sim_ws/install/strategy/lib/python3.8/site-packages:/home/etdisc/depots/f1tenth/sim_ws/install/localisation/lib/python3.8/site-packages:/home/etdisc/depots/f1tenth/sim_ws/install/f1tenth_gym_ros/lib/python3.8/site-packages:/home/etdisc/depots/f1tenth/sim_ws/install/custom_msgs/lib/python3.8/site-packages:/home/etdisc/depots/f1tenth/sim_ws/install/Waypoints/lib/python3.8/site-packages:/home/etdisc/depots/f1tenth/sim_ws/install/Simple_algo/lib/python3.8/site-packages:/home/etdisc/depots/f1tenth/sim_ws/install/Planif/lib/python3.8/site-packages:/home/etdisc/depots/f1tenth/sim_ws/install/Mapping/lib/python3.8/site-packages:/home/etdisc/depots/f1tenth/sim_ws/install/AEB/lib/python3.8/site-packages:/home/etdisc/depots/f1tenth/sim_ws/build/timer:/home/etdisc/Desktop/sim_ws/install/timer/lib/python3.8/site-packages:/home/etdisc/depots/f1tenth/sim_ws/build/strategy:/home/etdisc/Desktop/sim_ws/install/strategy/lib/python3.8/site-packages:/home/etdisc/depots/f1tenth/sim_ws/build/localisation:/home/etdisc/Desktop/sim_ws/install/localisation/lib/python3.8/site-packages:/home/etdisc/depots/f1tenth/sim_ws/build/f1tenth_gym_ros:/home/etdisc/Desktop/sim_ws/install/f1tenth_gym_ros/lib/python3.8/site-packages:/home/etdisc/Desktop/sim_ws/install/custom_msgs/lib/python3.8/site-packages:/home/etdisc/depots/f1tenth/sim_ws/build/Waypoints:/home/etdisc/Desktop/sim_ws/install/Waypoints/lib/python3.8/site-packages:/home/etdisc/depots/f1tenth/sim_ws/build/Simple_algo:/home/etdisc/Desktop/sim_ws/install/Simple_algo/lib/python3.8/site-packages:/home/etdisc/depots/f1tenth/sim_ws/build/Planif:/home/etdisc/Desktop/sim_ws/install/Planif/lib/python3.8/site-packages:/home/etdisc/depots/f1tenth/sim_ws/build/Mapping:/home/etdisc/Desktop/sim_ws/install/Mapping/lib/python3.8/site-packages:/home/etdisc/depots/f1tenth/sim_ws/build/AEB:/home/etdisc/Desktop/sim_ws/install/AEB/lib/python3.8/site-packages:/opt/ros/galactic/lib/python3.8/site-packages', 'HTTP_PROXY': 'http://proxy:3128', 'COLCON': '1', 'CMAKE_PREFIX_PATH': '/home/etdisc/Bureau/codef1tenth/install/f1_localization:/home/etdisc/depots/f1tenth/sim_ws/install/custom_msgs:/home/etdisc/Desktop/sim_ws/install/custom_msgs'}, 'shell': False}
[14.701095] (f1tenth_gym_ros) Command: {'cmd': ['/usr/bin/python3', '-W', 'ignore:setup.py install is deprecated', '-W', 'ignore:easy_install command is deprecated', 'setup.py', 'egg_info', '--egg-base', '../../build/f1tenth_gym_ros', 'build', '--build-base', '/home/etdisc/Bureau/codef1tenth/build/f1tenth_gym_ros/build', 'install', '--record', '/home/etdisc/Bureau/codef1tenth/build/f1tenth_gym_ros/install.log', '--install-scripts', '$base/lib/f1tenth_gym_ros', '--single-version-externally-managed', 'install_data'], 'cwd': '/home/etdisc/Bureau/codef1tenth/src/f1tenth_gym_ros', 'env': {'GJS_DEBUG_TOPICS': 'JS ERROR;JS LOG', 'LESSOPEN': '| /usr/bin/lesspipe %s', 'HTTPS_PROXY': 'http://proxy:3128', 'USER': 'etdisc', 'SSH_AGENT_PID': '1717', 'XDG_SESSION_TYPE': 'x11', 'GIT_ASKPASS': '/usr/share/code/resources/app/extensions/git/dist/askpass.sh', 'SHLVL': '1', 'LD_LIBRARY_PATH': '/home/etdisc/depots/f1tenth/sim_ws/install/custom_msgs/lib:/home/etdisc/Desktop/sim_ws/install/custom_msgs/lib:/usr/lib/x86_64-linux-gnu/gazebo-11/plugins:/opt/ros/galactic/opt/yaml_cpp_vendor/lib:/opt/ros/galactic/opt/rviz_ogre_vendor/lib:/opt/ros/galactic/lib/x86_64-linux-gnu:/opt/ros/galactic/lib', 'HOME': '/home/etdisc', 'CHROME_DESKTOP': 'code.desktop', 'OLDPWD': '/home/etdisc/Bureau/codef1tenth/src', 'TERM_PROGRAM_VERSION': '1.106.3', 'DESKTOP_SESSION': 'ubuntu', 'GIO_LAUNCHED_DESKTOP_FILE': '/usr/share/applications/code.desktop', 'ROS_PYTHON_VERSION': '3', 'GNOME_SHELL_SESSION_MODE': 'ubuntu', 'GTK_MODULES': 'gail:atk-bridge', 'VSCODE_GIT_ASKPASS_MAIN': '/usr/share/code/resources/app/extensions/git/dist/askpass-main.js', 'VSCODE_GIT_ASKPASS_NODE': '/usr/share/code/code', 'MANAGERPID': '1619', 'VSCODE_PYTHON_AUTOACTIVATE_GUARD': '1', 'DBUS_SESSION_BUS_ADDRESS': 'unix:path=/run/user/1000/bus', 'COLORTERM': 'truecolor', 'GIO_LAUNCHED_DESKTOP_FILE_PID': '7910', 'IM_CONFIG_PHASE': '1', 'https_proxy': 'http://proxy:3128', 'COLCON_PREFIX_PATH': '/home/etdisc/Bureau/codef1tenth/install:/home/etdisc/depots/f1tenth/sim_ws/install:/home/etdisc/Desktop/sim_ws/install', 'ROS_DISTRO': 'galactic', 'LOGNAME': 'etdisc', 'http_proxy': 'http://proxy:3128', 'JOURNAL_STREAM': '8:67595', '_': '/usr/bin/colcon', 'ROS_VERSION': '2', 'XDG_SESSION_CLASS': 'user', 'USERNAME': 'etdisc', 'TERM': 'xterm-256color', 'GNOME_DESKTOP_SESSION_ID': 'this-is-deprecated', 'ROS_LOCALHOST_ONLY': '1', 'WINDOWPATH': '2', 'PATH': '/snap/bin:/home/etdisc/.local/bin:/opt/ros/galactic/bin:/snap/bin:/home/etdisc/.local/bin:/usr/local/sbin:/usr/local/bin:/usr/sbin:/usr/bin:/sbin:/bin:/usr/games:/usr/local/games:/snap/bin', 'SESSION_MANAGER': 'local/etdisc-virtual-machine:@/tmp/.ICE-unix/1752,unix/etdisc-virtual-machine:/tmp/.ICE-unix/1752', 'INVOCATION_ID': '1693c3018a5242c5a146aa8c23bcb88d', 'XDG_MENU_PREFIX': 'gnome-', 'XDG_RUNTIME_DIR': '/run/user/1000', 'GDK_BACKEND': 'x11', 'DISPLAY': ':0', 'LANG': 'fr_FR.UTF-8', 'XDG_CURRENT_DESKTOP': 'Unity', 'XMODIFIERS': '@im=ibus', 'XDG_SESSION_DESKTOP': 'ubuntu', 'XAUTHORITY': '/run/user/1000/gdm/Xauthority', 'LS_COLORS': 'rs=0:di=01;34:ln=01;36:mh=00:pi=40;33:so=01;35:do=01;35:bd=40;33;01:cd=40;33;01:or=40;31;01:mi=00:su=37;41:sg=30;43:ca=30;41:tw=30;42:ow=34;42:st=37;44:ex=01;32:*.tar=01;31:*.tgz=01;31:*.arc=01;31:*.arj=01;31:*.taz=01;31:*.lha=01;31:*.lz4=01;31:*.lzh=01;31:*.lzma=01;31:*.tlz=01;31:*.txz=01;31:*.tzo=01;31:*.t7z=01;31:*.zip=01;31:*.z=01;31:*.dz=01;31:*.gz=01;31:*.lrz=01;31:*.lz=01;31:*.lzo=01;31:*.xz=01;31:*.zst=01;31:*.tzst=01;31:*.bz2=01;31:*.bz=01;31:*.tbz=01;31:*.tbz2=01;31:*.tz=01;31:*.deb=01;31:*.rpm=01;31:*.jar=01;31:*.war=01;31:*.ear=01;31:*.sar=01;31:*.rar=01;31:*.alz=01;31:*.ace=01;31:*.zoo=01;31:*.cpio=01;31:*.7z=01;31:*.rz=01;31:*.cab=01;31:*.wim=01;31:*.swm=01;31:*.dwm=01;31:*.esd=01;31:*.jpg=01;35:*.jpeg=01;35:*.mjpg=01;35:*.mjpeg=01;35:*.gif=01;35:*.bmp=01;35:*.pbm=01;35:*.pgm=01;35:*.ppm=01;35:*.tga=01;35:*.xbm=01;35:*.xpm=01;35:*.tif=01;35:*.tiff=01;35:*.png=01;35:*.svg=01;35:*.svgz=01;35:*.mng=01;35:*.pcx=01;35:*.mov=01;35:*.mpg=01;35:*.mpeg=01;35:*.m2v=01;35:*.mkv=01;35:*.webm=01;35:*.ogm=01;35:*.mp4=01;35:*.m4v=01;35:*.mp4v=01;35:*.vob=01;35:*.qt=01;35:*.nuv=01;35:*.wmv=01;35:*.asf=01;35:*.rm=01;35:*.rmvb=01;35:*.flc=01;35:*.avi=01;35:*.fli=01;35:*.flv=01;35:*.gl=01;35:*.dl=01;35:*.xcf=01;35:*.xwd=01;35:*.yuv=01;35:*.cgm=01;35:*.emf=01;35:*.ogv=01;35:*.ogx=01;35:*.aac=00;36:*.au=00;36:*.flac=00;36:*.m4a=00;36:*.mid=00;36:*.midi=00;36:*.mka=00;36:*.mp3=00;36:*.mpc=00;36:*.ogg=00;36:*.ra=00;36:*.wav=00;36:*.oga=00;36:*.opus=00;36:*.spx=00;36:*.xspf=00;36:', 'VSCODE_GIT_IPC_HANDLE': '/run/user/1000/vscode-git-ea9b44a2ba.sock', 'TERM_PROGRAM': 'vscode', 'SSH_AUTH_SOCK': '/run/user/1000/keyring/ssh', 'AMENT_PREFIX_PATH': '/home/etdisc/Bureau/codef1tenth/install/f1_localization:/home/etdisc/depots/f1tenth/sim_ws/install/timer:/home/etdisc/depots/f1tenth/sim_ws/install/strategy:/home/etdisc/depots/f1tenth/sim_ws/install/localisation:/home/etdisc/depots/f1tenth/sim_ws/install/f1tenth_gym_ros:/home/etdisc/depots/f1tenth/sim_ws/install/custom_msgs:/home/etdisc/depots/f1tenth/sim_ws/install/Waypoints:/home/etdisc/depots/f1tenth/sim_ws/install/Simple_algo:/home/etdisc/depots/f1tenth/sim_ws/install/Planif:/home/etdisc/depots/f1tenth/sim_ws/install/Mapping:/home/etdisc/depots/f1tenth/sim_ws/install/AEB:/home/etdisc/Desktop/sim_ws/install/timer:/home/etdisc/Desktop/sim_ws/install/strategy:/home/etdisc/Desktop/sim_ws/install/localisation:/home/etdisc/Desktop/sim_ws/install/f1tenth_gym_ros:/home/etdisc/Desktop/sim_ws/install/custom_msgs:/home/etdisc/Desktop/sim_ws/install/Waypoints:/home/etdisc/Desktop/sim_ws/install/Simple_algo:/home/etdisc/Desktop/sim_ws/install/Planif:/home/etdisc/Desktop/sim_ws/install/Mapping:/home/etdisc/Desktop/sim_ws/install/AEB:/opt/ros/galactic', 'ORIGINAL_XDG_CURRENT_DESKTOP': 'ubuntu:GNOME', 'SHELL': '/bin/bash', 'QT_ACCESSIBILITY': '1', 'GDMSESSION': 'ubuntu', 'LESSCLOSE': '/usr/bin/lesspipe %s %s', 'GPG_AGENT_INFO': '/run/user/1000/gnupg/S.gpg-agent:0:1', 'GJS_DEBUG_OUTPUT': 'stderr', 'VSCODE_GIT_ASKPASS_EXTRA_ARGS': '', 'QT_IM_MODULE': 'ibus', 'PWD': '/home/etdisc/Bureau/codef1tenth/build/f1tenth_gym_ros', 'LC_ALL': 'fr_FR.UTF-8', 'XDG_CONFIG_DIRS': '/etc/xdg/xdg-ubuntu:/etc/xdg', 'XDG_DATA_DIRS': '/usr/share/ubuntu:/usr/local/share/:/usr/share/:/var/lib/snapd/desktop', 'PYTHONPATH': '/home/etdisc/Bureau/codef1tenth/build/f1tenth_gym_ros/prefix_override:/usr/lib/python3/dist-packages/colcon_core/task/python/colcon_distutils_commands:/home/etdisc/Bureau/codef1tenth/install/f1tenth_gym_ros/lib/python3.8/site-packages:/home/etdisc/depots/f1tenth/sim_ws/install/timer/lib/python3.8/site-packages:/home/etdisc/depots/f1tenth/sim_ws/install/strategy/lib/python3.8/site-packages:/home/etdisc/depots/f1tenth/sim_ws/install/localisation/lib/python3.8/site-packages:/home/etdisc/depots/f1tenth/sim_ws/install/f1tenth_gym_ros/lib/python3.8/site-packages:/home/etdisc/depots/f1tenth/sim_ws/install/custom_msgs/lib/python3.8/site-packages:/home/etdisc/depots/f1tenth/sim_ws/install/Waypoints/lib/python3.8/site-packages:/home/etdisc/depots/f1tenth/sim_ws/install/Simple_algo/lib/python3.8/site-packages:/home/etdisc/depots/f1tenth/sim_ws/install/Planif/lib/python3.8/site-packages:/home/etdisc/depots/f1tenth/sim_ws/install/Mapping/lib/python3.8/site-packages:/home/etdisc/depots/f1tenth/sim_ws/install/AEB/lib/python3.8/site-packages:/home/etdisc/depots/f1tenth/sim_ws/build/timer:/home/etdisc/Desktop/sim_ws/install/timer/lib/python3.8/site-packages:/home/etdisc/depots/f1tenth/sim_ws/build/strategy:/home/etdisc/Desktop/sim_ws/install/strategy/lib/python3.8/site-packages:/home/etdisc/depots/f1tenth/sim_ws/build/localisation:/home/etdisc/Desktop/sim_ws/install/localisation/lib/python3.8/site-packages:/home/etdisc/depots/f1tenth/sim_ws/build/f1tenth_gym_ros:/home/etdisc/Desktop/sim_ws/install/f1tenth_gym_ros/lib/python3.8/site-packages:/home/etdisc/Desktop/sim_ws/install/custom_msgs/lib/python3.8/site-packages:/home/etdisc/depots/f1tenth/sim_ws/build/Waypoints:/home/etdisc/Desktop/sim_ws/install/Waypoints/lib/python3.8/site-packages:/home/etdisc/depots/f1tenth/sim_ws/build/Simple_algo:/home/etdisc/Desktop/sim_ws/install/Simple_algo/lib/python3.8/site-packages:/home/etdisc/depots/f1tenth/sim_ws/build/Planif:/home/etdisc/Desktop/sim_ws/install/Planif/lib/python3.8/site-packages:/home/etdisc/depots/f1tenth/sim_ws/build/Mapping:/home/etdisc/Desktop/sim_ws/install/Mapping/lib/python3.8/site-packages:/home/etdisc/depots/f1tenth/sim_ws/build/AEB:/home/etdisc/Desktop/sim_ws/install/AEB/lib/python3.8/site-packages:/opt/ros/galactic/lib/python3.8/site-packages', 'HTTP_PROXY': 'http://proxy:3128', 'COLCON': '1', 'CMAKE_PREFIX_PATH': '/home/etdisc/Bureau/codef1tenth/install/f1_localization:/home/etdisc/depots/f1tenth/sim_ws/install/custom_msgs:/home/etdisc/Desktop/sim_ws/install/custom_msgs'}, 'shell': False}
[14.707740] (-) TimerEvent: {}
[14.808707] (-) TimerEvent: {}
[14.915887] (-) TimerEvent: {}
[15.018428] (-) TimerEvent: {}
[15.054474] (localisation) Command: {'cmd': ['/usr/bin/python3', '-W', 'ignore:setup.py install is deprecated', '-W', 'ignore:easy_install command is deprecated', 'setup.py', 'egg_info', '--egg-base', '../../build/localisation', 'build', '--build-base', '/home/etdisc/Bureau/codef1tenth/build/localisation/build', 'install', '--record', '/home/etdisc/Bureau/codef1tenth/build/localisation/install.log', '--single-version-externally-managed', 'install_data'], 'cwd': '/home/etdisc/Bureau/codef1tenth/src/localisation', 'env': {'GJS_DEBUG_TOPICS': 'JS ERROR;JS LOG', 'LESSOPEN': '| /usr/bin/lesspipe %s', 'HTTPS_PROXY': 'http://proxy:3128', 'USER': 'etdisc', 'SSH_AGENT_PID': '1717', 'XDG_SESSION_TYPE': 'x11', 'GIT_ASKPASS': '/usr/share/code/resources/app/extensions/git/dist/askpass.sh', 'SHLVL': '1', 'LD_LIBRARY_PATH': '/home/etdisc/depots/f1tenth/sim_ws/install/custom_msgs/lib:/home/etdisc/Desktop/sim_ws/install/custom_msgs/lib:/usr/lib/x86_64-linux-gnu/gazebo-11/plugins:/opt/ros/galactic/opt/yaml_cpp_vendor/lib:/opt/ros/galactic/opt/rviz_ogre_vendor/lib:/opt/ros/galactic/lib/x86_64-linux-gnu:/opt/ros/galactic/lib', 'HOME': '/home/etdisc', 'CHROME_DESKTOP': 'code.desktop', 'OLDPWD': '/home/etdisc/Bureau/codef1tenth/src', 'TERM_PROGRAM_VERSION': '1.106.3', 'DESKTOP_SESSION': 'ubuntu', 'GIO_LAUNCHED_DESKTOP_FILE': '/usr/share/applications/code.desktop', 'ROS_PYTHON_VERSION': '3', 'GNOME_SHELL_SESSION_MODE': 'ubuntu', 'GTK_MODULES': 'gail:atk-bridge', 'VSCODE_GIT_ASKPASS_MAIN': '/usr/share/code/resources/app/extensions/git/dist/askpass-main.js', 'VSCODE_GIT_ASKPASS_NODE': '/usr/share/code/code', 'MANAGERPID': '1619', 'VSCODE_PYTHON_AUTOACTIVATE_GUARD': '1', 'DBUS_SESSION_BUS_ADDRESS': 'unix:path=/run/user/1000/bus', 'COLORTERM': 'truecolor', 'GIO_LAUNCHED_DESKTOP_FILE_PID': '7910', 'IM_CONFIG_PHASE': '1', 'https_proxy': 'http://proxy:3128', 'COLCON_PREFIX_PATH': '/home/etdisc/Bureau/codef1tenth/install:/home/etdisc/depots/f1tenth/sim_ws/install:/home/etdisc/Desktop/sim_ws/install', 'ROS_DISTRO': 'galactic', 'LOGNAME': 'etdisc', 'http_proxy': 'http://proxy:3128', 'JOURNAL_STREAM': '8:67595', '_': '/usr/bin/colcon', 'ROS_VERSION': '2', 'XDG_SESSION_CLASS': 'user', 'USERNAME': 'etdisc', 'TERM': 'xterm-256color', 'GNOME_DESKTOP_SESSION_ID': 'this-is-deprecated', 'ROS_LOCALHOST_ONLY': '1', 'WINDOWPATH': '2', 'PATH': '/snap/bin:/home/etdisc/.local/bin:/opt/ros/galactic/bin:/snap/bin:/home/etdisc/.local/bin:/usr/local/sbin:/usr/local/bin:/usr/sbin:/usr/bin:/sbin:/bin:/usr/games:/usr/local/games:/snap/bin', 'SESSION_MANAGER': 'local/etdisc-virtual-machine:@/tmp/.ICE-unix/1752,unix/etdisc-virtual-machine:/tmp/.ICE-unix/1752', 'INVOCATION_ID': '1693c3018a5242c5a146aa8c23bcb88d', 'XDG_MENU_PREFIX': 'gnome-', 'XDG_RUNTIME_DIR': '/run/user/1000', 'GDK_BACKEND': 'x11', 'DISPLAY': ':0', 'LANG': 'fr_FR.UTF-8', 'XDG_CURRENT_DESKTOP': 'Unity', 'XMODIFIERS': '@im=ibus', 'XDG_SESSION_DESKTOP': 'ubuntu', 'XAUTHORITY': '/run/user/1000/gdm/Xauthority', 'LS_COLORS': 'rs=0:di=01;34:ln=01;36:mh=00:pi=40;33:so=01;35:do=01;35:bd=40;33;01:cd=40;33;01:or=40;31;01:mi=00:su=37;41:sg=30;43:ca=30;41:tw=30;42:ow=34;42:st=37;44:ex=01;32:*.tar=01;31:*.tgz=01;31:*.arc=01;31:*.arj=01;31:*.taz=01;31:*.lha=01;31:*.lz4=01;31:*.lzh=01;31:*.lzma=01;31:*.tlz=01;31:*.txz=01;31:*.tzo=01;31:*.t7z=01;31:*.zip=01;31:*.z=01;31:*.dz=01;31:*.gz=01;31:*.lrz=01;31:*.lz=01;31:*.lzo=01;31:*.xz=01;31:*.zst=01;31:*.tzst=01;31:*.bz2=01;31:*.bz=01;31:*.tbz=01;31:*.tbz2=01;31:*.tz=01;31:*.deb=01;31:*.rpm=01;31:*.jar=01;31:*.war=01;31:*.ear=01;31:*.sar=01;31:*.rar=01;31:*.alz=01;31:*.ace=01;31:*.zoo=01;31:*.cpio=01;31:*.7z=01;31:*.rz=01;31:*.cab=01;31:*.wim=01;31:*.swm=01;31:*.dwm=01;31:*.esd=01;31:*.jpg=01;35:*.jpeg=01;35:*.mjpg=01;35:*.mjpeg=01;35:*.gif=01;35:*.bmp=01;35:*.pbm=01;35:*.pgm=01;35:*.ppm=01;35:*.tga=01;35:*.xbm=01;35:*.xpm=01;35:*.tif=01;35:*.tiff=01;35:*.png=01;35:*.svg=01;35:*.svgz=01;35:*.mng=01;35:*.pcx=01;35:*.mov=01;35:*.mpg=01;35:*.mpeg=01;35:*.m2v=01;35:*.mkv=01;35:*.webm=01;35:*.ogm=01;35:*.mp4=01;35:*.m4v=01;35:*.mp4v=01;35:*.vob=01;35:*.qt=01;35:*.nuv=01;35:*.wmv=01;35:*.asf=01;35:*.rm=01;35:*.rmvb=01;35:*.flc=01;35:*.avi=01;35:*.fli=01;35:*.flv=01;35:*.gl=01;35:*.dl=01;35:*.xcf=01;35:*.xwd=01;35:*.yuv=01;35:*.cgm=01;35:*.emf=01;35:*.ogv=01;35:*.ogx=01;35:*.aac=00;36:*.au=00;36:*.flac=00;36:*.m4a=00;36:*.mid=00;36:*.midi=00;36:*.mka=00;36:*.mp3=00;36:*.mpc=00;36:*.ogg=00;36:*.ra=00;36:*.wav=00;36:*.oga=00;36:*.opus=00;36:*.spx=00;36:*.xspf=00;36:', 'VSCODE_GIT_IPC_HANDLE': '/run/user/1000/vscode-git-ea9b44a2ba.sock', 'TERM_PROGRAM': 'vscode', 'SSH_AUTH_SOCK': '/run/user/1000/keyring/ssh', 'AMENT_PREFIX_PATH': '/home/etdisc/Bureau/codef1tenth/install/f1_localization:/home/etdisc/depots/f1tenth/sim_ws/install/timer:/home/etdisc/depots/f1tenth/sim_ws/install/strategy:/home/etdisc/depots/f1tenth/sim_ws/install/localisation:/home/etdisc/depots/f1tenth/sim_ws/install/f1tenth_gym_ros:/home/etdisc/depots/f1tenth/sim_ws/install/custom_msgs:/home/etdisc/depots/f1tenth/sim_ws/install/Waypoints:/home/etdisc/depots/f1tenth/sim_ws/install/Simple_algo:/home/etdisc/depots/f1tenth/sim_ws/install/Planif:/home/etdisc/depots/f1tenth/sim_ws/install/Mapping:/home/etdisc/depots/f1tenth/sim_ws/install/AEB:/home/etdisc/Desktop/sim_ws/install/timer:/home/etdisc/Desktop/sim_ws/install/strategy:/home/etdisc/Desktop/sim_ws/install/localisation:/home/etdisc/Desktop/sim_ws/install/f1tenth_gym_ros:/home/etdisc/Desktop/sim_ws/install/custom_msgs:/home/etdisc/Desktop/sim_ws/install/Waypoints:/home/etdisc/Desktop/sim_ws/install/Simple_algo:/home/etdisc/Desktop/sim_ws/install/Planif:/home/etdisc/Desktop/sim_ws/install/Mapping:/home/etdisc/Desktop/sim_ws/install/AEB:/opt/ros/galactic', 'ORIGINAL_XDG_CURRENT_DESKTOP': 'ubuntu:GNOME', 'SHELL': '/bin/bash', 'QT_ACCESSIBILITY': '1', 'GDMSESSION': 'ubuntu', 'LESSCLOSE': '/usr/bin/lesspipe %s %s', 'GPG_AGENT_INFO': '/run/user/1000/gnupg/S.gpg-agent:0:1', 'GJS_DEBUG_OUTPUT': 'stderr', 'VSCODE_GIT_ASKPASS_EXTRA_ARGS': '', 'QT_IM_MODULE': 'ibus', 'PWD': '/home/etdisc/Bureau/codef1tenth/build/localisation', 'LC_ALL': 'fr_FR.UTF-8', 'XDG_CONFIG_DIRS': '/etc/xdg/xdg-ubuntu:/etc/xdg', 'XDG_DATA_DIRS': '/usr/share/ubuntu:/usr/local/share/:/usr/share/:/var/lib/snapd/desktop', 'PYTHONPATH': '/home/etdisc/Bureau/codef1tenth/build/localisation/prefix_override:/usr/lib/python3/dist-packages/colcon_core/task/python/colcon_distutils_commands:/home/etdisc/Bureau/codef1tenth/install/localisation/lib/python3.8/site-packages:/home/etdisc/depots/f1tenth/sim_ws/install/timer/lib/python3.8/site-packages:/home/etdisc/depots/f1tenth/sim_ws/install/strategy/lib/python3.8/site-packages:/home/etdisc/depots/f1tenth/sim_ws/install/localisation/lib/python3.8/site-packages:/home/etdisc/depots/f1tenth/sim_ws/install/f1tenth_gym_ros/lib/python3.8/site-packages:/home/etdisc/depots/f1tenth/sim_ws/install/custom_msgs/lib/python3.8/site-packages:/home/etdisc/depots/f1tenth/sim_ws/install/Waypoints/lib/python3.8/site-packages:/home/etdisc/depots/f1tenth/sim_ws/install/Simple_algo/lib/python3.8/site-packages:/home/etdisc/depots/f1tenth/sim_ws/install/Planif/lib/python3.8/site-packages:/home/etdisc/depots/f1tenth/sim_ws/install/Mapping/lib/python3.8/site-packages:/home/etdisc/depots/f1tenth/sim_ws/install/AEB/lib/python3.8/site-packages:/home/etdisc/depots/f1tenth/sim_ws/build/timer:/home/etdisc/Desktop/sim_ws/install/timer/lib/python3.8/site-packages:/home/etdisc/depots/f1tenth/sim_ws/build/strategy:/home/etdisc/Desktop/sim_ws/install/strategy/lib/python3.8/site-packages:/home/etdisc/depots/f1tenth/sim_ws/build/localisation:/home/etdisc/Desktop/sim_ws/install/localisation/lib/python3.8/site-packages:/home/etdisc/depots/f1tenth/sim_ws/build/f1tenth_gym_ros:/home/etdisc/Desktop/sim_ws/install/f1tenth_gym_ros/lib/python3.8/site-packages:/home/etdisc/Desktop/sim_ws/install/custom_msgs/lib/python3.8/site-packages:/home/etdisc/depots/f1tenth/sim_ws/build/Waypoints:/home/etdisc/Desktop/sim_ws/install/Waypoints/lib/python3.8/site-packages:/home/etdisc/depots/f1tenth/sim_ws/build/Simple_algo:/home/etdisc/Desktop/sim_ws/install/Simple_algo/lib/python3.8/site-packages:/home/etdisc/depots/f1tenth/sim_ws/build/Planif:/home/etdisc/Desktop/sim_ws/install/Planif/lib/python3.8/site-packages:/home/etdisc/depots/f1tenth/sim_ws/build/Mapping:/home/etdisc/Desktop/sim_ws/install/Mapping/lib/python3.8/site-packages:/home/etdisc/depots/f1tenth/sim_ws/build/AEB:/home/etdisc/Desktop/sim_ws/install/AEB/lib/python3.8/site-packages:/opt/ros/galactic/lib/python3.8/site-packages', 'HTTP_PROXY': 'http://proxy:3128', 'COLCON': '1', 'CMAKE_PREFIX_PATH': '/home/etdisc/Bureau/codef1tenth/install/f1_localization:/home/etdisc/depots/f1tenth/sim_ws/install/custom_msgs:/home/etdisc/Desktop/sim_ws/install/custom_msgs'}, 'shell': False}
[15.134347] (-) TimerEvent: {}
[15.238408] (-) TimerEvent: {}
[15.339130] (-) TimerEvent: {}
[15.442591] (-) TimerEvent: {}
[15.505286] (Planif) StdoutLine: {'line': b'running egg_info\n'}
[15.518597] (Planif) StdoutLine: {'line': b'writing ../../build/Planif/Planif.egg-info/PKG-INFO\n'}
[15.519010] (Planif) StdoutLine: {'line': b'writing dependency_links to ../../build/Planif/Planif.egg-info/dependency_links.txt\n'}
[15.519349] (Planif) StdoutLine: {'line': b'writing entry points to ../../build/Planif/Planif.egg-info/entry_points.txt\n'}
[15.522388] (Planif) StdoutLine: {'line': b'writing requirements to ../../build/Planif/Planif.egg-info/requires.txt\n'}
[15.522777] (Planif) StdoutLine: {'line': b'writing top-level names to ../../build/Planif/Planif.egg-info/top_level.txt\n'}
[15.531612] (Simple_algo) StdoutLine: {'line': b'running egg_info\n'}
[15.533939] (Simple_algo) StdoutLine: {'line': b'writing ../../build/Simple_algo/Simple_algo.egg-info/PKG-INFO\n'}
[15.535026] (Simple_algo) StdoutLine: {'line': b'writing dependency_links to ../../build/Simple_algo/Simple_algo.egg-info/dependency_links.txt\n'}
[15.535470] (Simple_algo) StdoutLine: {'line': b'writing entry points to ../../build/Simple_algo/Simple_algo.egg-info/entry_points.txt\n'}
[15.535871] (Simple_algo) StdoutLine: {'line': b'writing requirements to ../../build/Simple_algo/Simple_algo.egg-info/requires.txt\n'}
[15.536198] (Simple_algo) StdoutLine: {'line': b'writing top-level names to ../../build/Simple_algo/Simple_algo.egg-info/top_level.txt\n'}
[15.542716] (-) TimerEvent: {}
[15.554611] (Mapping) StdoutLine: {'line': b'running egg_info\n'}
[15.557208] (Mapping) StdoutLine: {'line': b'writing ../../build/Mapping/Mapping.egg-info/PKG-INFO\n'}
[15.559537] (Mapping) StdoutLine: {'line': b'writing dependency_links to ../../build/Mapping/Mapping.egg-info/dependency_links.txt\n'}
[15.560230] (Mapping) StdoutLine: {'line': b'writing entry points to ../../build/Mapping/Mapping.egg-info/entry_points.txt\n'}
[15.560724] (Mapping) StdoutLine: {'line': b'writing requirements to ../../build/Mapping/Mapping.egg-info/requires.txt\n'}
[15.561146] (Mapping) StdoutLine: {'line': b'writing top-level names to ../../build/Mapping/Mapping.egg-info/top_level.txt\n'}
[15.615078] (Planif) StdoutLine: {'line': b"reading manifest file '../../build/Planif/Planif.egg-info/SOURCES.txt'\n"}
[15.618763] (Planif) StdoutLine: {'line': b"writing manifest file '../../build/Planif/Planif.egg-info/SOURCES.txt'\n"}
[15.626805] (Planif) StdoutLine: {'line': b'running build\n'}
[15.627139] (Planif) StdoutLine: {'line': b'running build_py\n'}
[15.627338] (Planif) StdoutLine: {'line': b'running install\n'}
[15.627515] (Planif) StdoutLine: {'line': b'running install_lib\n'}
[15.631153] (Planif) StdoutLine: {'line': b'running install_data\n'}
[15.632329] (Planif) StdoutLine: {'line': b'running install_egg_info\n'}
[15.638318] (Planif) StdoutLine: {'line': b"removing '/home/etdisc/Bureau/codef1tenth/install/Planif/lib/python3.8/site-packages/Planif-0.1.0-py3.8.egg-info' (and everything under it)\n"}
[15.640010] (Simple_algo) StdoutLine: {'line': b"reading manifest file '../../build/Simple_algo/Simple_algo.egg-info/SOURCES.txt'\n"}
[15.642841] (-) TimerEvent: {}
[15.643261] (Simple_algo) StdoutLine: {'line': b"writing manifest file '../../build/Simple_algo/Simple_algo.egg-info/SOURCES.txt'\n"}
[15.644042] (Simple_algo) StdoutLine: {'line': b'running build\n'}
[15.644241] (Simple_algo) StdoutLine: {'line': b'running build_py\n'}
[15.644887] (Simple_algo) StdoutLine: {'line': b'running install\n'}
[15.647085] (Simple_algo) StdoutLine: {'line': b'running install_lib\n'}
[15.653028] (Simple_algo) StdoutLine: {'line': b'running install_data\n'}
[15.653458] (Simple_algo) StdoutLine: {'line': b'running install_egg_info\n'}
[15.656115] (Planif) StdoutLine: {'line': b'Copying ../../build/Planif/Planif.egg-info to /home/etdisc/Bureau/codef1tenth/install/Planif/lib/python3.8/site-packages/Planif-0.1.0-py3.8.egg-info\n'}
[15.656523] (AEB) StdoutLine: {'line': b'running egg_info\n'}
[15.658127] (Simple_algo) StdoutLine: {'line': b"removing '/home/etdisc/Bureau/codef1tenth/install/Simple_algo/lib/python3.8/site-packages/Simple_algo-1.0.0-py3.8.egg-info' (and everything under it)\n"}
[15.659210] (AEB) StdoutLine: {'line': b'writing ../../build/AEB/AEB.egg-info/PKG-INFO\n'}
[15.659572] (AEB) StdoutLine: {'line': b'writing dependency_links to ../../build/AEB/AEB.egg-info/dependency_links.txt\n'}
[15.661152] (Planif) StdoutLine: {'line': b'running install_scripts\n'}
[15.661547] (AEB) StdoutLine: {'line': b'writing entry points to ../../build/AEB/AEB.egg-info/entry_points.txt\n'}
[15.664367] (Mapping) StdoutLine: {'line': b"reading manifest file '../../build/Mapping/Mapping.egg-info/SOURCES.txt'\n"}
[15.666015] (AEB) StdoutLine: {'line': b'writing requirements to ../../build/AEB/AEB.egg-info/requires.txt\n'}
[15.666692] (AEB) StdoutLine: {'line': b'writing top-level names to ../../build/AEB/AEB.egg-info/top_level.txt\n'}
[15.669323] (Simple_algo) StdoutLine: {'line': b'Copying ../../build/Simple_algo/Simple_algo.egg-info to /home/etdisc/Bureau/codef1tenth/install/Simple_algo/lib/python3.8/site-packages/Simple_algo-1.0.0-py3.8.egg-info\n'}
[15.671664] (Simple_algo) StdoutLine: {'line': b'running install_scripts\n'}
[15.673143] (Mapping) StdoutLine: {'line': b"writing manifest file '../../build/Mapping/Mapping.egg-info/SOURCES.txt'\n"}
[15.674028] (Mapping) StdoutLine: {'line': b'running build\n'}
[15.674379] (Mapping) StdoutLine: {'line': b'running build_py\n'}
[15.676163] (Mapping) StdoutLine: {'line': b'running install\n'}
[15.679766] (Mapping) StdoutLine: {'line': b'running install_lib\n'}
[15.685557] (Mapping) StdoutLine: {'line': b'running install_data\n'}
[15.689463] (Mapping) StdoutLine: {'line': b'running install_egg_info\n'}
[15.697091] (Mapping) StdoutLine: {'line': b"removing '/home/etdisc/Bureau/codef1tenth/install/Mapping/lib/python3.8/site-packages/Mapping-0.0.0-py3.8.egg-info' (and everything under it)\n"}
[15.718633] (Planif) StdoutLine: {'line': b'Installing A_star script to /home/etdisc/Bureau/codef1tenth/install/Planif/lib/Planif\n'}
[15.721828] (Simple_algo) StdoutLine: {'line': b'Installing disparity_extender script to /home/etdisc/Bureau/codef1tenth/install/Simple_algo/lib/Simple_algo\n'}
[15.722859] (Simple_algo) StdoutLine: {'line': b'Installing fast_disparity_extender script to /home/etdisc/Bureau/codef1tenth/install/Simple_algo/lib/Simple_algo\n'}
[15.724611] (Planif) StdoutLine: {'line': b'Installing A_star_SLAM script to /home/etdisc/Bureau/codef1tenth/install/Planif/lib/Planif\n'}
[15.724921] (Simple_algo) StdoutLine: {'line': b'Installing gap_follow script to /home/etdisc/Bureau/codef1tenth/install/Simple_algo/lib/Simple_algo\n'}
[15.725040] (Simple_algo) StdoutLine: {'line': b'Installing wall_follow script to /home/etdisc/Bureau/codef1tenth/install/Simple_algo/lib/Simple_algo\n'}
[15.725904] (Planif) StdoutLine: {'line': b"writing list of installed files to '/home/etdisc/Bureau/codef1tenth/build/Planif/install.log'\n"}
[15.728257] (Simple_algo) StdoutLine: {'line': b'Installing wall_follow_penn script to /home/etdisc/Bureau/codef1tenth/install/Simple_algo/lib/Simple_algo\n'}
[15.731373] (Simple_algo) StdoutLine: {'line': b"writing list of installed files to '/home/etdisc/Bureau/codef1tenth/build/Simple_algo/install.log'\n"}
[15.739190] (Mapping) StdoutLine: {'line': b'Copying ../../build/Mapping/Mapping.egg-info to /home/etdisc/Bureau/codef1tenth/install/Mapping/lib/python3.8/site-packages/Mapping-0.0.0-py3.8.egg-info\n'}
[15.743111] (-) TimerEvent: {}
[15.750141] (Mapping) StdoutLine: {'line': b'running install_scripts\n'}
[15.803526] (Planif) CommandEnded: {'returncode': 0}
[15.843735] (-) TimerEvent: {}
[15.845327] (Mapping) StdoutLine: {'line': b'Installing centerline_extraction script to /home/etdisc/Bureau/codef1tenth/install/Mapping/lib/Mapping\n'}
[15.848803] (Mapping) StdoutLine: {'line': b'Installing custom_slam script to /home/etdisc/Bureau/codef1tenth/install/Mapping/lib/Mapping\n'}
[15.849336] (Mapping) StdoutLine: {'line': b'Installing occupancy_grid script to /home/etdisc/Bureau/codef1tenth/install/Mapping/lib/Mapping\n'}
[15.849900] (Mapping) StdoutLine: {'line': b'Installing pose_listener script to /home/etdisc/Bureau/codef1tenth/install/Mapping/lib/Mapping\n'}
[15.850083] (Mapping) StdoutLine: {'line': b'Installing scan_filter script to /home/etdisc/Bureau/codef1tenth/install/Mapping/lib/Mapping\n'}
[15.852239] (Mapping) StdoutLine: {'line': b"writing list of installed files to '/home/etdisc/Bureau/codef1tenth/build/Mapping/install.log'\n"}
[15.852858] (AEB) StdoutLine: {'line': b"reading manifest file '../../build/AEB/AEB.egg-info/SOURCES.txt'\n"}
[15.856581] (AEB) StdoutLine: {'line': b"writing manifest file '../../build/AEB/AEB.egg-info/SOURCES.txt'\n"}
[15.857633] (Planif) JobEnded: {'identifier': 'Planif', 'rc': 0}
[15.862773] (timer) JobStarted: {'identifier': 'timer'}
[15.868987] (AEB) StdoutLine: {'line': b'running build\n'}
[15.869713] (AEB) StdoutLine: {'line': b'running build_py\n'}
[15.870463] (AEB) StdoutLine: {'line': b'running install\n'}
[15.873446] (AEB) StdoutLine: {'line': b'running install_lib\n'}
[15.879767] (AEB) StdoutLine: {'line': b'running install_data\n'}
[15.880596] (AEB) StdoutLine: {'line': b'running install_egg_info\n'}
[15.886524] (AEB) StdoutLine: {'line': b"removing '/home/etdisc/Bureau/codef1tenth/install/AEB/lib/python3.8/site-packages/AEB-0.0.0-py3.8.egg-info' (and everything under it)\n"}
[15.908619] (AEB) StdoutLine: {'line': b'Copying ../../build/AEB/AEB.egg-info to /home/etdisc/Bureau/codef1tenth/install/AEB/lib/python3.8/site-packages/AEB-0.0.0-py3.8.egg-info\n'}
[15.910922] (AEB) StdoutLine: {'line': b'running install_scripts\n'}
[15.915080] (localisation) StdoutLine: {'line': b'running egg_info\n'}
[15.918138] (localisation) StdoutLine: {'line': b'writing ../../build/localisation/localisation.egg-info/PKG-INFO\n'}
[15.924263] (localisation) StdoutLine: {'line': b'writing dependency_links to ../../build/localisation/localisation.egg-info/dependency_links.txt\n'}
[15.924726] (localisation) StdoutLine: {'line': b'writing entry points to ../../build/localisation/localisation.egg-info/entry_points.txt\n'}
[15.928607] (localisation) StdoutLine: {'line': b'writing requirements to ../../build/localisation/localisation.egg-info/requires.txt\n'}
[15.929706] (localisation) StdoutLine: {'line': b'writing top-level names to ../../build/localisation/localisation.egg-info/top_level.txt\n'}
[15.933597] (Simple_algo) CommandEnded: {'returncode': 0}
[15.944411] (-) TimerEvent: {}
[15.967110] (AEB) StdoutLine: {'line': b'Installing AEB script to /home/etdisc/Bureau/codef1tenth/install/AEB/lib/AEB\n'}
[15.969112] (AEB) StdoutLine: {'line': b'Installing aeb2 script to /home/etdisc/Bureau/codef1tenth/install/AEB/lib/AEB\n'}
[15.979278] (AEB) StdoutLine: {'line': b'Installing multiplexer script to /home/etdisc/Bureau/codef1tenth/install/AEB/lib/AEB\n'}
[15.979933] (AEB) StdoutLine: {'line': b"writing list of installed files to '/home/etdisc/Bureau/codef1tenth/build/AEB/install.log'\n"}
[15.996550] (Simple_algo) JobEnded: {'identifier': 'Simple_algo', 'rc': 0}
[16.035583] (localisation) StdoutLine: {'line': b"reading manifest file '../../build/localisation/localisation.egg-info/SOURCES.txt'\n"}
[16.040517] (localisation) StdoutLine: {'line': b"writing manifest file '../../build/localisation/localisation.egg-info/SOURCES.txt'\n"}
[16.041270] (localisation) StdoutLine: {'line': b'running build\n'}
[16.041652] (localisation) StdoutLine: {'line': b'running build_py\n'}
[16.043683] (localisation) StdoutLine: {'line': b'running install\n'}
[16.044399] (-) TimerEvent: {}
[16.055224] (localisation) StdoutLine: {'line': b'running install_lib\n'}
[16.055939] (localisation) StdoutLine: {'line': b'running install_data\n'}
[16.056264] (localisation) StdoutLine: {'line': b'running install_egg_info\n'}
[16.056618] (Waypoints) StdoutLine: {'line': b'running egg_info\n'}
[16.057764] (Waypoints) StdoutLine: {'line': b'writing ../../build/Waypoints/Waypoints.egg-info/PKG-INFO\n'}
[16.058112] (Waypoints) StdoutLine: {'line': b'writing dependency_links to ../../build/Waypoints/Waypoints.egg-info/dependency_links.txt\n'}
[16.060592] (Waypoints) StdoutLine: {'line': b'writing entry points to ../../build/Waypoints/Waypoints.egg-info/entry_points.txt\n'}
[16.062006] (Waypoints) StdoutLine: {'line': b'writing requirements to ../../build/Waypoints/Waypoints.egg-info/requires.txt\n'}
[16.065610] (Waypoints) StdoutLine: {'line': b'writing top-level names to ../../build/Waypoints/Waypoints.egg-info/top_level.txt\n'}
[16.066377] (localisation) StdoutLine: {'line': b"removing '/home/etdisc/Bureau/codef1tenth/install/localisation/lib/python3.8/site-packages/localisation-0.0.0-py3.8.egg-info' (and everything under it)\n"}
[16.077221] (localisation) StdoutLine: {'line': b'Copying ../../build/localisation/localisation.egg-info to /home/etdisc/Bureau/codef1tenth/install/localisation/lib/python3.8/site-packages/localisation-0.0.0-py3.8.egg-info\n'}
[16.089780] (localisation) StdoutLine: {'line': b'running install_scripts\n'}
[16.128617] (localisation) StdoutLine: {'line': b'Installing lap_tracker script to /home/etdisc/Bureau/codef1tenth/install/localisation/lib/localisation\n'}
[16.132312] (localisation) StdoutLine: {'line': b"writing list of installed files to '/home/etdisc/Bureau/codef1tenth/build/localisation/install.log'\n"}
[16.144566] (-) TimerEvent: {}
[16.160850] (Waypoints) StdoutLine: {'line': b"reading manifest file '../../build/Waypoints/Waypoints.egg-info/SOURCES.txt'\n"}
[16.169396] (Waypoints) StdoutLine: {'line': b"writing manifest file '../../build/Waypoints/Waypoints.egg-info/SOURCES.txt'\n"}
[16.170094] (Waypoints) StdoutLine: {'line': b'running build\n'}
[16.170427] (Waypoints) StdoutLine: {'line': b'running build_py\n'}
[16.172284] (Waypoints) StdoutLine: {'line': b'running install\n'}
[16.176463] (Waypoints) StdoutLine: {'line': b'running install_lib\n'}
[16.191836] (Waypoints) StdoutLine: {'line': b'running install_data\n'}
[16.196528] (Waypoints) StdoutLine: {'line': b'running install_egg_info\n'}
[16.198526] (Waypoints) StdoutLine: {'line': b"removing '/home/etdisc/Bureau/codef1tenth/install/Waypoints/lib/python3.8/site-packages/Waypoints-0.0.0-py3.8.egg-info' (and everything under it)\n"}
[16.206964] (Waypoints) StdoutLine: {'line': b'Copying ../../build/Waypoints/Waypoints.egg-info to /home/etdisc/Bureau/codef1tenth/install/Waypoints/lib/python3.8/site-packages/Waypoints-0.0.0-py3.8.egg-info\n'}
[16.215049] (Waypoints) StdoutLine: {'line': b'running install_scripts\n'}
[16.234633] (f1tenth_gym_ros) StdoutLine: {'line': b'running egg_info\n'}
[16.236296] (f1tenth_gym_ros) StdoutLine: {'line': b'writing ../../build/f1tenth_gym_ros/f1tenth_gym_ros.egg-info/PKG-INFO\n'}
[16.238557] (f1tenth_gym_ros) StdoutLine: {'line': b'writing dependency_links to ../../build/f1tenth_gym_ros/f1tenth_gym_ros.egg-info/dependency_links.txt\n'}
[16.239143] (f1tenth_gym_ros) StdoutLine: {'line': b'writing entry points to ../../build/f1tenth_gym_ros/f1tenth_gym_ros.egg-info/entry_points.txt\n'}
[16.239991] (f1tenth_gym_ros) StdoutLine: {'line': b'writing requirements to ../../build/f1tenth_gym_ros/f1tenth_gym_ros.egg-info/requires.txt\n'}
[16.242577] (f1tenth_gym_ros) StdoutLine: {'line': b'writing top-level names to ../../build/f1tenth_gym_ros/f1tenth_gym_ros.egg-info/top_level.txt\n'}
[16.244794] (-) TimerEvent: {}
[16.277060] (Waypoints) StdoutLine: {'line': b'Installing pure_pursuit script to /home/etdisc/Bureau/codef1tenth/install/Waypoints/lib/Waypoints\n'}
[16.284514] (Waypoints) StdoutLine: {'line': b'Installing pure_pursuit2 script to /home/etdisc/Bureau/codef1tenth/install/Waypoints/lib/Waypoints\n'}
[16.284902] (Waypoints) StdoutLine: {'line': b'Installing waypoints_logger script to /home/etdisc/Bureau/codef1tenth/install/Waypoints/lib/Waypoints\n'}
[16.285082] (Waypoints) StdoutLine: {'line': b"writing list of installed files to '/home/etdisc/Bureau/codef1tenth/build/Waypoints/install.log'\n"}
[16.344969] (-) TimerEvent: {}
[16.354795] (f1tenth_gym_ros) StdoutLine: {'line': b"reading manifest file '../../build/f1tenth_gym_ros/f1tenth_gym_ros.egg-info/SOURCES.txt'\n"}
[16.363649] (f1tenth_gym_ros) StdoutLine: {'line': b"writing manifest file '../../build/f1tenth_gym_ros/f1tenth_gym_ros.egg-info/SOURCES.txt'\n"}
[16.364331] (f1tenth_gym_ros) StdoutLine: {'line': b'running build\n'}
[16.364572] (f1tenth_gym_ros) StdoutLine: {'line': b'running build_py\n'}
[16.364723] (f1tenth_gym_ros) StdoutLine: {'line': b'running install\n'}
[16.370573] (f1tenth_gym_ros) StdoutLine: {'line': b'running install_lib\n'}
[16.372367] (f1tenth_gym_ros) StdoutLine: {'line': b'running install_data\n'}
[16.381606] (f1tenth_gym_ros) StdoutLine: {'line': b'copying config/sim.yaml -> /home/etdisc/Bureau/codef1tenth/install/f1tenth_gym_ros/share/f1tenth_gym_ros/config\n'}
[16.381888] (f1tenth_gym_ros) StdoutLine: {'line': b'running install_egg_info\n'}
[16.382280] (f1tenth_gym_ros) StdoutLine: {'line': b"removing '/home/etdisc/Bureau/codef1tenth/install/f1tenth_gym_ros/lib/python3.8/site-packages/f1tenth_gym_ros-0.0.0-py3.8.egg-info' (and everything under it)\n"}
[16.386296] (f1tenth_gym_ros) StdoutLine: {'line': b'Copying ../../build/f1tenth_gym_ros/f1tenth_gym_ros.egg-info to /home/etdisc/Bureau/codef1tenth/install/f1tenth_gym_ros/lib/python3.8/site-packages/f1tenth_gym_ros-0.0.0-py3.8.egg-info\n'}
[16.394119] (f1tenth_gym_ros) StdoutLine: {'line': b'running install_scripts\n'}
[16.437082] (f1tenth_gym_ros) StdoutLine: {'line': b'Installing gym_bridge script to /home/etdisc/Bureau/codef1tenth/install/f1tenth_gym_ros/lib/f1tenth_gym_ros\n'}
[16.438195] (f1tenth_gym_ros) StdoutLine: {'line': b"writing list of installed files to '/home/etdisc/Bureau/codef1tenth/build/f1tenth_gym_ros/install.log'\n"}
[16.445183] (-) TimerEvent: {}
[16.545933] (-) TimerEvent: {}
[16.646439] (-) TimerEvent: {}
[16.753694] (-) TimerEvent: {}
[16.790477] (Mapping) CommandEnded: {'returncode': 0}
[16.835894] (Mapping) JobEnded: {'identifier': 'Mapping', 'rc': 0}
[16.842120] (AEB) CommandEnded: {'returncode': 0}
[16.853835] (-) TimerEvent: {}
[16.891990] (AEB) JobEnded: {'identifier': 'AEB', 'rc': 0}
[16.896640] (Waypoints) CommandEnded: {'returncode': 0}
[16.930855] (Waypoints) JobEnded: {'identifier': 'Waypoints', 'rc': 0}
[16.934811] (localisation) CommandEnded: {'returncode': 0}
[16.954093] (-) TimerEvent: {}
[16.969316] (localisation) JobEnded: {'identifier': 'localisation', 'rc': 0}
[16.976482] (f1tenth_gym_ros) CommandEnded: {'returncode': 0}
[17.009229] (f1tenth_gym_ros) JobEnded: {'identifier': 'f1tenth_gym_ros', 'rc': 0}
[17.016755] (strategy) Command: {'cmd': ['/usr/bin/python3', '-W', 'ignore:setup.py install is deprecated', '-W', 'ignore:easy_install command is deprecated', 'setup.py', 'egg_info', '--egg-base', '../../build/strategy', 'build', '--build-base', '/home/etdisc/Bureau/codef1tenth/build/strategy/build', 'install', '--record', '/home/etdisc/Bureau/codef1tenth/build/strategy/install.log', '--single-version-externally-managed', 'install_data'], 'cwd': '/home/etdisc/Bureau/codef1tenth/src/strategy', 'env': {'GJS_DEBUG_TOPICS': 'JS ERROR;JS LOG', 'LESSOPEN': '| /usr/bin/lesspipe %s', 'HTTPS_PROXY': 'http://proxy:3128', 'USER': 'etdisc', 'SSH_AGENT_PID': '1717', 'XDG_SESSION_TYPE': 'x11', 'GIT_ASKPASS': '/usr/share/code/resources/app/extensions/git/dist/askpass.sh', 'SHLVL': '1', 'LD_LIBRARY_PATH': '/home/etdisc/depots/f1tenth/sim_ws/install/custom_msgs/lib:/home/etdisc/Desktop/sim_ws/install/custom_msgs/lib:/usr/lib/x86_64-linux-gnu/gazebo-11/plugins:/opt/ros/galactic/opt/yaml_cpp_vendor/lib:/opt/ros/galactic/opt/rviz_ogre_vendor/lib:/opt/ros/galactic/lib/x86_64-linux-gnu:/opt/ros/galactic/lib', 'HOME': '/home/etdisc', 'CHROME_DESKTOP': 'code.desktop', 'OLDPWD': '/home/etdisc/Bureau/codef1tenth/src', 'TERM_PROGRAM_VERSION': '1.106.3', 'DESKTOP_SESSION': 'ubuntu', 'GIO_LAUNCHED_DESKTOP_FILE': '/usr/share/applications/code.desktop', 'ROS_PYTHON_VERSION': '3', 'GNOME_SHELL_SESSION_MODE': 'ubuntu', 'GTK_MODULES': 'gail:atk-bridge', 'VSCODE_GIT_ASKPASS_MAIN': '/usr/share/code/resources/app/extensions/git/dist/askpass-main.js', 'VSCODE_GIT_ASKPASS_NODE': '/usr/share/code/code', 'MANAGERPID': '1619', 'VSCODE_PYTHON_AUTOACTIVATE_GUARD': '1', 'DBUS_SESSION_BUS_ADDRESS': 'unix:path=/run/user/1000/bus', 'COLORTERM': 'truecolor', 'GIO_LAUNCHED_DESKTOP_FILE_PID': '7910', 'IM_CONFIG_PHASE': '1', 'https_proxy': 'http://proxy:3128', 'COLCON_PREFIX_PATH': '/home/etdisc/Bureau/codef1tenth/install:/home/etdisc/depots/f1tenth/sim_ws/install:/home/etdisc/Desktop/sim_ws/install', 'ROS_DISTRO': 'galactic', 'LOGNAME': 'etdisc', 'http_proxy': 'http://proxy:3128', 'JOURNAL_STREAM': '8:67595', '_': '/usr/bin/colcon', 'ROS_VERSION': '2', 'XDG_SESSION_CLASS': 'user', 'USERNAME': 'etdisc', 'TERM': 'xterm-256color', 'GNOME_DESKTOP_SESSION_ID': 'this-is-deprecated', 'ROS_LOCALHOST_ONLY': '1', 'WINDOWPATH': '2', 'PATH': '/snap/bin:/home/etdisc/.local/bin:/opt/ros/galactic/bin:/snap/bin:/home/etdisc/.local/bin:/usr/local/sbin:/usr/local/bin:/usr/sbin:/usr/bin:/sbin:/bin:/usr/games:/usr/local/games:/snap/bin', 'SESSION_MANAGER': 'local/etdisc-virtual-machine:@/tmp/.ICE-unix/1752,unix/etdisc-virtual-machine:/tmp/.ICE-unix/1752', 'INVOCATION_ID': '1693c3018a5242c5a146aa8c23bcb88d', 'XDG_MENU_PREFIX': 'gnome-', 'XDG_RUNTIME_DIR': '/run/user/1000', 'GDK_BACKEND': 'x11', 'DISPLAY': ':0', 'LANG': 'fr_FR.UTF-8', 'XDG_CURRENT_DESKTOP': 'Unity', 'XMODIFIERS': '@im=ibus', 'XDG_SESSION_DESKTOP': 'ubuntu', 'XAUTHORITY': '/run/user/1000/gdm/Xauthority', 'LS_COLORS': 'rs=0:di=01;34:ln=01;36:mh=00:pi=40;33:so=01;35:do=01;35:bd=40;33;01:cd=40;33;01:or=40;31;01:mi=00:su=37;41:sg=30;43:ca=30;41:tw=30;42:ow=34;42:st=37;44:ex=01;32:*.tar=01;31:*.tgz=01;31:*.arc=01;31:*.arj=01;31:*.taz=01;31:*.lha=01;31:*.lz4=01;31:*.lzh=01;31:*.lzma=01;31:*.tlz=01;31:*.txz=01;31:*.tzo=01;31:*.t7z=01;31:*.zip=01;31:*.z=01;31:*.dz=01;31:*.gz=01;31:*.lrz=01;31:*.lz=01;31:*.lzo=01;31:*.xz=01;31:*.zst=01;31:*.tzst=01;31:*.bz2=01;31:*.bz=01;31:*.tbz=01;31:*.tbz2=01;31:*.tz=01;31:*.deb=01;31:*.rpm=01;31:*.jar=01;31:*.war=01;31:*.ear=01;31:*.sar=01;31:*.rar=01;31:*.alz=01;31:*.ace=01;31:*.zoo=01;31:*.cpio=01;31:*.7z=01;31:*.rz=01;31:*.cab=01;31:*.wim=01;31:*.swm=01;31:*.dwm=01;31:*.esd=01;31:*.jpg=01;35:*.jpeg=01;35:*.mjpg=01;35:*.mjpeg=01;35:*.gif=01;35:*.bmp=01;35:*.pbm=01;35:*.pgm=01;35:*.ppm=01;35:*.tga=01;35:*.xbm=01;35:*.xpm=01;35:*.tif=01;35:*.tiff=01;35:*.png=01;35:*.svg=01;35:*.svgz=01;35:*.mng=01;35:*.pcx=01;35:*.mov=01;35:*.mpg=01;35:*.mpeg=01;35:*.m2v=01;35:*.mkv=01;35:*.webm=01;35:*.ogm=01;35:*.mp4=01;35:*.m4v=01;35:*.mp4v=01;35:*.vob=01;35:*.qt=01;35:*.nuv=01;35:*.wmv=01;35:*.asf=01;35:*.rm=01;35:*.rmvb=01;35:*.flc=01;35:*.avi=01;35:*.fli=01;35:*.flv=01;35:*.gl=01;35:*.dl=01;35:*.xcf=01;35:*.xwd=01;35:*.yuv=01;35:*.cgm=01;35:*.emf=01;35:*.ogv=01;35:*.ogx=01;35:*.aac=00;36:*.au=00;36:*.flac=00;36:*.m4a=00;36:*.mid=00;36:*.midi=00;36:*.mka=00;36:*.mp3=00;36:*.mpc=00;36:*.ogg=00;36:*.ra=00;36:*.wav=00;36:*.oga=00;36:*.opus=00;36:*.spx=00;36:*.xspf=00;36:', 'VSCODE_GIT_IPC_HANDLE': '/run/user/1000/vscode-git-ea9b44a2ba.sock', 'TERM_PROGRAM': 'vscode', 'SSH_AUTH_SOCK': '/run/user/1000/keyring/ssh', 'AMENT_PREFIX_PATH': '/home/etdisc/Bureau/codef1tenth/install/f1_localization:/home/etdisc/depots/f1tenth/sim_ws/install/timer:/home/etdisc/depots/f1tenth/sim_ws/install/strategy:/home/etdisc/depots/f1tenth/sim_ws/install/localisation:/home/etdisc/depots/f1tenth/sim_ws/install/f1tenth_gym_ros:/home/etdisc/depots/f1tenth/sim_ws/install/custom_msgs:/home/etdisc/depots/f1tenth/sim_ws/install/Waypoints:/home/etdisc/depots/f1tenth/sim_ws/install/Simple_algo:/home/etdisc/depots/f1tenth/sim_ws/install/Planif:/home/etdisc/depots/f1tenth/sim_ws/install/Mapping:/home/etdisc/depots/f1tenth/sim_ws/install/AEB:/home/etdisc/Desktop/sim_ws/install/timer:/home/etdisc/Desktop/sim_ws/install/strategy:/home/etdisc/Desktop/sim_ws/install/localisation:/home/etdisc/Desktop/sim_ws/install/f1tenth_gym_ros:/home/etdisc/Desktop/sim_ws/install/custom_msgs:/home/etdisc/Desktop/sim_ws/install/Waypoints:/home/etdisc/Desktop/sim_ws/install/Simple_algo:/home/etdisc/Desktop/sim_ws/install/Planif:/home/etdisc/Desktop/sim_ws/install/Mapping:/home/etdisc/Desktop/sim_ws/install/AEB:/opt/ros/galactic', 'ORIGINAL_XDG_CURRENT_DESKTOP': 'ubuntu:GNOME', 'SHELL': '/bin/bash', 'QT_ACCESSIBILITY': '1', 'GDMSESSION': 'ubuntu', 'LESSCLOSE': '/usr/bin/lesspipe %s %s', 'GPG_AGENT_INFO': '/run/user/1000/gnupg/S.gpg-agent:0:1', 'GJS_DEBUG_OUTPUT': 'stderr', 'VSCODE_GIT_ASKPASS_EXTRA_ARGS': '', 'QT_IM_MODULE': 'ibus', 'PWD': '/home/etdisc/Bureau/codef1tenth/build/strategy', 'LC_ALL': 'fr_FR.UTF-8', 'XDG_CONFIG_DIRS': '/etc/xdg/xdg-ubuntu:/etc/xdg', 'XDG_DATA_DIRS': '/usr/share/ubuntu:/usr/local/share/:/usr/share/:/var/lib/snapd/desktop', 'PYTHONPATH': '/home/etdisc/Bureau/codef1tenth/build/strategy/prefix_override:/usr/lib/python3/dist-packages/colcon_core/task/python/colcon_distutils_commands:/home/etdisc/Bureau/codef1tenth/install/strategy/lib/python3.8/site-packages:/home/etdisc/depots/f1tenth/sim_ws/install/timer/lib/python3.8/site-packages:/home/etdisc/depots/f1tenth/sim_ws/install/strategy/lib/python3.8/site-packages:/home/etdisc/depots/f1tenth/sim_ws/install/localisation/lib/python3.8/site-packages:/home/etdisc/depots/f1tenth/sim_ws/install/f1tenth_gym_ros/lib/python3.8/site-packages:/home/etdisc/depots/f1tenth/sim_ws/install/custom_msgs/lib/python3.8/site-packages:/home/etdisc/depots/f1tenth/sim_ws/install/Waypoints/lib/python3.8/site-packages:/home/etdisc/depots/f1tenth/sim_ws/install/Simple_algo/lib/python3.8/site-packages:/home/etdisc/depots/f1tenth/sim_ws/install/Planif/lib/python3.8/site-packages:/home/etdisc/depots/f1tenth/sim_ws/install/Mapping/lib/python3.8/site-packages:/home/etdisc/depots/f1tenth/sim_ws/install/AEB/lib/python3.8/site-packages:/home/etdisc/depots/f1tenth/sim_ws/build/timer:/home/etdisc/Desktop/sim_ws/install/timer/lib/python3.8/site-packages:/home/etdisc/depots/f1tenth/sim_ws/build/strategy:/home/etdisc/Desktop/sim_ws/install/strategy/lib/python3.8/site-packages:/home/etdisc/depots/f1tenth/sim_ws/build/localisation:/home/etdisc/Desktop/sim_ws/install/localisation/lib/python3.8/site-packages:/home/etdisc/depots/f1tenth/sim_ws/build/f1tenth_gym_ros:/home/etdisc/Desktop/sim_ws/install/f1tenth_gym_ros/lib/python3.8/site-packages:/home/etdisc/Desktop/sim_ws/install/custom_msgs/lib/python3.8/site-packages:/home/etdisc/depots/f1tenth/sim_ws/build/Waypoints:/home/etdisc/Desktop/sim_ws/install/Waypoints/lib/python3.8/site-packages:/home/etdisc/depots/f1tenth/sim_ws/build/Simple_algo:/home/etdisc/Desktop/sim_ws/install/Simple_algo/lib/python3.8/site-packages:/home/etdisc/depots/f1tenth/sim_ws/build/Planif:/home/etdisc/Desktop/sim_ws/install/Planif/lib/python3.8/site-packages:/home/etdisc/depots/f1tenth/sim_ws/build/Mapping:/home/etdisc/Desktop/sim_ws/install/Mapping/lib/python3.8/site-packages:/home/etdisc/depots/f1tenth/sim_ws/build/AEB:/home/etdisc/Desktop/sim_ws/install/AEB/lib/python3.8/site-packages:/opt/ros/galactic/lib/python3.8/site-packages', 'HTTP_PROXY': 'http://proxy:3128', 'COLCON': '1', 'CMAKE_PREFIX_PATH': '/home/etdisc/Bureau/codef1tenth/install/f1_localization:/home/etdisc/depots/f1tenth/sim_ws/install/custom_msgs:/home/etdisc/Desktop/sim_ws/install/custom_msgs'}, 'shell': False}
[17.058008] (-) TimerEvent: {}
[17.159266] (-) TimerEvent: {}
[17.259958] (-) TimerEvent: {}
[17.360366] (-) TimerEvent: {}
[17.460903] (-) TimerEvent: {}
[17.561454] (-) TimerEvent: {}
[17.613448] (strategy) StdoutLine: {'line': b'running egg_info\n'}
[17.615896] (strategy) StdoutLine: {'line': b'writing ../../build/strategy/strategy.egg-info/PKG-INFO\n'}
[17.618892] (strategy) StdoutLine: {'line': b'writing dependency_links to ../../build/strategy/strategy.egg-info/dependency_links.txt\n'}
[17.621507] (strategy) StdoutLine: {'line': b'writing entry points to ../../build/strategy/strategy.egg-info/entry_points.txt\n'}
[17.621800] (strategy) StdoutLine: {'line': b'writing requirements to ../../build/strategy/strategy.egg-info/requires.txt\n'}
[17.623498] (strategy) StdoutLine: {'line': b'writing top-level names to ../../build/strategy/strategy.egg-info/top_level.txt\n'}
[17.661577] (-) TimerEvent: {}
[17.710767] (strategy) StdoutLine: {'line': b"reading manifest file '../../build/strategy/strategy.egg-info/SOURCES.txt'\n"}
[17.714858] (strategy) StdoutLine: {'line': b"writing manifest file '../../build/strategy/strategy.egg-info/SOURCES.txt'\n"}
[17.715515] (strategy) StdoutLine: {'line': b'running build\n'}
[17.715776] (strategy) StdoutLine: {'line': b'running build_py\n'}
[17.716799] (strategy) StdoutLine: {'line': b'running install\n'}
[17.721673] (strategy) StdoutLine: {'line': b'running install_lib\n'}
[17.730520] (strategy) StdoutLine: {'line': b'running install_data\n'}
[17.731458] (strategy) StdoutLine: {'line': b'running install_egg_info\n'}
[17.735951] (strategy) StdoutLine: {'line': b"removing '/home/etdisc/Bureau/codef1tenth/install/strategy/lib/python3.8/site-packages/strategy-0.0.0-py3.8.egg-info' (and everything under it)\n"}
[17.742398] (strategy) StdoutLine: {'line': b'Copying ../../build/strategy/strategy.egg-info to /home/etdisc/Bureau/codef1tenth/install/strategy/lib/python3.8/site-packages/strategy-0.0.0-py3.8.egg-info\n'}
[17.749106] (strategy) StdoutLine: {'line': b'running install_scripts\n'}
[17.761802] (-) TimerEvent: {}
[17.806497] (strategy) StdoutLine: {'line': b'Installing basic_strategy_manager script to /home/etdisc/Bureau/codef1tenth/install/strategy/lib/strategy\n'}
[17.812934] (strategy) StdoutLine: {'line': b"writing list of installed files to '/home/etdisc/Bureau/codef1tenth/build/strategy/install.log'\n"}
[17.861930] (-) TimerEvent: {}
[17.882382] (strategy) CommandEnded: {'returncode': 0}
[17.925820] (strategy) JobEnded: {'identifier': 'strategy', 'rc': 0}
[17.962164] (-) TimerEvent: {}
[18.062719] (-) TimerEvent: {}
[18.134901] (timer) Command: {'cmd': ['/usr/bin/python3', '-W', 'ignore:setup.py install is deprecated', '-W', 'ignore:easy_install command is deprecated', 'setup.py', 'egg_info', '--egg-base', '../../build/timer', 'build', '--build-base', '/home/etdisc/Bureau/codef1tenth/build/timer/build', 'install', '--record', '/home/etdisc/Bureau/codef1tenth/build/timer/install.log', '--single-version-externally-managed', 'install_data'], 'cwd': '/home/etdisc/Bureau/codef1tenth/src/timer', 'env': {'GJS_DEBUG_TOPICS': 'JS ERROR;JS LOG', 'LESSOPEN': '| /usr/bin/lesspipe %s', 'HTTPS_PROXY': 'http://proxy:3128', 'USER': 'etdisc', 'SSH_AGENT_PID': '1717', 'XDG_SESSION_TYPE': 'x11', 'GIT_ASKPASS': '/usr/share/code/resources/app/extensions/git/dist/askpass.sh', 'SHLVL': '1', 'LD_LIBRARY_PATH': '/home/etdisc/depots/f1tenth/sim_ws/install/custom_msgs/lib:/home/etdisc/Desktop/sim_ws/install/custom_msgs/lib:/usr/lib/x86_64-linux-gnu/gazebo-11/plugins:/opt/ros/galactic/opt/yaml_cpp_vendor/lib:/opt/ros/galactic/opt/rviz_ogre_vendor/lib:/opt/ros/galactic/lib/x86_64-linux-gnu:/opt/ros/galactic/lib', 'HOME': '/home/etdisc', 'CHROME_DESKTOP': 'code.desktop', 'OLDPWD': '/home/etdisc/Bureau/codef1tenth/src', 'TERM_PROGRAM_VERSION': '1.106.3', 'DESKTOP_SESSION': 'ubuntu', 'GIO_LAUNCHED_DESKTOP_FILE': '/usr/share/applications/code.desktop', 'ROS_PYTHON_VERSION': '3', 'GNOME_SHELL_SESSION_MODE': 'ubuntu', 'GTK_MODULES': 'gail:atk-bridge', 'VSCODE_GIT_ASKPASS_MAIN': '/usr/share/code/resources/app/extensions/git/dist/askpass-main.js', 'VSCODE_GIT_ASKPASS_NODE': '/usr/share/code/code', 'MANAGERPID': '1619', 'VSCODE_PYTHON_AUTOACTIVATE_GUARD': '1', 'DBUS_SESSION_BUS_ADDRESS': 'unix:path=/run/user/1000/bus', 'COLORTERM': 'truecolor', 'GIO_LAUNCHED_DESKTOP_FILE_PID': '7910', 'IM_CONFIG_PHASE': '1', 'https_proxy': 'http://proxy:3128', 'COLCON_PREFIX_PATH': '/home/etdisc/Bureau/codef1tenth/install:/home/etdisc/depots/f1tenth/sim_ws/install:/home/etdisc/Desktop/sim_ws/install', 'ROS_DISTRO': 'galactic', 'LOGNAME': 'etdisc', 'http_proxy': 'http://proxy:3128', 'JOURNAL_STREAM': '8:67595', '_': '/usr/bin/colcon', 'ROS_VERSION': '2', 'XDG_SESSION_CLASS': 'user', 'USERNAME': 'etdisc', 'TERM': 'xterm-256color', 'GNOME_DESKTOP_SESSION_ID': 'this-is-deprecated', 'ROS_LOCALHOST_ONLY': '1', 'WINDOWPATH': '2', 'PATH': '/snap/bin:/home/etdisc/.local/bin:/opt/ros/galactic/bin:/snap/bin:/home/etdisc/.local/bin:/usr/local/sbin:/usr/local/bin:/usr/sbin:/usr/bin:/sbin:/bin:/usr/games:/usr/local/games:/snap/bin', 'SESSION_MANAGER': 'local/etdisc-virtual-machine:@/tmp/.ICE-unix/1752,unix/etdisc-virtual-machine:/tmp/.ICE-unix/1752', 'INVOCATION_ID': '1693c3018a5242c5a146aa8c23bcb88d', 'XDG_MENU_PREFIX': 'gnome-', 'XDG_RUNTIME_DIR': '/run/user/1000', 'GDK_BACKEND': 'x11', 'DISPLAY': ':0', 'LANG': 'fr_FR.UTF-8', 'XDG_CURRENT_DESKTOP': 'Unity', 'XMODIFIERS': '@im=ibus', 'XDG_SESSION_DESKTOP': 'ubuntu', 'XAUTHORITY': '/run/user/1000/gdm/Xauthority', 'LS_COLORS': 'rs=0:di=01;34:ln=01;36:mh=00:pi=40;33:so=01;35:do=01;35:bd=40;33;01:cd=40;33;01:or=40;31;01:mi=00:su=37;41:sg=30;43:ca=30;41:tw=30;42:ow=34;42:st=37;44:ex=01;32:*.tar=01;31:*.tgz=01;31:*.arc=01;31:*.arj=01;31:*.taz=01;31:*.lha=01;31:*.lz4=01;31:*.lzh=01;31:*.lzma=01;31:*.tlz=01;31:*.txz=01;31:*.tzo=01;31:*.t7z=01;31:*.zip=01;31:*.z=01;31:*.dz=01;31:*.gz=01;31:*.lrz=01;31:*.lz=01;31:*.lzo=01;31:*.xz=01;31:*.zst=01;31:*.tzst=01;31:*.bz2=01;31:*.bz=01;31:*.tbz=01;31:*.tbz2=01;31:*.tz=01;31:*.deb=01;31:*.rpm=01;31:*.jar=01;31:*.war=01;31:*.ear=01;31:*.sar=01;31:*.rar=01;31:*.alz=01;31:*.ace=01;31:*.zoo=01;31:*.cpio=01;31:*.7z=01;31:*.rz=01;31:*.cab=01;31:*.wim=01;31:*.swm=01;31:*.dwm=01;31:*.esd=01;31:*.jpg=01;35:*.jpeg=01;35:*.mjpg=01;35:*.mjpeg=01;35:*.gif=01;35:*.bmp=01;35:*.pbm=01;35:*.pgm=01;35:*.ppm=01;35:*.tga=01;35:*.xbm=01;35:*.xpm=01;35:*.tif=01;35:*.tiff=01;35:*.png=01;35:*.svg=01;35:*.svgz=01;35:*.mng=01;35:*.pcx=01;35:*.mov=01;35:*.mpg=01;35:*.mpeg=01;35:*.m2v=01;35:*.mkv=01;35:*.webm=01;35:*.ogm=01;35:*.mp4=01;35:*.m4v=01;35:*.mp4v=01;35:*.vob=01;35:*.qt=01;35:*.nuv=01;35:*.wmv=01;35:*.asf=01;35:*.rm=01;35:*.rmvb=01;35:*.flc=01;35:*.avi=01;35:*.fli=01;35:*.flv=01;35:*.gl=01;35:*.dl=01;35:*.xcf=01;35:*.xwd=01;35:*.yuv=01;35:*.cgm=01;35:*.emf=01;35:*.ogv=01;35:*.ogx=01;35:*.aac=00;36:*.au=00;36:*.flac=00;36:*.m4a=00;36:*.mid=00;36:*.midi=00;36:*.mka=00;36:*.mp3=00;36:*.mpc=00;36:*.ogg=00;36:*.ra=00;36:*.wav=00;36:*.oga=00;36:*.opus=00;36:*.spx=00;36:*.xspf=00;36:', 'VSCODE_GIT_IPC_HANDLE': '/run/user/1000/vscode-git-ea9b44a2ba.sock', 'TERM_PROGRAM': 'vscode', 'SSH_AUTH_SOCK': '/run/user/1000/keyring/ssh', 'AMENT_PREFIX_PATH': '/home/etdisc/Bureau/codef1tenth/install/f1_localization:/home/etdisc/depots/f1tenth/sim_ws/install/timer:/home/etdisc/depots/f1tenth/sim_ws/install/strategy:/home/etdisc/depots/f1tenth/sim_ws/install/localisation:/home/etdisc/depots/f1tenth/sim_ws/install/f1tenth_gym_ros:/home/etdisc/depots/f1tenth/sim_ws/install/custom_msgs:/home/etdisc/depots/f1tenth/sim_ws/install/Waypoints:/home/etdisc/depots/f1tenth/sim_ws/install/Simple_algo:/home/etdisc/depots/f1tenth/sim_ws/install/Planif:/home/etdisc/depots/f1tenth/sim_ws/install/Mapping:/home/etdisc/depots/f1tenth/sim_ws/install/AEB:/home/etdisc/Desktop/sim_ws/install/timer:/home/etdisc/Desktop/sim_ws/install/strategy:/home/etdisc/Desktop/sim_ws/install/localisation:/home/etdisc/Desktop/sim_ws/install/f1tenth_gym_ros:/home/etdisc/Desktop/sim_ws/install/custom_msgs:/home/etdisc/Desktop/sim_ws/install/Waypoints:/home/etdisc/Desktop/sim_ws/install/Simple_algo:/home/etdisc/Desktop/sim_ws/install/Planif:/home/etdisc/Desktop/sim_ws/install/Mapping:/home/etdisc/Desktop/sim_ws/install/AEB:/opt/ros/galactic', 'ORIGINAL_XDG_CURRENT_DESKTOP': 'ubuntu:GNOME', 'SHELL': '/bin/bash', 'QT_ACCESSIBILITY': '1', 'GDMSESSION': 'ubuntu', 'LESSCLOSE': '/usr/bin/lesspipe %s %s', 'GPG_AGENT_INFO': '/run/user/1000/gnupg/S.gpg-agent:0:1', 'GJS_DEBUG_OUTPUT': 'stderr', 'VSCODE_GIT_ASKPASS_EXTRA_ARGS': '', 'QT_IM_MODULE': 'ibus', 'PWD': '/home/etdisc/Bureau/codef1tenth/build/timer', 'LC_ALL': 'fr_FR.UTF-8', 'XDG_CONFIG_DIRS': '/etc/xdg/xdg-ubuntu:/etc/xdg', 'XDG_DATA_DIRS': '/usr/share/ubuntu:/usr/local/share/:/usr/share/:/var/lib/snapd/desktop', 'PYTHONPATH': '/home/etdisc/Bureau/codef1tenth/build/timer/prefix_override:/usr/lib/python3/dist-packages/colcon_core/task/python/colcon_distutils_commands:/home/etdisc/Bureau/codef1tenth/install/timer/lib/python3.8/site-packages:/home/etdisc/depots/f1tenth/sim_ws/install/timer/lib/python3.8/site-packages:/home/etdisc/depots/f1tenth/sim_ws/install/strategy/lib/python3.8/site-packages:/home/etdisc/depots/f1tenth/sim_ws/install/localisation/lib/python3.8/site-packages:/home/etdisc/depots/f1tenth/sim_ws/install/f1tenth_gym_ros/lib/python3.8/site-packages:/home/etdisc/depots/f1tenth/sim_ws/install/custom_msgs/lib/python3.8/site-packages:/home/etdisc/depots/f1tenth/sim_ws/install/Waypoints/lib/python3.8/site-packages:/home/etdisc/depots/f1tenth/sim_ws/install/Simple_algo/lib/python3.8/site-packages:/home/etdisc/depots/f1tenth/sim_ws/install/Planif/lib/python3.8/site-packages:/home/etdisc/depots/f1tenth/sim_ws/install/Mapping/lib/python3.8/site-packages:/home/etdisc/depots/f1tenth/sim_ws/install/AEB/lib/python3.8/site-packages:/home/etdisc/depots/f1tenth/sim_ws/build/timer:/home/etdisc/Desktop/sim_ws/install/timer/lib/python3.8/site-packages:/home/etdisc/depots/f1tenth/sim_ws/build/strategy:/home/etdisc/Desktop/sim_ws/install/strategy/lib/python3.8/site-packages:/home/etdisc/depots/f1tenth/sim_ws/build/localisation:/home/etdisc/Desktop/sim_ws/install/localisation/lib/python3.8/site-packages:/home/etdisc/depots/f1tenth/sim_ws/build/f1tenth_gym_ros:/home/etdisc/Desktop/sim_ws/install/f1tenth_gym_ros/lib/python3.8/site-packages:/home/etdisc/Desktop/sim_ws/install/custom_msgs/lib/python3.8/site-packages:/home/etdisc/depots/f1tenth/sim_ws/build/Waypoints:/home/etdisc/Desktop/sim_ws/install/Waypoints/lib/python3.8/site-packages:/home/etdisc/depots/f1tenth/sim_ws/build/Simple_algo:/home/etdisc/Desktop/sim_ws/install/Simple_algo/lib/python3.8/site-packages:/home/etdisc/depots/f1tenth/sim_ws/build/Planif:/home/etdisc/Desktop/sim_ws/install/Planif/lib/python3.8/site-packages:/home/etdisc/depots/f1tenth/sim_ws/build/Mapping:/home/etdisc/Desktop/sim_ws/install/Mapping/lib/python3.8/site-packages:/home/etdisc/depots/f1tenth/sim_ws/build/AEB:/home/etdisc/Desktop/sim_ws/install/AEB/lib/python3.8/site-packages:/opt/ros/galactic/lib/python3.8/site-packages', 'HTTP_PROXY': 'http://proxy:3128', 'COLCON': '1', 'CMAKE_PREFIX_PATH': '/home/etdisc/Bureau/codef1tenth/install/f1_localization:/home/etdisc/depots/f1tenth/sim_ws/install/custom_msgs:/home/etdisc/Desktop/sim_ws/install/custom_msgs'}, 'shell': False}
[18.163152] (-) TimerEvent: {}
[18.263931] (-) TimerEvent: {}
[18.364551] (-) TimerEvent: {}
[18.465062] (-) TimerEvent: {}
[18.565583] (-) TimerEvent: {}
[18.664777] (timer) StdoutLine: {'line': b'running egg_info\n'}
[18.665740] (-) TimerEvent: {}
[18.666763] (timer) StdoutLine: {'line': b'writing ../../build/timer/timer.egg-info/PKG-INFO\n'}
[18.670802] (timer) StdoutLine: {'line': b'writing dependency_links to ../../build/timer/timer.egg-info/dependency_links.txt\n'}
[18.673863] (timer) StdoutLine: {'line': b'writing entry points to ../../build/timer/timer.egg-info/entry_points.txt\n'}
[18.674997] (timer) StdoutLine: {'line': b'writing requirements to ../../build/timer/timer.egg-info/requires.txt\n'}
[18.676693] (timer) StdoutLine: {'line': b'writing top-level names to ../../build/timer/timer.egg-info/top_level.txt\n'}
[18.751616] (timer) StdoutLine: {'line': b"reading manifest file '../../build/timer/timer.egg-info/SOURCES.txt'\n"}
[18.754859] (timer) StdoutLine: {'line': b"writing manifest file '../../build/timer/timer.egg-info/SOURCES.txt'\n"}
[18.755471] (timer) StdoutLine: {'line': b'running build\n'}
[18.755796] (timer) StdoutLine: {'line': b'running build_py\n'}
[18.756900] (timer) StdoutLine: {'line': b'running install\n'}
[18.758490] (timer) StdoutLine: {'line': b'running install_lib\n'}
[18.766092] (timer) StdoutLine: {'line': b'running install_data\n'}
[18.766623] (-) TimerEvent: {}
[18.766938] (timer) StdoutLine: {'line': b'running install_egg_info\n'}
[18.770431] (timer) StdoutLine: {'line': b"removing '/home/etdisc/Bureau/codef1tenth/install/timer/lib/python3.8/site-packages/timer-0.0.0-py3.8.egg-info' (and everything under it)\n"}
[18.791023] (timer) StdoutLine: {'line': b'Copying ../../build/timer/timer.egg-info to /home/etdisc/Bureau/codef1tenth/install/timer/lib/python3.8/site-packages/timer-0.0.0-py3.8.egg-info\n'}
[18.792745] (timer) StdoutLine: {'line': b'running install_scripts\n'}
[18.826861] (timer) StdoutLine: {'line': b'Installing timer script to /home/etdisc/Bureau/codef1tenth/install/timer/lib/timer\n'}
[18.828882] (timer) StdoutLine: {'line': b"writing list of installed files to '/home/etdisc/Bureau/codef1tenth/build/timer/install.log'\n"}
[18.867125] (-) TimerEvent: {}
[18.876676] (timer) CommandEnded: {'returncode': 0}
[18.917364] (timer) JobEnded: {'identifier': 'timer', 'rc': 0}
[18.922158] (-) EventReactorShutdown: {}
